time,open,high,low,close,volume
2025-08-03 22:00:00+00:00,9100.5,9101.2,9088.1,9089.7,544
2025-08-03 22:15:00+00:00,9090.1,9097.7,9089.1,9097.0,474
2025-08-03 22:30:00+00:00,9097.1,9103.6,9095.2,9100.4,428
2025-08-03 22:45:00+00:00,9100.3,9106.1,9100.0,9104.6,353
2025-08-03 23:00:00+00:00,9104.7,9104.7,9099.0,9101.3,430
2025-08-03 23:15:00+00:00,9102.0,9108.6,9101.8,9106.6,442
2025-08-03 23:30:00+00:00,9106.4,9106.4,9097.2,9102.0,612
2025-08-03 23:45:00+00:00,9101.9,9107.4,9099.8,9106.6,560
2025-08-04 00:00:00+00:00,9101.6,9103.9,9097.2,9103.8,1317
2025-08-04 00:15:00+00:00,9103.8,9106.3,9100.4,9104.3,1216
2025-08-04 00:30:00+00:00,9104.3,9107.5,9101.2,9106.0,1148
2025-08-04 00:45:00+00:00,9106.2,9113.8,9105.5,9110.5,1109
2025-08-04 01:00:00+00:00,9110.6,9113.8,9104.1,9106.8,1197
2025-08-04 01:15:00+00:00,9106.9,9112.5,9106.9,9107.1,1055
2025-08-04 01:30:00+00:00,9107.2,9112.0,9105.8,9107.2,1102
2025-08-04 01:45:00+00:00,9107.3,9109.7,9105.9,9107.2,906
2025-08-04 02:00:00+00:00,9107.2,9109.6,9105.3,9108.8,882
2025-08-04 02:15:00+00:00,9108.6,9110.2,9106.2,9107.8,763
2025-08-04 02:30:00+00:00,9107.7,9110.7,9107.7,9108.9,621
2025-08-04 02:45:00+00:00,9108.5,9109.9,9106.6,9108.6,654
2025-08-04 03:00:00+00:00,9108.9,9110.4,9107.9,9109.7,548
2025-08-04 03:15:00+00:00,9109.5,9109.9,9107.8,9108.8,524
2025-08-04 03:30:00+00:00,9108.8,9111.9,9108.4,9111.5,469
2025-08-04 03:45:00+00:00,9111.4,9114.5,9110.9,9114.2,486
2025-08-04 04:00:00+00:00,9113.8,9114.3,9109.7,9110.2,460
2025-08-04 04:15:00+00:00,9110.0,9111.1,9097.0,9099.1,863
2025-08-04 04:30:00+00:00,9099.1,9101.6,9097.5,9099.0,748
2025-08-04 04:45:00+00:00,9098.8,9101.6,9098.3,9100.9,496
2025-08-04 05:00:00+00:00,9101.5,9105.0,9101.5,9103.5,162
2025-08-04 05:15:00+00:00,9103.3,9109.5,9100.8,9107.8,101
2025-08-04 05:30:00+00:00,9107.5,9111.8,9107.5,9108.0,148
2025-08-04 05:45:00+00:00,9107.8,9108.8,9106.5,9107.0,118
2025-08-04 06:00:00+00:00,9107.3,9114.8,9102.3,9104.8,335
2025-08-04 06:15:00+00:00,9105.0,9105.3,9090.3,9096.5,283
2025-08-04 06:30:00+00:00,9096.8,9097.5,9083.3,9088.0,352
2025-08-04 06:45:00+00:00,9087.8,9100.3,9085.8,9096.5,391
2025-08-04 07:00:00+00:00,9097.0,9098.5,9081.0,9087.8,1556
2025-08-04 07:15:00+00:00,9087.5,9089.3,9064.3,9075.7,1196
2025-08-04 07:30:00+00:00,9075.2,9097.0,9074.7,9095.2,685
2025-08-04 07:45:00+00:00,9094.7,9107.4,9094.7,9103.1,1022
2025-08-04 08:00:00+00:00,9104.3,9110.2,9098.4,9109.9,1084
2025-08-04 08:15:00+00:00,9109.7,9112.2,9103.1,9106.7,704
2025-08-04 08:30:00+00:00,9107.2,9110.0,9102.7,9109.3,492
2025-08-04 08:45:00+00:00,9109.1,9113.7,9105.9,9112.2,509
2025-08-04 09:00:00+00:00,9111.7,9116.8,9109.8,9114.2,562
2025-08-04 09:15:00+00:00,9114.5,9114.7,9107.7,9109.4,418
2025-08-04 09:30:00+00:00,9109.2,9114.1,9106.2,9108.9,496
2025-08-04 09:45:00+00:00,9109.2,9110.2,9091.2,9091.4,517
2025-08-04 10:00:00+00:00,9091.2,9100.2,9088.7,9097.8,507
2025-08-04 10:15:00+00:00,9098.1,9100.9,9095.6,9098.2,377
2025-08-04 10:30:00+00:00,9098.4,9101.6,9093.5,9095.1,412
2025-08-04 10:45:00+00:00,9094.8,9096.7,9090.4,9092.4,375
2025-08-04 11:00:00+00:00,9092.1,9092.1,9083.4,9086.2,588
2025-08-04 11:15:00+00:00,9086.7,9096.7,9086.7,9095.4,395
2025-08-04 11:30:00+00:00,9095.2,9106.0,9094.7,9103.0,397
2025-08-04 11:45:00+00:00,9102.8,9107.3,9102.0,9105.6,398
2025-08-04 12:00:00+00:00,9105.9,9112.7,9105.6,9110.4,454
2025-08-04 12:15:00+00:00,9110.1,9111.7,9107.1,9107.9,396
2025-08-04 12:30:00+00:00,9108.1,9111.2,9104.7,9110.6,412
2025-08-04 12:45:00+00:00,9110.9,9111.7,9106.9,9109.7,454
2025-08-04 13:00:00+00:00,9110.0,9110.6,9098.3,9100.8,406
2025-08-04 13:15:00+00:00,9101.3,9106.8,9100.7,9101.4,441
2025-08-04 13:30:00+00:00,9100.9,9108.7,9097.2,9101.6,1166
2025-08-04 13:45:00+00:00,9101.4,9107.3,9099.6,9104.9,867
2025-08-04 14:00:00+00:00,9105.2,9109.4,9095.4,9100.3,1058
2025-08-04 14:15:00+00:00,9100.1,9108.3,9100.1,9105.5,750
2025-08-04 14:30:00+00:00,9105.7,9110.8,9103.4,9109.1,779
2025-08-04 14:45:00+00:00,9108.8,9118.1,9108.1,9115.6,917
2025-08-04 15:00:00+00:00,9115.4,9129.4,9114.1,9127.6,687
2025-08-04 15:15:00+00:00,9127.4,9128.1,9119.9,9127.1,778
2025-08-04 15:30:00+00:00,9126.9,9128.4,9115.7,9119.7,1049
2025-08-04 15:45:00+00:00,9119.2,9122.2,9115.7,9119.7,454
2025-08-04 16:00:00+00:00,9119.4,9126.6,9118.0,9124.7,392
2025-08-04 16:15:00+00:00,9124.2,9127.7,9122.2,9123.7,304
2025-08-04 16:30:00+00:00,9124.2,9129.2,9123.4,9128.4,366
2025-08-04 16:45:00+00:00,9128.7,9132.1,9127.7,9130.4,302
2025-08-04 17:00:00+00:00,9130.7,9137.6,9130.7,9137.6,217
2025-08-04 17:15:00+00:00,9138.1,9139.4,9135.4,9137.6,261
2025-08-04 17:30:00+00:00,9137.9,9140.6,9136.7,9137.7,231
2025-08-04 17:45:00+00:00,9138.2,9138.7,9132.7,9133.7,320
2025-08-04 18:00:00+00:00,9133.4,9138.2,9133.2,9134.7,282
2025-08-04 18:15:00+00:00,9134.9,9142.7,9134.2,9142.2,311
2025-08-04 18:30:00+00:00,9141.9,9147.6,9141.4,9144.9,279
2025-08-04 18:45:00+00:00,9144.4,9148.4,9143.9,9145.9,262
2025-08-04 19:00:00+00:00,9145.7,9151.3,9145.4,9151.1,343
2025-08-04 19:15:00+00:00,9150.8,9157.0,9150.3,9155.3,297
2025-08-04 19:30:00+00:00,9155.5,9156.6,9152.1,9156.1,258
2025-08-04 19:45:00+00:00,9155.6,9158.5,9152.1,9157.1,479
2025-08-04 20:00:00+00:00,9157.6,9165.1,9155.1,9162.1,544
2025-08-04 20:30:00+00:00,9160.8,9163.1,9160.8,9162.9,106
2025-08-04 20:45:00+00:00,9162.6,9164.9,9161.9,9164.6,95
2025-08-04 22:00:00+00:00,9157.4,9157.9,9156.4,9156.7,107
2025-08-04 22:15:00+00:00,9156.7,9157.7,9154.2,9154.6,163
2025-08-04 22:30:00+00:00,9154.7,9155.2,9152.7,9154.2,226
2025-08-04 22:45:00+00:00,9154.0,9155.2,9153.5,9154.5,110
2025-08-04 23:00:00+00:00,9154.7,9157.0,9154.0,9157.0,103
2025-08-04 23:15:00+00:00,9156.7,9159.0,9153.7,9154.2,173
2025-08-04 23:30:00+00:00,9154.1,9154.5,9152.0,9154.5,176
2025-08-04 23:45:00+00:00,9154.8,9155.0,9152.5,9153.8,243
2025-08-05 00:00:00+00:00,9149.9,9153.9,9146.1,9153.1,864
2025-08-05 00:15:00+00:00,9152.3,9153.9,9149.0,9152.5,707
2025-08-05 00:30:00+00:00,9152.8,9159.7,9151.4,9159.3,621
2025-08-05 00:45:00+00:00,9159.3,9165.3,9155.1,9159.0,1071
2025-08-05 01:00:00+00:00,9158.8,9161.8,9155.6,9157.0,837
2025-08-05 01:15:00+00:00,9156.6,9157.8,9155.1,9157.4,871
2025-08-05 01:30:00+00:00,9157.6,9159.9,9155.8,9159.3,788
2025-08-05 01:45:00+00:00,9159.3,9159.3,9152.2,9153.4,574
2025-08-05 02:00:00+00:00,9153.4,9156.4,9153.1,9155.2,529
2025-08-05 02:15:00+00:00,9155.2,9155.2,9151.9,9151.9,635
2025-08-05 02:30:00+00:00,9151.7,9154.2,9151.4,9152.4,624
2025-08-05 02:45:00+00:00,9152.0,9155.1,9151.9,9154.1,417
2025-08-05 03:00:00+00:00,9154.1,9155.4,9152.2,9154.9,445
2025-08-05 03:15:00+00:00,9154.9,9156.4,9154.4,9155.9,445
2025-08-05 03:30:00+00:00,9156.1,9160.0,9155.7,9159.6,500
2025-08-05 03:45:00+00:00,9159.7,9159.8,9155.5,9155.5,389
2025-08-05 04:00:00+00:00,9155.4,9156.6,9154.0,9154.9,409
2025-08-05 04:15:00+00:00,9154.9,9158.0,9154.2,9158.0,288
2025-08-05 04:30:00+00:00,9158.5,9159.7,9156.5,9157.5,402
2025-08-05 04:45:00+00:00,9157.5,9159.4,9156.9,9159.2,333
2025-08-05 05:00:00+00:00,9158.7,9160.0,9156.8,9157.3,150
2025-08-05 05:15:00+00:00,9156.8,9163.7,9155.8,9162.5,132
2025-08-05 05:30:00+00:00,9162.7,9164.2,9160.8,9163.5,110
2025-08-05 05:45:00+00:00,9164.0,9164.2,9159.8,9160.0,100
2025-08-05 06:00:00+00:00,9160.8,9164.0,9154.6,9163.3,301
2025-08-05 06:15:00+00:00,9163.5,9169.7,9161.8,9169.7,201
2025-08-05 06:30:00+00:00,9169.9,9173.6,9165.6,9166.1,215
2025-08-05 06:45:00+00:00,9166.4,9166.9,9156.4,9166.9,273
2025-08-05 07:00:00+00:00,9167.4,9178.3,9149.0,9152.3,1513
2025-08-05 07:15:00+00:00,9153.3,9157.5,9143.0,9152.0,930
2025-08-05 07:30:00+00:00,9152.5,9162.5,9152.0,9152.5,925
2025-08-05 07:45:00+00:00,9152.8,9157.8,9145.9,9151.2,794
2025-08-05 08:00:00+00:00,9151.4,9155.5,9148.2,9148.4,740
2025-08-05 08:15:00+00:00,9148.1,9158.0,9148.1,9152.2,711
2025-08-05 08:30:00+00:00,9152.0,9158.8,9150.7,9156.1,619
2025-08-05 08:45:00+00:00,9156.3,9162.3,9156.1,9157.8,405
2025-08-05 09:00:00+00:00,9157.5,9161.5,9154.0,9154.3,547
2025-08-05 09:15:00+00:00,9154.3,9161.8,9151.9,9160.3,444
2025-08-05 09:30:00+00:00,9159.8,9164.1,9156.8,9161.4,384
2025-08-05 09:45:00+00:00,9161.1,9162.3,9153.0,9155.3,341
2025-08-05 10:00:00+00:00,9155.5,9162.8,9155.0,9162.3,512
2025-08-05 10:15:00+00:00,9161.8,9163.4,9158.4,9163.0,413
2025-08-05 10:30:00+00:00,9163.3,9165.9,9160.0,9160.4,405
2025-08-05 10:45:00+00:00,9160.1,9166.7,9159.4,9165.5,416
2025-08-05 11:00:00+00:00,9166.0,9174.0,9165.9,9172.7,468
2025-08-05 11:15:00+00:00,9173.0,9176.4,9171.0,9172.5,340
2025-08-05 11:30:00+00:00,9172.2,9176.2,9170.0,9173.7,402
2025-08-05 11:45:00+00:00,9173.9,9175.2,9169.0,9171.7,436
2025-08-05 12:00:00+00:00,9171.9,9174.8,9168.8,9172.6,520
2025-08-05 12:15:00+00:00,9172.3,9173.3,9157.8,9165.4,897
2025-08-05 12:30:00+00:00,9165.4,9168.9,9163.0,9163.8,507
2025-08-05 12:45:00+00:00,9163.3,9165.7,9161.1,9164.1,446
2025-08-05 13:00:00+00:00,9164.6,9166.7,9158.5,9162.3,506
2025-08-05 13:15:00+00:00,9162.6,9169.9,9160.8,9169.4,458
2025-08-05 13:30:00+00:00,9169.1,9177.3,9164.0,9171.7,1458
2025-08-05 13:45:00+00:00,9171.2,9175.8,9159.7,9160.4,879
2025-08-05 14:00:00+00:00,9156.2,9159.2,9147.0,9148.0,1318
2025-08-05 14:15:00+00:00,9148.2,9153.3,9143.0,9149.9,1112
2025-08-05 14:30:00+00:00,9149.6,9150.4,9140.8,9143.1,1104
2025-08-05 14:45:00+00:00,9142.8,9146.7,9139.3,9142.4,1256
2025-08-05 15:00:00+00:00,9142.2,9142.4,9126.2,9135.5,1197
2025-08-05 15:15:00+00:00,9135.3,9140.0,9131.1,9139.0,1125
2025-08-05 15:30:00+00:00,9139.5,9145.5,9134.0,9140.5,1459
2025-08-05 15:45:00+00:00,9140.3,9148.5,9137.8,9147.2,902
2025-08-05 16:00:00+00:00,9147.0,9150.4,9142.5,9143.5,521
2025-08-05 16:15:00+00:00,9143.0,9149.5,9142.0,9149.2,331
2025-08-05 16:30:00+00:00,9149.0,9153.0,9140.3,9143.3,496
2025-08-05 16:45:00+00:00,9143.0,9150.0,9138.3,9147.5,376
2025-08-05 17:00:00+00:00,9147.3,9149.3,9142.3,9147.0,324
2025-08-05 17:15:00+00:00,9146.8,9151.5,9146.0,9147.5,210
2025-08-05 17:30:00+00:00,9148.0,9155.8,9147.5,9154.3,286
2025-08-05 17:45:00+00:00,9154.5,9157.0,9153.8,9154.0,200
2025-08-05 18:00:00+00:00,9153.8,9155.8,9149.3,9149.3,289
2025-08-05 18:15:00+00:00,9149.6,9149.6,9144.8,9145.3,415
2025-08-05 18:30:00+00:00,9145.1,9151.5,9142.9,9150.0,344
2025-08-05 18:45:00+00:00,9150.3,9151.5,9148.0,9150.0,445
2025-08-05 19:00:00+00:00,9150.3,9157.3,9149.8,9155.8,272
2025-08-05 19:15:00+00:00,9156.0,9158.5,9153.8,9156.8,240
2025-08-05 19:30:00+00:00,9156.5,9157.8,9152.8,9153.3,274
2025-08-05 19:45:00+00:00,9153.1,9156.5,9149.3,9153.1,632
2025-08-05 20:00:00+00:00,9154.3,9157.4,9151.1,9156.9,488
2025-08-05 20:30:00+00:00,9151.1,9151.1,9147.1,9149.6,299
2025-08-05 20:45:00+00:00,9149.8,9152.6,9148.8,9150.1,281
2025-08-05 22:00:00+00:00,9146.9,9147.6,9142.7,9143.9,387
2025-08-05 22:15:00+00:00,9144.1,9149.9,9141.4,9147.9,431
2025-08-05 22:30:00+00:00,9147.8,9149.9,9147.0,9149.2,324
2025-08-05 22:45:00+00:00,9149.0,9151.7,9148.7,9151.2,172
2025-08-05 23:00:00+00:00,9150.9,9152.2,9149.4,9152.2,151
2025-08-05 23:15:00+00:00,9152.5,9154.7,9150.7,9151.2,173
2025-08-05 23:30:00+00:00,9151.5,9153.2,9148.5,9153.2,293
2025-08-05 23:45:00+00:00,9153.4,9154.0,9146.0,9146.2,308
2025-08-06 00:00:00+00:00,9144.5,9163.3,9144.5,9162.8,1195
2025-08-06 00:15:00+00:00,9162.7,9164.4,9157.2,9161.9,848
2025-08-06 00:30:00+00:00,9161.9,9163.6,9157.1,9158.3,801
2025-08-06 00:45:00+00:00,9158.6,9160.1,9156.4,9156.9,716
2025-08-06 01:00:00+00:00,9157.3,9158.1,9152.7,9155.6,817
2025-08-06 01:15:00+00:00,9155.8,9157.5,9154.7,9156.5,590
2025-08-06 01:30:00+00:00,9156.3,9166.4,9156.1,9162.5,877
2025-08-06 01:45:00+00:00,9162.5,9165.3,9159.8,9164.8,784
2025-08-06 02:00:00+00:00,9164.9,9166.0,9163.0,9164.8,687
2025-08-06 02:15:00+00:00,9164.8,9168.6,9164.6,9168.6,604
2025-08-06 02:30:00+00:00,9168.7,9172.5,9168.6,9171.5,797
2025-08-06 02:45:00+00:00,9171.3,9172.5,9168.8,9172.1,596
2025-08-06 03:00:00+00:00,9172.1,9172.7,9169.2,9169.3,599
2025-08-06 03:15:00+00:00,9169.3,9173.6,9168.4,9170.8,606
2025-08-06 03:30:00+00:00,9171.0,9171.8,9169.3,9169.6,534
2025-08-06 03:45:00+00:00,9169.7,9172.0,9169.3,9171.1,375
2025-08-06 04:00:00+00:00,9171.3,9174.3,9171.1,9171.9,449
2025-08-06 04:15:00+00:00,9172.1,9172.1,9169.9,9170.9,382
2025-08-06 04:30:00+00:00,9171.1,9173.2,9171.1,9172.2,460
2025-08-06 04:45:00+00:00,9172.2,9175.6,9172.1,9174.6,430
2025-08-06 05:00:00+00:00,9174.9,9177.6,9172.6,9174.9,181
2025-08-06 05:15:00+00:00,9175.1,9177.1,9174.4,9176.6,153
2025-08-06 05:30:00+00:00,9176.9,9182.6,9176.4,9181.4,161
2025-08-06 05:45:00+00:00,9180.9,9182.1,9176.7,9178.2,270
2025-08-06 06:00:00+00:00,9178.4,9181.1,9174.2,9175.9,220
2025-08-06 06:15:00+00:00,9176.2,9183.9,9176.2,9183.6,142
2025-08-06 06:30:00+00:00,9183.4,9184.2,9177.4,9180.4,202
2025-08-06 06:45:00+00:00,9180.2,9180.7,9173.5,9175.2,263
2025-08-06 07:00:00+00:00,9174.7,9179.2,9153.4,9161.2,1466
2025-08-06 07:15:00+00:00,9161.5,9164.3,9156.8,9161.4,730
2025-08-06 07:30:00+00:00,9161.7,9166.3,9157.9,9160.4,607
2025-08-06 07:45:00+00:00,9161.2,9169.3,9160.7,9163.1,483
2025-08-06 08:00:00+00:00,9163.4,9166.1,9158.9,9163.0,548
2025-08-06 08:15:00+00:00,9163.3,9163.3,9152.8,9158.9,460
2025-08-06 08:30:00+00:00,9159.1,9166.0,9155.4,9156.9,483
2025-08-06 08:45:00+00:00,9157.2,9161.6,9154.9,9154.9,387
2025-08-06 09:00:00+00:00,9154.6,9161.2,9153.4,9158.3,456
2025-08-06 09:15:00+00:00,9158.1,9163.1,9156.8,9160.4,448
2025-08-06 09:30:00+00:00,9160.7,9164.1,9159.8,9162.5,410
2025-08-06 09:45:00+00:00,9162.3,9167.6,9162.0,9164.8,380
2025-08-06 10:00:00+00:00,9164.6,9167.7,9160.8,9167.7,426
2025-08-06 10:15:00+00:00,9168.0,9169.4,9163.9,9167.5,381
2025-08-06 10:30:00+00:00,9167.7,9168.5,9161.1,9161.8,356
2025-08-06 10:45:00+00:00,9161.6,9163.3,9157.3,9162.1,359
2025-08-06 11:00:00+00:00,9161.4,9163.9,9154.4,9157.2,420
2025-08-06 11:15:00+00:00,9156.9,9158.9,9152.1,9155.3,390
2025-08-06 11:30:00+00:00,9155.5,9161.3,9155.5,9161.0,378
2025-08-06 11:45:00+00:00,9161.3,9164.6,9159.8,9163.6,293
2025-08-06 12:00:00+00:00,9163.9,9167.1,9159.7,9159.8,368
2025-08-06 12:15:00+00:00,9159.5,9168.5,9159.5,9166.4,411
2025-08-06 12:30:00+00:00,9166.2,9173.1,9163.7,9168.4,368
2025-08-06 12:45:00+00:00,9168.2,9169.9,9164.6,9165.3,427
2025-08-06 13:00:00+00:00,9165.6,9169.2,9164.6,9168.5,446
2025-08-06 13:15:00+00:00,9168.7,9170.8,9162.4,9164.5,561
2025-08-06 13:30:00+00:00,9164.8,9176.4,9161.8,9168.2,1337
2025-08-06 13:45:00+00:00,9168.0,9173.3,9162.1,9162.6,1147
2025-08-06 14:00:00+00:00,9162.9,9173.2,9161.6,9164.5,1104
2025-08-06 14:15:00+00:00,9164.7,9171.4,9157.9,9158.9,950
2025-08-06 14:30:00+00:00,9159.1,9165.3,9156.4,9161.3,811
2025-08-06 14:45:00+00:00,9161.5,9165.0,9157.9,9158.6,749
2025-08-06 15:00:00+00:00,9158.9,9162.1,9153.5,9156.1,680
2025-08-06 15:15:00+00:00,9156.3,9166.1,9155.8,9165.1,677
2025-08-06 15:30:00+00:00,9164.8,9167.1,9148.6,9161.1,1239
2025-08-06 15:45:00+00:00,9161.3,9161.3,9149.7,9150.7,496
2025-08-06 16:00:00+00:00,9150.2,9154.6,9147.0,9148.4,400
2025-08-06 16:15:00+00:00,9148.2,9149.2,9145.5,9147.7,319
2025-08-06 16:30:00+00:00,9147.5,9156.2,9147.0,9152.2,412
2025-08-06 16:45:00+00:00,9152.4,9152.9,9146.7,9151.2,425
2025-08-06 17:00:00+00:00,9151.5,9155.9,9146.0,9146.5,267
2025-08-06 17:15:00+00:00,9146.3,9149.2,9144.5,9148.0,225
2025-08-06 17:30:00+00:00,9148.3,9152.5,9147.3,9148.8,233
2025-08-06 17:45:00+00:00,9149.0,9149.8,9143.6,9145.0,166
2025-08-06 18:00:00+00:00,9144.8,9149.3,9144.8,9146.1,238
2025-08-06 18:15:00+00:00,9145.8,9146.6,9141.6,9142.3,195
2025-08-06 18:30:00+00:00,9142.6,9142.8,9133.6,9134.3,241
2025-08-06 18:45:00+00:00,9134.1,9139.0,9133.8,9137.3,228
2025-08-06 19:00:00+00:00,9137.1,9143.3,9136.6,9142.8,228
2025-08-06 19:15:00+00:00,9142.5,9145.3,9141.0,9144.5,176
2025-08-06 19:30:00+00:00,9145.0,9149.8,9144.5,9145.5,203
2025-08-06 19:45:00+00:00,9145.8,9149.3,9140.8,9141.8,464
2025-08-06 20:00:00+00:00,9141.5,9145.0,9139.3,9144.5,254
2025-08-06 20:30:00+00:00,9146.0,9146.5,9143.3,9144.5,129
2025-08-06 20:45:00+00:00,9144.8,9146.1,9143.3,9145.8,117
2025-08-06 22:00:00+00:00,9125.1,9133.7,9123.5,9131.5,346
2025-08-06 22:15:00+00:00,9131.7,9148.3,9131.0,9147.5,501
2025-08-06 22:30:00+00:00,9146.9,9150.2,9136.0,9136.3,486
2025-08-06 22:45:00+00:00,9136.5,9138.3,9134.5,9138.1,280
2025-08-06 23:00:00+00:00,9138.3,9142.5,9137.8,9140.3,334
2025-08-06 23:15:00+00:00,9140.6,9140.8,9137.5,9138.5,212
2025-08-06 23:30:00+00:00,9138.3,9138.9,9134.3,9135.3,225
2025-08-06 23:45:00+00:00,9135.1,9138.0,9130.8,9131.8,272
2025-08-07 00:00:00+00:00,9129.2,9133.8,9125.9,9128.6,833
2025-08-07 00:15:00+00:00,9128.5,9133.5,9127.5,9131.0,790
2025-08-07 00:30:00+00:00,9131.1,9132.9,9128.7,9129.7,724
2025-08-07 00:45:00+00:00,9129.7,9131.6,9127.2,9128.3,687
2025-08-07 01:00:00+00:00,9128.1,9131.4,9126.6,9131.3,815
2025-08-07 01:15:00+00:00,9131.2,9134.2,9130.5,9133.6,805
2025-08-07 01:30:00+00:00,9133.3,9137.8,9131.1,9136.1,889
2025-08-07 01:45:00+00:00,9136.0,9137.9,9133.6,9134.3,664
2025-08-07 02:00:00+00:00,9134.3,9137.3,9133.7,9136.5,593
2025-08-07 02:15:00+00:00,9136.5,9136.8,9131.4,9132.7,623
2025-08-07 02:30:00+00:00,9132.7,9135.5,9131.8,9132.8,658
2025-08-07 02:45:00+00:00,9132.6,9133.5,9131.3,9132.5,415
2025-08-07 03:00:00+00:00,9132.3,9134.7,9132.3,9132.8,430
2025-08-07 03:15:00+00:00,9132.6,9135.9,9132.6,9135.0,419
2025-08-07 03:30:00+00:00,9135.1,9139.1,9134.7,9138.8,479
2025-08-07 03:45:00+00:00,9138.8,9142.5,9137.9,9138.0,558
2025-08-07 04:00:00+00:00,9138.1,9139.5,9137.3,9139.3,407
2025-08-07 04:15:00+00:00,9139.1,9145.0,9138.9,9140.3,570
2025-08-07 04:30:00+00:00,9140.1,9142.8,9140.1,9140.8,507
2025-08-07 04:45:00+00:00,9140.6,9143.1,9138.5,9142.3,539
2025-08-07 05:00:00+00:00,9142.1,9142.8,9135.6,9138.1,225
2025-08-07 05:15:00+00:00,9137.8,9140.8,9137.6,9140.8,142
2025-08-07 05:30:00+00:00,9140.6,9142.1,9138.3,9140.8,147
2025-08-07 05:45:00+00:00,9140.6,9142.3,9139.1,9141.8,173
2025-08-07 06:00:00+00:00,9142.1,9145.1,9136.8,9137.3,319
2025-08-07 06:15:00+00:00,9137.1,9146.1,9132.3,9143.8,277
2025-08-07 06:30:00+00:00,9144.1,9146.8,9140.8,9142.6,172
2025-08-07 06:45:00+00:00,9143.3,9144.3,9130.3,9139.3,296
2025-08-07 07:00:00+00:00,9138.1,9147.8,9138.1,9140.1,1236
2025-08-07 07:15:00+00:00,9139.6,9141.1,9133.1,9135.5,756
2025-08-07 07:30:00+00:00,9135.8,9139.5,9128.1,9128.1,687
2025-08-07 07:45:00+00:00,9127.6,9141.0,9126.4,9139.7,509
2025-08-07 08:00:00+00:00,9139.4,9148.2,9136.4,9136.4,1056
2025-08-07 08:15:00+00:00,9136.4,9142.1,9130.4,9140.1,748
2025-08-07 08:30:00+00:00,9140.4,9143.9,9136.2,9139.8,628
2025-08-07 08:45:00+00:00,9140.0,9141.0,9132.8,9135.7,674
2025-08-07 09:00:00+00:00,9136.0,9146.4,9132.3,9142.9,722
2025-08-07 09:15:00+00:00,9142.6,9145.0,9138.8,9140.5,591
2025-08-07 09:30:00+00:00,9140.0,9145.0,9135.4,9138.1,654
2025-08-07 09:45:00+00:00,9138.6,9141.5,9134.4,9136.8,508
2025-08-07 10:00:00+00:00,9137.3,9138.1,9127.1,9128.3,620
2025-08-07 10:15:00+00:00,9128.6,9130.5,9121.4,9123.2,646
2025-08-07 10:30:00+00:00,9122.9,9126.7,9117.2,9126.3,734
2025-08-07 10:45:00+00:00,9126.5,9127.8,9115.0,9115.5,497
2025-08-07 11:00:00+00:00,9115.7,9119.5,9086.3,9087.6,1786
2025-08-07 11:15:00+00:00,9087.3,9105.8,9085.8,9104.1,780
2025-08-07 11:30:00+00:00,9104.4,9108.5,9093.2,9095.3,732
2025-08-07 11:45:00+00:00,9095.6,9101.9,9093.8,9096.0,652
2025-08-07 12:00:00+00:00,9096.8,9097.0,9084.0,9087.5,779
2025-08-07 12:15:00+00:00,9087.7,9094.4,9086.9,9090.9,568
2025-08-07 12:30:00+00:00,9090.1,9099.6,9088.4,9098.6,711
2025-08-07 12:45:00+00:00,9098.6,9106.7,9096.7,9100.7,549
2025-08-07 13:00:00+00:00,9101.0,9108.1,9100.0,9102.3,557
2025-08-07 13:15:00+00:00,9102.0,9108.9,9100.6,9108.6,538
2025-08-07 13:30:00+00:00,9108.3,9121.3,9105.6,9120.6,1335
2025-08-07 13:45:00+00:00,9120.3,9120.8,9099.7,9103.0,1149
2025-08-07 14:00:00+00:00,9102.8,9104.8,9086.3,9092.2,1630
2025-08-07 14:15:00+00:00,9092.4,9097.8,9085.9,9089.6,1093
2025-08-07 14:30:00+00:00,9089.3,9111.2,9089.3,9109.2,834
2025-08-07 14:45:00+00:00,9108.9,9110.2,9100.9,9104.6,849
2025-08-07 15:00:00+00:00,9104.4,9107.1,9098.6,9101.6,1075
2025-08-07 15:15:00+00:00,9101.4,9106.8,9095.7,9099.2,840
2025-08-07 15:30:00+00:00,9099.7,9104.7,9091.7,9095.7,982
2025-08-07 15:45:00+00:00,9095.5,9097.5,9089.3,9092.0,716
2025-08-07 16:00:00+00:00,9091.8,9097.0,9084.3,9096.3,701
2025-08-07 16:15:00+00:00,9096.0,9103.2,9095.0,9100.0,563
2025-08-07 16:30:00+00:00,9099.8,9103.2,9087.3,9088.6,651
2025-08-07 16:45:00+00:00,9088.3,9097.5,9084.3,9090.1,698
2025-08-07 17:00:00+00:00,9090.3,9094.3,9078.9,9080.6,751
2025-08-07 17:15:00+00:00,9081.1,9087.1,9079.6,9081.6,552
2025-08-07 17:30:00+00:00,9081.9,9086.6,9080.2,9085.9,749
2025-08-07 17:45:00+00:00,9085.6,9091.9,9083.6,9088.6,494
2025-08-07 18:00:00+00:00,9088.9,9090.6,9079.2,9083.7,542
2025-08-07 18:15:00+00:00,9083.9,9083.9,9076.0,9081.7,490
2025-08-07 18:30:00+00:00,9081.4,9086.3,9078.2,9082.5,420
2025-08-07 18:45:00+00:00,9082.8,9088.3,9082.5,9086.0,326
2025-08-07 19:00:00+00:00,9086.3,9088.3,9084.3,9085.5,314
2025-08-07 19:15:00+00:00,9085.3,9086.8,9082.1,9085.6,403
2025-08-07 19:30:00+00:00,9085.8,9090.3,9084.3,9089.5,509
2025-08-07 19:45:00+00:00,9089.3,9092.0,9084.1,9088.6,595
2025-08-07 20:00:00+00:00,9088.6,9096.0,9088.3,9094.8,474
2025-08-07 20:30:00+00:00,9093.1,9093.1,9089.7,9090.3,119
2025-08-07 20:45:00+00:00,9090.1,9094.2,9090.1,9094.2,89
2025-08-07 22:00:00+00:00,9094.6,9099.8,9093.4,9099.2,283
2025-08-07 22:15:00+00:00,9099.1,9103.1,9098.5,9102.3,289
2025-08-07 22:30:00+00:00,9102.1,9102.6,9096.1,9097.1,266
2025-08-07 22:45:00+00:00,9097.0,9099.5,9096.4,9098.1,275
2025-08-07 23:00:00+00:00,9098.3,9098.9,9096.3,9098.1,210
2025-08-07 23:15:00+00:00,9098.3,9099.4,9095.9,9097.2,135
2025-08-07 23:30:00+00:00,9097.0,9097.4,9094.4,9095.7,144
2025-08-07 23:45:00+00:00,9095.1,9096.8,9094.9,9095.2,150
2025-08-08 00:00:00+00:00,9092.4,9099.5,9087.2,9099.5,960
2025-08-08 00:15:00+00:00,9099.7,9106.2,9099.0,9106.2,786
2025-08-08 00:30:00+00:00,9106.4,9111.9,9106.2,9110.7,678
2025-08-08 00:45:00+00:00,9110.9,9110.9,9106.4,9109.2,654
2025-08-08 01:00:00+00:00,9109.6,9111.0,9107.0,9107.4,538
2025-08-08 01:15:00+00:00,9107.6,9107.6,9101.6,9103.1,670
2025-08-08 01:30:00+00:00,9103.5,9107.5,9103.3,9105.0,656
2025-08-08 01:45:00+00:00,9105.2,9109.8,9104.7,9106.0,633
2025-08-08 02:00:00+00:00,9106.2,9113.1,9106.2,9112.5,469
2025-08-08 02:15:00+00:00,9112.7,9115.8,9112.7,9115.7,402
2025-08-08 02:30:00+00:00,9115.6,9118.1,9113.0,9117.7,417
2025-08-08 02:45:00+00:00,9117.7,9118.3,9116.4,9117.3,348
2025-08-08 03:00:00+00:00,9117.4,9117.7,9115.7,9116.5,385
2025-08-08 03:15:00+00:00,9116.3,9118.4,9114.9,9115.1,413
2025-08-08 03:30:00+00:00,9115.3,9115.6,9113.3,9114.4,543
2025-08-08 03:45:00+00:00,9114.6,9116.1,9111.6,9111.8,385
2025-08-08 04:00:00+00:00,9112.0,9113.1,9107.7,9112.1,579
2025-08-08 04:15:00+00:00,9112.1,9112.9,9111.0,9111.5,333
2025-08-08 04:30:00+00:00,9111.6,9112.0,9109.7,9110.3,376
2025-08-08 04:45:00+00:00,9110.4,9111.9,9110.1,9111.6,401
2025-08-08 05:00:00+00:00,9111.6,9112.8,9110.6,9112.1,118
2025-08-08 05:15:00+00:00,9112.4,9112.6,9107.4,9109.4,160
2025-08-08 05:30:00+00:00,9109.1,9111.9,9106.4,9106.4,182
2025-08-08 05:45:00+00:00,9106.9,9107.9,9099.7,9101.2,155
2025-08-08 06:00:00+00:00,9100.9,9105.4,9100.2,9104.9,204
2025-08-08 06:15:00+00:00,9105.2,9112.7,9104.9,9112.4,147
2025-08-08 06:30:00+00:00,9112.7,9116.6,9112.7,9114.9,157
2025-08-08 06:45:00+00:00,9115.2,9119.9,9111.9,9118.1,208
2025-08-08 07:00:00+00:00,9118.4,9126.3,9113.2,9120.0,1580
2025-08-08 07:15:00+00:00,9119.7,9120.2,9105.1,9106.1,942
2025-08-08 07:30:00+00:00,9105.3,9113.3,9102.8,9108.3,640
2025-08-08 07:45:00+00:00,9107.8,9112.0,9103.4,9109.8,462
2025-08-08 08:00:00+00:00,9110.0,9111.0,9104.6,9109.3,452
2025-08-08 08:15:00+00:00,9108.8,9109.6,9103.5,9106.7,462
2025-08-08 08:30:00+00:00,9107.0,9108.5,9100.9,9104.3,459
2025-08-08 08:45:00+00:00,9104.0,9106.3,9098.4,9098.8,443
2025-08-08 09:00:00+00:00,9098.8,9099.3,9091.8,9093.0,447
2025-08-08 09:15:00+00:00,9092.7,9095.7,9088.8,9092.1,429
2025-08-08 09:30:00+00:00,9092.3,9095.3,9089.9,9095.2,386
2025-08-08 09:45:00+00:00,9095.1,9096.9,9092.9,9095.3,349
2025-08-08 10:00:00+00:00,9095.8,9108.9,9095.8,9103.6,352
2025-08-08 10:15:00+00:00,9103.3,9108.2,9101.8,9106.4,266
2025-08-08 10:30:00+00:00,9106.6,9108.9,9103.2,9105.7,252
2025-08-08 10:45:00+00:00,9105.4,9107.9,9101.5,9103.0,286
2025-08-08 11:00:00+00:00,9102.8,9104.0,9098.3,9098.3,400
2025-08-08 11:15:00+00:00,9097.8,9100.8,9096.5,9098.0,267
2025-08-08 11:30:00+00:00,9097.5,9097.5,9093.7,9096.9,287
2025-08-08 11:45:00+00:00,9096.4,9098.4,9094.4,9095.9,315
2025-08-08 12:00:00+00:00,9095.4,9097.5,9090.0,9095.5,445
2025-08-08 12:15:00+00:00,9095.5,9096.3,9084.8,9093.1,536
2025-08-08 12:30:00+00:00,9093.3,9096.5,9090.6,9095.3,512
2025-08-08 12:45:00+00:00,9096.1,9096.6,9090.8,9094.4,365
2025-08-08 13:00:00+00:00,9094.2,9097.6,9093.2,9094.4,444
2025-08-08 13:15:00+00:00,9094.7,9096.6,9091.7,9096.1,380
2025-08-08 13:30:00+00:00,9095.8,9098.2,9086.2,9094.1,1144
2025-08-08 13:45:00+00:00,9094.3,9095.8,9086.2,9087.9,830
2025-08-08 14:00:00+00:00,9088.9,9095.8,9080.6,9082.1,1784
2025-08-08 14:15:00+00:00,9082.3,9094.9,9079.7,9092.1,1087
2025-08-08 14:30:00+00:00,9092.4,9094.8,9084.4,9088.9,753
2025-08-08 14:45:00+00:00,9088.7,9095.2,9088.4,9092.8,684
2025-08-08 15:00:00+00:00,9093.3,9097.4,9088.9,9096.7,773
2025-08-08 15:15:00+00:00,9096.9,9097.7,9090.2,9093.7,693
2025-08-08 15:30:00+00:00,9093.5,9095.0,9085.3,9085.5,839
2025-08-08 15:45:00+00:00,9085.8,9101.5,9085.8,9099.7,512
2025-08-08 16:00:00+00:00,9099.5,9103.5,9097.7,9101.7,333
2025-08-08 16:15:00+00:00,9102.0,9103.7,9098.0,9099.3,362
2025-08-08 16:30:00+00:00,9099.0,9107.5,9097.0,9107.2,436
2025-08-08 16:45:00+00:00,9106.7,9106.7,9100.5,9100.8,326
2025-08-08 17:00:00+00:00,9100.5,9101.3,9097.8,9100.3,206
2025-08-08 17:15:00+00:00,9100.0,9103.5,9096.8,9099.1,284
2025-08-08 17:30:00+00:00,9099.3,9103.3,9098.8,9101.5,237
2025-08-08 17:45:00+00:00,9101.8,9102.5,9099.3,9099.3,199
2025-08-08 18:00:00+00:00,9099.8,9103.8,9098.8,9102.8,316
2025-08-08 18:15:00+00:00,9102.6,9104.8,9099.6,9101.3,212
2025-08-08 18:30:00+00:00,9101.8,9102.8,9100.0,9100.3,252
2025-08-08 18:45:00+00:00,9100.0,9100.8,9097.1,9098.1,207
2025-08-08 19:00:00+00:00,9098.3,9099.3,9094.8,9097.6,182
2025-08-08 19:15:00+00:00,9097.3,9100.3,9094.8,9095.3,152
2025-08-08 19:30:00+00:00,9095.1,9096.3,9091.4,9091.4,262
2025-08-08 19:45:00+00:00,9091.1,9095.4,9087.6,9095.1,623
2025-08-10 22:00:00+00:00,9101.1,9101.2,9096.3,9099.5,205
2025-08-10 22:15:00+00:00,9099.7,9103.2,9098.2,9100.2,305
2025-08-10 22:30:00+00:00,9100.0,9100.5,9098.5,9098.7,126
2025-08-10 22:45:00+00:00,9099.0,9099.5,9098.5,9098.9,79
2025-08-10 23:00:00+00:00,9098.7,9101.0,9096.5,9096.5,184
2025-08-10 23:15:00+00:00,9096.3,9096.5,9092.5,9092.5,111
2025-08-10 23:30:00+00:00,9092.7,9094.3,9091.0,9091.8,127
2025-08-10 23:45:00+00:00,9091.5,9093.3,9091.5,9092.3,113
2025-08-11 00:00:00+00:00,9090.3,9100.2,9089.6,9099.9,838
2025-08-11 00:15:00+00:00,9100.1,9101.4,9098.6,9100.6,563
2025-08-11 00:30:00+00:00,9100.6,9101.7,9099.3,9100.6,482
2025-08-11 00:45:00+00:00,9100.8,9102.1,9098.2,9100.5,471
2025-08-11 01:00:00+00:00,9100.4,9102.4,9097.5,9101.9,540
2025-08-11 01:15:00+00:00,9101.8,9102.8,9099.9,9102.4,524
2025-08-11 01:30:00+00:00,9102.3,9103.6,9101.3,9103.0,694
2025-08-11 01:45:00+00:00,9103.1,9103.6,9100.8,9103.4,525
2025-08-11 02:00:00+00:00,9103.4,9105.1,9103.1,9103.6,492
2025-08-11 02:15:00+00:00,9103.8,9104.0,9101.5,9102.1,614
2025-08-11 02:30:00+00:00,9102.1,9103.5,9100.6,9101.9,547
2025-08-11 02:45:00+00:00,9101.9,9103.0,9101.1,9103.0,540
2025-08-11 03:00:00+00:00,9103.0,9105.2,9102.4,9104.4,518
2025-08-11 03:15:00+00:00,9104.6,9104.8,9101.9,9102.7,473
2025-08-11 03:30:00+00:00,9102.8,9103.0,9100.6,9100.8,401
2025-08-11 03:45:00+00:00,9100.9,9102.1,9099.6,9100.8,388
2025-08-11 04:00:00+00:00,9100.4,9101.3,9098.6,9101.3,355
2025-08-11 04:15:00+00:00,9101.1,9101.4,9098.1,9098.6,456
2025-08-11 04:30:00+00:00,9098.4,9099.1,9097.4,9098.1,303
2025-08-11 04:45:00+00:00,9097.9,9099.9,9097.9,9099.6,333
2025-08-11 05:00:00+00:00,9099.6,9099.6,9096.4,9097.1,160
2025-08-11 05:15:00+00:00,9096.9,9097.9,9096.1,9097.1,120
2025-08-11 05:30:00+00:00,9096.4,9098.4,9095.9,9096.9,213
2025-08-11 05:45:00+00:00,9096.6,9098.6,9095.9,9098.4,150
2025-08-11 06:00:00+00:00,9098.6,9101.6,9095.4,9095.4,286
2025-08-11 06:15:00+00:00,9095.1,9100.9,9092.9,9098.6,198
2025-08-11 06:30:00+00:00,9098.4,9103.9,9097.1,9103.9,151
2025-08-11 06:45:00+00:00,9103.6,9112.1,9103.6,9111.1,232
2025-08-11 07:00:00+00:00,9110.1,9123.1,9107.4,9120.1,1169
2025-08-11 07:15:00+00:00,9119.9,9126.4,9117.6,9122.9,662
2025-08-11 07:30:00+00:00,9123.1,9132.6,9121.5,9132.6,693
2025-08-11 07:45:00+00:00,9132.1,9133.6,9120.9,9121.9,595
2025-08-11 08:00:00+00:00,9121.4,9122.4,9107.4,9112.1,671
2025-08-11 08:15:00+00:00,9111.6,9117.0,9110.7,9112.4,470
2025-08-11 08:30:00+00:00,9112.7,9118.3,9112.2,9118.1,386
2025-08-11 08:45:00+00:00,9118.3,9118.8,9114.2,9114.4,410
2025-08-11 09:00:00+00:00,9114.7,9116.7,9109.4,9109.4,408
2025-08-11 09:15:00+00:00,9109.6,9112.8,9106.1,9108.1,345
2025-08-11 09:30:00+00:00,9108.4,9114.6,9106.9,9113.6,307
2025-08-11 09:45:00+00:00,9113.9,9118.1,9112.9,9116.1,276
2025-08-11 10:00:00+00:00,9116.4,9120.5,9116.1,9118.4,303
2025-08-11 10:15:00+00:00,9118.1,9122.9,9116.4,9121.9,240
2025-08-11 10:30:00+00:00,9122.1,9122.1,9111.1,9112.9,269
2025-08-11 10:45:00+00:00,9113.2,9118.5,9111.6,9117.3,281
2025-08-11 11:00:00+00:00,9117.0,9120.5,9116.3,9119.4,280
2025-08-11 11:15:00+00:00,9119.9,9121.5,9117.2,9121.0,238
2025-08-11 11:30:00+00:00,9120.8,9124.7,9119.0,9123.8,288
2025-08-11 11:45:00+00:00,9123.8,9128.4,9122.9,9127.9,264
2025-08-11 12:00:00+00:00,9127.6,9128.1,9121.5,9122.8,378
2025-08-11 12:15:00+00:00,9122.5,9125.7,9121.8,9122.2,328
2025-08-11 12:30:00+00:00,9122.4,9129.8,9120.7,9124.7,420
2025-08-11 12:45:00+00:00,9125.2,9128.1,9123.7,9123.7,268
2025-08-11 13:00:00+00:00,9123.4,9126.5,9120.5,9125.1,390
2025-08-11 13:15:00+00:00,9125.4,9125.6,9120.8,9124.4,407
2025-08-11 13:30:00+00:00,9124.2,9137.7,9122.2,9128.7,1140
2025-08-11 13:45:00+00:00,9129.0,9133.9,9123.9,9126.1,807
2025-08-11 14:00:00+00:00,9126.4,9136.3,9126.4,9135.8,838
2025-08-11 14:15:00+00:00,9135.3,9137.8,9127.9,9131.1,610
2025-08-11 14:30:00+00:00,9130.9,9135.6,9125.4,9125.9,544
2025-08-11 14:45:00+00:00,9125.6,9127.6,9121.4,9123.4,575
2025-08-11 15:00:00+00:00,9123.6,9128.8,9121.2,9127.6,566
2025-08-11 15:15:00+00:00,9127.4,9130.0,9126.3,9129.0,617
2025-08-11 15:30:00+00:00,9129.2,9132.7,9124.5,9130.5,651
2025-08-11 15:45:00+00:00,9130.8,9135.0,9127.3,9134.0,353
2025-08-11 16:00:00+00:00,9134.2,9139.0,9133.3,9137.8,468
2025-08-11 16:15:00+00:00,9137.5,9139.0,9134.5,9135.0,220
2025-08-11 16:30:00+00:00,9134.8,9136.8,9129.8,9130.3,330
2025-08-11 16:45:00+00:00,9130.1,9133.6,9129.8,9130.6,297
2025-08-11 17:00:00+00:00,9130.1,9131.1,9127.6,9127.8,239
2025-08-11 17:15:00+00:00,9128.1,9128.1,9124.1,9125.9,292
2025-08-11 17:30:00+00:00,9125.6,9126.6,9121.4,9123.4,379
2025-08-11 17:45:00+00:00,9123.1,9127.6,9121.6,9125.1,231
2025-08-11 18:00:00+00:00,9125.4,9126.1,9121.9,9123.2,336
2025-08-11 18:15:00+00:00,9122.9,9127.9,9122.7,9124.7,303
2025-08-11 18:30:00+00:00,9124.9,9130.5,9122.5,9122.5,284
2025-08-11 18:45:00+00:00,9122.8,9126.8,9121.5,9126.8,305
2025-08-11 19:00:00+00:00,9127.0,9128.8,9126.0,9127.5,235
2025-08-11 19:15:00+00:00,9127.8,9130.8,9126.3,9130.8,348
2025-08-11 19:30:00+00:00,9130.5,9134.2,9129.5,9131.0,293
2025-08-11 19:45:00+00:00,9130.8,9134.0,9122.3,9133.0,571
2025-08-11 20:00:00+00:00,9133.8,9134.3,9129.6,9129.6,281
2025-08-11 20:30:00+00:00,9128.9,9129.9,9128.5,9129.4,53
2025-08-11 20:45:00+00:00,9129.2,9130.1,9127.7,9128.9,82
2025-08-11 22:00:00+00:00,9132.6,9134.3,9130.5,9133.2,172
2025-08-11 22:15:00+00:00,9132.8,9133.0,9127.7,9127.7,208
2025-08-11 22:30:00+00:00,9128.1,9130.2,9127.5,9129.9,252
2025-08-11 22:45:00+00:00,9130.0,9134.0,9128.5,9134.0,183
2025-08-11 23:00:00+00:00,9133.7,9135.0,9133.4,9134.0,87
2025-08-11 23:15:00+00:00,9133.8,9135.0,9131.0,9132.8,134
2025-08-11 23:30:00+00:00,9132.5,9135.5,9132.5,9133.6,161
2025-08-11 23:45:00+00:00,9133.8,9135.3,9131.0,9131.0,164
2025-08-12 00:00:00+00:00,9129.7,9135.8,9128.4,9134.2,816
2025-08-12 00:15:00+00:00,9134.6,9141.0,9133.3,9139.6,915
2025-08-12 00:30:00+00:00,9140.1,9143.7,9140.0,9140.1,902
2025-08-12 00:45:00+00:00,9140.0,9141.3,9138.4,9138.8,560
2025-08-12 01:00:00+00:00,9138.5,9139.3,9136.5,9136.8,672
2025-08-12 01:15:00+00:00,9136.8,9140.3,9136.2,9139.7,518
2025-08-12 01:30:00+00:00,9139.5,9140.8,9138.2,9139.8,660
2025-08-12 01:45:00+00:00,9139.8,9140.6,9138.9,9140.3,503
2025-08-12 02:00:00+00:00,9140.5,9142.0,9139.1,9141.8,532
2025-08-12 02:15:00+00:00,9142.0,9143.8,9141.5,9141.5,430
2025-08-12 02:30:00+00:00,9141.7,9142.1,9139.3,9139.3,513
2025-08-12 02:45:00+00:00,9139.3,9139.9,9139.0,9139.1,451
2025-08-12 03:00:00+00:00,9139.1,9141.4,9139.0,9140.9,546
2025-08-12 03:15:00+00:00,9141.1,9142.6,9140.1,9142.3,377
2025-08-12 03:30:00+00:00,9142.3,9142.4,9140.6,9140.6,296
2025-08-12 03:45:00+00:00,9140.8,9142.2,9139.1,9141.4,293
2025-08-12 04:00:00+00:00,9141.3,9143.1,9140.9,9142.4,305
2025-08-12 04:15:00+00:00,9142.4,9143.8,9142.4,9143.3,285
2025-08-12 04:30:00+00:00,9143.3,9150.3,9142.1,9149.4,455
2025-08-12 04:45:00+00:00,9149.4,9151.7,9148.7,9150.4,437
2025-08-12 05:00:00+00:00,9150.1,9150.1,9137.2,9143.7,391
2025-08-12 05:15:00+00:00,9143.4,9146.9,9142.4,9145.4,160
2025-08-12 05:30:00+00:00,9145.7,9145.7,9138.4,9140.7,156
2025-08-12 05:45:00+00:00,9140.4,9147.2,9139.7,9146.4,192
2025-08-12 06:00:00+00:00,9146.2,9146.9,9136.7,9137.0,285
2025-08-12 06:15:00+00:00,9136.7,9147.4,9136.0,9147.2,222
2025-08-12 06:30:00+00:00,9147.4,9147.4,9137.2,9139.5,226
2025-08-12 06:45:00+00:00,9139.2,9143.5,9139.2,9142.5,165
2025-08-12 07:00:00+00:00,9143.0,9165.7,9143.0,9158.9,1308
2025-08-12 07:15:00+00:00,9158.4,9160.0,9153.5,9158.2,592
2025-08-12 07:30:00+00:00,9158.7,9160.4,9150.7,9152.0,548
2025-08-12 07:45:00+00:00,9152.0,9155.3,9150.5,9152.1,407
2025-08-12 08:00:00+00:00,9152.4,9155.5,9145.9,9153.4,528
2025-08-12 08:15:00+00:00,9152.9,9158.4,9151.7,9156.7,396
2025-08-12 08:30:00+00:00,9156.9,9157.4,9152.2,9155.2,350
2025-08-12 08:45:00+00:00,9155.4,9156.7,9150.8,9152.9,282
2025-08-12 09:00:00+00:00,9152.9,9162.9,9151.7,9161.6,348
2025-08-12 09:15:00+00:00,9161.9,9164.6,9157.0,9159.2,286
2025-08-12 09:30:00+00:00,9158.9,9162.2,9157.2,9160.9,278
2025-08-12 09:45:00+00:00,9160.4,9160.9,9151.1,9153.3,354
2025-08-12 10:00:00+00:00,9152.8,9154.6,9145.8,9149.7,320
2025-08-12 10:15:00+00:00,9149.5,9149.5,9141.0,9141.5,328
2025-08-12 10:30:00+00:00,9141.0,9146.7,9141.0,9144.7,315
2025-08-12 10:45:00+00:00,9145.2,9148.0,9143.0,9146.0,345
2025-08-12 11:00:00+00:00,9145.7,9146.0,9137.5,9139.1,359
2025-08-12 11:15:00+00:00,9138.8,9139.8,9136.0,9137.7,281
2025-08-12 11:30:00+00:00,9138.2,9140.9,9136.5,9137.3,325
2025-08-12 11:45:00+00:00,9137.1,9137.3,9132.5,9132.5,336
2025-08-12 12:00:00+00:00,9132.3,9134.7,9128.3,9132.4,369
2025-08-12 12:15:00+00:00,9132.9,9133.2,9128.8,9132.2,413
2025-08-12 12:30:00+00:00,9136.7,9148.2,9135.7,9141.4,1262
2025-08-12 12:45:00+00:00,9141.6,9152.5,9140.9,9150.0,687
2025-08-12 13:00:00+00:00,9149.8,9151.5,9144.2,9146.5,532
2025-08-12 13:15:00+00:00,9146.2,9149.2,9140.2,9141.4,412
2025-08-12 13:30:00+00:00,9141.7,9143.9,9128.4,9129.6,1411
2025-08-12 13:45:00+00:00,9129.4,9139.6,9124.9,9138.8,1042
2025-08-12 14:00:00+00:00,9138.6,9140.2,9122.3,9124.0,1161
2025-08-12 14:15:00+00:00,9124.5,9127.9,9119.5,9125.6,948
2025-08-12 14:30:00+00:00,9125.1,9141.3,9123.6,9139.1,723
2025-08-12 14:45:00+00:00,9139.3,9145.9,9136.8,9141.4,770
2025-08-12 15:00:00+00:00,9141.1,9148.3,9140.8,9146.3,781
2025-08-12 15:15:00+00:00,9146.0,9151.0,9144.9,9150.0,842
2025-08-12 15:30:00+00:00,9150.5,9154.2,9144.5,9147.7,752
2025-08-12 15:45:00+00:00,9147.5,9156.7,9147.5,9155.9,380
2025-08-12 16:00:00+00:00,9155.7,9155.9,9150.2,9152.2,289
2025-08-12 16:15:00+00:00,9152.0,9153.7,9151.0,9151.2,265
2025-08-12 16:30:00+00:00,9151.5,9156.0,9151.2,9154.7,211
2025-08-12 16:45:00+00:00,9155.0,9156.5,9154.0,9155.5,208
2025-08-12 17:00:00+00:00,9155.7,9157.2,9153.8,9156.0,206
2025-08-12 17:15:00+00:00,9155.7,9160.2,9155.3,9158.5,229
2025-08-12 17:30:00+00:00,9158.2,9163.0,9157.3,9162.5,212
2025-08-12 17:45:00+00:00,9162.2,9164.2,9161.2,9164.2,149
2025-08-12 18:00:00+00:00,9164.5,9167.7,9164.2,9166.0,145
2025-08-12 18:15:00+00:00,9166.2,9169.7,9162.6,9162.6,206
2025-08-12 18:30:00+00:00,9162.8,9164.3,9159.8,9163.8,155
2025-08-12 18:45:00+00:00,9163.6,9166.3,9161.9,9161.9,128
2025-08-12 19:00:00+00:00,9162.1,9167.3,9161.4,9167.3,165
2025-08-12 19:15:00+00:00,9167.1,9169.8,9165.9,9166.1,157
2025-08-12 19:30:00+00:00,9166.4,9167.6,9163.6,9164.6,263
2025-08-12 19:45:00+00:00,9164.4,9170.4,9163.4,9170.1,526
2025-08-12 20:00:00+00:00,9170.4,9170.6,9167.6,9168.6,232
2025-08-12 20:30:00+00:00,9169.6,9170.4,9168.9,9168.9,60
2025-08-12 20:45:00+00:00,9168.5,9171.6,9168.2,9170.7,92
2025-08-12 22:00:00+00:00,9168.7,9169.2,9167.1,9168.0,174
2025-08-12 22:15:00+00:00,9168.2,9168.5,9166.3,9167.5,134
2025-08-12 22:30:00+00:00,9167.3,9167.5,9166.2,9167.3,100
2025-08-12 22:45:00+00:00,9167.4,9167.5,9166.5,9167.1,50
2025-08-12 23:00:00+00:00,9166.8,9169.7,9166.6,9169.3,140
2025-08-12 23:15:00+00:00,9169.2,9169.5,9167.6,9169.1,77
2025-08-12 23:30:00+00:00,9168.8,9170.5,9167.6,9170.1,86
2025-08-12 23:45:00+00:00,9170.3,9175.5,9168.3,9173.3,359
2025-08-13 00:00:00+00:00,9168.1,9168.1,9158.2,9159.1,1084
2025-08-13 00:15:00+00:00,9158.9,9165.7,9158.9,9163.8,634
2025-08-13 00:30:00+00:00,9163.4,9163.4,9157.4,9158.6,616
2025-08-13 00:45:00+00:00,9158.6,9161.7,9158.4,9159.4,597
2025-08-13 01:00:00+00:00,9159.4,9161.2,9158.7,9159.7,583
2025-08-13 01:15:00+00:00,9159.5,9160.2,9158.0,9158.6,429
2025-08-13 01:30:00+00:00,9158.7,9160.1,9157.8,9158.4,481
2025-08-13 01:45:00+00:00,9158.5,9158.7,9155.0,9156.5,425
2025-08-13 02:00:00+00:00,9156.4,9156.5,9154.7,9156.0,426
2025-08-13 02:15:00+00:00,9156.1,9161.5,9156.1,9161.5,395
2025-08-13 02:30:00+00:00,9161.3,9163.5,9159.8,9161.9,428
2025-08-13 02:45:00+00:00,9161.7,9163.0,9161.4,9162.7,349
2025-08-13 03:00:00+00:00,9162.7,9164.5,9161.5,9164.3,378
2025-08-13 03:15:00+00:00,9164.3,9167.3,9164.0,9164.0,384
2025-08-13 03:30:00+00:00,9163.8,9167.8,9163.2,9167.7,344
2025-08-13 03:45:00+00:00,9167.5,9168.5,9165.7,9167.5,339
2025-08-13 04:00:00+00:00,9167.7,9168.5,9166.7,9167.5,399
2025-08-13 04:15:00+00:00,9167.7,9170.2,9167.5,9170.2,364
2025-08-13 04:30:00+00:00,9170.3,9171.3,9169.7,9170.5,365
2025-08-13 04:45:00+00:00,9170.1,9171.3,9170.0,9170.3,289
2025-08-13 05:00:00+00:00,9170.5,9171.1,9168.3,9168.3,83
2025-08-13 05:15:00+00:00,9168.1,9169.1,9167.3,9168.6,101
2025-08-13 05:30:00+00:00,9168.3,9171.8,9168.1,9170.3,61
2025-08-13 05:45:00+00:00,9170.6,9171.3,9167.9,9169.4,98
2025-08-13 06:00:00+00:00,9169.1,9169.6,9160.4,9161.2,193
2025-08-13 06:15:00+00:00,9160.9,9166.4,9160.4,9165.2,156
2025-08-13 06:30:00+00:00,9164.7,9166.4,9163.4,9165.7,154
2025-08-13 06:45:00+00:00,9165.4,9170.4,9165.2,9167.2,143
2025-08-13 07:00:00+00:00,9168.2,9179.4,9162.5,9176.4,985
2025-08-13 07:15:00+00:00,9176.2,9183.1,9175.9,9176.4,521
2025-08-13 07:30:00+00:00,9176.6,9176.6,9167.0,9168.5,458
2025-08-13 07:45:00+00:00,9168.0,9175.0,9163.4,9165.4,412
2025-08-13 08:00:00+00:00,9165.6,9165.9,9154.4,9162.0,570
2025-08-13 08:15:00+00:00,9162.3,9164.5,9155.8,9164.2,410
2025-08-13 08:30:00+00:00,9163.7,9164.9,9160.2,9162.0,384
2025-08-13 08:45:00+00:00,9162.2,9167.4,9162.0,9166.1,404
2025-08-13 09:00:00+00:00,9165.9,9167.4,9159.2,9159.5,300
2025-08-13 09:15:00+00:00,9159.2,9160.7,9155.7,9160.2,308
2025-08-13 09:30:00+00:00,9159.9,9163.6,9155.3,9163.3,325
2025-08-13 09:45:00+00:00,9163.3,9163.8,9156.0,9157.5,391
2025-08-13 10:00:00+00:00,9157.8,9161.0,9154.5,9160.9,377
2025-08-13 10:15:00+00:00,9160.4,9161.7,9156.5,9157.0,277
2025-08-13 10:30:00+00:00,9157.3,9157.3,9151.2,9152.9,246
2025-08-13 10:45:00+00:00,9153.1,9160.7,9151.9,9158.5,266
2025-08-13 11:00:00+00:00,9158.8,9161.0,9154.8,9158.3,348
2025-08-13 11:15:00+00:00,9158.6,9162.6,9157.6,9159.9,244
2025-08-13 11:30:00+00:00,9160.2,9164.9,9159.7,9163.1,264
2025-08-13 11:45:00+00:00,9163.3,9169.4,9162.1,9168.9,246
2025-08-13 12:00:00+00:00,9167.9,9168.6,9162.8,9168.3,272
2025-08-13 12:15:00+00:00,9168.1,9170.3,9164.0,9164.3,258
2025-08-13 12:30:00+00:00,9164.6,9168.4,9163.6,9163.6,331
2025-08-13 12:45:00+00:00,9163.6,9166.2,9161.8,9163.3,318
2025-08-13 13:00:00+00:00,9163.1,9169.2,9160.3,9160.5,365
2025-08-13 13:15:00+00:00,9160.3,9161.0,9154.2,9154.2,379
2025-08-13 13:30:00+00:00,9154.0,9155.4,9142.9,9155.1,1104
2025-08-13 13:45:00+00:00,9155.4,9161.3,9153.2,9155.7,969
2025-08-13 14:00:00+00:00,9156.0,9166.6,9153.7,9164.2,922
2025-08-13 14:15:00+00:00,9164.0,9165.2,9159.4,9162.1,667
2025-08-13 14:30:00+00:00,9161.8,9164.6,9158.0,9158.0,558
2025-08-13 14:45:00+00:00,9158.2,9160.7,9151.4,9155.8,640
2025-08-13 15:00:00+00:00,9155.5,9160.9,9154.3,9159.7,656
2025-08-13 15:15:00+00:00,9159.4,9167.5,9158.9,9165.0,682
2025-08-13 15:30:00+00:00,9165.3,9168.2,9161.8,9167.0,654
2025-08-13 15:45:00+00:00,9167.2,9167.2,9155.6,9156.1,404
2025-08-13 16:00:00+00:00,9156.3,9164.5,9156.1,9163.8,379
2025-08-13 16:15:00+00:00,9164.1,9164.8,9159.8,9160.3,294
2025-08-13 16:30:00+00:00,9160.6,9163.3,9159.6,9160.3,447
2025-08-13 16:45:00+00:00,9160.1,9163.3,9158.4,9163.1,372
2025-08-13 17:00:00+00:00,9163.3,9167.6,9161.1,9161.4,290
2025-08-13 17:15:00+00:00,9161.1,9165.8,9159.4,9163.4,251
2025-08-13 17:30:00+00:00,9163.6,9164.4,9160.4,9161.1,289
2025-08-13 17:45:00+00:00,9161.4,9164.6,9160.6,9162.6,332
2025-08-13 18:00:00+00:00,9162.9,9170.1,9161.6,9169.4,234
2025-08-13 18:15:00+00:00,9169.1,9169.9,9167.1,9169.1,428
2025-08-13 18:30:00+00:00,9169.6,9176.6,9169.6,9171.4,390
2025-08-13 18:45:00+00:00,9171.6,9174.4,9171.1,9172.9,193
2025-08-13 19:00:00+00:00,9172.6,9176.3,9171.9,9176.3,371
2025-08-13 19:15:00+00:00,9176.5,9178.5,9175.1,9177.8,349
2025-08-13 19:30:00+00:00,9178.0,9181.5,9176.3,9180.5,410
2025-08-13 19:45:00+00:00,9180.8,9186.8,9179.6,9183.8,357
2025-08-13 20:00:00+00:00,9185.5,9187.7,9181.6,9181.6,264
2025-08-13 20:30:00+00:00,9180.1,9182.9,9179.9,9181.9,61
2025-08-13 20:45:00+00:00,9182.1,9184.4,9181.6,9182.2,71
2025-08-13 22:00:00+00:00,9153.3,9153.5,9149.3,9152.3,125
2025-08-13 22:15:00+00:00,9152.0,9156.2,9151.9,9156.0,98
2025-08-13 22:30:00+00:00,9155.7,9157.8,9155.2,9157.7,72
2025-08-13 22:45:00+00:00,9157.5,9159.7,9157.5,9159.2,72
2025-08-13 23:00:00+00:00,9159.0,9160.2,9157.7,9157.7,72
2025-08-13 23:15:00+00:00,9157.2,9158.7,9157.0,9158.5,47
2025-08-13 23:30:00+00:00,9158.7,9159.2,9156.8,9158.7,88
2025-08-13 23:45:00+00:00,9158.4,9158.4,9155.7,9155.7,106
2025-08-14 00:00:00+00:00,9153.4,9162.5,9153.2,9162.0,699
2025-08-14 00:15:00+00:00,9162.2,9162.2,9155.0,9155.9,716
2025-08-14 00:30:00+00:00,9155.9,9156.6,9152.8,9153.2,505
2025-08-14 00:45:00+00:00,9153.1,9156.3,9152.9,9155.9,517
2025-08-14 01:00:00+00:00,9155.9,9158.5,9155.2,9156.5,602
2025-08-14 01:15:00+00:00,9156.7,9156.9,9154.5,9155.9,534
2025-08-14 01:30:00+00:00,9155.7,9156.2,9152.7,9153.4,525
2025-08-14 01:45:00+00:00,9153.5,9155.2,9153.2,9154.9,475
2025-08-14 02:00:00+00:00,9155.1,9156.5,9154.6,9155.0,464
2025-08-14 02:15:00+00:00,9155.2,9156.0,9154.5,9154.5,345
2025-08-14 02:30:00+00:00,9154.4,9154.7,9152.5,9153.4,353
2025-08-14 02:45:00+00:00,9153.4,9153.9,9151.7,9152.5,376
2025-08-14 03:00:00+00:00,9152.5,9152.7,9149.1,9150.5,407
2025-08-14 03:15:00+00:00,9150.5,9150.6,9147.3,9147.3,289
2025-08-14 03:30:00+00:00,9147.5,9147.5,9145.0,9145.0,342
2025-08-14 03:45:00+00:00,9145.0,9146.9,9145.0,9146.2,318
2025-08-14 04:00:00+00:00,9146.2,9148.2,9146.2,9147.5,277
2025-08-14 04:15:00+00:00,9147.9,9149.2,9145.2,9145.5,262
2025-08-14 04:30:00+00:00,9145.4,9148.2,9145.2,9148.0,236
2025-08-14 04:45:00+00:00,9148.2,9148.5,9146.8,9147.2,232
2025-08-14 05:00:00+00:00,9147.4,9147.7,9142.7,9142.7,102
2025-08-14 05:15:00+00:00,9143.0,9143.5,9137.5,9141.5,171
2025-08-14 05:30:00+00:00,9140.7,9142.7,9137.5,9138.0,155
2025-08-14 05:45:00+00:00,9138.2,9141.0,9137.5,9141.0,130
2025-08-14 06:00:00+00:00,9141.5,9153.0,9137.5,9148.0,313
2025-08-14 06:15:00+00:00,9148.2,9150.5,9147.0,9148.5,152
2025-08-14 06:30:00+00:00,9148.2,9148.2,9141.0,9141.2,105
2025-08-14 06:45:00+00:00,9141.5,9146.0,9139.7,9144.0,184
2025-08-14 07:00:00+00:00,9143.5,9149.7,9133.7,9142.5,840
2025-08-14 07:15:00+00:00,9142.2,9151.7,9142.0,9149.7,496
2025-08-14 07:30:00+00:00,9150.0,9153.0,9147.0,9150.7,392
2025-08-14 07:45:00+00:00,9150.4,9153.9,9148.7,9152.7,312
2025-08-14 08:00:00+00:00,9152.9,9155.6,9151.7,9152.6,346
2025-08-14 08:15:00+00:00,9153.1,9158.6,9152.9,9158.0,328
2025-08-14 08:30:00+00:00,9157.8,9160.0,9156.5,9158.7,286
2025-08-14 08:45:00+00:00,9159.0,9161.9,9156.4,9160.8,291
2025-08-14 09:00:00+00:00,9160.5,9166.0,9159.0,9165.9,351
2025-08-14 09:15:00+00:00,9165.7,9166.5,9162.7,9164.3,307
2025-08-14 09:30:00+00:00,9164.5,9165.8,9161.3,9162.6,237
2025-08-14 09:45:00+00:00,9162.3,9162.6,9157.5,9159.2,256
2025-08-14 10:00:00+00:00,9159.0,9160.1,9157.3,9159.6,253
2025-08-14 10:15:00+00:00,9159.6,9160.7,9156.5,9158.5,202
2025-08-14 10:30:00+00:00,9158.8,9160.4,9155.7,9157.0,200
2025-08-14 10:45:00+00:00,9157.2,9159.1,9156.1,9157.3,212
2025-08-14 11:00:00+00:00,9157.8,9166.4,9157.6,9164.1,269
2025-08-14 11:15:00+00:00,9163.9,9170.3,9163.7,9168.4,259
2025-08-14 11:30:00+00:00,9168.6,9170.4,9166.9,9168.3,227
2025-08-14 11:45:00+00:00,9168.1,9173.6,9167.8,9173.6,301
2025-08-14 12:00:00+00:00,9173.3,9176.0,9170.8,9173.5,355
2025-08-14 12:15:00+00:00,9173.9,9175.2,9168.4,9168.9,328
2025-08-14 12:30:00+00:00,9169.4,9169.7,9153.4,9158.6,1125
2025-08-14 12:45:00+00:00,9158.9,9160.9,9155.5,9156.3,532
2025-08-14 13:00:00+00:00,9156.1,9161.9,9154.8,9160.4,549
2025-08-14 13:15:00+00:00,9160.7,9160.9,9151.8,9154.8,503
2025-08-14 13:30:00+00:00,9154.6,9161.9,9151.5,9154.9,965
2025-08-14 13:45:00+00:00,9154.4,9160.9,9152.2,9160.4,745
2025-08-14 14:00:00+00:00,9160.6,9165.2,9158.7,9161.5,853
2025-08-14 14:15:00+00:00,9161.8,9163.8,9158.5,9162.2,639
2025-08-14 14:30:00+00:00,9162.7,9165.4,9159.7,9162.4,546
2025-08-14 14:45:00+00:00,9162.6,9170.9,9159.8,9160.1,606
2025-08-14 15:00:00+00:00,9160.3,9169.3,9158.1,9168.4,671
2025-08-14 15:15:00+00:00,9168.2,9175.7,9166.1,9173.3,857
2025-08-14 15:30:00+00:00,9173.5,9184.2,9166.8,9184.0,991
2025-08-14 15:45:00+00:00,9183.7,9186.7,9180.5,9186.0,500
2025-08-14 16:00:00+00:00,9185.7,9187.0,9180.0,9181.3,664
2025-08-14 16:15:00+00:00,9181.5,9187.5,9181.3,9182.5,557
2025-08-14 16:30:00+00:00,9182.3,9184.5,9180.0,9184.5,566
2025-08-14 16:45:00+00:00,9184.3,9192.0,9182.8,9190.5,414
2025-08-14 17:00:00+00:00,9190.3,9192.2,9189.8,9190.0,376
2025-08-14 17:15:00+00:00,9189.5,9196.0,9189.5,9195.5,271
2025-08-14 17:30:00+00:00,9195.8,9198.7,9194.0,9197.3,235
2025-08-14 17:45:00+00:00,9197.0,9199.0,9196.5,9199.0,337
2025-08-14 18:00:00+00:00,9198.8,9201.0,9196.5,9196.5,215
2025-08-14 18:15:00+00:00,9196.3,9198.5,9194.3,9197.0,207
2025-08-14 18:30:00+00:00,9196.8,9204.8,9196.5,9204.8,272
2025-08-14 18:45:00+00:00,9204.5,9206.3,9202.0,9203.5,262
2025-08-14 19:00:00+00:00,9203.0,9207.3,9202.0,9206.8,234
2025-08-14 19:15:00+00:00,9206.5,9210.3,9205.5,9208.0,254
2025-08-14 19:30:00+00:00,9207.8,9210.0,9206.1,9206.8,343
2025-08-14 19:45:00+00:00,9207.1,9213.5,9205.6,9210.5,480
2025-08-14 20:00:00+00:00,9207.3,9209.3,9203.1,9203.1,556
2025-08-14 20:30:00+00:00,9206.1,9211.8,9205.4,9208.1,169
2025-08-14 20:45:00+00:00,9208.4,9212.2,9207.9,9211.8,155
2025-08-14 22:00:00+00:00,9208.2,9211.9,9208.2,9210.6,149
2025-08-14 22:15:00+00:00,9210.8,9210.8,9208.2,9209.2,127
2025-08-14 22:30:00+00:00,9209.3,9209.9,9208.2,9209.2,110
2025-08-14 22:45:00+00:00,9209.5,9211.4,9208.9,9211.4,108
2025-08-14 23:00:00+00:00,9211.5,9212.4,9209.4,9209.4,126
2025-08-14 23:15:00+00:00,9209.6,9210.9,9209.2,9209.6,92
2025-08-14 23:30:00+00:00,9209.4,9210.8,9208.7,9210.3,100
2025-08-14 23:45:00+00:00,9210.4,9211.2,9207.7,9207.7,167
2025-08-15 00:00:00+00:00,9221.4,9222.6,9213.9,9218.4,724
2025-08-15 00:15:00+00:00,9218.5,9219.5,9215.2,9217.3,631
2025-08-15 00:30:00+00:00,9217.3,9221.0,9216.8,9220.3,594
2025-08-15 00:45:00+00:00,9220.3,9220.9,9217.7,9217.8,441
2025-08-15 01:00:00+00:00,9217.7,9220.5,9217.5,9218.5,406
2025-08-15 01:15:00+00:00,9218.6,9219.4,9216.8,9219.3,462
2025-08-15 01:30:00+00:00,9219.3,9219.8,9217.3,9218.1,520
2025-08-15 01:45:00+00:00,9218.0,9218.6,9215.3,9216.5,421
2025-08-15 02:00:00+00:00,9216.7,9219.7,9216.7,9218.6,416
2025-08-15 02:15:00+00:00,9218.6,9219.6,9217.0,9217.4,386
2025-08-15 02:30:00+00:00,9217.4,9219.1,9217.1,9218.1,311
2025-08-15 02:45:00+00:00,9218.2,9219.2,9216.9,9217.8,325
2025-08-15 03:00:00+00:00,9217.4,9217.7,9215.6,9215.6,265
2025-08-15 03:15:00+00:00,9215.6,9215.8,9212.7,9213.9,339
2025-08-15 03:30:00+00:00,9213.9,9215.7,9211.9,9212.2,399
2025-08-15 03:45:00+00:00,9212.2,9214.3,9212.1,9213.9,312
2025-08-15 04:00:00+00:00,9214.0,9217.6,9213.9,9215.2,410
2025-08-15 04:15:00+00:00,9215.4,9217.5,9215.1,9216.9,294
2025-08-15 04:30:00+00:00,9216.9,9219.0,9216.9,9218.2,329
2025-08-15 04:45:00+00:00,9218.1,9219.2,9217.5,9218.4,262
2025-08-15 05:00:00+00:00,9218.2,9221.4,9216.7,9219.5,106
2025-08-15 05:15:00+00:00,9219.7,9220.2,9218.5,9219.0,64
2025-08-15 05:30:00+00:00,9218.7,9221.5,9218.7,9220.5,57
2025-08-15 05:45:00+00:00,9221.5,9222.0,9220.2,9221.0,61
2025-08-15 06:00:00+00:00,9220.5,9225.7,9218.0,9222.2,289
2025-08-15 06:15:00+00:00,9222.0,9226.0,9219.0,9223.0,202
2025-08-15 06:30:00+00:00,9223.3,9225.2,9221.3,9222.0,162
2025-08-15 06:45:00+00:00,9222.5,9228.0,9215.1,9215.3,258
2025-08-15 07:00:00+00:00,9214.6,9225.9,9199.9,9200.6,1294
2025-08-15 07:15:00+00:00,9200.9,9203.9,9191.6,9191.6,705
2025-08-15 07:30:00+00:00,9192.1,9194.1,9184.0,9188.5,575
2025-08-15 07:45:00+00:00,9188.3,9191.3,9181.8,9189.4,454
2025-08-15 08:00:00+00:00,9189.6,9191.9,9182.1,9183.5,447
2025-08-15 08:15:00+00:00,9183.5,9184.1,9180.4,9180.6,343
2025-08-15 08:30:00+00:00,9180.8,9181.1,9171.5,9173.8,435
2025-08-15 08:45:00+00:00,9173.5,9173.8,9164.5,9166.7,499
2025-08-15 09:00:00+00:00,9167.2,9187.6,9164.3,9185.3,835
2025-08-15 09:15:00+00:00,9184.8,9185.7,9175.6,9183.6,601
2025-08-15 09:30:00+00:00,9183.3,9184.3,9171.0,9173.4,423
2025-08-15 09:45:00+00:00,9173.1,9179.2,9172.9,9174.5,336
2025-08-15 10:00:00+00:00,9174.3,9178.7,9172.5,9178.4,440
2025-08-15 10:15:00+00:00,9178.2,9183.7,9176.4,9181.7,372
2025-08-15 10:30:00+00:00,9181.7,9188.3,9180.9,9186.3,331
2025-08-15 10:45:00+00:00,9185.8,9189.5,9184.3,9188.3,329
2025-08-15 11:00:00+00:00,9188.0,9189.3,9184.3,9187.3,367
2025-08-15 11:15:00+00:00,9187.3,9187.8,9181.7,9181.7,279
2025-08-15 11:30:00+00:00,9181.7,9187.1,9181.3,9183.3,345
2025-08-15 11:45:00+00:00,9183.6,9184.1,9172.9,9172.9,341
2025-08-15 12:00:00+00:00,9172.6,9173.4,9165.6,9167.1,432
2025-08-15 12:15:00+00:00,9167.3,9170.0,9161.9,9164.6,435
2025-08-15 12:30:00+00:00,9164.4,9167.1,9160.0,9164.2,464
2025-08-15 12:45:00+00:00,9164.2,9166.4,9158.8,9158.8,380
2025-08-15 13:00:00+00:00,9158.6,9161.8,9156.3,9157.2,393
2025-08-15 13:15:00+00:00,9157.2,9161.7,9156.2,9157.7,489
2025-08-15 13:30:00+00:00,9158.2,9163.5,9155.4,9158.1,1128
2025-08-15 13:45:00+00:00,9158.3,9160.6,9145.1,9148.4,832
2025-08-15 14:00:00+00:00,9145.4,9148.3,9136.2,9138.6,989
2025-08-15 14:15:00+00:00,9138.1,9139.4,9129.6,9132.2,877
2025-08-15 14:30:00+00:00,9131.9,9143.7,9130.7,9141.7,613
2025-08-15 14:45:00+00:00,9141.4,9145.6,9137.2,9144.3,550
2025-08-15 15:00:00+00:00,9144.5,9148.5,9141.9,9142.2,731
2025-08-15 15:15:00+00:00,9141.9,9150.1,9140.1,9142.8,771
2025-08-15 15:30:00+00:00,9143.3,9146.3,9126.3,9128.1,884
2025-08-15 15:45:00+00:00,9128.3,9138.8,9128.1,9135.3,451
2025-08-15 16:00:00+00:00,9135.1,9142.8,9135.1,9142.8,317
2025-08-15 16:15:00+00:00,9142.5,9143.5,9138.6,9140.6,239
2025-08-15 16:30:00+00:00,9140.3,9143.6,9137.8,9141.1,267
2025-08-15 16:45:00+00:00,9140.6,9142.3,9138.1,9138.6,281
2025-08-15 17:00:00+00:00,9138.1,9141.6,9137.6,9141.1,299
2025-08-15 17:15:00+00:00,9140.8,9145.3,9140.4,9143.3,255
2025-08-15 17:30:00+00:00,9143.6,9145.6,9141.9,9143.4,224
2025-08-15 17:45:00+00:00,9143.6,9146.6,9143.1,9146.6,171
2025-08-15 18:00:00+00:00,9146.1,9147.6,9142.1,9146.4,340
2025-08-15 18:15:00+00:00,9146.1,9146.4,9142.4,9145.1,273
2025-08-15 18:30:00+00:00,9144.9,9148.4,9144.6,9148.4,216
2025-08-15 18:45:00+00:00,9148.6,9149.1,9143.9,9147.6,257
2025-08-15 19:00:00+00:00,9147.4,9147.9,9141.4,9144.9,377
2025-08-15 19:15:00+00:00,9144.7,9145.9,9141.4,9141.9,276
2025-08-15 19:30:00+00:00,9142.2,9148.2,9140.7,9146.7,248
2025-08-15 19:45:00+00:00,9146.9,9150.2,9142.5,9147.2,516
2025-08-17 22:00:00+00:00,9151.0,9152.5,9148.7,9149.5,251
2025-08-17 22:15:00+00:00,9149.7,9150.4,9147.8,9149.7,194
2025-08-17 22:30:00+00:00,9149.9,9151.7,9149.7,9151.5,144
2025-08-17 22:45:00+00:00,9151.7,9152.5,9151.0,9151.7,100
2025-08-17 23:00:00+00:00,9152.0,9152.5,9150.5,9152.0,107
2025-08-17 23:15:00+00:00,9151.7,9152.5,9151.2,9151.7,70
2025-08-17 23:30:00+00:00,9152.0,9154.9,9151.7,9154.7,129
2025-08-17 23:45:00+00:00,9154.9,9154.9,9151.5,9153.0,133
2025-08-18 00:00:00+00:00,9157.7,9161.3,9152.0,9157.5,645
2025-08-18 00:15:00+00:00,9157.7,9158.7,9154.4,9158.7,555
2025-08-18 00:30:00+00:00,9158.6,9161.4,9158.0,9161.2,443
2025-08-18 00:45:00+00:00,9161.2,9161.6,9158.5,9159.5,431
2025-08-18 01:00:00+00:00,9159.4,9159.5,9156.7,9157.8,485
2025-08-18 01:15:00+00:00,9157.7,9160.2,9156.7,9159.9,391
2025-08-18 01:30:00+00:00,9160.3,9160.3,9157.8,9158.9,470
2025-08-18 01:45:00+00:00,9159.1,9160.8,9158.7,9159.0,464
2025-08-18 02:00:00+00:00,9159.0,9159.4,9157.4,9159.2,292
2025-08-18 02:15:00+00:00,9159.2,9161.1,9158.9,9159.4,357
2025-08-18 02:30:00+00:00,9159.4,9160.4,9157.9,9159.0,302
2025-08-18 02:45:00+00:00,9159.2,9159.7,9158.2,9159.4,195
2025-08-18 03:00:00+00:00,9159.4,9162.7,9159.4,9162.7,352
2025-08-18 03:15:00+00:00,9162.7,9163.2,9161.9,9162.6,260
2025-08-18 03:30:00+00:00,9162.6,9165.3,9162.1,9164.7,394
2025-08-18 03:45:00+00:00,9164.6,9166.2,9164.5,9164.9,249
2025-08-18 04:00:00+00:00,9164.9,9167.2,9164.6,9165.4,393
2025-08-18 04:15:00+00:00,9165.4,9166.5,9164.1,9166.4,330
2025-08-18 04:30:00+00:00,9166.4,9166.4,9164.0,9164.2,316
2025-08-18 04:45:00+00:00,9163.7,9164.9,9163.4,9164.6,322
2025-08-18 05:00:00+00:00,9164.7,9165.7,9163.2,9164.0,138
2025-08-18 05:15:00+00:00,9163.7,9164.5,9161.7,9163.0,75
2025-08-18 05:30:00+00:00,9163.2,9165.0,9161.7,9162.2,126
2025-08-18 05:45:00+00:00,9161.7,9162.7,9161.5,9162.5,63
2025-08-18 06:00:00+00:00,9162.7,9166.5,9153.5,9154.5,151
2025-08-18 06:15:00+00:00,9154.2,9158.0,9152.0,9157.5,234
2025-08-18 06:30:00+00:00,9157.2,9159.2,9151.7,9151.7,183
2025-08-18 06:45:00+00:00,9152.0,9162.2,9151.0,9159.0,221
2025-08-18 07:00:00+00:00,9158.7,9164.0,9140.0,9150.3,1289
2025-08-18 07:15:00+00:00,9150.0,9157.3,9148.3,9148.6,768
2025-08-18 07:30:00+00:00,9148.8,9150.1,9137.8,9139.1,603
2025-08-18 07:45:00+00:00,9138.8,9142.5,9136.5,9137.2,446
2025-08-18 08:00:00+00:00,9137.5,9145.3,9137.5,9139.0,549
2025-08-18 08:15:00+00:00,9138.5,9143.9,9136.7,9136.8,395
2025-08-18 08:30:00+00:00,9137.1,9143.4,9135.6,9142.7,361
2025-08-18 08:45:00+00:00,9142.5,9143.0,9136.2,9138.4,373
2025-08-18 09:00:00+00:00,9138.6,9142.8,9136.1,9138.3,382
2025-08-18 09:15:00+00:00,9138.6,9139.6,9132.1,9133.1,332
2025-08-18 09:30:00+00:00,9132.8,9136.0,9129.3,9130.6,275
2025-08-18 09:45:00+00:00,9130.4,9132.6,9127.8,9129.1,304
2025-08-18 10:00:00+00:00,9129.3,9130.8,9126.6,9129.7,286
2025-08-18 10:15:00+00:00,9129.2,9133.0,9125.8,9130.5,287
2025-08-18 10:30:00+00:00,9130.2,9133.1,9128.4,9132.1,256
2025-08-18 10:45:00+00:00,9132.1,9132.6,9129.1,9130.6,227
2025-08-18 11:00:00+00:00,9130.4,9135.9,9128.1,9134.7,236
2025-08-18 11:15:00+00:00,9134.4,9136.3,9132.2,9134.9,236
2025-08-18 11:30:00+00:00,9134.6,9136.0,9132.2,9134.2,217
2025-08-18 11:45:00+00:00,9134.2,9136.6,9131.8,9131.8,260
2025-08-18 12:00:00+00:00,9131.3,9139.5,9130.8,9139.2,318
2025-08-18 12:15:00+00:00,9139.2,9139.2,9130.8,9130.8,316
2025-08-18 12:30:00+00:00,9130.6,9132.8,9127.9,9131.1,262
2025-08-18 12:45:00+00:00,9131.1,9135.3,9129.9,9133.7,247
2025-08-18 13:00:00+00:00,9133.2,9139.1,9132.2,9135.7,295
2025-08-18 13:15:00+00:00,9135.9,9138.2,9134.2,9136.1,277
2025-08-18 13:30:00+00:00,9136.4,9145.4,9132.5,9144.9,871
2025-08-18 13:45:00+00:00,9145.1,9147.3,9138.2,9139.9,771
2025-08-18 14:00:00+00:00,9139.7,9144.2,9135.1,9142.7,688
2025-08-18 14:15:00+00:00,9142.2,9143.7,9133.2,9134.2,588
2025-08-18 14:30:00+00:00,9133.7,9141.1,9133.0,9138.6,568
2025-08-18 14:45:00+00:00,9138.9,9142.7,9138.2,9141.0,589
2025-08-18 15:00:00+00:00,9140.8,9142.9,9138.1,9141.8,540
2025-08-18 15:15:00+00:00,9141.6,9152.2,9141.3,9152.2,541
2025-08-18 15:30:00+00:00,9152.4,9161.2,9151.4,9157.7,549
2025-08-18 15:45:00+00:00,9157.4,9163.4,9157.2,9160.2,302
2025-08-18 16:00:00+00:00,9160.5,9163.2,9158.7,9162.2,349
2025-08-18 16:15:00+00:00,9162.0,9165.2,9159.2,9164.0,224
2025-08-18 16:30:00+00:00,9164.2,9166.0,9161.2,9165.7,315
2025-08-18 16:45:00+00:00,9166.0,9168.7,9165.0,9168.0,283
2025-08-18 17:00:00+00:00,9168.2,9174.0,9167.7,9173.5,214
2025-08-18 17:15:00+00:00,9173.2,9174.7,9171.7,9174.2,185
2025-08-18 17:30:00+00:00,9174.0,9177.5,9171.0,9173.7,294
2025-08-18 17:45:00+00:00,9174.0,9174.2,9169.3,9169.8,208
2025-08-18 18:00:00+00:00,9169.5,9172.3,9167.8,9169.0,200
2025-08-18 18:15:00+00:00,9168.8,9169.0,9165.3,9166.1,166
2025-08-18 18:30:00+00:00,9165.8,9169.3,9165.6,9169.3,184
2025-08-18 18:45:00+00:00,9169.1,9171.6,9167.3,9171.6,178
2025-08-18 19:00:00+00:00,9171.3,9171.6,9166.3,9166.8,221
2025-08-18 19:15:00+00:00,9166.6,9172.6,9166.6,9172.3,208
2025-08-18 19:30:00+00:00,9172.1,9179.3,9172.1,9177.8,221
2025-08-18 19:45:00+00:00,9177.6,9182.8,9176.8,9177.6,480
2025-08-18 20:00:00+00:00,9178.0,9179.3,9176.8,9177.5,213
2025-08-18 20:30:00+00:00,9176.1,9177.8,9174.6,9175.1,92
2025-08-18 20:45:00+00:00,9174.8,9176.6,9174.3,9174.8,73
2025-08-18 22:00:00+00:00,9182.8,9186.1,9182.8,9183.8,255
2025-08-18 22:15:00+00:00,9183.6,9184.3,9180.4,9180.6,131
2025-08-18 22:30:00+00:00,9180.9,9181.9,9179.9,9180.4,117
2025-08-18 22:45:00+00:00,9180.6,9183.1,9180.6,9181.1,74
2025-08-18 23:00:00+00:00,9181.3,9182.9,9180.7,9180.9,108
2025-08-18 23:15:00+00:00,9181.2,9182.0,9180.9,9181.3,53
2025-08-18 23:30:00+00:00,9181.4,9181.4,9178.7,9179.2,118
2025-08-18 23:45:00+00:00,9179.4,9181.2,9179.4,9179.8,111
2025-08-19 00:00:00+00:00,9178.0,9181.0,9174.0,9174.9,762
2025-08-19 00:15:00+00:00,9174.6,9177.3,9173.5,9173.6,713
2025-08-19 00:30:00+00:00,9173.8,9174.8,9171.3,9173.8,867
2025-08-19 00:45:00+00:00,9173.6,9177.1,9173.5,9176.0,587
2025-08-19 01:00:00+00:00,9176.2,9179.6,9175.7,9177.5,694
2025-08-19 01:15:00+00:00,9177.3,9179.6,9176.8,9177.7,620
2025-08-19 01:30:00+00:00,9177.7,9178.0,9173.8,9176.4,653
2025-08-19 01:45:00+00:00,9176.1,9176.7,9174.6,9174.9,582
2025-08-19 02:00:00+00:00,9174.9,9175.8,9171.6,9173.6,571
2025-08-19 02:15:00+00:00,9173.7,9174.5,9171.8,9173.2,497
2025-08-19 02:30:00+00:00,9172.8,9174.0,9172.2,9172.7,401
2025-08-19 02:45:00+00:00,9172.6,9173.0,9168.7,9169.2,440
2025-08-19 03:00:00+00:00,9169.4,9170.1,9168.9,9170.0,643
2025-08-19 03:15:00+00:00,9170.4,9172.5,9169.2,9172.0,462
2025-08-19 03:30:00+00:00,9171.8,9171.8,9165.8,9166.9,542
2025-08-19 03:45:00+00:00,9166.9,9167.5,9165.6,9167.1,409
2025-08-19 04:00:00+00:00,9167.1,9167.3,9165.8,9166.3,375
2025-08-19 04:15:00+00:00,9166.1,9166.6,9165.4,9166.1,331
2025-08-19 04:30:00+00:00,9166.0,9167.1,9165.5,9167.0,400
2025-08-19 04:45:00+00:00,9167.0,9167.1,9164.4,9164.6,370
2025-08-19 05:00:00+00:00,9164.4,9165.6,9161.9,9162.4,136
2025-08-19 05:15:00+00:00,9162.1,9162.6,9160.6,9161.9,88
2025-08-19 05:30:00+00:00,9162.1,9163.9,9161.6,9162.1,99
2025-08-19 05:45:00+00:00,9161.9,9162.4,9158.4,9159.2,107
2025-08-19 06:00:00+00:00,9158.9,9164.4,9158.4,9164.4,211
2025-08-19 06:15:00+00:00,9163.9,9165.2,9160.9,9163.7,135
2025-08-19 06:30:00+00:00,9163.4,9165.4,9163.4,9165.2,101
2025-08-19 06:45:00+00:00,9164.9,9170.9,9159.7,9160.2,191
2025-08-19 07:00:00+00:00,9160.7,9170.9,9157.2,9162.8,866
2025-08-19 07:15:00+00:00,9162.3,9166.5,9155.2,9156.6,447
2025-08-19 07:30:00+00:00,9156.4,9161.0,9153.9,9160.0,354
2025-08-19 07:45:00+00:00,9159.8,9160.7,9156.2,9158.5,411
2025-08-19 08:00:00+00:00,9158.7,9167.8,9158.7,9165.8,444
2025-08-19 08:15:00+00:00,9165.3,9171.8,9164.3,9170.0,339
2025-08-19 08:30:00+00:00,9170.3,9175.9,9170.3,9174.4,311
2025-08-19 08:45:00+00:00,9173.9,9177.2,9173.6,9175.7,314
2025-08-19 09:00:00+00:00,9175.4,9180.9,9172.3,9180.4,336
2025-08-19 09:15:00+00:00,9180.6,9185.8,9180.1,9185.0,336
2025-08-19 09:30:00+00:00,9185.3,9189.2,9185.0,9186.0,312
2025-08-19 09:45:00+00:00,9186.3,9190.3,9183.5,9186.8,424
2025-08-19 10:00:00+00:00,9186.3,9187.8,9178.8,9179.3,398
2025-08-19 10:15:00+00:00,9179.1,9179.9,9172.5,9175.7,280
2025-08-19 10:30:00+00:00,9175.2,9179.1,9174.7,9177.9,266
2025-08-19 10:45:00+00:00,9178.2,9181.1,9175.7,9180.8,269
2025-08-19 11:00:00+00:00,9180.6,9187.0,9180.1,9187.0,433
2025-08-19 11:15:00+00:00,9187.0,9190.7,9186.0,9190.7,391
2025-08-19 11:30:00+00:00,9189.9,9192.5,9188.3,9190.5,295
2025-08-19 11:45:00+00:00,9190.7,9194.7,9189.2,9193.4,354
2025-08-19 12:00:00+00:00,9193.7,9194.2,9183.6,9184.8,357
2025-08-19 12:15:00+00:00,9185.1,9190.0,9184.1,9187.8,251
2025-08-19 12:30:00+00:00,9188.1,9192.3,9187.0,9188.5,308
2025-08-19 12:45:00+00:00,9189.0,9191.2,9185.2,9188.8,356
2025-08-19 13:00:00+00:00,9189.0,9189.0,9181.2,9185.8,316
2025-08-19 13:15:00+00:00,9185.8,9185.8,9176.4,9178.6,377
2025-08-19 13:30:00+00:00,9178.3,9194.6,9178.1,9192.9,919
2025-08-19 13:45:00+00:00,9192.6,9193.9,9181.8,9182.3,651
2025-08-19 14:00:00+00:00,9183.0,9186.5,9178.7,9180.0,649
2025-08-19 14:15:00+00:00,9180.2,9184.8,9178.1,9184.5,629
2025-08-19 14:30:00+00:00,9185.0,9191.8,9184.8,9190.3,650
2025-08-19 14:45:00+00:00,9190.0,9195.5,9189.0,9191.1,731
2025-08-19 15:00:00+00:00,9191.6,9196.1,9184.7,9194.1,810
2025-08-19 15:15:00+00:00,9194.3,9196.5,9191.3,9193.7,664
2025-08-19 15:30:00+00:00,9193.4,9194.2,9186.2,9186.2,702
2025-08-19 15:45:00+00:00,9186.7,9187.7,9180.3,9181.0,446
2025-08-19 16:00:00+00:00,9181.3,9184.0,9177.8,9178.3,551
2025-08-19 16:15:00+00:00,9178.5,9184.8,9178.5,9180.8,463
2025-08-19 16:30:00+00:00,9180.5,9183.0,9176.6,9178.1,464
2025-08-19 16:45:00+00:00,9177.8,9182.8,9175.8,9181.3,507
2025-08-19 17:00:00+00:00,9181.1,9183.3,9175.1,9183.1,560
2025-08-19 17:15:00+00:00,9182.8,9184.6,9180.8,9182.3,327
2025-08-19 17:30:00+00:00,9182.6,9185.8,9181.6,9184.8,337
2025-08-19 17:45:00+00:00,9185.1,9185.1,9179.9,9182.9,268
2025-08-19 18:00:00+00:00,9182.4,9182.9,9173.9,9173.9,427
2025-08-19 18:15:00+00:00,9174.2,9175.2,9171.4,9173.4,238
2025-08-19 18:30:00+00:00,9173.7,9179.2,9173.7,9177.4,375
2025-08-19 18:45:00+00:00,9177.7,9179.4,9176.9,9177.4,314
2025-08-19 19:00:00+00:00,9177.2,9178.4,9175.7,9176.5,354
2025-08-19 19:15:00+00:00,9176.2,9181.7,9176.0,9180.7,246
2025-08-19 19:30:00+00:00,9180.4,9181.9,9179.2,9180.5,321
2025-08-19 19:45:00+00:00,9180.0,9184.7,9178.2,9184.2,492
2025-08-19 20:00:00+00:00,9185.0,9188.0,9184.5,9185.5,261
2025-08-19 20:30:00+00:00,9186.7,9186.7,9184.2,9185.5,53
2025-08-19 20:45:00+00:00,9185.7,9186.8,9185.0,9186.8,52
2025-08-19 22:00:00+00:00,9188.2,9188.6,9184.3,9184.4,237
2025-08-19 22:15:00+00:00,9184.6,9186.1,9181.8,9182.6,250
2025-08-19 22:30:00+00:00,9182.7,9185.6,9182.2,9184.3,168
2025-08-19 22:45:00+00:00,9184.1,9186.3,9183.3,9183.9,207
2025-08-19 23:00:00+00:00,9184.0,9185.9,9183.4,9183.9,202
2025-08-19 23:15:00+00:00,9184.0,9184.1,9177.1,9183.6,347
2025-08-19 23:30:00+00:00,9183.4,9183.9,9180.7,9182.2,246
2025-08-19 23:45:00+00:00,9182.4,9182.9,9179.4,9181.9,305
2025-08-20 00:00:00+00:00,9180.9,9185.4,9178.4,9179.0,1177
2025-08-20 00:15:00+00:00,9179.0,9180.0,9175.2,9179.8,892
2025-08-20 00:30:00+00:00,9179.8,9180.3,9176.3,9177.2,734
2025-08-20 00:45:00+00:00,9177.5,9181.6,9177.2,9180.5,729
2025-08-20 01:00:00+00:00,9180.5,9183.9,9180.4,9182.3,890
2025-08-20 01:15:00+00:00,9182.3,9182.8,9179.5,9180.1,755
2025-08-20 01:30:00+00:00,9180.0,9183.2,9180.0,9182.5,885
2025-08-20 01:45:00+00:00,9182.5,9187.3,9182.2,9184.8,673
2025-08-20 02:00:00+00:00,9184.8,9187.2,9182.1,9185.1,857
2025-08-20 02:15:00+00:00,9185.3,9187.6,9185.1,9187.3,659
2025-08-20 02:30:00+00:00,9187.3,9188.8,9187.1,9187.8,398
2025-08-20 02:45:00+00:00,9187.8,9188.3,9185.9,9186.6,414
2025-08-20 03:00:00+00:00,9186.6,9187.6,9181.0,9182.3,584
2025-08-20 03:15:00+00:00,9182.5,9182.8,9179.7,9181.1,554
2025-08-20 03:30:00+00:00,9180.9,9182.2,9177.1,9177.1,568
2025-08-20 03:45:00+00:00,9177.3,9178.6,9175.8,9176.7,649
2025-08-20 04:00:00+00:00,9176.9,9177.7,9175.6,9177.4,419
2025-08-20 04:15:00+00:00,9177.6,9182.0,9177.3,9181.7,534
2025-08-20 04:30:00+00:00,9181.6,9182.0,9178.4,9180.6,601
2025-08-20 04:45:00+00:00,9180.6,9181.6,9179.0,9180.0,617
2025-08-20 05:00:00+00:00,9180.2,9180.2,9175.5,9177.0,133
2025-08-20 05:15:00+00:00,9177.2,9177.7,9176.0,9177.0,70
2025-08-20 05:30:00+00:00,9176.5,9180.2,9176.5,9178.5,366
2025-08-20 05:45:00+00:00,9178.7,9182.2,9178.0,9181.7,169
2025-08-20 06:00:00+00:00,9182.0,9182.5,9165.0,9173.8,296
2025-08-20 06:15:00+00:00,9174.0,9176.5,9170.3,9171.3,164
2025-08-20 06:30:00+00:00,9171.5,9174.5,9169.6,9172.3,171
2025-08-20 06:45:00+00:00,9171.8,9179.8,9171.8,9177.5,174
2025-08-20 07:00:00+00:00,9177.3,9186.2,9168.2,9174.2,946
2025-08-20 07:15:00+00:00,9174.2,9184.0,9173.6,9180.6,489
2025-08-20 07:30:00+00:00,9181.1,9182.5,9177.4,9180.5,466
2025-08-20 07:45:00+00:00,9180.8,9182.6,9176.9,9178.5,317
2025-08-20 08:00:00+00:00,9178.7,9181.5,9171.0,9171.7,371
2025-08-20 08:15:00+00:00,9171.5,9172.6,9166.2,9169.4,374
2025-08-20 08:30:00+00:00,9169.6,9176.4,9168.6,9171.0,374
2025-08-20 08:45:00+00:00,9170.7,9179.2,9170.5,9179.2,306
2025-08-20 09:00:00+00:00,9178.9,9187.8,9178.9,9186.9,326
2025-08-20 09:15:00+00:00,9186.4,9196.2,9186.4,9195.4,293
2025-08-20 09:30:00+00:00,9195.7,9197.7,9193.8,9197.5,376
2025-08-20 09:45:00+00:00,9197.7,9203.1,9197.7,9203.1,492
2025-08-20 10:00:00+00:00,9203.4,9211.1,9202.1,9210.9,572
2025-08-20 10:15:00+00:00,9211.1,9214.8,9208.7,9209.5,560
2025-08-20 10:30:00+00:00,9209.8,9214.4,9208.7,9213.4,608
2025-08-20 10:45:00+00:00,9213.9,9218.3,9213.0,9213.9,376
2025-08-20 11:00:00+00:00,9214.1,9217.2,9211.4,9215.4,524
2025-08-20 11:15:00+00:00,9215.0,9217.4,9214.0,9216.4,418
2025-08-20 11:30:00+00:00,9216.6,9229.0,9216.4,9229.0,510
2025-08-20 11:45:00+00:00,9229.0,9236.6,9229.0,9235.8,726
2025-08-20 12:00:00+00:00,9235.6,9249.6,9235.6,9247.6,978
2025-08-20 12:15:00+00:00,9247.8,9251.1,9243.1,9243.6,838
2025-08-20 12:30:00+00:00,9243.3,9247.0,9239.3,9244.0,898
2025-08-20 12:45:00+00:00,9244.3,9246.2,9241.3,9241.9,820
2025-08-20 13:00:00+00:00,9241.7,9253.0,9240.3,9253.0,1022
2025-08-20 13:15:00+00:00,9253.2,9258.4,9252.5,9255.7,1144
2025-08-20 13:30:00+00:00,9255.4,9275.8,9255.4,9275.5,2798
2025-08-20 13:45:00+00:00,9275.3,9283.7,9270.9,9277.0,2736
2025-08-20 14:00:00+00:00,9277.2,9293.9,9276.2,9287.0,3336
2025-08-20 14:15:00+00:00,9287.2,9297.9,9283.7,9284.5,2200
2025-08-20 14:30:00+00:00,9284.2,9296.5,9283.5,9291.4,2172
2025-08-20 14:45:00+00:00,9291.6,9296.3,9290.3,9291.3,1766
2025-08-20 15:00:00+00:00,9291.8,9298.2,9285.1,9294.3,1928
2025-08-20 15:15:00+00:00,9294.0,9301.7,9293.9,9295.5,2120
2025-08-20 15:30:00+00:00,9295.8,9296.8,9278.3,9284.8,1954
2025-08-20 15:45:00+00:00,9285.3,9290.8,9285.3,9290.3,1542
2025-08-20 16:00:00+00:00,9290.1,9298.3,9289.6,9298.3,1452
2025-08-20 16:15:00+00:00,9298.5,9302.8,9297.3,9301.8,1150
2025-08-20 16:30:00+00:00,9302.0,9303.0,9295.3,9301.8,1152
2025-08-20 16:45:00+00:00,9301.6,9304.3,9298.8,9303.6,1298
2025-08-20 17:00:00+00:00,9303.3,9305.8,9299.6,9299.6,1134
2025-08-20 17:15:00+00:00,9299.8,9306.3,9298.3,9301.8,1018
2025-08-20 17:30:00+00:00,9302.1,9306.3,9300.3,9305.8,1362
2025-08-20 17:45:00+00:00,9306.1,9306.3,9300.1,9300.6,980
2025-08-20 18:00:00+00:00,9299.9,9302.9,9293.7,9296.9,1570
2025-08-20 18:15:00+00:00,9296.7,9300.9,9294.4,9299.9,1190
2025-08-20 18:30:00+00:00,9300.2,9305.9,9299.9,9304.4,1178
2025-08-20 18:45:00+00:00,9304.6,9308.4,9304.4,9306.2,1146
2025-08-20 19:00:00+00:00,9305.9,9316.9,9305.9,9316.1,1204
2025-08-20 19:15:00+00:00,9315.9,9316.1,9311.4,9312.4,878
2025-08-20 19:30:00+00:00,9312.2,9315.4,9311.9,9313.9,702
2025-08-20 19:45:00+00:00,9313.7,9313.9,9305.0,9308.4,1374
2025-08-20 20:00:00+00:00,9309.1,9309.1,9306.2,9308.0,666
2025-08-20 20:30:00+00:00,9306.7,9308.0,9304.3,9304.3,112
2025-08-20 20:45:00+00:00,9307.9,9312.0,9306.7,9311.3,258
2025-08-20 22:00:00+00:00,9308.9,9309.2,9304.2,9304.5,554
2025-08-20 22:15:00+00:00,9304.7,9305.5,9301.9,9305.2,520
2025-08-20 22:30:00+00:00,9305.0,9306.0,9301.9,9303.0,484
2025-08-20 22:45:00+00:00,9302.8,9303.7,9302.4,9303.1,254
2025-08-20 23:00:00+00:00,9303.2,9304.6,9301.0,9303.1,380
2025-08-20 23:15:00+00:00,9303.2,9303.7,9301.3,9301.7,256
2025-08-20 23:30:00+00:00,9301.4,9301.9,9299.9,9301.2,322
2025-08-20 23:45:00+00:00,9300.9,9305.0,9299.9,9305.0,320
2025-08-21 00:00:00+00:00,9304.9,9309.5,9302.3,9304.3,1994
2025-08-21 00:15:00+00:00,9304.2,9305.4,9299.8,9302.3,1730
2025-08-21 00:30:00+00:00,9302.5,9307.3,9302.1,9302.3,1538
2025-08-21 00:45:00+00:00,9302.3,9303.1,9300.2,9301.9,1572
2025-08-21 01:00:00+00:00,9302.3,9308.7,9302.1,9305.6,2164
2025-08-21 01:15:00+00:00,9305.6,9307.6,9303.4,9305.3,1428
2025-08-21 01:30:00+00:00,9305.3,9307.0,9301.6,9302.0,1222
2025-08-21 01:45:00+00:00,9302.0,9306.3,9301.6,9306.2,1394
2025-08-21 02:00:00+00:00,9305.9,9307.1,9304.4,9306.5,1562
2025-08-21 02:15:00+00:00,9306.7,9309.0,9304.9,9307.8,1100
2025-08-21 02:30:00+00:00,9307.7,9309.6,9307.5,9309.5,862
2025-08-21 02:45:00+00:00,9309.4,9309.6,9308.7,9309.3,652
2025-08-21 03:00:00+00:00,9309.3,9309.5,9307.7,9308.0,682
2025-08-21 03:15:00+00:00,9308.0,9308.0,9305.9,9306.6,948
2025-08-21 03:30:00+00:00,9306.6,9308.0,9306.0,9307.3,790
2025-08-21 03:45:00+00:00,9307.5,9308.0,9304.7,9305.0,840
2025-08-21 04:00:00+00:00,9305.0,9305.1,9301.8,9302.0,804
2025-08-21 04:15:00+00:00,9302.0,9304.8,9300.3,9301.0,832
2025-08-21 04:30:00+00:00,9301.2,9302.3,9299.0,9299.6,788
2025-08-21 04:45:00+00:00,9299.5,9300.7,9296.7,9297.0,760
2025-08-21 05:00:00+00:00,9297.3,9299.8,9296.5,9296.8,208
2025-08-21 05:15:00+00:00,9297.0,9299.8,9296.5,9297.5,636
2025-08-21 05:30:00+00:00,9297.8,9297.8,9294.3,9296.3,258
2025-08-21 05:45:00+00:00,9296.8,9299.0,9294.8,9297.3,308
2025-08-21 06:00:00+00:00,9297.5,9302.8,9297.5,9302.0,332
2025-08-21 06:15:00+00:00,9302.3,9303.8,9299.8,9302.5,362
2025-08-21 06:30:00+00:00,9302.3,9305.5,9301.8,9304.5,308
2025-08-21 06:45:00+00:00,9304.3,9305.3,9297.0,9297.0,494
2025-08-21 07:00:00+00:00,9297.3,9301.0,9287.5,9297.3,2156
2025-08-21 07:15:00+00:00,9297.5,9299.8,9293.5,9297.5,840
2025-08-21 07:30:00+00:00,9297.8,9298.4,9292.5,9297.4,874
2025-08-21 07:45:00+00:00,9297.2,9297.9,9287.9,9288.3,800
2025-08-21 08:00:00+00:00,9288.3,9293.5,9284.4,9293.0,844
2025-08-21 08:15:00+00:00,9292.5,9295.3,9289.1,9295.1,656
2025-08-21 08:30:00+00:00,9292.8,9293.5,9287.0,9287.9,746
2025-08-21 08:45:00+00:00,9288.2,9288.4,9281.6,9282.1,678
2025-08-21 09:00:00+00:00,9282.6,9283.1,9277.5,9281.3,716
2025-08-21 09:15:00+00:00,9280.8,9286.2,9280.3,9282.3,540
2025-08-21 09:30:00+00:00,9282.3,9283.0,9273.8,9274.0,488
2025-08-21 09:45:00+00:00,9274.3,9275.3,9269.6,9269.8,490
2025-08-21 10:00:00+00:00,9269.3,9270.8,9264.2,9266.6,586
2025-08-21 10:15:00+00:00,9266.4,9268.7,9261.9,9263.7,690
2025-08-21 10:30:00+00:00,9263.7,9264.5,9257.1,9259.5,556
2025-08-21 10:45:00+00:00,9259.0,9262.2,9258.5,9259.7,576
2025-08-21 11:00:00+00:00,9259.4,9271.9,9257.2,9269.6,1074
2025-08-21 11:15:00+00:00,9269.9,9276.3,9268.7,9274.5,598
2025-08-21 11:30:00+00:00,9274.3,9274.8,9266.3,9266.3,474
2025-08-21 11:45:00+00:00,9266.0,9271.9,9261.4,9270.4,618
2025-08-21 12:00:00+00:00,9270.1,9277.0,9267.9,9274.6,810
2025-08-21 12:15:00+00:00,9274.3,9275.7,9270.1,9274.6,712
2025-08-21 12:30:00+00:00,9274.1,9280.4,9272.8,9274.6,1114
2025-08-21 12:45:00+00:00,9274.6,9277.8,9272.5,9275.2,782
2025-08-21 13:00:00+00:00,9275.5,9280.1,9272.7,9279.2,666
2025-08-21 13:15:00+00:00,9278.7,9284.0,9277.4,9277.9,786
2025-08-21 13:30:00+00:00,9277.6,9286.3,9274.5,9283.6,1930
2025-08-21 13:45:00+00:00,9286.6,9294.6,9276.7,9293.3,1426
2025-08-21 14:00:00+00:00,9294.0,9303.5,9292.5,9303.4,1796
2025-08-21 14:15:00+00:00,9303.7,9307.9,9302.2,9304.9,1142
2025-08-21 14:30:00+00:00,9304.9,9307.3,9299.8,9305.5,1328
2025-08-21 14:45:00+00:00,9305.2,9307.7,9298.3,9302.2,1412
2025-08-21 15:00:00+00:00,9302.5,9308.4,9301.2,9302.2,1530
2025-08-21 15:15:00+00:00,9302.7,9308.7,9302.2,9305.5,1736
2025-08-21 15:30:00+00:00,9306.0,9312.7,9304.2,9309.2,1224
2025-08-21 15:45:00+00:00,9309.7,9309.7,9298.2,9299.5,1444
2025-08-21 16:00:00+00:00,9299.0,9305.0,9297.2,9303.7,1518
2025-08-21 16:15:00+00:00,9304.0,9308.7,9303.2,9305.2,1052
2025-08-21 16:30:00+00:00,9305.7,9308.2,9303.7,9307.2,1010
2025-08-21 16:45:00+00:00,9307.5,9310.2,9302.8,9304.0,1248
2025-08-21 17:00:00+00:00,9304.3,9310.3,9303.0,9304.8,1066
2025-08-21 17:15:00+00:00,9304.5,9306.3,9297.6,9302.0,1060
2025-08-21 17:30:00+00:00,9301.8,9312.0,9301.3,9310.3,1072
2025-08-21 17:45:00+00:00,9310.0,9313.3,9307.8,9311.8,792
2025-08-21 18:00:00+00:00,9311.5,9313.8,9310.5,9312.8,1050
2025-08-21 18:15:00+00:00,9312.5,9316.5,9309.8,9309.8,802
2025-08-21 18:30:00+00:00,9310.3,9313.6,9307.3,9311.6,856
2025-08-21 18:45:00+00:00,9311.3,9314.8,9309.1,9314.6,860
2025-08-21 19:00:00+00:00,9314.3,9316.6,9311.9,9312.9,608
2025-08-21 19:15:00+00:00,9313.3,9313.8,9307.6,9308.4,828
2025-08-21 19:30:00+00:00,9308.1,9309.9,9307.1,9309.1,916
2025-08-21 19:45:00+00:00,9309.4,9314.6,9308.6,9314.4,1076
2025-08-21 20:00:00+00:00,9314.1,9316.8,9312.2,9316.8,690
2025-08-21 20:30:00+00:00,9315.5,9318.1,9315.3,9317.3,92
2025-08-21 20:45:00+00:00,9317.1,9317.9,9316.0,9316.6,182
2025-08-21 22:00:00+00:00,9326.3,9327.0,9324.2,9325.7,336
2025-08-21 22:15:00+00:00,9325.3,9327.9,9323.7,9323.7,304
2025-08-21 22:30:00+00:00,9323.9,9325.0,9321.2,9324.8,288
2025-08-21 22:45:00+00:00,9324.9,9325.0,9322.7,9324.3,220
2025-08-21 23:00:00+00:00,9324.0,9324.5,9323.0,9323.3,172
2025-08-21 23:15:00+00:00,9323.5,9325.6,9323.4,9325.3,166
2025-08-21 23:30:00+00:00,9325.6,9325.8,9322.2,9323.1,288
2025-08-21 23:45:00+00:00,9323.0,9326.3,9323.0,9325.1,290
2025-08-22 00:00:00+00:00,9321.4,9322.1,9309.2,9310.2,2358
2025-08-22 00:15:00+00:00,9310.1,9317.2,9306.7,9312.8,2094
2025-08-22 00:30:00+00:00,9312.8,9314.3,9312.7,9313.3,1384
2025-08-22 00:45:00+00:00,9313.1,9315.6,9312.7,9315.1,1378
2025-08-22 01:00:00+00:00,9315.2,9315.9,9313.0,9314.4,1728
2025-08-22 01:15:00+00:00,9314.4,9317.5,9313.6,9316.9,1498
2025-08-22 01:30:00+00:00,9316.9,9317.2,9313.4,9315.7,1368
2025-08-22 01:45:00+00:00,9315.7,9316.1,9313.3,9314.2,1348
2025-08-22 02:00:00+00:00,9314.3,9317.5,9313.8,9317.0,1068
2025-08-22 02:15:00+00:00,9317.0,9318.1,9314.9,9315.5,840
2025-08-22 02:30:00+00:00,9315.5,9317.0,9314.3,9316.9,882
2025-08-22 02:45:00+00:00,9317.0,9317.1,9311.8,9311.9,876
2025-08-22 03:00:00+00:00,9312.1,9312.6,9308.3,9310.4,1036
2025-08-22 03:15:00+00:00,9310.5,9311.7,9310.2,9310.5,1044
2025-08-22 03:30:00+00:00,9310.7,9313.6,9310.2,9311.9,840
2025-08-22 03:45:00+00:00,9312.0,9312.0,9309.5,9309.8,654
2025-08-22 04:00:00+00:00,9309.6,9311.7,9309.5,9311.5,722
2025-08-22 04:15:00+00:00,9311.5,9312.4,9311.0,9311.0,692
2025-08-22 04:30:00+00:00,9311.1,9312.8,9310.7,9311.8,548
2025-08-22 04:45:00+00:00,9311.9,9314.3,9311.5,9311.8,518
2025-08-22 05:00:00+00:00,9312.1,9312.3,9310.3,9310.6,138
2025-08-22 05:15:00+00:00,9310.8,9310.8,9307.4,9308.9,178
2025-08-22 05:30:00+00:00,9309.1,9309.1,9306.1,9307.4,176
2025-08-22 05:45:00+00:00,9307.6,9311.4,9307.6,9310.1,98
2025-08-22 06:00:00+00:00,9308.9,9309.4,9303.2,9305.2,340
2025-08-22 06:15:00+00:00,9305.7,9306.7,9300.9,9303.7,306
2025-08-22 06:30:00+00:00,9303.9,9306.2,9297.7,9298.0,494
2025-08-22 06:45:00+00:00,9297.7,9302.2,9294.2,9298.2,440
2025-08-22 07:00:00+00:00,9298.0,9303.0,9285.9,9289.4,2066
2025-08-22 07:15:00+00:00,9289.2,9292.9,9283.7,9290.2,1040
2025-08-22 07:30:00+00:00,9290.4,9292.4,9286.5,9291.1,866
2025-08-22 07:45:00+00:00,9290.8,9297.8,9288.2,9295.7,856
2025-08-22 08:00:00+00:00,9296.0,9302.2,9295.5,9301.0,728
2025-08-22 08:15:00+00:00,9300.8,9306.6,9300.5,9306.3,646
2025-08-22 08:30:00+00:00,9306.6,9309.3,9304.4,9306.6,580
2025-08-22 08:45:00+00:00,9306.4,9312.6,9305.4,9312.0,546
2025-08-22 09:00:00+00:00,9311.8,9313.6,9309.2,9313.6,516
2025-08-22 09:15:00+00:00,9313.3,9316.3,9310.4,9310.9,434
2025-08-22 09:30:00+00:00,9310.9,9312.2,9307.1,9307.9,440
2025-08-22 09:45:00+00:00,9308.1,9308.7,9303.3,9305.3,408
2025-08-22 10:00:00+00:00,9305.3,9305.8,9301.4,9303.9,470
2025-08-22 10:15:00+00:00,9303.9,9312.6,9303.4,9312.6,436
2025-08-22 10:30:00+00:00,9312.9,9317.1,9312.9,9316.6,454
2025-08-22 10:45:00+00:00,9317.1,9320.6,9315.6,9320.6,576
2025-08-22 11:00:00+00:00,9320.3,9324.3,9312.0,9313.3,830
2025-08-22 11:15:00+00:00,9313.0,9316.5,9312.7,9314.4,394
2025-08-22 11:30:00+00:00,9313.9,9316.1,9311.3,9312.9,494
2025-08-22 11:45:00+00:00,9312.7,9314.5,9310.8,9314.2,384
2025-08-22 12:00:00+00:00,9314.5,9318.6,9314.2,9318.6,538
2025-08-22 12:15:00+00:00,9318.4,9318.6,9312.4,9316.7,506
2025-08-22 12:30:00+00:00,9317.2,9318.4,9311.6,9312.6,618
2025-08-22 12:45:00+00:00,9312.4,9318.3,9312.4,9316.0,514
2025-08-22 13:00:00+00:00,9315.8,9322.5,9315.5,9322.3,460
2025-08-22 13:15:00+00:00,9322.3,9328.6,9322.3,9328.3,560
2025-08-22 13:30:00+00:00,9328.1,9344.3,9327.8,9338.8,1986
2025-08-22 13:45:00+00:00,9338.6,9341.8,9332.4,9341.0,1072
2025-08-22 14:00:00+00:00,9342.5,9357.3,9340.3,9355.8,3594
2025-08-22 14:15:00+00:00,9356.3,9358.2,9344.0,9347.4,3398
2025-08-22 14:30:00+00:00,9347.6,9351.3,9330.5,9340.0,3418
2025-08-22 14:45:00+00:00,9339.8,9347.1,9338.4,9343.5,2742
2025-08-22 15:00:00+00:00,9343.0,9343.8,9327.8,9329.3,2850
2025-08-22 15:15:00+00:00,9328.8,9334.1,9325.8,9326.5,2066
2025-08-22 15:30:00+00:00,9326.3,9328.7,9316.0,9321.5,1784
2025-08-22 15:45:00+00:00,9321.8,9324.5,9317.8,9322.0,1082
2025-08-22 16:00:00+00:00,9322.5,9333.5,9321.3,9331.2,1112
2025-08-22 16:15:00+00:00,9331.0,9331.2,9320.0,9322.5,1062
2025-08-22 16:30:00+00:00,9322.8,9327.5,9322.5,9327.5,912
2025-08-22 16:45:00+00:00,9327.8,9329.3,9323.6,9326.8,880
2025-08-22 17:00:00+00:00,9327.0,9332.5,9327.0,9329.8,730
2025-08-22 17:15:00+00:00,9329.5,9331.0,9327.1,9328.6,580
2025-08-22 17:30:00+00:00,9328.8,9330.6,9325.3,9330.3,590
2025-08-22 17:45:00+00:00,9330.1,9332.1,9328.3,9328.6,530
2025-08-22 18:00:00+00:00,9329.1,9331.8,9328.1,9330.1,638
2025-08-22 18:15:00+00:00,9330.3,9331.4,9327.9,9329.6,760
2025-08-22 18:30:00+00:00,9329.4,9333.9,9329.1,9330.8,750
2025-08-22 18:45:00+00:00,9330.6,9335.8,9330.6,9334.6,632
2025-08-22 19:00:00+00:00,9334.8,9337.1,9334.1,9335.9,638
2025-08-22 19:15:00+00:00,9335.6,9336.9,9333.4,9333.9,564
2025-08-22 19:30:00+00:00,9334.1,9335.4,9330.9,9334.6,648
2025-08-22 19:45:00+00:00,9334.9,9339.4,9333.6,9338.4,1034
2025-08-26 00:00:00+00:00,9325.1,9326.4,9302.4,9311.1,1954
2025-08-26 00:15:00+00:00,9311.1,9313.9,9301.4,9303.4,1321
2025-08-26 00:30:00+00:00,9303.8,9309.6,9286.4,9290.7,2095
2025-08-26 00:45:00+00:00,9290.8,9302.5,9290.1,9302.0,1668
2025-08-26 01:00:00+00:00,9302.2,9308.8,9299.7,9303.7,1131
2025-08-26 01:15:00+00:00,9303.7,9305.1,9297.2,9299.0,758
2025-08-26 01:30:00+00:00,9298.3,9300.9,9293.9,9296.0,869
2025-08-26 01:45:00+00:00,9296.0,9298.1,9290.1,9293.4,808
2025-08-26 02:00:00+00:00,9293.5,9297.5,9293.4,9295.3,727
2025-08-26 02:15:00+00:00,9295.4,9297.3,9292.4,9297.0,648
2025-08-26 02:30:00+00:00,9297.0,9298.9,9293.1,9297.5,685
2025-08-26 02:45:00+00:00,9297.5,9298.7,9295.5,9296.5,489
2025-08-26 03:00:00+00:00,9296.6,9296.8,9287.5,9289.5,725
2025-08-26 03:15:00+00:00,9289.6,9296.5,9288.1,9294.5,506
2025-08-26 03:30:00+00:00,9294.1,9295.7,9294.1,9295.5,372
2025-08-26 03:45:00+00:00,9295.5,9296.3,9293.9,9294.2,343
2025-08-26 04:00:00+00:00,9294.4,9297.6,9294.4,9295.0,451
2025-08-26 04:15:00+00:00,9295.0,9296.1,9293.8,9296.0,371
2025-08-26 04:30:00+00:00,9296.1,9297.5,9290.2,9290.5,493
2025-08-26 04:45:00+00:00,9290.5,9294.6,9290.5,9294.0,494
2025-08-26 05:00:00+00:00,9294.0,9298.8,9293.3,9296.0,245
2025-08-26 05:15:00+00:00,9296.3,9299.3,9294.0,9298.5,129
2025-08-26 05:30:00+00:00,9298.8,9302.5,9298.0,9300.5,146
2025-08-26 05:45:00+00:00,9301.0,9304.5,9299.0,9302.0,160
2025-08-26 06:00:00+00:00,9302.8,9305.5,9295.3,9297.5,371
2025-08-26 06:15:00+00:00,9298.0,9298.5,9285.3,9288.5,254
2025-08-26 06:30:00+00:00,9288.8,9292.5,9286.0,9287.5,247
2025-08-26 06:45:00+00:00,9287.8,9288.0,9264.5,9271.0,408
2025-08-26 07:00:00+00:00,9269.3,9284.8,9248.5,9256.5,2350
2025-08-26 07:15:00+00:00,9256.8,9269.0,9253.3,9261.3,1010
2025-08-26 07:30:00+00:00,9261.5,9273.5,9257.0,9265.0,837
2025-08-26 07:45:00+00:00,9265.5,9266.7,9255.0,9256.0,555
2025-08-26 08:00:00+00:00,9256.3,9267.5,9248.5,9264.2,762
2025-08-26 08:15:00+00:00,9263.9,9269.6,9258.7,9267.0,550
2025-08-26 08:30:00+00:00,9266.7,9273.4,9262.3,9271.6,564
2025-08-26 08:45:00+00:00,9271.9,9278.7,9271.5,9271.5,450
2025-08-26 09:00:00+00:00,9271.8,9275.4,9267.0,9273.9,463
2025-08-26 09:15:00+00:00,9273.6,9274.1,9263.3,9265.0,328
2025-08-26 09:30:00+00:00,9265.3,9267.1,9259.4,9261.5,380
2025-08-26 09:45:00+00:00,9261.7,9266.0,9258.7,9261.7,350
2025-08-26 10:00:00+00:00,9262.0,9267.4,9259.8,9264.6,388
2025-08-26 10:15:00+00:00,9264.9,9270.2,9264.2,9268.7,314
2025-08-26 10:30:00+00:00,9268.4,9272.2,9265.3,9271.7,349
2025-08-26 10:45:00+00:00,9271.7,9276.0,9271.6,9272.6,294
2025-08-26 11:00:00+00:00,9273.1,9278.3,9272.1,9276.3,315
2025-08-26 11:15:00+00:00,9276.1,9278.2,9273.9,9274.6,298
2025-08-26 11:30:00+00:00,9274.8,9274.8,9269.2,9272.6,298
2025-08-26 11:45:00+00:00,9272.8,9280.2,9272.8,9279.8,335
2025-08-26 12:00:00+00:00,9280.1,9286.0,9280.1,9284.8,498
2025-08-26 12:15:00+00:00,9284.3,9289.1,9280.5,9282.0,427
2025-08-26 12:30:00+00:00,9281.8,9290.7,9281.5,9287.4,430
2025-08-26 12:45:00+00:00,9287.4,9287.5,9282.7,9284.3,393
2025-08-26 13:00:00+00:00,9284.8,9288.5,9282.7,9283.5,403
2025-08-26 13:15:00+00:00,9283.8,9286.0,9276.0,9279.9,465
2025-08-26 13:30:00+00:00,9279.4,9280.7,9260.0,9269.2,1158
2025-08-26 13:45:00+00:00,9269.5,9271.4,9260.7,9266.4,764
2025-08-26 14:00:00+00:00,9266.7,9271.7,9264.4,9265.9,800
2025-08-26 14:15:00+00:00,9265.7,9270.8,9263.5,9269.0,625
2025-08-26 14:30:00+00:00,9268.7,9269.2,9262.6,9264.6,576
2025-08-26 14:45:00+00:00,9264.9,9265.7,9259.2,9262.4,634
2025-08-26 15:00:00+00:00,9262.1,9266.3,9260.1,9261.4,590
2025-08-26 15:15:00+00:00,9261.6,9263.5,9250.3,9251.0,776
2025-08-26 15:30:00+00:00,9250.8,9272.2,9250.5,9269.0,993
2025-08-26 15:45:00+00:00,9269.2,9276.7,9268.7,9275.2,364
2025-08-26 16:00:00+00:00,9275.5,9277.2,9270.3,9273.5,280
2025-08-26 16:15:00+00:00,9273.0,9276.5,9271.5,9275.5,292
2025-08-26 16:30:00+00:00,9275.3,9278.3,9274.5,9276.8,193
2025-08-26 16:45:00+00:00,9276.5,9279.5,9274.8,9276.3,243
2025-08-26 17:00:00+00:00,9276.5,9279.5,9273.8,9279.5,194
2025-08-26 17:15:00+00:00,9279.3,9283.8,9276.8,9282.3,200
2025-08-26 17:30:00+00:00,9282.8,9283.5,9279.3,9279.8,252
2025-08-26 17:45:00+00:00,9280.3,9283.6,9278.6,9283.3,232
2025-08-26 18:00:00+00:00,9283.6,9286.3,9281.3,9284.3,194
2025-08-26 18:15:00+00:00,9284.1,9289.3,9283.3,9288.6,158
2025-08-26 18:30:00+00:00,9288.8,9290.8,9288.3,9290.8,244
2025-08-26 18:45:00+00:00,9290.6,9290.8,9285.9,9287.9,160
2025-08-26 19:00:00+00:00,9288.1,9289.9,9285.4,9288.9,201
2025-08-26 19:15:00+00:00,9289.1,9292.9,9287.6,9291.1,256
2025-08-26 19:30:00+00:00,9290.9,9293.1,9286.4,9287.9,315
2025-08-26 19:45:00+00:00,9287.6,9298.4,9287.4,9294.1,576
2025-08-26 20:00:00+00:00,9293.3,9299.3,9292.5,9299.0,263
2025-08-26 20:30:00+00:00,9298.7,9299.1,9297.1,9298.8,42
2025-08-26 20:45:00+00:00,9298.6,9299.1,9298.1,9298.3,32
2025-08-26 22:00:00+00:00,9298.3,9298.9,9297.5,9298.9,89
2025-08-26 22:15:00+00:00,9298.6,9299.7,9297.1,9299.0,81
2025-08-26 22:30:00+00:00,9298.9,9300.2,9298.7,9299.4,87
2025-08-26 22:45:00+00:00,9299.5,9299.7,9298.7,9298.9,49
2025-08-26 23:00:00+00:00,9298.8,9299.9,9297.9,9298.2,88
2025-08-26 23:15:00+00:00,9298.3,9299.2,9297.9,9298.7,58
2025-08-26 23:30:00+00:00,9298.7,9300.2,9298.7,9299.5,47
2025-08-26 23:45:00+00:00,9299.2,9299.5,9298.4,9298.7,80
2025-08-27 00:00:00+00:00,9300.8,9303.5,9292.0,9292.0,707
2025-08-27 00:15:00+00:00,9292.0,9294.1,9291.1,9291.7,477
2025-08-27 00:30:00+00:00,9291.7,9296.8,9291.7,9296.1,349
2025-08-27 00:45:00+00:00,9296.1,9297.6,9294.5,9295.4,335
2025-08-27 01:00:00+00:00,9295.6,9298.2,9295.6,9296.2,359
2025-08-27 01:15:00+00:00,9296.4,9297.8,9294.6,9294.8,370
2025-08-27 01:30:00+00:00,9294.8,9296.4,9293.0,9294.9,538
2025-08-27 01:45:00+00:00,9295.0,9297.2,9294.2,9297.2,385
2025-08-27 02:00:00+00:00,9297.2,9300.2,9296.7,9299.9,360
2025-08-27 02:15:00+00:00,9299.9,9302.1,9298.2,9298.2,440
2025-08-27 02:30:00+00:00,9298.0,9299.7,9297.0,9298.0,329
2025-08-27 02:45:00+00:00,9297.8,9298.1,9295.7,9297.2,249
2025-08-27 03:00:00+00:00,9297.2,9298.8,9297.2,9298.5,239
2025-08-27 03:15:00+00:00,9298.4,9301.4,9298.2,9301.4,192
2025-08-27 03:30:00+00:00,9301.4,9304.1,9301.4,9303.3,189
2025-08-27 03:45:00+00:00,9303.2,9304.8,9301.6,9304.3,234
2025-08-27 04:00:00+00:00,9304.5,9305.5,9302.8,9303.3,220
2025-08-27 04:15:00+00:00,9303.4,9303.6,9300.6,9301.8,228
2025-08-27 04:30:00+00:00,9302.0,9303.6,9302.0,9303.3,245
2025-08-27 04:45:00+00:00,9303.1,9306.8,9302.8,9304.8,216
2025-08-27 05:00:00+00:00,9304.8,9304.8,9298.3,9299.1,83
2025-08-27 05:15:00+00:00,9299.3,9299.3,9295.1,9295.9,150
2025-08-27 05:30:00+00:00,9295.1,9297.6,9293.9,9297.6,65
2025-08-27 05:45:00+00:00,9297.9,9298.1,9292.9,9293.7,55
2025-08-27 06:00:00+00:00,9294.2,9294.4,9288.7,9291.2,203
2025-08-27 06:15:00+00:00,9291.4,9295.4,9289.7,9292.4,112
2025-08-27 06:30:00+00:00,9292.2,9294.9,9288.0,9289.5,153
2025-08-27 06:45:00+00:00,9289.2,9291.0,9284.2,9285.2,161
2025-08-27 07:00:00+00:00,9287.2,9302.4,9282.3,9296.4,998
2025-08-27 07:15:00+00:00,9296.6,9296.6,9278.4,9280.6,569
2025-08-27 07:30:00+00:00,9281.1,9285.3,9277.1,9279.6,520
2025-08-27 07:45:00+00:00,9279.6,9287.7,9275.9,9285.0,476
2025-08-27 08:00:00+00:00,9284.8,9289.7,9281.2,9282.5,500
2025-08-27 08:15:00+00:00,9282.3,9284.7,9276.3,9277.6,434
2025-08-27 08:30:00+00:00,9277.8,9281.2,9274.3,9276.6,508
2025-08-27 08:45:00+00:00,9276.8,9277.3,9266.4,9273.6,537
2025-08-27 09:00:00+00:00,9274.8,9278.3,9273.2,9277.1,388
2025-08-27 09:15:00+00:00,9276.6,9276.6,9270.3,9275.3,323
2025-08-27 09:30:00+00:00,9275.4,9275.8,9269.1,9271.8,280
2025-08-27 09:45:00+00:00,9271.8,9273.0,9264.5,9266.0,273
2025-08-27 10:00:00+00:00,9266.5,9271.6,9266.5,9270.7,242
2025-08-27 10:15:00+00:00,9270.9,9274.6,9267.6,9269.1,273
2025-08-27 10:30:00+00:00,9268.9,9269.6,9261.5,9261.8,319
2025-08-27 10:45:00+00:00,9261.8,9270.3,9261.8,9269.1,308
2025-08-27 11:00:00+00:00,9268.8,9272.3,9267.3,9270.9,260
2025-08-27 11:15:00+00:00,9270.6,9271.8,9264.8,9265.6,242
2025-08-27 11:30:00+00:00,9265.8,9268.3,9262.6,9263.1,266
2025-08-27 11:45:00+00:00,9263.4,9266.5,9262.4,9262.5,301
2025-08-27 12:00:00+00:00,9262.8,9265.6,9259.8,9262.1,357
2025-08-27 12:15:00+00:00,9262.6,9262.9,9258.2,9261.6,356
2025-08-27 12:30:00+00:00,9261.4,9264.7,9252.3,9253.6,467
2025-08-27 12:45:00+00:00,9253.3,9254.4,9245.5,9247.9,419
2025-08-27 13:00:00+00:00,9247.7,9250.4,9240.4,9242.2,541
2025-08-27 13:15:00+00:00,9242.4,9245.6,9239.2,9243.4,424
2025-08-27 13:30:00+00:00,9243.2,9260.3,9241.2,9259.5,1058
2025-08-27 13:45:00+00:00,9260.2,9262.7,9253.5,9255.4,906
2025-08-27 14:00:00+00:00,9256.4,9259.5,9250.7,9251.7,792
2025-08-27 14:15:00+00:00,9251.9,9252.5,9241.7,9243.4,655
2025-08-27 14:30:00+00:00,9243.2,9243.4,9230.5,9232.9,764
2025-08-27 14:45:00+00:00,9233.4,9241.2,9229.9,9239.5,755
2025-08-27 15:00:00+00:00,9240.0,9258.8,9239.5,9256.3,753
2025-08-27 15:15:00+00:00,9256.1,9260.5,9252.2,9254.9,646
2025-08-27 15:30:00+00:00,9255.4,9258.1,9250.9,9255.4,680
2025-08-27 15:45:00+00:00,9255.9,9261.4,9255.4,9256.6,235
2025-08-27 16:00:00+00:00,9256.4,9257.9,9253.2,9254.4,258
2025-08-27 16:15:00+00:00,9254.1,9256.4,9249.4,9252.7,277
2025-08-27 16:30:00+00:00,9252.4,9254.7,9250.4,9250.9,265
2025-08-27 16:45:00+00:00,9251.4,9255.2,9250.2,9252.4,251
2025-08-27 17:00:00+00:00,9252.2,9256.2,9247.5,9255.7,199
2025-08-27 17:15:00+00:00,9255.4,9255.9,9253.7,9254.2,149
2025-08-27 17:30:00+00:00,9254.0,9256.7,9252.0,9253.5,141
2025-08-27 17:45:00+00:00,9253.2,9256.2,9253.0,9254.5,138
2025-08-27 18:00:00+00:00,9255.0,9255.0,9248.5,9251.5,194
2025-08-27 18:15:00+00:00,9251.5,9254.0,9248.0,9253.5,187
2025-08-27 18:30:00+00:00,9253.3,9255.0,9252.3,9254.3,134
2025-08-27 18:45:00+00:00,9254.8,9256.5,9253.0,9253.5,111
2025-08-27 19:00:00+00:00,9253.0,9258.0,9252.5,9254.8,214
2025-08-27 19:15:00+00:00,9255.1,9255.6,9253.1,9254.6,125
2025-08-27 19:30:00+00:00,9254.8,9264.1,9254.3,9262.6,162
2025-08-27 19:45:00+00:00,9262.8,9263.1,9255.8,9257.3,336
2025-08-27 20:00:00+00:00,9257.1,9259.3,9254.1,9258.1,416
2025-08-27 20:30:00+00:00,9256.5,9257.8,9243.9,9248.7,1607
2025-08-27 20:45:00+00:00,9249.2,9254.9,9246.8,9254.5,1016
2025-08-27 22:00:00+00:00,9246.5,9249.0,9243.5,9245.0,354
2025-08-27 22:15:00+00:00,9245.5,9245.8,9242.5,9244.3,307
2025-08-27 22:30:00+00:00,9244.1,9249.0,9244.1,9247.3,347
2025-08-27 22:45:00+00:00,9247.5,9248.5,9245.1,9246.0,175
2025-08-27 23:00:00+00:00,9246.1,9247.8,9243.8,9245.0,259
2025-08-27 23:15:00+00:00,9245.1,9245.8,9243.8,9245.3,163
2025-08-27 23:30:00+00:00,9245.4,9245.8,9243.9,9244.5,194
2025-08-27 23:45:00+00:00,9244.4,9245.5,9243.0,9245.5,236
2025-08-28 00:00:00+00:00,9257.7,9257.9,9250.4,9254.6,873
2025-08-28 00:15:00+00:00,9254.5,9255.5,9248.0,9250.5,935
2025-08-28 00:30:00+00:00,9250.7,9262.5,9250.3,9262.2,725
2025-08-28 00:45:00+00:00,9262.2,9264.6,9261.7,9263.0,532
2025-08-28 01:00:00+00:00,9262.6,9262.7,9257.3,9259.7,597
2025-08-28 01:15:00+00:00,9259.7,9260.3,9257.4,9258.0,417
2025-08-28 01:30:00+00:00,9258.1,9263.7,9258.0,9263.7,564
2025-08-28 01:45:00+00:00,9263.5,9265.8,9263.1,9264.7,508
2025-08-28 02:00:00+00:00,9264.9,9265.8,9264.2,9265.2,438
2025-08-28 02:15:00+00:00,9265.0,9266.0,9264.4,9264.5,402
2025-08-28 02:30:00+00:00,9264.5,9265.5,9262.6,9263.0,352
2025-08-28 02:45:00+00:00,9262.6,9264.0,9262.5,9263.5,258
2025-08-28 03:00:00+00:00,9263.7,9269.1,9263.5,9268.3,456
2025-08-28 03:15:00+00:00,9268.3,9268.7,9265.0,9267.7,377
2025-08-28 03:30:00+00:00,9267.5,9268.0,9265.7,9265.8,329
2025-08-28 03:45:00+00:00,9266.0,9266.8,9264.9,9265.0,338
2025-08-28 04:00:00+00:00,9264.9,9266.2,9262.3,9266.2,400
2025-08-28 04:15:00+00:00,9266.2,9269.6,9266.2,9269.5,262
2025-08-28 04:30:00+00:00,9269.1,9270.0,9267.4,9270.0,273
2025-08-28 04:45:00+00:00,9270.0,9270.0,9267.8,9269.5,289
2025-08-28 05:00:00+00:00,9269.3,9269.8,9265.0,9265.3,78
2025-08-28 05:15:00+00:00,9265.0,9266.8,9263.3,9265.3,153
2025-08-28 05:30:00+00:00,9265.0,9266.8,9260.0,9260.5,96
2025-08-28 05:45:00+00:00,9260.8,9262.3,9259.8,9262.0,70
2025-08-28 06:00:00+00:00,9261.0,9263.0,9258.5,9263.0,232
2025-08-28 06:15:00+00:00,9263.3,9264.8,9259.0,9263.3,176
2025-08-28 06:30:00+00:00,9263.5,9267.8,9263.3,9263.5,261
2025-08-28 06:45:00+00:00,9264.0,9272.0,9263.8,9264.5,259
2025-08-28 07:00:00+00:00,9263.3,9269.0,9259.0,9263.5,840
2025-08-28 07:15:00+00:00,9263.8,9266.0,9255.8,9259.8,430
2025-08-28 07:30:00+00:00,9259.5,9262.4,9254.5,9258.6,476
2025-08-28 07:45:00+00:00,9258.8,9260.6,9248.1,9251.0,387
2025-08-28 08:00:00+00:00,9250.5,9250.5,9240.0,9243.4,431
2025-08-28 08:15:00+00:00,9243.2,9245.2,9237.3,9238.3,451
2025-08-28 08:30:00+00:00,9238.0,9239.3,9232.0,9232.5,407
2025-08-28 08:45:00+00:00,9232.3,9232.5,9223.7,9225.5,332
2025-08-28 09:00:00+00:00,9226.0,9229.5,9223.8,9225.7,403
2025-08-28 09:15:00+00:00,9225.9,9226.9,9220.9,9222.1,412
2025-08-28 09:30:00+00:00,9221.9,9222.2,9216.2,9220.1,318
2025-08-28 09:45:00+00:00,9219.9,9222.2,9217.9,9219.0,330
2025-08-28 10:00:00+00:00,9218.7,9219.0,9211.5,9212.5,277
2025-08-28 10:15:00+00:00,9212.3,9214.3,9209.3,9212.6,305
2025-08-28 10:30:00+00:00,9212.9,9214.3,9206.3,9211.5,291
2025-08-28 10:45:00+00:00,9211.3,9215.6,9211.0,9215.1,303
2025-08-28 11:00:00+00:00,9215.3,9221.2,9213.6,9219.1,317
2025-08-28 11:15:00+00:00,9218.6,9220.1,9211.9,9215.1,297
2025-08-28 11:30:00+00:00,9215.8,9225.0,9215.8,9225.0,277
2025-08-28 11:45:00+00:00,9224.9,9229.4,9222.7,9229.1,300
2025-08-28 12:00:00+00:00,9229.6,9234.3,9228.8,9230.3,434
2025-08-28 12:15:00+00:00,9230.5,9231.4,9227.0,9227.2,405
2025-08-28 12:30:00+00:00,9227.2,9229.5,9221.9,9225.8,477
2025-08-28 12:45:00+00:00,9226.1,9231.9,9224.6,9228.9,362
2025-08-28 13:00:00+00:00,9228.6,9233.3,9226.7,9232.5,357
2025-08-28 13:15:00+00:00,9232.3,9232.5,9225.9,9230.2,383
2025-08-28 13:30:00+00:00,9230.5,9230.5,9209.9,9212.1,1222
2025-08-28 13:45:00+00:00,9211.6,9225.9,9211.6,9218.3,822
2025-08-28 14:00:00+00:00,9218.0,9223.0,9214.3,9214.7,999
2025-08-28 14:15:00+00:00,9214.5,9221.4,9212.7,9221.1,659
2025-08-28 14:30:00+00:00,9221.4,9222.9,9211.5,9218.5,592
2025-08-28 14:45:00+00:00,9218.0,9219.0,9213.3,9216.2,517
2025-08-28 15:00:00+00:00,9215.9,9219.4,9208.7,9215.6,561
2025-08-28 15:15:00+00:00,9215.8,9224.9,9215.3,9224.4,761
2025-08-28 15:30:00+00:00,9224.6,9226.4,9214.9,9225.6,827
2025-08-28 15:45:00+00:00,9225.4,9232.9,9224.9,9231.9,344
2025-08-28 16:00:00+00:00,9231.6,9233.6,9229.2,9232.7,265
2025-08-28 16:15:00+00:00,9232.9,9233.2,9227.4,9227.9,215
2025-08-28 16:30:00+00:00,9227.7,9228.4,9224.4,9228.4,233
2025-08-28 16:45:00+00:00,9228.2,9230.7,9225.2,9225.2,164
2025-08-28 17:00:00+00:00,9225.0,9225.0,9220.0,9222.5,241
2025-08-28 17:15:00+00:00,9222.0,9223.0,9219.0,9219.0,180
2025-08-28 17:30:00+00:00,9219.3,9225.0,9219.3,9225.0,193
2025-08-28 17:45:00+00:00,9224.8,9228.5,9224.0,9225.5,182
2025-08-28 18:00:00+00:00,9225.0,9229.0,9224.8,9228.0,180
2025-08-28 18:15:00+00:00,9227.8,9229.0,9226.5,9227.5,187
2025-08-28 18:30:00+00:00,9227.0,9229.5,9225.8,9226.5,135
2025-08-28 18:45:00+00:00,9226.3,9228.6,9224.8,9228.1,189
2025-08-28 19:00:00+00:00,9227.8,9231.6,9227.6,9231.6,171
2025-08-28 19:15:00+00:00,9231.3,9231.3,9228.1,9228.6,128
2025-08-28 19:30:00+00:00,9228.3,9229.1,9224.6,9226.1,184
2025-08-28 19:45:00+00:00,9226.3,9228.3,9221.6,9225.4,430
2025-08-28 20:00:00+00:00,9224.9,9226.2,9222.3,9225.0,322
2025-08-28 20:30:00+00:00,9226.3,9227.2,9225.5,9226.3,54
2025-08-28 20:45:00+00:00,9226.0,9226.3,9224.3,9224.8,53
2025-08-28 22:00:00+00:00,9224.3,9225.6,9223.1,9223.1,173
2025-08-28 22:15:00+00:00,9223.2,9224.4,9222.4,9222.9,139
2025-08-28 22:30:00+00:00,9222.6,9223.9,9220.2,9220.3,98
2025-08-28 22:45:00+00:00,9220.4,9221.5,9219.9,9221.2,77
2025-08-28 23:00:00+00:00,9221.4,9222.4,9219.9,9221.2,77
2025-08-28 23:15:00+00:00,9221.4,9221.9,9220.9,9221.7,60
2025-08-28 23:30:00+00:00,9221.4,9223.2,9221.4,9222.9,70
2025-08-28 23:45:00+00:00,9222.7,9223.3,9221.5,9222.7,97
2025-08-29 00:00:00+00:00,9222.1,9230.2,9221.9,9226.8,688
2025-08-29 00:15:00+00:00,9226.9,9228.8,9224.1,9227.1,453
2025-08-29 00:30:00+00:00,9227.2,9232.8,9226.3,9230.9,336
2025-08-29 00:45:00+00:00,9230.9,9231.4,9224.6,9225.0,351
2025-08-29 01:00:00+00:00,9225.0,9227.3,9222.5,9225.4,460
2025-08-29 01:15:00+00:00,9225.0,9225.0,9221.3,9223.1,435
2025-08-29 01:30:00+00:00,9223.1,9223.1,9218.9,9219.7,451
2025-08-29 01:45:00+00:00,9219.9,9220.1,9216.9,9217.5,443
2025-08-29 02:00:00+00:00,9217.5,9219.7,9217.4,9219.7,303
2025-08-29 02:15:00+00:00,9219.7,9222.7,9219.7,9222.2,375
2025-08-29 02:30:00+00:00,9222.2,9224.4,9221.7,9224.2,254
2025-08-29 02:45:00+00:00,9224.6,9228.2,9224.6,9227.2,331
2025-08-29 03:00:00+00:00,9227.4,9233.2,9227.2,9233.2,338
2025-08-29 03:15:00+00:00,9233.3,9233.8,9229.7,9233.2,315
2025-08-29 03:30:00+00:00,9233.2,9233.8,9231.6,9232.6,310
2025-08-29 03:45:00+00:00,9232.6,9232.8,9229.0,9230.5,300
2025-08-29 04:00:00+00:00,9230.5,9231.6,9228.6,9229.5,337
2025-08-29 04:15:00+00:00,9229.9,9230.5,9229.5,9229.5,153
2025-08-29 04:30:00+00:00,9229.5,9229.6,9227.9,9228.4,428
2025-08-29 04:45:00+00:00,9228.4,9229.8,9226.0,9226.6,391
2025-08-29 05:00:00+00:00,9226.8,9230.0,9226.5,9228.8,154
2025-08-29 05:15:00+00:00,9229.3,9229.3,9223.8,9226.8,75
2025-08-29 05:30:00+00:00,9226.1,9232.3,9226.1,9229.6,87
2025-08-29 05:45:00+00:00,9229.8,9232.6,9229.6,9230.1,74
2025-08-29 06:00:00+00:00,9229.8,9234.3,9229.8,9233.1,175
2025-08-29 06:15:00+00:00,9233.3,9235.3,9231.1,9232.6,178
2025-08-29 06:30:00+00:00,9232.4,9232.4,9226.6,9229.1,172
2025-08-29 06:45:00+00:00,9229.4,9230.4,9215.9,9216.2,296
2025-08-29 07:00:00+00:00,9215.9,9215.9,9201.5,9207.0,1131
2025-08-29 07:15:00+00:00,9207.5,9210.0,9200.4,9200.7,465
2025-08-29 07:30:00+00:00,9200.9,9202.7,9194.1,9197.5,516
2025-08-29 07:45:00+00:00,9197.2,9198.3,9192.7,9195.6,358
2025-08-29 08:00:00+00:00,9195.4,9197.6,9184.5,9187.9,584
2025-08-29 08:15:00+00:00,9188.2,9196.1,9187.9,9194.8,432
2025-08-29 08:30:00+00:00,9194.4,9196.3,9184.2,9184.2,431
2025-08-29 08:45:00+00:00,9184.5,9186.6,9179.1,9179.4,373
2025-08-29 09:00:00+00:00,9179.7,9187.2,9178.7,9183.9,387
2025-08-29 09:15:00+00:00,9184.4,9189.9,9178.9,9189.7,283
2025-08-29 09:30:00+00:00,9189.9,9198.2,9189.9,9198.0,381
2025-08-29 09:45:00+00:00,9198.2,9202.7,9196.9,9196.9,362
2025-08-29 10:00:00+00:00,9197.2,9198.2,9183.5,9185.0,348
2025-08-29 10:15:00+00:00,9185.3,9191.3,9185.2,9188.9,241
2025-08-29 10:30:00+00:00,9189.2,9197.1,9188.4,9193.9,213
2025-08-29 10:45:00+00:00,9194.2,9195.2,9188.7,9189.9,248
2025-08-29 11:00:00+00:00,9189.7,9193.8,9187.7,9190.2,325
2025-08-29 11:15:00+00:00,9190.5,9194.7,9190.0,9194.0,265
2025-08-29 11:30:00+00:00,9194.2,9197.2,9192.5,9196.1,278
2025-08-29 11:45:00+00:00,9196.4,9199.0,9194.1,9194.4,253
2025-08-29 12:00:00+00:00,9194.2,9198.4,9192.9,9197.5,351
2025-08-29 12:15:00+00:00,9197.3,9201.6,9196.6,9198.2,433
2025-08-29 12:30:00+00:00,9198.0,9205.9,9197.7,9199.4,478
2025-08-29 12:45:00+00:00,9199.7,9210.3,9199.6,9207.3,419
2025-08-29 13:00:00+00:00,9207.5,9214.2,9206.6,9210.7,415
2025-08-29 13:15:00+00:00,9211.0,9212.8,9206.6,9209.7,436
2025-08-29 13:30:00+00:00,9210.0,9222.7,9210.0,9222.2,907
2025-08-29 13:45:00+00:00,9221.9,9223.0,9211.3,9212.5,748
2025-08-29 14:00:00+00:00,9213.5,9220.8,9203.5,9206.5,1129
2025-08-29 14:15:00+00:00,9206.0,9207.1,9196.7,9200.8,1045
2025-08-29 14:30:00+00:00,9201.1,9211.2,9201.1,9208.5,861
2025-08-29 14:45:00+00:00,9208.7,9208.7,9195.6,9198.8,968
2025-08-29 15:00:00+00:00,9198.3,9207.2,9195.9,9204.4,881
2025-08-29 15:15:00+00:00,9204.2,9205.7,9195.6,9198.1,894
2025-08-29 15:30:00+00:00,9197.6,9198.6,9181.6,9191.6,1142
2025-08-29 15:45:00+00:00,9191.4,9194.1,9184.6,9187.1,434
2025-08-29 16:00:00+00:00,9187.4,9198.9,9187.4,9196.4,369
2025-08-29 16:15:00+00:00,9196.6,9198.4,9189.4,9190.9,335
2025-08-29 16:30:00+00:00,9190.7,9199.1,9190.7,9196.6,300
2025-08-29 16:45:00+00:00,9196.9,9198.1,9192.7,9192.7,197
2025-08-29 17:00:00+00:00,9192.2,9196.2,9190.2,9195.4,417
2025-08-29 17:15:00+00:00,9195.7,9197.4,9192.7,9194.9,342
2025-08-29 17:30:00+00:00,9195.2,9197.7,9194.7,9197.4,276
2025-08-29 17:45:00+00:00,9197.2,9202.7,9197.2,9198.7,212
2025-08-29 18:00:00+00:00,9198.5,9198.5,9193.2,9197.2,234
2025-08-29 18:15:00+00:00,9197.5,9199.7,9192.0,9192.2,185
2025-08-29 18:30:00+00:00,9192.7,9195.7,9191.2,9192.5,134
2025-08-29 18:45:00+00:00,9192.3,9194.8,9190.3,9191.8,178
2025-08-29 19:00:00+00:00,9192.0,9194.8,9189.3,9193.0,179
2025-08-29 19:15:00+00:00,9192.8,9197.8,9192.8,9194.5,168
2025-08-29 19:30:00+00:00,9194.8,9199.8,9193.5,9198.3,211
2025-08-29 19:45:00+00:00,9198.5,9201.3,9191.6,9194.1,668
2025-08-31 22:00:00+00:00,9199.2,9203.7,9198.0,9202.7,358
2025-08-31 22:15:00+00:00,9202.9,9204.2,9200.0,9200.0,173
2025-08-31 22:30:00+00:00,9200.2,9204.2,9200.2,9203.0,128
2025-08-31 22:45:00+00:00,9203.2,9205.4,9203.0,9205.4,108
2025-08-31 23:00:00+00:00,9205.2,9207.9,9204.7,9205.2,156
2025-08-31 23:15:00+00:00,9205.3,9205.7,9204.0,9204.7,136
2025-08-31 23:30:00+00:00,9205.0,9205.0,9203.6,9205.0,117
2025-08-31 23:45:00+00:00,9204.7,9205.2,9203.7,9204.7,139
2025-09-01 00:00:00+00:00,9210.2,9211.3,9203.2,9210.5,873
2025-09-01 00:15:00+00:00,9210.4,9213.7,9208.2,9211.0,628
2025-09-01 00:30:00+00:00,9211.0,9211.0,9208.3,9209.6,446
2025-09-01 00:45:00+00:00,9209.5,9212.1,9209.0,9210.0,327
2025-09-01 01:00:00+00:00,9210.0,9210.0,9203.8,9204.8,486
2025-09-01 01:15:00+00:00,9204.8,9207.3,9204.1,9205.4,476
2025-09-01 01:30:00+00:00,9205.4,9205.8,9200.3,9203.3,558
2025-09-01 01:45:00+00:00,9203.3,9204.3,9199.1,9199.3,616
2025-09-01 02:00:00+00:00,9199.3,9199.7,9197.5,9197.6,571
2025-09-01 02:15:00+00:00,9197.6,9197.6,9190.9,9194.6,739
2025-09-01 02:30:00+00:00,9194.4,9197.7,9193.3,9196.4,595
2025-09-01 02:45:00+00:00,9196.4,9197.5,9195.3,9196.1,449
2025-09-01 03:00:00+00:00,9196.2,9197.9,9195.2,9196.4,574
2025-09-01 03:15:00+00:00,9196.5,9196.8,9190.5,9192.9,799
2025-09-01 03:30:00+00:00,9193.0,9193.7,9191.7,9192.2,725
2025-09-01 03:45:00+00:00,9192.3,9192.4,9191.6,9192.2,340
2025-09-01 04:00:00+00:00,9192.2,9193.9,9191.4,9193.2,312
2025-09-01 04:15:00+00:00,9193.2,9193.3,9191.8,9192.4,330
2025-09-01 04:30:00+00:00,9192.2,9196.2,9190.7,9195.7,682
2025-09-01 04:45:00+00:00,9195.7,9202.0,9195.7,9199.5,474
2025-09-01 05:00:00+00:00,9199.5,9200.0,9195.7,9197.2,109
2025-09-01 05:15:00+00:00,9197.7,9198.0,9194.9,9195.1,26
2025-09-01 05:30:00+00:00,9195.5,9202.8,9194.0,9202.8,71
2025-09-01 05:45:00+00:00,9203.0,9204.3,9200.0,9203.8,142
2025-09-01 06:00:00+00:00,9202.8,9206.0,9198.5,9205.8,159
2025-09-01 06:15:00+00:00,9205.3,9208.0,9202.0,9204.8,155
2025-09-01 06:30:00+00:00,9205.0,9213.3,9202.8,9213.3,165
2025-09-01 06:45:00+00:00,9213.0,9215.8,9205.8,9208.5,217
2025-09-01 07:00:00+00:00,9207.8,9227.3,9206.5,9211.5,962
2025-09-01 07:15:00+00:00,9211.8,9220.8,9205.8,9220.8,528
2025-09-01 07:30:00+00:00,9221.0,9223.0,9213.1,9214.9,486
2025-09-01 07:45:00+00:00,9214.9,9216.9,9205.2,9206.6,331
2025-09-01 08:00:00+00:00,9206.4,9213.2,9204.4,9211.0,390
2025-09-01 08:15:00+00:00,9210.7,9214.1,9207.1,9210.9,383
2025-09-01 08:30:00+00:00,9211.1,9220.0,9209.7,9218.3,399
2025-09-01 08:45:00+00:00,9218.0,9220.4,9214.9,9219.2,279
2025-09-01 09:00:00+00:00,9218.7,9219.2,9207.5,9210.1,397
2025-09-01 09:15:00+00:00,9209.9,9210.9,9205.3,9206.3,313
2025-09-01 09:30:00+00:00,9206.8,9206.8,9202.4,9205.2,297
2025-09-01 09:45:00+00:00,9205.2,9207.8,9202.9,9207.6,280
2025-09-01 10:00:00+00:00,9207.6,9211.8,9205.9,9210.1,292
2025-09-01 10:15:00+00:00,9210.4,9210.4,9203.8,9204.8,240
2025-09-01 10:30:00+00:00,9204.8,9204.8,9198.5,9198.8,238
2025-09-01 10:45:00+00:00,9198.6,9198.8,9192.1,9192.8,265
2025-09-01 11:00:00+00:00,9192.5,9201.0,9192.0,9194.9,241
2025-09-01 11:15:00+00:00,9194.9,9196.9,9192.0,9194.4,265
2025-09-01 11:30:00+00:00,9194.2,9202.0,9192.9,9201.7,361
2025-09-01 11:45:00+00:00,9201.5,9203.2,9197.8,9200.7,260
2025-09-01 12:00:00+00:00,9200.4,9202.9,9193.8,9194.6,240
2025-09-01 12:15:00+00:00,9194.6,9198.9,9193.8,9196.1,309
2025-09-01 12:30:00+00:00,9196.4,9199.3,9194.2,9194.2,253
2025-09-01 12:45:00+00:00,9193.7,9197.4,9192.7,9196.9,285
2025-09-01 13:00:00+00:00,9197.2,9197.2,9190.5,9191.8,355
2025-09-01 13:15:00+00:00,9192.0,9192.3,9185.0,9190.5,415
2025-09-01 13:30:00+00:00,9190.8,9190.8,9185.3,9185.9,441
2025-09-01 13:45:00+00:00,9185.6,9191.6,9182.8,9191.4,383
2025-09-01 14:00:00+00:00,9191.1,9191.2,9187.9,9189.7,330
2025-09-01 14:15:00+00:00,9189.5,9199.7,9189.2,9196.3,276
2025-09-01 14:30:00+00:00,9196.0,9196.8,9181.8,9182.3,402
2025-09-01 14:45:00+00:00,9182.3,9186.5,9179.6,9181.6,369
2025-09-01 15:00:00+00:00,9181.4,9184.2,9179.9,9181.9,343
2025-09-01 15:15:00+00:00,9182.1,9191.2,9181.9,9190.7,407
2025-09-01 15:30:00+00:00,9191.0,9198.0,9190.0,9195.5,420
2025-09-01 15:45:00+00:00,9195.0,9196.0,9193.0,9195.2,106
2025-09-01 16:00:00+00:00,9195.0,9195.0,9189.8,9190.3,81
2025-09-01 16:15:00+00:00,9190.0,9193.3,9189.8,9192.3,66
2025-09-01 16:30:00+00:00,9192.5,9194.5,9191.8,9191.8,59
2025-09-01 16:45:00+00:00,9191.5,9193.3,9190.5,9193.3,52
2025-09-01 17:00:00+00:00,9193.0,9193.7,9192.4,9192.7,10
2025-09-01 17:15:00+00:00,9193.1,9194.6,9193.1,9193.9,20
2025-09-01 17:30:00+00:00,9194.1,9195.6,9193.6,9195.6,16
2025-09-01 17:45:00+00:00,9195.1,9195.3,9194.0,9194.3,14
2025-09-01 18:00:00+00:00,9194.3,9195.4,9193.8,9194.3,11
2025-09-01 18:15:00+00:00,9194.5,9195.1,9192.8,9192.8,12
2025-09-01 18:30:00+00:00,9193.9,9193.9,9193.1,9193.4,16
2025-09-01 18:45:00+00:00,9193.9,9196.1,9193.6,9195.9,18
2025-09-01 19:00:00+00:00,9195.6,9196.1,9194.1,9194.7,19
2025-09-01 19:15:00+00:00,9194.5,9194.7,9194.0,9194.0,5
2025-09-01 19:30:00+00:00,9193.8,9195.4,9193.8,9194.5,14
2025-09-01 19:45:00+00:00,9194.9,9199.4,9194.2,9199.4,78
2025-09-01 22:00:00+00:00,9196.2,9196.6,9196.1,9196.4,51
2025-09-01 22:15:00+00:00,9196.6,9196.7,9194.0,9194.2,102
2025-09-01 22:30:00+00:00,9194.1,9194.5,9193.6,9193.8,85
2025-09-01 22:45:00+00:00,9193.7,9194.5,9190.7,9190.8,155
2025-09-01 23:00:00+00:00,9190.9,9192.4,9189.0,9192.0,242
2025-09-01 23:15:00+00:00,9192.1,9192.4,9188.1,9189.7,266
2025-09-01 23:30:00+00:00,9189.8,9190.8,9188.6,9189.3,226
2025-09-01 23:45:00+00:00,9189.4,9192.1,9188.8,9189.0,297
2025-09-02 00:00:00+00:00,9189.1,9198.6,9189.1,9196.9,902
2025-09-02 00:15:00+00:00,9196.5,9198.7,9193.0,9194.9,644
2025-09-02 00:30:00+00:00,9195.0,9200.2,9195.0,9199.9,546
2025-09-02 00:45:00+00:00,9199.9,9204.8,9199.5,9203.9,463
2025-09-02 01:00:00+00:00,9203.7,9205.0,9202.9,9204.2,470
2025-09-02 01:15:00+00:00,9204.2,9209.1,9203.7,9208.6,486
2025-09-02 01:30:00+00:00,9208.7,9210.1,9207.7,9208.7,474
2025-09-02 01:45:00+00:00,9208.7,9209.2,9206.0,9206.0,454
2025-09-02 02:00:00+00:00,9205.8,9210.5,9204.2,9207.7,684
2025-09-02 02:15:00+00:00,9207.7,9207.7,9203.9,9205.0,542
2025-09-02 02:30:00+00:00,9204.9,9205.0,9197.5,9197.8,452
2025-09-02 02:45:00+00:00,9198.2,9202.8,9197.3,9201.3,439
2025-09-02 03:00:00+00:00,9201.3,9201.6,9193.4,9194.6,558
2025-09-02 03:15:00+00:00,9194.6,9197.5,9193.6,9195.1,412
2025-09-02 03:30:00+00:00,9195.1,9197.2,9192.8,9196.8,343
2025-09-02 03:45:00+00:00,9196.9,9200.8,9196.8,9199.8,254
2025-09-02 04:00:00+00:00,9199.9,9200.1,9197.1,9197.1,305
2025-09-02 04:15:00+00:00,9197.2,9197.2,9195.6,9195.6,200
2025-09-02 04:30:00+00:00,9195.4,9195.6,9192.8,9193.1,339
2025-09-02 04:45:00+00:00,9193.2,9195.1,9192.1,9192.8,319
2025-09-02 05:00:00+00:00,9192.8,9193.8,9185.9,9185.9,62
2025-09-02 05:15:00+00:00,9185.7,9188.9,9182.2,9187.9,82
2025-09-02 05:30:00+00:00,9188.2,9188.4,9179.5,9182.5,84
2025-09-02 05:45:00+00:00,9183.0,9187.9,9183.0,9184.5,81
2025-09-02 06:00:00+00:00,9185.2,9193.7,9181.5,9190.5,189
2025-09-02 06:15:00+00:00,9190.7,9195.0,9188.2,9190.7,155
2025-09-02 06:30:00+00:00,9191.0,9193.0,9189.5,9191.5,134
2025-09-02 06:45:00+00:00,9191.2,9191.2,9182.8,9184.0,198
2025-09-02 07:00:00+00:00,9183.8,9185.5,9159.6,9160.1,1355
2025-09-02 07:15:00+00:00,9159.9,9170.5,9152.4,9167.2,1049
2025-09-02 07:30:00+00:00,9167.7,9168.5,9146.8,9147.9,1009
2025-09-02 07:45:00+00:00,9147.6,9155.3,9142.2,9148.9,1023
2025-09-02 08:00:00+00:00,9149.2,9161.8,9147.5,9151.4,935
2025-09-02 08:15:00+00:00,9151.9,9168.2,9151.9,9166.9,613
2025-09-02 08:30:00+00:00,9167.1,9167.1,9157.3,9161.3,490
2025-09-02 08:45:00+00:00,9160.8,9165.5,9157.6,9161.8,507
2025-09-02 09:00:00+00:00,9162.0,9162.2,9153.0,9155.5,521
2025-09-02 09:15:00+00:00,9156.0,9160.3,9154.5,9158.5,430
2025-09-02 09:30:00+00:00,9158.7,9163.8,9156.0,9163.0,422
2025-09-02 09:45:00+00:00,9163.3,9164.7,9160.4,9163.0,380
2025-09-02 10:00:00+00:00,9163.3,9169.0,9161.6,9167.4,449
2025-09-02 10:15:00+00:00,9167.6,9168.9,9161.4,9162.6,421
2025-09-02 10:30:00+00:00,9163.1,9163.5,9150.9,9154.1,393
2025-09-02 10:45:00+00:00,9153.9,9157.4,9151.2,9155.9,390
2025-09-02 11:00:00+00:00,9156.1,9158.4,9151.0,9151.0,470
2025-09-02 11:15:00+00:00,9150.7,9153.7,9148.6,9149.4,394
2025-09-02 11:30:00+00:00,9149.4,9152.4,9145.7,9149.4,424
2025-09-02 11:45:00+00:00,9149.1,9150.4,9142.5,9143.5,456
2025-09-02 12:00:00+00:00,9143.8,9146.8,9137.2,9137.7,723
2025-09-02 12:15:00+00:00,9137.7,9140.3,9129.2,9129.5,549
2025-09-02 12:30:00+00:00,9130.0,9132.7,9120.0,9123.4,747
2025-09-02 12:45:00+00:00,9123.7,9127.0,9112.3,9112.4,1023
2025-09-02 13:00:00+00:00,9112.7,9122.3,9106.8,9116.1,978
2025-09-02 13:15:00+00:00,9116.3,9125.0,9115.0,9122.8,703
2025-09-02 13:30:00+00:00,9122.6,9134.1,9122.3,9130.4,1674
2025-09-02 13:45:00+00:00,9130.2,9151.8,9124.5,9151.8,1156
2025-09-02 14:00:00+00:00,9152.6,9157.8,9150.3,9153.8,1324
2025-09-02 14:15:00+00:00,9153.5,9159.0,9137.7,9141.7,1395
2025-09-02 14:30:00+00:00,9141.5,9153.5,9139.7,9143.2,1097
2025-09-02 14:45:00+00:00,9143.7,9144.7,9136.4,9142.8,951
2025-09-02 15:00:00+00:00,9143.0,9144.3,9124.0,9125.2,1098
2025-09-02 15:15:00+00:00,9125.5,9130.9,9121.8,9124.3,831
2025-09-02 15:30:00+00:00,9124.8,9125.5,9110.8,9114.6,1047
2025-09-02 15:45:00+00:00,9114.3,9114.8,9104.9,9106.4,714
2025-09-02 16:00:00+00:00,9106.6,9112.4,9102.4,9112.1,472
2025-09-02 16:15:00+00:00,9112.4,9115.8,9111.9,9113.9,460
2025-09-02 16:30:00+00:00,9114.1,9119.6,9113.1,9116.9,414
2025-09-02 16:45:00+00:00,9117.1,9124.9,9113.9,9123.4,378
2025-09-02 17:00:00+00:00,9123.6,9125.9,9121.6,9123.6,380
2025-09-02 17:15:00+00:00,9123.4,9129.4,9122.9,9127.6,320
2025-09-02 17:30:00+00:00,9127.9,9138.1,9127.6,9137.6,334
2025-09-02 17:45:00+00:00,9137.9,9140.4,9136.9,9138.6,377
2025-09-02 18:00:00+00:00,9138.4,9143.1,9133.9,9135.7,387
2025-09-02 18:15:00+00:00,9135.9,9137.9,9133.2,9134.4,250
2025-09-02 18:30:00+00:00,9134.2,9137.4,9129.2,9132.4,304
2025-09-02 18:45:00+00:00,9131.9,9141.4,9130.0,9135.9,430
2025-09-02 19:00:00+00:00,9135.7,9141.7,9135.7,9140.5,303
2025-09-02 19:15:00+00:00,9140.2,9143.4,9139.5,9142.5,323
2025-09-02 19:30:00+00:00,9143.0,9149.2,9141.7,9148.5,333
2025-09-02 19:45:00+00:00,9148.2,9157.7,9148.0,9156.5,551
2025-09-02 20:00:00+00:00,9157.0,9172.9,9154.0,9168.4,784
2025-09-02 20:30:00+00:00,9170.6,9170.9,9167.8,9167.9,394
2025-09-02 20:45:00+00:00,9168.2,9171.9,9167.4,9171.7,249
2025-09-02 22:00:00+00:00,9167.1,9167.5,9164.0,9165.8,173
2025-09-02 22:15:00+00:00,9166.0,9168.0,9163.5,9164.5,283
2025-09-02 22:30:00+00:00,9164.9,9166.9,9163.3,9163.8,220
2025-09-02 22:45:00+00:00,9164.1,9164.5,9158.1,9159.1,159
2025-09-02 23:00:00+00:00,9158.8,9159.8,9158.3,9158.8,128
2025-09-02 23:15:00+00:00,9159.1,9159.6,9155.9,9158.1,100
2025-09-02 23:30:00+00:00,9158.4,9158.9,9156.9,9157.1,123
2025-09-02 23:45:00+00:00,9157.0,9157.9,9155.9,9156.4,147
2025-09-03 00:00:00+00:00,9157.3,9158.3,9150.3,9151.4,720
2025-09-03 00:15:00+00:00,9151.6,9155.8,9150.7,9154.0,666
2025-09-03 00:30:00+00:00,9154.0,9156.2,9151.3,9153.2,566
2025-09-03 00:45:00+00:00,9153.2,9154.0,9151.9,9153.2,534
2025-09-03 01:00:00+00:00,9153.0,9153.0,9148.4,9150.3,561
2025-09-03 01:15:00+00:00,9150.2,9151.2,9148.5,9149.8,506
2025-09-03 01:30:00+00:00,9149.8,9150.7,9148.5,9150.0,512
2025-09-03 01:45:00+00:00,9149.8,9151.3,9149.8,9150.6,523
2025-09-03 02:00:00+00:00,9150.6,9150.7,9146.0,9146.8,456
2025-09-03 02:15:00+00:00,9146.8,9147.8,9145.5,9145.6,385
2025-09-03 02:30:00+00:00,9145.5,9145.6,9141.5,9143.8,432
2025-09-03 02:45:00+00:00,9143.8,9145.0,9142.5,9143.1,340
2025-09-03 03:00:00+00:00,9143.1,9144.3,9140.0,9141.2,458
2025-09-03 03:15:00+00:00,9141.1,9141.5,9137.8,9139.3,490
2025-09-03 03:30:00+00:00,9139.3,9140.4,9131.5,9135.2,555
2025-09-03 03:45:00+00:00,9135.0,9135.9,9131.6,9132.1,499
2025-09-03 04:00:00+00:00,9132.2,9133.0,9127.8,9128.4,438
2025-09-03 04:15:00+00:00,9127.9,9130.2,9127.2,9128.7,404
2025-09-03 04:30:00+00:00,9128.7,9129.0,9125.2,9126.7,319
2025-09-03 04:45:00+00:00,9126.9,9129.6,9126.3,9129.2,273
2025-09-03 05:00:00+00:00,9129.0,9129.0,9123.7,9125.7,112
2025-09-03 05:15:00+00:00,9125.5,9126.8,9121.5,9123.0,124
2025-09-03 05:30:00+00:00,9122.8,9128.0,9122.8,9126.5,113
2025-09-03 05:45:00+00:00,9126.0,9126.5,9120.5,9121.5,124
2025-09-03 06:00:00+00:00,9121.0,9129.8,9120.3,9128.0,196
2025-09-03 06:15:00+00:00,9127.8,9128.8,9124.8,9126.8,217
2025-09-03 06:30:00+00:00,9126.6,9128.6,9116.6,9121.1,185
2025-09-03 06:45:00+00:00,9120.8,9128.3,9118.4,9127.3,234
2025-09-03 07:00:00+00:00,9127.1,9136.8,9121.8,9132.4,1338
2025-09-03 07:15:00+00:00,9132.4,9134.9,9106.9,9110.3,865
2025-09-03 07:30:00+00:00,9110.1,9132.5,9110.1,9130.8,763
2025-09-03 07:45:00+00:00,9131.3,9141.3,9130.2,9139.8,660
2025-09-03 08:00:00+00:00,9140.0,9148.2,9135.3,9147.2,632
2025-09-03 08:15:00+00:00,9147.0,9153.2,9146.0,9152.7,571
2025-09-03 08:30:00+00:00,9152.4,9152.8,9146.7,9150.7,499
2025-09-03 08:45:00+00:00,9150.4,9158.2,9149.9,9151.1,474
2025-09-03 09:00:00+00:00,9151.3,9152.1,9145.8,9148.0,477
2025-09-03 09:15:00+00:00,9147.7,9156.3,9147.5,9154.7,333
2025-09-03 09:30:00+00:00,9154.5,9158.1,9148.2,9155.4,415
2025-09-03 09:45:00+00:00,9155.6,9160.5,9154.9,9160.2,327
2025-09-03 10:00:00+00:00,9160.0,9162.3,9157.2,9161.3,347
2025-09-03 10:15:00+00:00,9161.0,9169.5,9161.0,9169.5,340
2025-09-03 10:30:00+00:00,9169.5,9172.0,9167.7,9168.8,367
2025-09-03 10:45:00+00:00,9168.6,9169.6,9160.8,9163.8,313
2025-09-03 11:00:00+00:00,9164.1,9164.6,9160.3,9163.7,350
2025-09-03 11:15:00+00:00,9163.0,9168.2,9162.5,9165.0,321
2025-09-03 11:30:00+00:00,9165.2,9166.7,9161.1,9165.5,328
2025-09-03 11:45:00+00:00,9165.2,9170.0,9165.0,9166.6,274
2025-09-03 12:00:00+00:00,9166.9,9167.4,9159.3,9159.3,475
2025-09-03 12:15:00+00:00,9159.1,9159.9,9151.1,9151.4,416
2025-09-03 12:30:00+00:00,9151.9,9154.2,9147.7,9152.9,451
2025-09-03 12:45:00+00:00,9152.7,9153.9,9137.4,9137.5,548
2025-09-03 13:00:00+00:00,9137.0,9140.3,9132.9,9138.8,521
2025-09-03 13:15:00+00:00,9139.0,9151.0,9138.8,9149.9,451
2025-09-03 13:30:00+00:00,9150.2,9162.9,9149.9,9157.5,1326
2025-09-03 13:45:00+00:00,9157.3,9157.8,9142.9,9144.3,954
2025-09-03 14:00:00+00:00,9144.8,9155.4,9139.8,9145.8,1157
2025-09-03 14:15:00+00:00,9146.3,9156.1,9146.1,9151.6,831
2025-09-03 14:30:00+00:00,9151.4,9159.5,9151.4,9153.8,764
2025-09-03 14:45:00+00:00,9153.5,9162.4,9153.0,9160.0,683
2025-09-03 15:00:00+00:00,9160.2,9178.7,9157.7,9175.8,888
2025-09-03 15:15:00+00:00,9175.5,9179.2,9173.8,9175.1,806
2025-09-03 15:30:00+00:00,9174.6,9179.6,9173.4,9177.1,844
2025-09-03 15:45:00+00:00,9177.4,9178.4,9171.6,9175.9,476
2025-09-03 16:00:00+00:00,9175.6,9177.6,9164.7,9165.2,480
2025-09-03 16:15:00+00:00,9164.9,9171.2,9163.2,9163.7,414
2025-09-03 16:30:00+00:00,9163.4,9166.2,9161.5,9162.0,364
2025-09-03 16:45:00+00:00,9161.7,9166.2,9158.2,9162.0,363
2025-09-03 17:00:00+00:00,9162.2,9165.7,9161.0,9164.5,404
2025-09-03 17:15:00+00:00,9164.2,9166.2,9162.5,9163.7,335
2025-09-03 17:30:00+00:00,9163.5,9166.0,9159.5,9159.8,396
2025-09-03 17:45:00+00:00,9160.0,9162.0,9156.5,9159.5,474
2025-09-03 18:00:00+00:00,9159.8,9163.0,9157.8,9161.5,509
2025-09-03 18:15:00+00:00,9161.8,9168.5,9161.0,9168.0,447
2025-09-03 18:30:00+00:00,9167.8,9168.0,9163.3,9167.0,377
2025-09-03 18:45:00+00:00,9166.8,9168.0,9162.6,9163.8,391
2025-09-03 19:00:00+00:00,9163.6,9166.3,9160.6,9164.1,272
2025-09-03 19:15:00+00:00,9163.8,9168.8,9163.8,9168.3,224
2025-09-03 19:30:00+00:00,9168.1,9174.1,9167.8,9173.8,328
2025-09-03 19:45:00+00:00,9174.1,9185.3,9173.8,9181.8,595
2025-09-03 20:00:00+00:00,9182.7,9185.0,9181.9,9184.7,364
2025-09-03 20:30:00+00:00,9185.8,9186.8,9184.3,9184.8,61
2025-09-03 20:45:00+00:00,9185.0,9185.5,9184.3,9184.3,44
2025-09-03 22:00:00+00:00,9182.2,9184.2,9181.4,9183.2,138
2025-09-03 22:15:00+00:00,9183.4,9183.7,9180.9,9180.9,148
2025-09-03 22:30:00+00:00,9181.2,9182.4,9180.7,9180.8,75
2025-09-03 22:45:00+00:00,9180.9,9181.7,9179.9,9180.2,80
2025-09-03 23:00:00+00:00,9180.3,9183.7,9180.3,9183.7,110
2025-09-03 23:15:00+00:00,9183.9,9184.4,9182.4,9182.4,92
2025-09-03 23:30:00+00:00,9182.6,9182.7,9179.9,9179.9,113
2025-09-03 23:45:00+00:00,9180.1,9181.7,9179.8,9180.9,106
2025-09-04 00:00:00+00:00,9183.0,9189.5,9183.0,9187.8,936
2025-09-04 00:15:00+00:00,9187.6,9190.9,9185.2,9187.5,997
2025-09-04 00:30:00+00:00,9187.5,9189.8,9187.1,9187.5,671
2025-09-04 00:45:00+00:00,9187.5,9189.7,9186.9,9188.8,599
2025-09-04 01:00:00+00:00,9188.7,9190.5,9187.4,9188.5,709
2025-09-04 01:15:00+00:00,9188.3,9191.4,9187.2,9190.0,475
2025-09-04 01:30:00+00:00,9189.9,9192.1,9187.3,9188.3,610
2025-09-04 01:45:00+00:00,9188.4,9188.6,9182.5,9185.0,513
2025-09-04 02:00:00+00:00,9184.9,9190.7,9184.4,9190.3,723
2025-09-04 02:15:00+00:00,9190.0,9190.7,9185.5,9185.5,485
2025-09-04 02:30:00+00:00,9185.2,9188.2,9183.4,9186.5,498
2025-09-04 02:45:00+00:00,9186.5,9187.0,9180.6,9181.1,540
2025-09-04 03:00:00+00:00,9181.1,9181.6,9177.6,9180.5,513
2025-09-04 03:15:00+00:00,9180.5,9181.1,9179.4,9180.0,409
2025-09-04 03:30:00+00:00,9179.5,9182.7,9179.4,9182.7,508
2025-09-04 03:45:00+00:00,9182.5,9183.7,9182.4,9183.5,386
2025-09-04 04:00:00+00:00,9183.6,9187.7,9183.3,9187.0,427
2025-09-04 04:15:00+00:00,9186.8,9188.2,9186.7,9188.0,333
2025-09-04 04:30:00+00:00,9187.8,9188.8,9185.6,9186.5,400
2025-09-04 04:45:00+00:00,9186.5,9188.2,9185.9,9188.2,260
2025-09-04 05:00:00+00:00,9188.3,9189.0,9186.3,9188.3,75
2025-09-04 05:15:00+00:00,9187.8,9188.8,9182.8,9183.3,137
2025-09-04 05:30:00+00:00,9183.5,9186.0,9181.8,9182.8,150
2025-09-04 05:45:00+00:00,9182.5,9185.0,9181.5,9184.0,90
2025-09-04 06:00:00+00:00,9184.3,9193.5,9182.3,9182.8,245
2025-09-04 06:15:00+00:00,9182.5,9183.3,9179.0,9179.5,224
2025-09-04 06:30:00+00:00,9179.3,9181.8,9175.0,9178.0,169
2025-09-04 06:45:00+00:00,9177.8,9182.8,9169.0,9169.0,236
2025-09-04 07:00:00+00:00,9168.3,9181.8,9154.8,9179.5,1340
2025-09-04 07:15:00+00:00,9179.0,9190.3,9173.5,9188.0,679
2025-09-04 07:30:00+00:00,9187.8,9199.3,9186.5,9196.3,555
2025-09-04 07:45:00+00:00,9196.1,9196.6,9190.2,9190.9,437
2025-09-04 08:00:00+00:00,9190.7,9191.9,9179.6,9183.6,509
2025-09-04 08:15:00+00:00,9183.1,9184.6,9178.8,9182.0,378
2025-09-04 08:30:00+00:00,9181.7,9182.6,9176.0,9179.5,406
2025-09-04 08:45:00+00:00,9179.7,9181.5,9177.5,9178.3,329
2025-09-04 09:00:00+00:00,9178.3,9186.7,9174.1,9186.5,380
2025-09-04 09:15:00+00:00,9186.2,9194.6,9184.5,9194.4,390
2025-09-04 09:30:00+00:00,9194.6,9198.5,9192.9,9194.8,307
2025-09-04 09:45:00+00:00,9194.6,9194.6,9187.5,9193.9,352
2025-09-04 10:00:00+00:00,9194.2,9211.4,9193.2,9209.4,522
2025-09-04 10:15:00+00:00,9209.7,9210.9,9197.7,9199.0,420
2025-09-04 10:30:00+00:00,9198.7,9198.7,9192.0,9192.7,331
2025-09-04 10:45:00+00:00,9192.2,9198.3,9191.9,9193.7,292
2025-09-04 11:00:00+00:00,9193.2,9197.9,9192.0,9196.9,297
2025-09-04 11:15:00+00:00,9196.7,9197.4,9191.8,9194.9,248
2025-09-04 11:30:00+00:00,9195.2,9201.3,9195.2,9200.1,364
2025-09-04 11:45:00+00:00,9199.9,9202.1,9193.5,9197.0,299
2025-09-04 12:00:00+00:00,9197.3,9202.6,9197.1,9199.1,384
2025-09-04 12:15:00+00:00,9199.4,9200.4,9193.5,9198.0,475
2025-09-04 12:30:00+00:00,9198.5,9202.0,9196.6,9198.8,506
2025-09-04 12:45:00+00:00,9199.3,9204.0,9196.6,9203.5,363
2025-09-04 13:00:00+00:00,9203.0,9206.9,9202.0,9202.0,410
2025-09-04 13:15:00+00:00,9202.3,9207.5,9200.5,9207.5,431
2025-09-04 13:30:00+00:00,9207.3,9223.8,9196.8,9220.4,1286
2025-09-04 13:45:00+00:00,9220.1,9223.8,9216.9,9221.9,836
2025-09-04 14:00:00+00:00,9220.9,9226.0,9208.6,9215.0,1149
2025-09-04 14:15:00+00:00,9214.7,9222.4,9212.0,9220.9,829
2025-09-04 14:30:00+00:00,9221.1,9228.2,9217.0,9227.4,624
2025-09-04 14:45:00+00:00,9227.7,9232.4,9222.7,9223.3,639
2025-09-04 15:00:00+00:00,9223.5,9223.5,9213.9,9218.8,761
2025-09-04 15:15:00+00:00,9219.0,9221.0,9216.8,9218.1,692
2025-09-04 15:30:00+00:00,9218.4,9220.1,9209.9,9215.2,811
2025-09-04 15:45:00+00:00,9214.7,9216.4,9210.2,9210.2,375
2025-09-04 16:00:00+00:00,9210.4,9216.7,9209.9,9216.2,406
2025-09-04 16:15:00+00:00,9216.4,9218.2,9215.2,9217.2,347
2025-09-04 16:30:00+00:00,9216.9,9219.2,9214.0,9216.2,330
2025-09-04 16:45:00+00:00,9216.5,9221.2,9216.5,9217.7,248
2025-09-04 17:00:00+00:00,9218.0,9222.2,9217.5,9219.2,324
2025-09-04 17:15:00+00:00,9219.5,9224.7,9219.2,9224.2,204
2025-09-04 17:30:00+00:00,9224.5,9224.7,9220.2,9224.2,242
2025-09-04 17:45:00+00:00,9224.5,9229.2,9224.2,9227.2,255
2025-09-04 18:00:00+00:00,9227.0,9228.7,9224.3,9225.8,260
2025-09-04 18:15:00+00:00,9226.0,9226.8,9221.0,9221.5,251
2025-09-04 18:30:00+00:00,9221.3,9225.3,9220.0,9224.3,195
2025-09-04 18:45:00+00:00,9224.5,9225.3,9221.6,9222.8,91
2025-09-04 19:00:00+00:00,9223.1,9230.3,9221.3,9229.3,310
2025-09-04 19:15:00+00:00,9229.6,9230.1,9226.1,9226.8,271
2025-09-04 19:30:00+00:00,9226.6,9227.8,9223.8,9225.8,216
2025-09-04 19:45:00+00:00,9225.3,9233.6,9223.1,9231.1,467
2025-09-04 20:00:00+00:00,9231.5,9236.4,9229.0,9234.9,256
2025-09-04 20:30:00+00:00,9234.5,9235.5,9234.0,9235.2,67
2025-09-04 20:45:00+00:00,9235.0,9236.2,9231.7,9233.2,73
2025-09-04 22:00:00+00:00,9236.5,9238.0,9235.5,9236.0,144
2025-09-04 22:15:00+00:00,9235.9,9238.0,9235.3,9235.3,153
2025-09-04 22:30:00+00:00,9235.0,9235.8,9234.3,9235.3,134
2025-09-04 22:45:00+00:00,9235.2,9237.4,9235.1,9236.8,93
2025-09-04 23:00:00+00:00,9236.6,9237.8,9236.3,9237.8,112
2025-09-04 23:15:00+00:00,9237.6,9237.9,9236.6,9237.3,78
2025-09-04 23:30:00+00:00,9237.4,9237.8,9235.8,9235.8,109
2025-09-04 23:45:00+00:00,9235.7,9237.6,9235.6,9236.4,123
2025-09-05 00:00:00+00:00,9233.5,9233.5,9225.6,9228.1,764
2025-09-05 00:15:00+00:00,9228.1,9230.6,9226.4,9228.5,630
2025-09-05 00:30:00+00:00,9228.5,9229.3,9227.5,9227.8,396
2025-09-05 00:45:00+00:00,9227.9,9228.8,9226.1,9228.5,390
2025-09-05 01:00:00+00:00,9228.5,9230.1,9227.3,9228.8,389
2025-09-05 01:15:00+00:00,9228.9,9230.8,9226.6,9226.8,407
2025-09-05 01:30:00+00:00,9226.8,9226.9,9223.1,9224.3,413
2025-09-05 01:45:00+00:00,9224.1,9228.5,9223.4,9227.4,332
2025-09-05 02:00:00+00:00,9227.8,9227.9,9226.1,9227.6,288
2025-09-05 02:15:00+00:00,9227.6,9228.8,9226.8,9227.9,299
2025-09-05 02:30:00+00:00,9227.9,9229.9,9227.8,9228.1,220
2025-09-05 02:45:00+00:00,9228.1,9229.6,9228.1,9228.7,240
2025-09-05 03:00:00+00:00,9228.7,9228.7,9227.2,9227.4,238
2025-09-05 03:15:00+00:00,9227.5,9227.5,9226.6,9227.2,162
2025-09-05 03:30:00+00:00,9227.2,9228.2,9226.0,9226.9,272
2025-09-05 03:45:00+00:00,9226.7,9228.6,9226.0,9228.6,249
2025-09-05 04:00:00+00:00,9228.6,9230.2,9228.2,9229.9,247
2025-09-05 04:15:00+00:00,9229.7,9230.9,9229.0,9229.4,299
2025-09-05 04:30:00+00:00,9229.5,9229.5,9226.7,9227.0,225
2025-09-05 04:45:00+00:00,9227.0,9227.0,9226.3,9227.0,147
2025-09-05 05:00:00+00:00,9227.2,9227.3,9225.5,9227.3,42
2025-09-05 05:15:00+00:00,9227.5,9232.3,9227.5,9232.0,40
2025-09-05 05:30:00+00:00,9232.3,9239.0,9232.3,9238.8,88
2025-09-05 05:45:00+00:00,9238.5,9241.5,9234.8,9235.5,96
2025-09-05 06:00:00+00:00,9234.8,9236.0,9229.8,9231.1,264
2025-09-05 06:15:00+00:00,9231.3,9239.1,9230.6,9237.1,162
2025-09-05 06:30:00+00:00,9236.8,9237.1,9231.1,9233.6,154
2025-09-05 06:45:00+00:00,9233.3,9236.6,9228.1,9229.6,200
2025-09-05 07:00:00+00:00,9230.3,9240.1,9216.6,9217.6,986
2025-09-05 07:15:00+00:00,9218.1,9227.8,9217.4,9224.1,515
2025-09-05 07:30:00+00:00,9224.4,9242.5,9221.9,9241.4,582
2025-09-05 07:45:00+00:00,9241.2,9243.3,9236.9,9239.7,415
2025-09-05 08:00:00+00:00,9239.2,9247.9,9236.3,9246.4,511
2025-09-05 08:15:00+00:00,9245.9,9253.0,9245.9,9250.9,431
2025-09-05 08:30:00+00:00,9250.6,9253.7,9243.9,9248.0,414
2025-09-05 08:45:00+00:00,9248.0,9248.0,9237.9,9237.9,332
2025-09-05 09:00:00+00:00,9237.6,9241.2,9234.5,9237.3,386
2025-09-05 09:15:00+00:00,9237.0,9242.4,9236.0,9241.1,381
2025-09-05 09:30:00+00:00,9240.8,9241.5,9238.8,9240.3,271
2025-09-05 09:45:00+00:00,9240.0,9242.9,9235.3,9242.7,325
2025-09-05 10:00:00+00:00,9242.9,9244.6,9236.3,9236.6,255
2025-09-05 10:15:00+00:00,9236.6,9238.2,9233.8,9237.7,296
2025-09-05 10:30:00+00:00,9237.4,9241.8,9236.2,9241.5,261
2025-09-05 10:45:00+00:00,9242.0,9243.0,9239.4,9240.7,251
2025-09-05 11:00:00+00:00,9240.9,9245.9,9240.7,9244.3,287
2025-09-05 11:15:00+00:00,9244.1,9247.4,9243.6,9245.8,265
2025-09-05 11:30:00+00:00,9245.5,9248.3,9244.5,9245.8,263
2025-09-05 11:45:00+00:00,9246.0,9248.2,9244.0,9246.9,268
2025-09-05 12:00:00+00:00,9247.7,9249.0,9241.7,9245.4,455
2025-09-05 12:15:00+00:00,9245.1,9247.1,9236.5,9242.4,395
2025-09-05 12:30:00+00:00,9244.2,9250.3,9235.0,9246.7,1292
2025-09-05 12:45:00+00:00,9246.4,9254.4,9245.1,9249.1,755
2025-09-05 13:00:00+00:00,9249.4,9253.3,9248.2,9251.7,680
2025-09-05 13:15:00+00:00,9251.9,9252.4,9243.9,9244.6,542
2025-09-05 13:30:00+00:00,9244.4,9253.3,9242.0,9246.1,1361
2025-09-05 13:45:00+00:00,9246.6,9250.0,9233.4,9235.7,1212
2025-09-05 14:00:00+00:00,9235.4,9236.2,9219.8,9220.1,1612
2025-09-05 14:15:00+00:00,9220.6,9224.6,9202.6,9206.3,1847
2025-09-05 14:30:00+00:00,9206.1,9211.3,9200.3,9205.3,1673
2025-09-05 14:45:00+00:00,9205.0,9211.1,9196.0,9197.2,1281
2025-09-05 15:00:00+00:00,9197.5,9207.9,9197.2,9203.3,1543
2025-09-05 15:15:00+00:00,9203.1,9209.2,9200.8,9207.7,1161
2025-09-05 15:30:00+00:00,9207.5,9217.7,9207.5,9216.9,1020
2025-09-05 15:45:00+00:00,9216.7,9216.7,9202.7,9204.0,900
2025-09-05 16:00:00+00:00,9204.2,9216.7,9204.2,9216.5,815
2025-09-05 16:15:00+00:00,9216.2,9217.5,9205.5,9209.2,728
2025-09-05 16:30:00+00:00,9209.7,9211.5,9202.8,9211.2,687
2025-09-05 16:45:00+00:00,9210.7,9213.2,9205.8,9211.0,703
2025-09-05 17:00:00+00:00,9211.3,9212.5,9204.3,9210.5,606
2025-09-05 17:15:00+00:00,9210.8,9213.8,9206.5,9207.3,512
2025-09-05 17:30:00+00:00,9206.8,9209.8,9200.8,9204.8,533
2025-09-05 17:45:00+00:00,9204.6,9209.1,9203.8,9208.3,505
2025-09-05 18:00:00+00:00,9207.8,9210.3,9202.8,9207.8,524
2025-09-05 18:15:00+00:00,9208.1,9214.1,9207.8,9210.8,439
2025-09-05 18:30:00+00:00,9211.1,9219.1,9210.8,9218.6,328
2025-09-05 18:45:00+00:00,9218.3,9222.1,9217.1,9220.6,400
2025-09-05 19:00:00+00:00,9220.3,9223.8,9215.8,9222.1,407
2025-09-05 19:15:00+00:00,9221.6,9226.1,9221.6,9223.3,387
2025-09-05 19:30:00+00:00,9223.6,9224.9,9218.6,9222.6,478
2025-09-05 19:45:00+00:00,9222.4,9227.6,9221.4,9224.6,699
2025-09-07 22:00:00+00:00,9215.4,9219.8,9214.7,9219.8,246
2025-09-07 22:15:00+00:00,9219.6,9224.8,9219.3,9223.8,321
2025-09-07 22:30:00+00:00,9224.2,9229.5,9224.2,9229.3,306
2025-09-07 22:45:00+00:00,9229.5,9234.7,9229.5,9233.0,344
2025-09-07 23:00:00+00:00,9233.2,9235.5,9233.0,9233.7,238
2025-09-07 23:15:00+00:00,9233.5,9237.7,9231.2,9235.5,269
2025-09-07 23:30:00+00:00,9235.6,9238.3,9235.6,9237.0,303
2025-09-07 23:45:00+00:00,9237.2,9238.0,9235.5,9237.5,383
2025-09-08 00:00:00+00:00,9239.6,9239.6,9231.2,9234.6,1053
2025-09-08 00:15:00+00:00,9234.6,9236.7,9231.3,9236.0,641
2025-09-08 00:30:00+00:00,9236.0,9236.1,9231.4,9231.5,572
2025-09-08 00:45:00+00:00,9231.7,9232.0,9230.2,9230.7,519
2025-09-08 01:00:00+00:00,9230.9,9236.0,9230.9,9235.7,603
2025-09-08 01:15:00+00:00,9235.8,9236.6,9234.3,9234.4,419
2025-09-08 01:30:00+00:00,9234.5,9237.6,9234.0,9236.8,545
2025-09-08 01:45:00+00:00,9236.8,9237.5,9234.3,9234.5,487
2025-09-08 02:00:00+00:00,9234.6,9235.3,9231.5,9232.0,500
2025-09-08 02:15:00+00:00,9232.0,9232.6,9228.7,9229.2,557
2025-09-08 02:30:00+00:00,9229.5,9230.6,9229.1,9229.7,300
2025-09-08 02:45:00+00:00,9229.7,9232.6,9229.5,9232.5,368
2025-09-08 03:00:00+00:00,9232.5,9235.2,9231.3,9234.5,483
2025-09-08 03:15:00+00:00,9234.7,9235.5,9234.5,9234.8,307
2025-09-08 03:30:00+00:00,9235.0,9236.1,9234.7,9235.7,304
2025-09-08 03:45:00+00:00,9235.7,9236.7,9235.3,9235.9,361
2025-09-08 04:00:00+00:00,9236.0,9236.6,9233.7,9233.8,439
2025-09-08 04:15:00+00:00,9234.2,9236.2,9233.3,9236.1,319
2025-09-08 04:30:00+00:00,9236.1,9237.1,9232.2,9232.8,397
2025-09-08 04:45:00+00:00,9233.0,9234.3,9232.4,9233.8,366
2025-09-08 05:00:00+00:00,9233.5,9234.5,9232.0,9233.0,87
2025-09-08 05:15:00+00:00,9233.3,9235.3,9231.8,9232.5,69
2025-09-08 05:30:00+00:00,9232.8,9232.8,9229.3,9229.8,78
2025-09-08 05:45:00+00:00,9230.0,9231.5,9227.8,9230.0,92
2025-09-08 06:00:00+00:00,9228.5,9241.5,9228.3,9239.5,304
2025-09-08 06:15:00+00:00,9239.8,9240.5,9236.3,9239.8,194
2025-09-08 06:30:00+00:00,9239.5,9240.3,9234.8,9237.3,160
2025-09-08 06:45:00+00:00,9237.0,9239.8,9233.0,9234.0,208
2025-09-08 07:00:00+00:00,9235.3,9237.0,9219.3,9219.5,1130
2025-09-08 07:15:00+00:00,9219.8,9221.3,9213.0,9213.5,559
2025-09-08 07:30:00+00:00,9213.8,9222.6,9213.1,9222.1,543
2025-09-08 07:45:00+00:00,9222.1,9223.0,9215.7,9219.0,504
2025-09-08 08:00:00+00:00,9219.7,9224.2,9217.6,9223.9,540
2025-09-08 08:15:00+00:00,9223.9,9225.0,9221.6,9222.5,398
2025-09-08 08:30:00+00:00,9222.8,9225.7,9220.6,9224.4,333
2025-09-08 08:45:00+00:00,9224.4,9224.6,9221.4,9222.4,260
2025-09-08 09:00:00+00:00,9222.9,9226.1,9217.5,9218.6,319
2025-09-08 09:15:00+00:00,9218.3,9219.6,9215.4,9217.2,217
2025-09-08 09:30:00+00:00,9217.4,9220.5,9214.5,9216.7,250
2025-09-08 09:45:00+00:00,9217.0,9222.9,9216.8,9220.7,306
2025-09-08 10:00:00+00:00,9221.0,9225.5,9220.5,9222.5,315
2025-09-08 10:15:00+00:00,9222.3,9223.0,9220.4,9221.9,218
2025-09-08 10:30:00+00:00,9221.7,9225.1,9219.9,9224.3,306
2025-09-08 10:45:00+00:00,9224.1,9224.5,9221.1,9223.6,432
2025-09-08 11:00:00+00:00,9223.4,9223.4,9215.9,9216.2,370
2025-09-08 11:15:00+00:00,9216.5,9217.5,9210.6,9213.2,270
2025-09-08 11:30:00+00:00,9213.0,9218.0,9211.9,9214.9,239
2025-09-08 11:45:00+00:00,9214.7,9218.4,9211.6,9217.4,247
2025-09-08 12:00:00+00:00,9217.1,9219.5,9215.4,9218.7,360
2025-09-08 12:15:00+00:00,9218.9,9227.1,9218.9,9225.5,361
2025-09-08 12:30:00+00:00,9225.0,9228.9,9223.9,9227.4,302
2025-09-08 12:45:00+00:00,9227.9,9230.4,9220.2,9223.7,408
2025-09-08 13:00:00+00:00,9223.2,9227.0,9221.1,9226.4,376
2025-09-08 13:15:00+00:00,9226.9,9227.9,9213.9,9214.1,413
2025-09-08 13:30:00+00:00,9214.4,9214.4,9201.5,9205.7,1431
2025-09-08 13:45:00+00:00,9205.4,9210.4,9196.6,9196.8,1077
2025-09-08 14:00:00+00:00,9196.6,9199.0,9190.0,9190.6,978
2025-09-08 14:15:00+00:00,9191.1,9198.2,9190.6,9194.8,661
2025-09-08 14:30:00+00:00,9194.8,9201.5,9191.9,9199.4,442
2025-09-08 14:45:00+00:00,9199.7,9211.5,9198.7,9209.0,356
2025-09-08 15:00:00+00:00,9209.5,9224.9,9209.0,9221.3,675
2025-09-08 15:15:00+00:00,9221.1,9235.2,9219.9,9231.5,988
2025-09-08 15:30:00+00:00,9232.0,9232.5,9215.5,9215.5,699
2025-09-08 15:45:00+00:00,9215.0,9216.6,9210.6,9214.6,395
2025-09-08 16:00:00+00:00,9214.3,9217.1,9211.8,9216.1,351
2025-09-08 16:15:00+00:00,9216.3,9217.6,9213.1,9217.6,382
2025-09-08 16:30:00+00:00,9217.3,9219.1,9212.9,9214.6,410
2025-09-08 16:45:00+00:00,9214.4,9216.1,9211.6,9216.1,295
2025-09-08 17:00:00+00:00,9215.9,9215.9,9209.4,9210.9,251
2025-09-08 17:15:00+00:00,9211.1,9214.6,9210.9,9213.9,234
2025-09-08 17:30:00+00:00,9214.2,9214.7,9209.4,9210.7,277
2025-09-08 17:45:00+00:00,9210.4,9212.2,9206.9,9208.7,368
2025-09-08 18:00:00+00:00,9208.9,9211.2,9206.0,9210.2,325
2025-09-08 18:15:00+00:00,9210.5,9217.5,9210.2,9217.5,223
2025-09-08 18:30:00+00:00,9217.7,9222.7,9215.7,9222.7,229
2025-09-08 18:45:00+00:00,9223.0,9226.7,9222.7,9225.7,185
2025-09-08 19:00:00+00:00,9225.5,9226.2,9214.0,9217.5,308
2025-09-08 19:15:00+00:00,9217.8,9219.8,9216.8,9218.3,270
2025-09-08 19:30:00+00:00,9218.5,9226.3,9216.5,9225.3,254
2025-09-08 19:45:00+00:00,9225.8,9232.8,9225.3,9228.3,580
2025-09-08 20:00:00+00:00,9227.8,9229.8,9226.3,9229.0,198
2025-09-08 20:30:00+00:00,9228.8,9229.3,9227.6,9227.6,40
2025-09-08 20:45:00+00:00,9227.8,9228.6,9227.3,9228.3,61
2025-09-08 22:00:00+00:00,9229.0,9229.9,9228.1,9229.6,154
2025-09-08 22:15:00+00:00,9229.8,9231.1,9228.2,9230.2,120
2025-09-08 22:30:00+00:00,9230.4,9231.9,9229.7,9231.7,83
2025-09-08 22:45:00+00:00,9231.8,9232.9,9231.2,9232.7,83
2025-09-08 23:00:00+00:00,9232.9,9233.7,9231.9,9232.4,58
2025-09-08 23:15:00+00:00,9232.2,9233.2,9231.0,9231.5,86
2025-09-08 23:30:00+00:00,9231.7,9232.0,9229.0,9229.0,118
2025-09-08 23:45:00+00:00,9228.7,9230.5,9228.7,9229.0,101
2025-09-09 00:00:00+00:00,9231.3,9231.4,9223.3,9224.1,631
2025-09-09 00:15:00+00:00,9224.1,9229.7,9223.8,9229.3,509
2025-09-09 00:30:00+00:00,9229.2,9232.0,9225.5,9230.9,448
2025-09-09 00:45:00+00:00,9230.8,9231.6,9229.4,9230.8,350
2025-09-09 01:00:00+00:00,9230.5,9232.1,9229.6,9230.6,285
2025-09-09 01:15:00+00:00,9230.4,9230.4,9223.2,9224.9,425
2025-09-09 01:30:00+00:00,9224.9,9226.0,9222.4,9225.9,504
2025-09-09 01:45:00+00:00,9225.6,9226.7,9224.7,9225.9,426
2025-09-09 02:00:00+00:00,9226.0,9229.2,9225.4,9228.9,367
2025-09-09 02:15:00+00:00,9228.9,9231.6,9228.9,9230.9,386
2025-09-09 02:30:00+00:00,9230.5,9231.3,9228.2,9228.2,380
2025-09-09 02:45:00+00:00,9228.1,9228.3,9226.4,9227.7,272
2025-09-09 03:00:00+00:00,9227.7,9228.9,9227.4,9228.7,259
2025-09-09 03:15:00+00:00,9228.8,9229.0,9227.7,9228.7,280
2025-09-09 03:30:00+00:00,9228.7,9231.2,9227.0,9229.7,336
2025-09-09 03:45:00+00:00,9229.8,9230.0,9228.4,9229.5,258
2025-09-09 04:00:00+00:00,9229.5,9231.3,9228.7,9230.5,262
2025-09-09 04:15:00+00:00,9230.6,9230.6,9229.7,9229.8,116
2025-09-09 04:30:00+00:00,9229.8,9230.3,9226.2,9228.3,193
2025-09-09 04:45:00+00:00,9228.4,9229.3,9224.1,9224.6,266
2025-09-09 05:00:00+00:00,9224.6,9224.8,9219.1,9219.1,110
2025-09-09 05:15:00+00:00,9218.8,9218.8,9209.9,9211.6,106
2025-09-09 05:30:00+00:00,9211.9,9213.9,9209.6,9213.4,56
2025-09-09 05:45:00+00:00,9213.1,9217.9,9212.9,9214.4,64
2025-09-09 06:00:00+00:00,9214.1,9222.2,9212.9,9222.2,152
2025-09-09 06:15:00+00:00,9222.7,9225.2,9221.2,9225.2,93
2025-09-09 06:30:00+00:00,9224.7,9228.7,9224.7,9228.7,93
2025-09-09 06:45:00+00:00,9228.9,9239.7,9228.4,9239.2,175
2025-09-09 07:00:00+00:00,9238.9,9241.2,9225.7,9239.1,960
2025-09-09 07:15:00+00:00,9238.9,9240.9,9233.6,9238.6,544
2025-09-09 07:30:00+00:00,9238.1,9248.2,9236.1,9240.6,526
2025-09-09 07:45:00+00:00,9240.4,9242.7,9230.7,9236.0,618
2025-09-09 08:00:00+00:00,9236.2,9239.9,9233.2,9237.2,522
2025-09-09 08:15:00+00:00,9236.9,9243.7,9235.9,9238.7,500
2025-09-09 08:30:00+00:00,9238.9,9242.5,9236.8,9237.4,458
2025-09-09 08:45:00+00:00,9237.4,9239.6,9229.5,9234.0,358
2025-09-09 09:00:00+00:00,9233.5,9236.7,9228.7,9232.8,406
2025-09-09 09:15:00+00:00,9232.5,9234.0,9226.2,9227.7,381
2025-09-09 09:30:00+00:00,9227.4,9234.2,9226.9,9234.0,372
2025-09-09 09:45:00+00:00,9234.0,9236.3,9231.9,9234.8,253
2025-09-09 10:00:00+00:00,9234.8,9251.3,9234.8,9246.1,332
2025-09-09 10:15:00+00:00,9245.8,9248.0,9244.8,9245.6,257
2025-09-09 10:30:00+00:00,9245.4,9247.1,9241.0,9243.4,302
2025-09-09 10:45:00+00:00,9243.9,9244.4,9240.0,9243.0,259
2025-09-09 11:00:00+00:00,9242.8,9249.6,9241.3,9244.5,314
2025-09-09 11:15:00+00:00,9244.7,9247.4,9243.3,9245.0,289
2025-09-09 11:30:00+00:00,9244.3,9245.3,9240.6,9240.6,247
2025-09-09 11:45:00+00:00,9240.6,9243.1,9238.8,9242.4,280
2025-09-09 12:00:00+00:00,9242.1,9254.0,9242.1,9250.3,449
2025-09-09 12:15:00+00:00,9250.5,9253.5,9250.3,9251.5,318
2025-09-09 12:30:00+00:00,9251.0,9254.9,9245.2,9247.2,403
2025-09-09 12:45:00+00:00,9247.7,9248.6,9243.7,9243.9,431
2025-09-09 13:00:00+00:00,9244.2,9246.7,9231.4,9231.6,867
2025-09-09 13:15:00+00:00,9232.1,9232.9,9225.5,9225.8,465
2025-09-09 13:30:00+00:00,9225.5,9240.7,9223.8,9229.4,1300
2025-09-09 13:45:00+00:00,9229.9,9242.7,9225.7,9236.1,1149
2025-09-09 14:00:00+00:00,9236.3,9239.6,9227.7,9236.9,1426
2025-09-09 14:15:00+00:00,9237.2,9243.5,9236.6,9241.0,941
2025-09-09 14:30:00+00:00,9241.3,9243.8,9235.8,9240.8,1075
2025-09-09 14:45:00+00:00,9240.5,9242.8,9230.7,9234.2,1016
2025-09-09 15:00:00+00:00,9234.4,9244.0,9231.0,9237.8,841
2025-09-09 15:15:00+00:00,9237.5,9246.3,9236.0,9244.4,849
2025-09-09 15:30:00+00:00,9244.1,9248.4,9238.6,9244.9,761
2025-09-09 15:45:00+00:00,9245.1,9248.6,9242.6,9244.9,432
2025-09-09 16:00:00+00:00,9244.7,9248.2,9243.2,9245.7,388
2025-09-09 16:15:00+00:00,9245.9,9246.4,9240.9,9245.4,387
2025-09-09 16:30:00+00:00,9245.2,9247.9,9244.2,9245.7,366
2025-09-09 16:45:00+00:00,9245.4,9246.9,9244.0,9244.7,320
2025-09-09 17:00:00+00:00,9244.5,9250.0,9243.7,9248.5,317
2025-09-09 17:15:00+00:00,9248.7,9255.2,9248.5,9252.5,203
2025-09-09 17:30:00+00:00,9252.7,9256.0,9251.7,9256.0,283
2025-09-09 17:45:00+00:00,9256.2,9258.0,9254.7,9258.0,286
2025-09-09 18:00:00+00:00,9257.8,9261.0,9257.8,9259.3,260
2025-09-09 18:15:00+00:00,9259.5,9263.3,9259.5,9263.0,328
2025-09-09 18:30:00+00:00,9263.3,9264.3,9259.8,9260.0,286
2025-09-09 18:45:00+00:00,9260.3,9263.0,9259.6,9260.8,156
2025-09-09 19:00:00+00:00,9260.6,9261.1,9254.3,9254.3,267
2025-09-09 19:15:00+00:00,9254.6,9256.6,9254.1,9255.6,192
2025-09-09 19:30:00+00:00,9255.9,9255.9,9252.6,9254.4,190
2025-09-09 19:45:00+00:00,9254.1,9258.4,9252.1,9253.4,374
2025-09-09 20:00:00+00:00,9252.9,9261.6,9249.9,9261.1,402
2025-09-09 20:30:00+00:00,9265.1,9267.8,9264.1,9267.1,192
2025-09-09 20:45:00+00:00,9267.2,9268.3,9262.1,9262.6,212
2025-09-09 22:00:00+00:00,9264.3,9269.4,9263.7,9268.4,161
2025-09-09 22:15:00+00:00,9268.7,9269.2,9262.0,9262.6,138
2025-09-09 22:30:00+00:00,9262.5,9264.2,9262.2,9263.0,131
2025-09-09 22:45:00+00:00,9262.7,9263.2,9258.0,9258.0,115
2025-09-09 23:00:00+00:00,9258.2,9258.5,9251.5,9251.5,151
2025-09-09 23:15:00+00:00,9251.3,9252.0,9246.6,9247.1,147
2025-09-09 23:30:00+00:00,9247.2,9249.3,9246.3,9249.1,98
2025-09-09 23:45:00+00:00,9249.6,9250.3,9247.8,9248.3,147
2025-09-10 00:00:00+00:00,9254.6,9256.9,9250.3,9256.9,575
2025-09-10 00:15:00+00:00,9256.1,9260.4,9253.1,9259.9,624
2025-09-10 00:30:00+00:00,9259.5,9263.2,9259.5,9261.9,383
2025-09-10 00:45:00+00:00,9261.9,9263.5,9260.4,9260.8,416
2025-09-10 01:00:00+00:00,9261.0,9262.6,9257.2,9258.2,496
2025-09-10 01:15:00+00:00,9257.8,9260.4,9257.2,9260.0,475
2025-09-10 01:30:00+00:00,9260.2,9262.2,9259.9,9260.1,456
2025-09-10 01:45:00+00:00,9260.0,9261.5,9259.0,9261.3,385
2025-09-10 02:00:00+00:00,9261.3,9263.0,9260.8,9262.5,434
2025-09-10 02:15:00+00:00,9262.5,9263.6,9261.5,9261.8,404
2025-09-10 02:30:00+00:00,9261.8,9263.8,9261.0,9261.3,388
2025-09-10 02:45:00+00:00,9261.3,9262.3,9257.8,9258.1,363
2025-09-10 03:00:00+00:00,9258.5,9261.4,9258.1,9261.3,228
2025-09-10 03:15:00+00:00,9261.3,9262.1,9259.4,9259.4,277
2025-09-10 03:30:00+00:00,9259.6,9261.2,9259.2,9260.6,254
2025-09-10 03:45:00+00:00,9260.6,9261.8,9260.3,9260.9,260
2025-09-10 04:00:00+00:00,9260.9,9261.2,9258.1,9258.2,198
2025-09-10 04:15:00+00:00,9258.2,9258.9,9255.8,9258.9,180
2025-09-10 04:30:00+00:00,9259.1,9260.1,9258.4,9258.4,246
2025-09-10 04:45:00+00:00,9258.6,9259.6,9257.9,9259.2,203
2025-09-10 05:00:00+00:00,9258.9,9260.7,9258.7,9260.5,72
2025-09-10 05:15:00+00:00,9260.2,9260.7,9258.5,9260.5,63
2025-09-10 05:30:00+00:00,9260.7,9261.7,9259.0,9259.5,83
2025-09-10 05:45:00+00:00,9259.0,9261.0,9257.8,9258.3,71
2025-09-10 06:00:00+00:00,9258.5,9258.8,9252.8,9253.8,204
2025-09-10 06:15:00+00:00,9254.0,9258.3,9253.3,9256.0,193
2025-09-10 06:30:00+00:00,9256.5,9263.3,9255.8,9262.8,136
2025-09-10 06:45:00+00:00,9262.5,9265.3,9259.6,9264.1,166
2025-09-10 07:00:00+00:00,9265.1,9265.1,9252.6,9261.2,1063
2025-09-10 07:15:00+00:00,9261.5,9269.1,9260.5,9263.4,604
2025-09-10 07:30:00+00:00,9262.9,9264.9,9252.8,9262.3,593
2025-09-10 07:45:00+00:00,9262.8,9269.9,9262.3,9269.8,460
2025-09-10 08:00:00+00:00,9270.1,9276.1,9267.8,9275.2,592
2025-09-10 08:15:00+00:00,9274.7,9277.5,9261.7,9265.0,559
2025-09-10 08:30:00+00:00,9265.2,9268.5,9257.2,9258.2,624
2025-09-10 08:45:00+00:00,9258.5,9261.2,9250.0,9251.3,527
2025-09-10 09:00:00+00:00,9251.3,9253.9,9248.3,9251.7,495
2025-09-10 09:15:00+00:00,9251.2,9251.2,9243.5,9245.5,423
2025-09-10 09:30:00+00:00,9245.2,9257.6,9243.6,9257.1,457
2025-09-10 09:45:00+00:00,9257.1,9266.9,9256.7,9264.9,473
2025-09-10 10:00:00+00:00,9264.4,9269.8,9260.4,9267.3,420
2025-09-10 10:15:00+00:00,9267.1,9274.8,9257.5,9273.5,498
2025-09-10 10:30:00+00:00,9273.3,9282.6,9273.3,9280.9,581
2025-09-10 10:45:00+00:00,9280.6,9291.8,9275.9,9287.7,555
2025-09-10 11:00:00+00:00,9287.5,9289.0,9275.4,9275.7,316
2025-09-10 11:15:00+00:00,9275.9,9276.2,9267.7,9270.9,339
2025-09-10 11:30:00+00:00,9270.7,9272.9,9262.0,9262.5,322
2025-09-10 11:45:00+00:00,9263.0,9265.1,9260.5,9261.8,293
2025-09-10 12:00:00+00:00,9261.5,9264.5,9257.9,9257.9,366
2025-09-10 12:15:00+00:00,9257.4,9261.3,9254.0,9256.6,368
2025-09-10 12:30:00+00:00,9256.4,9271.4,9255.2,9262.9,986
2025-09-10 12:45:00+00:00,9263.2,9266.4,9251.4,9252.4,734
2025-09-10 13:00:00+00:00,9252.7,9256.7,9249.3,9252.4,627
2025-09-10 13:15:00+00:00,9251.9,9252.5,9236.5,9237.7,588
2025-09-10 13:30:00+00:00,9237.5,9244.9,9232.5,9238.6,1496
2025-09-10 13:45:00+00:00,9238.9,9244.4,9236.5,9240.9,1315
2025-09-10 14:00:00+00:00,9240.7,9252.1,9238.8,9250.4,1147
2025-09-10 14:15:00+00:00,9250.6,9252.6,9235.0,9237.6,1025
2025-09-10 14:30:00+00:00,9237.3,9237.8,9225.4,9225.4,797
2025-09-10 14:45:00+00:00,9225.1,9228.9,9222.4,9226.2,842
2025-09-10 15:00:00+00:00,9225.9,9232.9,9225.4,9232.6,1040
2025-09-10 15:15:00+00:00,9232.4,9232.9,9223.8,9227.3,890
2025-09-10 15:30:00+00:00,9227.8,9236.3,9218.3,9236.0,863
2025-09-10 15:45:00+00:00,9235.8,9238.5,9233.5,9236.3,339
2025-09-10 16:00:00+00:00,9236.0,9241.5,9235.8,9240.5,395
2025-09-10 16:15:00+00:00,9240.3,9242.3,9234.1,9234.8,385
2025-09-10 16:30:00+00:00,9235.1,9235.8,9230.8,9231.3,289
2025-09-10 16:45:00+00:00,9231.6,9239.6,9229.8,9238.1,309
2025-09-10 17:00:00+00:00,9237.8,9243.9,9236.4,9242.9,287
2025-09-10 17:15:00+00:00,9243.1,9243.4,9235.4,9235.6,409
2025-09-10 17:30:00+00:00,9235.9,9241.9,9235.4,9238.1,271
2025-09-10 17:45:00+00:00,9237.9,9238.1,9232.7,9235.9,344
2025-09-10 18:00:00+00:00,9235.7,9241.9,9234.7,9239.7,356
2025-09-10 18:15:00+00:00,9239.4,9242.4,9236.9,9241.2,352
2025-09-10 18:30:00+00:00,9240.9,9243.2,9239.9,9240.5,298
2025-09-10 18:45:00+00:00,9240.7,9248.2,9239.7,9247.2,331
2025-09-10 19:00:00+00:00,9247.0,9248.5,9241.2,9242.2,437
2025-09-10 19:15:00+00:00,9242.5,9246.0,9239.0,9239.0,518
2025-09-10 19:30:00+00:00,9239.5,9242.5,9235.5,9242.5,440
2025-09-10 19:45:00+00:00,9242.8,9245.8,9240.8,9244.8,437
2025-09-10 20:00:00+00:00,9244.5,9246.4,9242.5,9242.7,272
2025-09-10 20:30:00+00:00,9243.5,9243.7,9242.0,9242.5,62
2025-09-10 20:45:00+00:00,9242.3,9242.5,9240.9,9241.5,58
2025-09-10 22:00:00+00:00,9241.7,9242.2,9239.7,9240.2,118
2025-09-10 22:15:00+00:00,9239.9,9241.4,9239.2,9240.2,87
2025-09-10 22:30:00+00:00,9240.4,9242.9,9240.2,9242.7,93
2025-09-10 22:45:00+00:00,9243.2,9248.6,9242.7,9245.1,149
2025-09-10 23:00:00+00:00,9245.4,9248.6,9243.9,9246.4,167
2025-09-10 23:15:00+00:00,9246.1,9249.1,9246.1,9246.6,116
2025-09-10 23:30:00+00:00,9246.9,9247.4,9245.6,9246.4,88
2025-09-10 23:45:00+00:00,9246.1,9246.4,9244.1,9245.4,111
2025-09-11 00:00:00+00:00,9253.1,9253.8,9247.3,9248.6,670
2025-09-11 00:15:00+00:00,9248.8,9250.8,9246.8,9249.7,596
2025-09-11 00:30:00+00:00,9249.7,9253.0,9249.3,9253.0,452
2025-09-11 00:45:00+00:00,9252.9,9254.1,9251.2,9252.0,495
2025-09-11 01:00:00+00:00,9252.0,9252.8,9249.9,9250.3,496
2025-09-11 01:15:00+00:00,9250.2,9250.3,9246.0,9247.5,433
2025-09-11 01:30:00+00:00,9247.4,9250.4,9246.7,9250.2,457
2025-09-11 01:45:00+00:00,9250.2,9252.8,9250.1,9252.5,403
2025-09-11 02:00:00+00:00,9252.3,9252.6,9251.1,9251.7,348
2025-09-11 02:15:00+00:00,9251.7,9254.7,9251.4,9254.5,353
2025-09-11 02:30:00+00:00,9254.5,9255.3,9253.4,9253.5,307
2025-09-11 02:45:00+00:00,9253.5,9254.0,9252.5,9252.7,238
2025-09-11 03:00:00+00:00,9252.9,9254.8,9252.4,9254.0,270
2025-09-11 03:15:00+00:00,9254.0,9255.5,9253.3,9254.5,263
2025-09-11 03:30:00+00:00,9254.5,9254.5,9252.0,9253.3,255
2025-09-11 03:45:00+00:00,9253.3,9253.6,9251.9,9252.0,290
2025-09-11 04:00:00+00:00,9252.0,9252.4,9249.0,9249.3,215
2025-09-11 04:15:00+00:00,9249.1,9249.2,9238.9,9242.0,623
2025-09-11 04:30:00+00:00,9242.0,9243.7,9241.5,9243.0,364
2025-09-11 04:45:00+00:00,9243.0,9244.6,9243.0,9244.0,372
2025-09-11 05:00:00+00:00,9244.2,9245.3,9241.3,9241.3,109
2025-09-11 05:15:00+00:00,9241.8,9248.0,9241.3,9247.3,90
2025-09-11 05:30:00+00:00,9247.5,9249.0,9246.5,9247.8,47
2025-09-11 05:45:00+00:00,9247.5,9249.8,9243.3,9243.8,59
2025-09-11 06:00:00+00:00,9243.5,9248.0,9239.5,9247.8,166
2025-09-11 06:15:00+00:00,9248.5,9253.5,9247.3,9253.0,146
2025-09-11 06:30:00+00:00,9252.8,9254.5,9249.0,9250.8,169
2025-09-11 06:45:00+00:00,9251.0,9258.5,9251.0,9258.5,122
2025-09-11 07:00:00+00:00,9259.5,9265.5,9254.8,9265.0,1099
2025-09-11 07:15:00+00:00,9265.3,9272.8,9264.1,9268.1,642
2025-09-11 07:30:00+00:00,9268.4,9272.6,9265.2,9269.2,501
2025-09-11 07:45:00+00:00,9269.5,9272.4,9264.6,9270.4,475
2025-09-11 08:00:00+00:00,9270.7,9271.1,9265.7,9269.4,405
2025-09-11 08:15:00+00:00,9269.2,9274.7,9269.2,9269.9,390
2025-09-11 08:30:00+00:00,9269.7,9271.0,9262.1,9262.1,360
2025-09-11 08:45:00+00:00,9262.6,9262.6,9256.1,9260.6,414
2025-09-11 09:00:00+00:00,9260.4,9270.2,9259.4,9263.4,346
2025-09-11 09:15:00+00:00,9263.2,9267.6,9260.5,9265.0,294
2025-09-11 09:30:00+00:00,9264.8,9264.8,9258.1,9261.4,303
2025-09-11 09:45:00+00:00,9261.9,9262.2,9258.7,9261.4,272
2025-09-11 10:00:00+00:00,9261.9,9266.3,9260.1,9266.0,269
2025-09-11 10:15:00+00:00,9266.3,9273.2,9266.0,9272.4,276
2025-09-11 10:30:00+00:00,9272.2,9273.6,9269.9,9270.6,198
2025-09-11 10:45:00+00:00,9270.9,9277.6,9270.1,9273.9,236
2025-09-11 11:00:00+00:00,9274.2,9276.5,9271.4,9276.2,258
2025-09-11 11:15:00+00:00,9276.5,9276.8,9274.1,9275.3,206
2025-09-11 11:30:00+00:00,9275.1,9276.6,9268.7,9269.0,214
2025-09-11 11:45:00+00:00,9269.2,9270.7,9265.1,9268.3,306
2025-09-11 12:00:00+00:00,9268.1,9272.7,9264.0,9272.4,372
2025-09-11 12:15:00+00:00,9274.4,9277.2,9269.9,9276.7,512
2025-09-11 12:30:00+00:00,9276.2,9276.2,9256.3,9262.7,1303
2025-09-11 12:45:00+00:00,9262.5,9275.7,9262.0,9274.2,851
2025-09-11 13:00:00+00:00,9274.5,9276.5,9257.1,9259.3,807
2025-09-11 13:15:00+00:00,9259.6,9263.8,9251.3,9251.3,554
2025-09-11 13:30:00+00:00,9251.8,9268.5,9250.0,9268.3,1343
2025-09-11 13:45:00+00:00,9268.0,9286.9,9265.8,9285.7,1153
2025-09-11 14:00:00+00:00,9285.2,9287.2,9278.8,9282.5,1229
2025-09-11 14:15:00+00:00,9282.8,9292.8,9282.3,9288.9,729
2025-09-11 14:30:00+00:00,9289.1,9291.2,9281.3,9290.7,796
2025-09-11 14:45:00+00:00,9290.2,9291.9,9283.9,9289.9,799
2025-09-11 15:00:00+00:00,9290.2,9290.2,9283.6,9286.6,753
2025-09-11 15:15:00+00:00,9286.3,9295.0,9286.1,9293.5,675
2025-09-11 15:30:00+00:00,9293.3,9302.6,9293.0,9302.6,602
2025-09-11 15:45:00+00:00,9302.3,9308.6,9298.6,9308.1,387
2025-09-11 16:00:00+00:00,9307.8,9310.3,9306.6,9309.6,242
2025-09-11 16:15:00+00:00,9309.8,9311.6,9306.8,9310.6,247
2025-09-11 16:30:00+00:00,9311.1,9314.6,9309.1,9311.6,258
2025-09-11 16:45:00+00:00,9311.4,9312.4,9309.6,9312.4,227
2025-09-11 17:00:00+00:00,9311.9,9311.9,9306.9,9309.4,278
2025-09-11 17:15:00+00:00,9309.6,9311.6,9307.2,9308.1,293
2025-09-11 17:30:00+00:00,9308.2,9312.9,9308.2,9312.2,197
2025-09-11 17:45:00+00:00,9312.2,9313.7,9309.4,9313.2,309
2025-09-11 18:00:00+00:00,9313.4,9316.2,9311.4,9311.4,224
2025-09-11 18:15:00+00:00,9311.7,9313.2,9310.2,9311.2,245
2025-09-11 18:30:00+00:00,9311.5,9312.7,9308.2,9310.5,267
2025-09-11 18:45:00+00:00,9310.7,9313.0,9310.2,9312.5,283
2025-09-11 19:00:00+00:00,9312.2,9315.5,9312.0,9315.2,201
2025-09-11 19:15:00+00:00,9315.7,9316.7,9313.8,9314.3,238
2025-09-11 19:30:00+00:00,9314.8,9317.8,9313.3,9313.3,218
2025-09-11 19:45:00+00:00,9313.0,9319.8,9312.0,9317.8,368
2025-09-11 20:00:00+00:00,9316.5,9319.8,9316.1,9317.3,281
2025-09-11 20:30:00+00:00,9318.1,9318.6,9316.8,9317.3,46
2025-09-11 20:45:00+00:00,9317.1,9318.3,9317.1,9317.3,53
2025-09-11 22:00:00+00:00,9318.9,9320.3,9318.2,9318.4,215
2025-09-11 22:15:00+00:00,9318.7,9319.4,9317.4,9318.9,98
2025-09-11 22:30:00+00:00,9319.2,9319.2,9316.2,9317.0,117
2025-09-11 22:45:00+00:00,9316.7,9318.7,9316.7,9318.0,85
2025-09-11 23:00:00+00:00,9318.2,9319.5,9316.7,9319.2,80
2025-09-11 23:15:00+00:00,9319.0,9320.5,9318.7,9319.5,71
2025-09-11 23:30:00+00:00,9319.7,9320.5,9319.0,9319.2,85
2025-09-11 23:45:00+00:00,9319.0,9320.0,9318.3,9318.8,104
2025-09-12 00:00:00+00:00,9317.9,9318.0,9311.1,9317.7,1041
2025-09-12 00:15:00+00:00,9318.1,9321.5,9318.1,9319.8,465
2025-09-12 00:30:00+00:00,9319.7,9321.0,9318.9,9319.8,380
2025-09-12 00:45:00+00:00,9319.9,9322.5,9319.7,9321.3,313
2025-09-12 01:00:00+00:00,9321.3,9322.6,9320.3,9322.1,309
2025-09-12 01:15:00+00:00,9322.2,9323.5,9321.8,9322.6,354
2025-09-12 01:30:00+00:00,9322.6,9322.6,9316.8,9316.9,414
2025-09-12 01:45:00+00:00,9316.8,9317.7,9312.4,9315.7,430
2025-09-12 02:00:00+00:00,9315.7,9316.2,9312.9,9313.9,411
2025-09-12 02:15:00+00:00,9314.1,9319.3,9313.3,9318.4,418
2025-09-12 02:30:00+00:00,9318.6,9321.0,9317.7,9319.7,438
2025-09-12 02:45:00+00:00,9319.7,9321.2,9318.4,9318.4,367
2025-09-12 03:00:00+00:00,9318.6,9320.2,9318.0,9319.0,323
2025-09-12 03:15:00+00:00,9318.4,9319.3,9315.0,9315.0,313
2025-09-12 03:30:00+00:00,9315.0,9315.8,9313.1,9315.5,326
2025-09-12 03:45:00+00:00,9315.4,9320.4,9315.4,9320.0,210
2025-09-12 04:00:00+00:00,9320.2,9322.2,9320.0,9320.5,327
2025-09-12 04:15:00+00:00,9320.5,9320.7,9319.7,9320.6,295
2025-09-12 04:30:00+00:00,9320.6,9320.8,9319.1,9319.8,241
2025-09-12 04:45:00+00:00,9320.0,9320.3,9317.1,9317.6,272
2025-09-12 05:00:00+00:00,9317.8,9318.8,9314.1,9315.6,99
2025-09-12 05:15:00+00:00,9315.3,9318.6,9314.3,9318.1,109
2025-09-12 05:30:00+00:00,9317.8,9319.9,9317.1,9319.6,103
2025-09-12 05:45:00+00:00,9319.9,9319.9,9317.9,9317.9,87
2025-09-12 06:00:00+00:00,9319.6,9322.9,9313.6,9316.1,156
2025-09-12 06:15:00+00:00,9316.6,9317.9,9314.9,9316.1,137
2025-09-12 06:30:00+00:00,9315.9,9317.4,9310.9,9311.7,157
2025-09-12 06:45:00+00:00,9311.9,9315.7,9310.4,9312.2,208
2025-09-12 07:00:00+00:00,9315.2,9324.6,9305.4,9322.1,1073
2025-09-12 07:15:00+00:00,9321.9,9324.3,9313.1,9322.2,639
2025-09-12 07:30:00+00:00,9322.4,9327.2,9317.0,9322.7,668
2025-09-12 07:45:00+00:00,9323.0,9340.2,9323.0,9338.2,654
2025-09-12 08:00:00+00:00,9338.5,9341.0,9318.9,9319.2,854
2025-09-12 08:15:00+00:00,9319.0,9330.3,9316.1,9325.8,546
2025-09-12 08:30:00+00:00,9325.6,9326.6,9319.7,9322.3,532
2025-09-12 08:45:00+00:00,9322.2,9325.1,9320.2,9324.4,421
2025-09-12 09:00:00+00:00,9324.1,9327.7,9321.3,9322.8,432
2025-09-12 09:15:00+00:00,9323.0,9331.0,9321.3,9329.3,372
2025-09-12 09:30:00+00:00,9329.0,9330.5,9324.9,9327.0,401
2025-09-12 09:45:00+00:00,9326.5,9332.3,9326.3,9331.3,347
2025-09-12 10:00:00+00:00,9331.0,9333.0,9321.0,9321.6,383
2025-09-12 10:15:00+00:00,9321.1,9326.1,9320.6,9325.3,201
2025-09-12 10:30:00+00:00,9325.0,9328.5,9324.5,9327.0,283
2025-09-12 10:45:00+00:00,9327.5,9335.4,9327.5,9334.4,256
2025-09-12 11:00:00+00:00,9334.2,9335.9,9331.9,9333.7,275
2025-09-12 11:15:00+00:00,9333.4,9335.8,9332.1,9334.7,212
2025-09-12 11:30:00+00:00,9334.2,9336.0,9333.2,9335.0,248
2025-09-12 11:45:00+00:00,9334.8,9336.0,9330.2,9332.4,236
2025-09-12 12:00:00+00:00,9331.9,9333.0,9326.3,9329.1,396
2025-09-12 12:15:00+00:00,9328.9,9332.4,9328.3,9331.1,307
2025-09-12 12:30:00+00:00,9331.3,9331.8,9324.1,9330.8,506
2025-09-12 12:45:00+00:00,9331.0,9331.0,9325.7,9325.7,345
2025-09-12 13:00:00+00:00,9325.7,9333.9,9321.5,9330.8,423
2025-09-12 13:15:00+00:00,9330.3,9330.5,9325.7,9327.6,403
2025-09-12 13:30:00+00:00,9327.4,9341.7,9324.6,9332.3,1136
2025-09-12 13:45:00+00:00,9332.5,9332.5,9321.4,9322.7,856
2025-09-12 14:00:00+00:00,9321.5,9324.7,9313.8,9317.3,1054
2025-09-12 14:15:00+00:00,9317.1,9318.1,9304.2,9305.7,732
2025-09-12 14:30:00+00:00,9306.0,9307.5,9297.1,9298.6,561
2025-09-12 14:45:00+00:00,9298.3,9298.3,9292.7,9295.1,512
2025-09-12 15:00:00+00:00,9294.8,9296.1,9285.9,9290.8,649
2025-09-12 15:15:00+00:00,9291.1,9293.1,9284.9,9286.4,509
2025-09-12 15:30:00+00:00,9285.9,9286.4,9273.7,9275.5,646
2025-09-12 15:45:00+00:00,9276.0,9277.0,9271.0,9273.5,280
2025-09-12 16:00:00+00:00,9274.0,9274.5,9269.0,9270.0,234
2025-09-12 16:15:00+00:00,9269.7,9271.0,9268.0,9270.0,164
2025-09-12 16:30:00+00:00,9270.0,9270.5,9264.3,9265.5,159
2025-09-12 16:45:00+00:00,9266.0,9267.0,9262.5,9265.5,187
2025-09-12 17:00:00+00:00,9265.8,9266.0,9261.5,9263.6,209
2025-09-12 17:15:00+00:00,9264.0,9267.3,9263.8,9264.1,145
2025-09-12 17:30:00+00:00,9264.6,9266.1,9263.1,9264.1,146
2025-09-12 17:45:00+00:00,9264.6,9268.1,9264.6,9267.1,122
2025-09-12 18:00:00+00:00,9266.6,9272.1,9266.6,9270.6,120
2025-09-12 18:15:00+00:00,9270.4,9271.1,9268.6,9270.6,109
2025-09-12 18:30:00+00:00,9270.9,9273.1,9270.6,9272.1,159
2025-09-12 18:45:00+00:00,9271.9,9275.4,9269.6,9269.6,264
2025-09-12 19:00:00+00:00,9269.9,9272.9,9269.9,9271.2,171
2025-09-12 19:15:00+00:00,9271.4,9271.7,9269.2,9269.2,155
2025-09-12 19:30:00+00:00,9269.4,9270.7,9262.4,9269.7,494
2025-09-12 19:45:00+00:00,9269.4,9272.2,9264.7,9265.7,509
2025-09-14 22:00:00+00:00,9266.3,9270.7,9266.0,9270.4,103
2025-09-14 22:15:00+00:00,9270.7,9272.4,9270.4,9271.2,184
2025-09-14 22:30:00+00:00,9271.4,9273.1,9270.7,9272.9,69
2025-09-14 22:45:00+00:00,9273.0,9273.6,9272.2,9272.7,59
2025-09-14 23:00:00+00:00,9272.5,9273.4,9271.4,9271.9,76
2025-09-14 23:15:00+00:00,9272.2,9272.2,9269.8,9269.9,70
2025-09-14 23:30:00+00:00,9269.7,9270.2,9268.0,9269.5,139
2025-09-14 23:45:00+00:00,9269.2,9269.7,9268.2,9269.5,135
2025-09-15 00:00:00+00:00,9264.5,9271.3,9261.1,9271.0,773
2025-09-15 00:15:00+00:00,9271.2,9273.2,9266.8,9266.9,611
2025-09-15 00:30:00+00:00,9267.2,9268.2,9265.0,9267.3,418
2025-09-15 00:45:00+00:00,9267.5,9270.0,9267.4,9269.7,356
2025-09-15 01:00:00+00:00,9269.7,9274.7,9269.7,9272.4,463
2025-09-15 01:15:00+00:00,9272.4,9274.3,9272.4,9274.0,309
2025-09-15 01:30:00+00:00,9274.0,9275.1,9273.3,9274.7,428
2025-09-15 01:45:00+00:00,9274.7,9278.4,9274.7,9276.0,418
2025-09-15 02:00:00+00:00,9276.2,9277.7,9275.2,9277.0,398
2025-09-15 02:15:00+00:00,9277.2,9277.6,9275.5,9277.5,337
2025-09-15 02:30:00+00:00,9277.4,9281.5,9277.4,9281.2,350
2025-09-15 02:45:00+00:00,9281.2,9281.7,9280.5,9281.2,322
2025-09-15 03:00:00+00:00,9281.4,9281.5,9279.9,9280.2,282
2025-09-15 03:15:00+00:00,9280.2,9280.4,9278.5,9278.7,322
2025-09-15 03:30:00+00:00,9278.6,9281.3,9278.4,9280.9,243
2025-09-15 03:45:00+00:00,9281.2,9283.3,9281.2,9281.4,246
2025-09-15 04:00:00+00:00,9281.5,9282.5,9281.4,9282.2,175
2025-09-15 04:15:00+00:00,9282.2,9282.2,9279.4,9280.4,244
2025-09-15 04:30:00+00:00,9280.4,9282.9,9280.4,9282.7,191
2025-09-15 04:45:00+00:00,9282.6,9282.9,9282.1,9282.2,145
2025-09-15 05:00:00+00:00,9282.5,9282.5,9281.2,9282.0,11
2025-09-15 05:15:00+00:00,9281.7,9282.7,9280.7,9281.7,48
2025-09-15 05:30:00+00:00,9281.5,9282.5,9281.1,9282.5,9
2025-09-15 05:45:00+00:00,9282.7,9285.5,9281.0,9285.5,55
2025-09-15 06:00:00+00:00,9286.0,9287.2,9282.2,9284.5,167
2025-09-15 06:15:00+00:00,9284.2,9287.2,9282.5,9285.0,98
2025-09-15 06:30:00+00:00,9285.5,9290.0,9285.0,9289.2,120
2025-09-15 06:45:00+00:00,9289.5,9292.5,9280.2,9280.2,243
2025-09-15 07:00:00+00:00,9279.5,9298.5,9275.7,9278.0,1094
2025-09-15 07:15:00+00:00,9277.7,9280.7,9275.0,9276.5,643
2025-09-15 07:30:00+00:00,9276.7,9277.7,9271.8,9273.6,640
2025-09-15 07:45:00+00:00,9273.4,9286.5,9272.9,9285.1,626
2025-09-15 08:00:00+00:00,9285.3,9285.5,9275.5,9281.2,748
2025-09-15 08:15:00+00:00,9281.2,9285.7,9277.2,9280.5,621
2025-09-15 08:30:00+00:00,9280.2,9286.4,9277.8,9282.6,494
2025-09-15 08:45:00+00:00,9282.3,9286.4,9275.4,9276.9,484
2025-09-15 09:00:00+00:00,9276.6,9276.9,9271.0,9273.4,445
2025-09-15 09:15:00+00:00,9273.2,9275.4,9269.5,9270.3,368
2025-09-15 09:30:00+00:00,9269.8,9275.6,9269.0,9275.6,321
2025-09-15 09:45:00+00:00,9275.1,9279.2,9274.0,9278.9,250
2025-09-15 10:00:00+00:00,9279.2,9286.8,9279.2,9284.0,295
2025-09-15 10:15:00+00:00,9284.0,9285.1,9281.9,9283.4,216
2025-09-15 10:30:00+00:00,9283.6,9284.1,9281.0,9282.9,255
2025-09-15 10:45:00+00:00,9282.9,9286.3,9282.9,9286.3,248
2025-09-15 11:00:00+00:00,9286.6,9287.8,9278.8,9281.8,258
2025-09-15 11:15:00+00:00,9281.5,9285.5,9281.3,9285.5,225
2025-09-15 11:30:00+00:00,9286.0,9286.5,9279.3,9281.5,249
2025-09-15 11:45:00+00:00,9281.8,9289.1,9281.8,9288.8,226
2025-09-15 12:00:00+00:00,9289.0,9289.5,9283.2,9283.7,388
2025-09-15 12:15:00+00:00,9284.0,9289.4,9282.0,9288.1,437
2025-09-15 12:30:00+00:00,9288.1,9291.9,9285.4,9290.2,480
2025-09-15 12:45:00+00:00,9290.4,9290.4,9281.1,9281.9,409
2025-09-15 13:00:00+00:00,9282.2,9287.5,9280.4,9284.9,337
2025-09-15 13:15:00+00:00,9285.2,9286.4,9274.6,9275.1,443
2025-09-15 13:30:00+00:00,9275.3,9279.3,9268.4,9269.1,1221
2025-09-15 13:45:00+00:00,9269.4,9275.0,9268.5,9274.5,795
2025-09-15 14:00:00+00:00,9274.7,9274.7,9262.7,9272.4,797
2025-09-15 14:15:00+00:00,9272.1,9285.5,9270.4,9282.2,651
2025-09-15 14:30:00+00:00,9281.7,9287.7,9280.1,9287.7,700
2025-09-15 14:45:00+00:00,9288.2,9289.6,9277.7,9279.6,538
2025-09-15 15:00:00+00:00,9279.1,9279.6,9268.4,9271.9,596
2025-09-15 15:15:00+00:00,9271.6,9277.7,9270.9,9273.9,696
2025-09-15 15:30:00+00:00,9274.4,9279.9,9270.2,9277.2,695
2025-09-15 15:45:00+00:00,9276.9,9277.2,9270.0,9274.2,323
2025-09-15 16:00:00+00:00,9274.5,9279.0,9273.0,9278.0,305
2025-09-15 16:15:00+00:00,9278.2,9278.5,9272.5,9273.5,348
2025-09-15 16:30:00+00:00,9274.0,9276.5,9271.6,9271.6,201
2025-09-15 16:45:00+00:00,9271.3,9275.1,9270.3,9270.6,204
2025-09-15 17:00:00+00:00,9270.3,9274.8,9268.3,9271.6,241
2025-09-15 17:15:00+00:00,9272.1,9272.4,9267.6,9270.9,277
2025-09-15 17:30:00+00:00,9270.6,9277.1,9270.6,9276.6,242
2025-09-15 17:45:00+00:00,9276.1,9277.7,9273.7,9273.7,236
2025-09-15 18:00:00+00:00,9274.2,9274.7,9268.2,9270.2,270
2025-09-15 18:15:00+00:00,9270.0,9276.0,9270.0,9275.0,230
2025-09-15 18:30:00+00:00,9274.7,9276.5,9272.0,9272.7,300
2025-09-15 18:45:00+00:00,9272.3,9277.0,9269.3,9274.8,287
2025-09-15 19:00:00+00:00,9275.0,9276.8,9273.8,9275.8,309
2025-09-15 19:15:00+00:00,9275.5,9278.8,9274.3,9277.1,260
2025-09-15 19:30:00+00:00,9276.8,9279.8,9274.3,9277.3,314
2025-09-15 19:45:00+00:00,9277.1,9284.6,9276.8,9283.4,556
2025-09-15 20:00:00+00:00,9282.1,9282.4,9278.3,9278.5,262
2025-09-15 20:30:00+00:00,9277.7,9280.3,9277.7,9280.0,57
2025-09-15 20:45:00+00:00,9279.8,9280.3,9277.9,9278.1,51
2025-09-15 22:00:00+00:00,9277.7,9279.2,9277.5,9278.2,88
2025-09-15 22:15:00+00:00,9278.0,9279.2,9276.8,9277.0,116
2025-09-15 22:30:00+00:00,9277.3,9277.3,9276.3,9277.1,94
2025-09-15 22:45:00+00:00,9277.0,9277.1,9275.4,9276.4,66
2025-09-15 23:00:00+00:00,9276.6,9277.6,9273.5,9273.6,82
2025-09-15 23:15:00+00:00,9273.7,9278.6,9273.7,9278.2,163
2025-09-15 23:30:00+00:00,9277.9,9278.2,9276.7,9277.1,165
2025-09-15 23:45:00+00:00,9277.0,9278.2,9276.0,9278.0,210
2025-09-16 00:00:00+00:00,9283.2,9283.6,9278.1,9279.0,742
2025-09-16 00:15:00+00:00,9279.0,9279.0,9273.9,9277.0,572
2025-09-16 00:30:00+00:00,9277.0,9277.9,9273.9,9276.8,635
2025-09-16 00:45:00+00:00,9276.8,9277.0,9275.4,9276.6,416
2025-09-16 01:00:00+00:00,9277.2,9282.2,9276.1,9281.6,470
2025-09-16 01:15:00+00:00,9281.6,9283.2,9281.4,9281.9,386
2025-09-16 01:30:00+00:00,9281.9,9282.5,9280.9,9281.2,502
2025-09-16 01:45:00+00:00,9281.1,9282.6,9280.3,9280.9,426
2025-09-16 02:00:00+00:00,9280.5,9281.8,9278.5,9281.7,355
2025-09-16 02:15:00+00:00,9281.8,9282.1,9279.0,9280.7,325
2025-09-16 02:30:00+00:00,9280.5,9282.3,9280.2,9281.0,469
2025-09-16 02:45:00+00:00,9281.1,9281.1,9278.0,9278.6,275
2025-09-16 03:00:00+00:00,9278.6,9279.9,9278.5,9279.6,216
2025-09-16 03:15:00+00:00,9279.6,9283.0,9279.3,9282.8,310
2025-09-16 03:30:00+00:00,9282.8,9283.6,9282.6,9283.6,335
2025-09-16 03:45:00+00:00,9283.4,9284.4,9282.4,9282.5,337
2025-09-16 04:00:00+00:00,9282.3,9282.3,9280.0,9280.4,260
2025-09-16 04:15:00+00:00,9280.6,9281.2,9279.9,9280.5,260
2025-09-16 04:30:00+00:00,9280.2,9281.4,9279.7,9281.0,248
2025-09-16 04:45:00+00:00,9280.9,9284.3,9280.7,9284.3,257
2025-09-16 05:00:00+00:00,9284.2,9284.8,9281.3,9281.3,71
2025-09-16 05:15:00+00:00,9280.8,9281.8,9279.3,9281.1,65
2025-09-16 05:30:00+00:00,9280.8,9281.3,9277.1,9279.8,81
2025-09-16 05:45:00+00:00,9279.6,9282.4,9278.6,9281.6,103
2025-09-16 06:00:00+00:00,9282.1,9286.1,9281.6,9283.9,138
2025-09-16 06:15:00+00:00,9283.6,9283.6,9278.9,9279.7,107
2025-09-16 06:30:00+00:00,9279.2,9281.7,9277.2,9281.2,132
2025-09-16 06:45:00+00:00,9280.7,9282.0,9276.5,9277.2,169
2025-09-16 07:00:00+00:00,9278.2,9281.0,9251.3,9256.0,1277
2025-09-16 07:15:00+00:00,9255.8,9267.2,9251.1,9251.9,835
2025-09-16 07:30:00+00:00,9252.1,9255.1,9248.5,9251.3,710
2025-09-16 07:45:00+00:00,9251.8,9257.6,9251.3,9257.3,493
2025-09-16 08:00:00+00:00,9257.1,9261.0,9253.2,9255.0,561
2025-09-16 08:15:00+00:00,9255.2,9264.0,9255.2,9264.0,412
2025-09-16 08:30:00+00:00,9264.5,9272.9,9263.2,9270.9,430
2025-09-16 08:45:00+00:00,9270.6,9270.9,9261.3,9262.8,409
2025-09-16 09:00:00+00:00,9262.8,9263.8,9255.8,9259.1,397
2025-09-16 09:15:00+00:00,9259.3,9261.0,9255.1,9257.8,351
2025-09-16 09:30:00+00:00,9257.8,9259.6,9254.3,9254.8,356
2025-09-16 09:45:00+00:00,9254.6,9255.2,9251.8,9252.2,340
2025-09-16 10:00:00+00:00,9252.2,9253.4,9248.8,9251.3,361
2025-09-16 10:15:00+00:00,9251.5,9252.9,9249.8,9252.2,250
2025-09-16 10:30:00+00:00,9251.9,9257.4,9251.4,9254.6,251
2025-09-16 10:45:00+00:00,9254.8,9256.8,9250.6,9253.1,314
2025-09-16 11:00:00+00:00,9253.3,9259.9,9253.1,9255.9,368
2025-09-16 11:15:00+00:00,9255.4,9258.6,9251.4,9256.9,276
2025-09-16 11:30:00+00:00,9257.1,9262.3,9256.3,9256.8,270
2025-09-16 11:45:00+00:00,9256.8,9259.5,9251.2,9253.6,313
2025-09-16 12:00:00+00:00,9253.9,9254.1,9244.0,9245.1,396
2025-09-16 12:15:00+00:00,9245.1,9252.4,9244.4,9252.1,378
2025-09-16 12:30:00+00:00,9251.9,9252.6,9243.8,9246.4,426
2025-09-16 12:45:00+00:00,9246.7,9247.2,9235.7,9238.7,500
2025-09-16 13:00:00+00:00,9238.2,9241.2,9228.3,9232.2,511
2025-09-16 13:15:00+00:00,9232.0,9233.4,9222.7,9222.7,449
2025-09-16 13:30:00+00:00,9222.5,9227.6,9206.9,9210.4,1374
2025-09-16 13:45:00+00:00,9210.2,9216.6,9208.1,9211.9,972
2025-09-16 14:00:00+00:00,9211.7,9213.0,9202.3,9206.9,1077
2025-09-16 14:15:00+00:00,9207.1,9214.5,9201.8,9203.6,737
2025-09-16 14:30:00+00:00,9203.3,9212.1,9198.4,9200.6,834
2025-09-16 14:45:00+00:00,9200.3,9209.3,9198.6,9204.6,893
2025-09-16 15:00:00+00:00,9204.8,9209.7,9199.3,9202.9,901
2025-09-16 15:15:00+00:00,9202.7,9203.9,9196.3,9198.8,899
2025-09-16 15:30:00+00:00,9199.1,9201.3,9189.8,9196.3,1074
2025-09-16 15:45:00+00:00,9196.8,9204.4,9195.4,9200.9,514
2025-09-16 16:00:00+00:00,9200.6,9205.4,9198.4,9198.9,376
2025-09-16 16:15:00+00:00,9199.1,9202.7,9198.9,9201.2,325
2025-09-16 16:30:00+00:00,9200.9,9202.7,9198.7,9200.2,274
2025-09-16 16:45:00+00:00,9200.4,9206.2,9199.9,9204.7,349
2025-09-16 17:00:00+00:00,9204.2,9207.5,9203.7,9205.0,223
2025-09-16 17:15:00+00:00,9205.2,9210.0,9205.2,9209.0,223
2025-09-16 17:30:00+00:00,9208.8,9212.3,9208.5,9208.8,287
2025-09-16 17:45:00+00:00,9209.0,9213.1,9208.1,9212.1,228
2025-09-16 18:00:00+00:00,9211.8,9214.6,9210.1,9210.6,212
2025-09-16 18:15:00+00:00,9210.4,9210.4,9206.6,9209.1,201
2025-09-16 18:30:00+00:00,9209.4,9211.9,9207.9,9208.2,175
2025-09-16 18:45:00+00:00,9208.4,9210.9,9206.2,9206.7,174
2025-09-16 19:00:00+00:00,9206.9,9207.4,9201.7,9203.0,144
2025-09-16 19:15:00+00:00,9203.2,9206.0,9201.7,9202.0,308
2025-09-16 19:30:00+00:00,9201.7,9205.8,9200.7,9204.8,335
2025-09-16 19:45:00+00:00,9205.0,9210.0,9202.8,9204.3,484
2025-09-16 20:00:00+00:00,9203.6,9207.3,9203.4,9206.8,191
2025-09-16 20:30:00+00:00,9207.8,9208.8,9207.8,9208.5,52
2025-09-16 20:45:00+00:00,9208.8,9208.8,9204.7,9205.7,72
2025-09-16 22:00:00+00:00,9204.8,9206.5,9204.8,9206.3,94
2025-09-16 22:15:00+00:00,9206.4,9206.5,9198.1,9200.8,78
2025-09-16 22:30:00+00:00,9201.0,9202.5,9201.0,9202.2,68
2025-09-16 22:45:00+00:00,9202.0,9203.0,9198.1,9202.0,39
2025-09-16 23:00:00+00:00,9202.3,9203.0,9201.6,9201.6,33
2025-09-16 23:15:00+00:00,9201.3,9201.8,9199.9,9200.1,51
2025-09-16 23:30:00+00:00,9199.9,9201.1,9199.9,9200.4,62
2025-09-16 23:45:00+00:00,9200.2,9201.9,9200.2,9201.5,53
2025-09-17 00:00:00+00:00,9203.1,9210.0,9202.8,9206.1,566
2025-09-17 00:15:00+00:00,9206.1,9211.2,9206.1,9210.3,495
2025-09-17 00:30:00+00:00,9210.4,9211.9,9209.5,9210.3,317
2025-09-17 00:45:00+00:00,9210.3,9211.7,9209.2,9211.3,400
2025-09-17 01:00:00+00:00,9211.3,9213.7,9209.9,9209.9,381
2025-09-17 01:15:00+00:00,9209.8,9210.3,9204.4,9208.4,469
2025-09-17 01:30:00+00:00,9208.1,9208.2,9204.9,9205.5,387
2025-09-17 01:45:00+00:00,9205.7,9208.0,9205.1,9206.7,353
2025-09-17 02:00:00+00:00,9206.9,9208.1,9205.5,9207.5,327
2025-09-17 02:15:00+00:00,9207.7,9209.3,9207.0,9207.1,355
2025-09-17 02:30:00+00:00,9207.1,9208.1,9206.5,9206.8,325
2025-09-17 02:45:00+00:00,9206.8,9209.8,9206.5,9209.5,366
2025-09-17 03:00:00+00:00,9209.7,9209.8,9208.6,9209.6,299
2025-09-17 03:15:00+00:00,9209.6,9209.9,9208.6,9209.4,257
2025-09-17 03:30:00+00:00,9209.3,9210.0,9208.6,9209.6,323
2025-09-17 03:45:00+00:00,9209.6,9211.8,9209.6,9210.9,231
2025-09-17 04:00:00+00:00,9211.4,9212.7,9210.2,9210.2,338
2025-09-17 04:15:00+00:00,9210.1,9212.2,9209.2,9211.7,314
2025-09-17 04:30:00+00:00,9211.7,9213.5,9210.2,9212.5,221
2025-09-17 04:45:00+00:00,9212.5,9213.2,9209.3,9210.4,223
2025-09-17 05:00:00+00:00,9210.4,9210.8,9207.8,9208.8,77
2025-09-17 05:15:00+00:00,9208.5,9210.1,9206.5,9210.1,94
2025-09-17 05:30:00+00:00,9210.3,9212.1,9209.1,9210.8,79
2025-09-17 05:45:00+00:00,9211.3,9214.6,9211.1,9213.6,104
2025-09-17 06:00:00+00:00,9213.1,9218.4,9209.9,9212.6,331
2025-09-17 06:15:00+00:00,9212.9,9214.1,9209.6,9211.7,213
2025-09-17 06:30:00+00:00,9211.2,9217.2,9210.4,9216.9,218
2025-09-17 06:45:00+00:00,9217.4,9224.0,9217.4,9219.5,293
2025-09-17 07:00:00+00:00,9219.7,9221.2,9205.6,9207.0,1290
2025-09-17 07:15:00+00:00,9206.5,9208.5,9198.2,9203.1,668
2025-09-17 07:30:00+00:00,9203.3,9205.4,9198.6,9201.8,551
2025-09-17 07:45:00+00:00,9202.1,9211.1,9198.7,9210.1,473
2025-09-17 08:00:00+00:00,9210.3,9212.1,9205.2,9205.6,407
2025-09-17 08:15:00+00:00,9205.4,9214.3,9201.5,9214.3,361
2025-09-17 08:30:00+00:00,9214.0,9219.9,9208.8,9211.8,599
2025-09-17 08:45:00+00:00,9211.5,9217.4,9210.5,9216.3,400
2025-09-17 09:00:00+00:00,9215.8,9220.6,9210.2,9215.9,482
2025-09-17 09:15:00+00:00,9216.1,9216.9,9212.4,9214.1,383
2025-09-17 09:30:00+00:00,9214.4,9215.1,9208.0,9208.5,391
2025-09-17 09:45:00+00:00,9208.8,9216.8,9207.5,9216.3,393
2025-09-17 10:00:00+00:00,9216.0,9218.0,9212.5,9213.7,330
2025-09-17 10:15:00+00:00,9213.5,9220.1,9213.2,9218.4,291
2025-09-17 10:30:00+00:00,9218.2,9218.4,9211.8,9212.4,300
2025-09-17 10:45:00+00:00,9212.6,9215.9,9210.6,9213.6,360
2025-09-17 11:00:00+00:00,9213.9,9220.3,9213.4,9219.0,301
2025-09-17 11:15:00+00:00,9219.3,9223.4,9218.2,9221.5,355
2025-09-17 11:30:00+00:00,9221.2,9222.5,9217.0,9218.0,292
2025-09-17 11:45:00+00:00,9218.0,9220.8,9217.0,9217.8,273
2025-09-17 12:00:00+00:00,9217.3,9220.1,9215.0,9219.7,252
2025-09-17 12:15:00+00:00,9219.2,9224.0,9217.7,9223.5,281
2025-09-17 12:30:00+00:00,9223.2,9223.2,9218.1,9220.9,309
2025-09-17 12:45:00+00:00,9221.1,9225.0,9218.9,9223.5,317
2025-09-17 13:00:00+00:00,9223.3,9227.4,9222.0,9222.9,316
2025-09-17 13:15:00+00:00,9222.7,9226.6,9221.5,9222.3,361
2025-09-17 13:30:00+00:00,9222.1,9246.0,9217.1,9241.8,1303
2025-09-17 13:45:00+00:00,9241.5,9242.7,9235.1,9240.5,822
2025-09-17 14:00:00+00:00,9240.7,9244.6,9230.0,9230.2,847
2025-09-17 14:15:00+00:00,9230.0,9232.0,9223.7,9223.7,602
2025-09-17 14:30:00+00:00,9223.9,9226.5,9212.3,9218.4,876
2025-09-17 14:45:00+00:00,9218.9,9219.1,9209.2,9211.5,695
2025-09-17 15:00:00+00:00,9211.3,9212.0,9202.5,9204.1,712
2025-09-17 15:15:00+00:00,9203.9,9213.1,9203.0,9207.4,575
2025-09-17 15:30:00+00:00,9207.6,9216.6,9205.7,9215.6,750
2025-09-17 15:45:00+00:00,9215.1,9217.3,9211.1,9216.1,329
2025-09-17 16:00:00+00:00,9216.3,9216.8,9211.1,9211.4,384
2025-09-17 16:15:00+00:00,9211.1,9212.9,9206.4,9206.7,311
2025-09-17 16:30:00+00:00,9206.4,9207.9,9201.8,9204.7,332
2025-09-17 16:45:00+00:00,9204.5,9204.5,9199.6,9199.8,285
2025-09-17 17:00:00+00:00,9200.0,9203.8,9199.8,9201.3,196
2025-09-17 17:15:00+00:00,9201.0,9202.8,9198.8,9200.6,200
2025-09-17 17:30:00+00:00,9200.3,9202.3,9198.1,9198.4,193
2025-09-17 17:45:00+00:00,9198.6,9203.1,9196.4,9202.3,211
2025-09-17 18:00:00+00:00,9202.8,9211.5,9199.6,9200.6,2156
2025-09-17 18:15:00+00:00,9200.4,9214.9,9196.2,9214.9,2038
2025-09-17 18:30:00+00:00,9214.7,9215.9,9187.3,9190.2,2819
2025-09-17 18:45:00+00:00,9190.5,9198.6,9178.4,9198.1,2196
2025-09-17 19:00:00+00:00,9197.9,9208.8,9193.5,9194.4,1992
2025-09-17 19:15:00+00:00,9194.9,9208.3,9194.7,9203.8,1517
2025-09-17 19:30:00+00:00,9203.6,9206.6,9195.2,9204.6,1482
2025-09-17 19:45:00+00:00,9204.3,9207.6,9197.2,9203.9,1223
2025-09-17 20:00:00+00:00,9206.1,9208.3,9204.4,9205.0,769
2025-09-17 20:30:00+00:00,9205.6,9208.3,9205.5,9206.1,278
2025-09-17 20:45:00+00:00,9206.2,9207.1,9204.0,9206.0,311
2025-09-17 22:00:00+00:00,9210.0,9212.1,9209.7,9211.7,270
2025-09-17 22:15:00+00:00,9211.6,9214.3,9211.4,9213.8,270
2025-09-17 22:30:00+00:00,9213.7,9217.2,9213.4,9216.7,271
2025-09-17 22:45:00+00:00,9216.8,9220.6,9216.3,9219.2,461
2025-09-17 23:00:00+00:00,9219.4,9221.9,9219.4,9220.1,284
2025-09-17 23:15:00+00:00,9220.2,9221.3,9220.2,9220.5,192
2025-09-17 23:30:00+00:00,9220.4,9221.7,9219.0,9219.5,218
2025-09-17 23:45:00+00:00,9219.6,9221.3,9215.8,9215.9,238
2025-09-18 00:00:00+00:00,9215.8,9216.0,9199.2,9199.6,635
2025-09-18 00:15:00+00:00,9200.0,9204.0,9197.0,9199.6,775
2025-09-18 00:30:00+00:00,9199.6,9209.3,9199.6,9206.8,598
2025-09-18 00:45:00+00:00,9206.8,9217.6,9204.9,9216.1,589
2025-09-18 01:00:00+00:00,9215.9,9227.7,9215.9,9226.6,692
2025-09-18 01:15:00+00:00,9226.6,9228.0,9223.6,9224.7,592
2025-09-18 01:30:00+00:00,9224.5,9224.9,9221.4,9221.4,554
2025-09-18 01:45:00+00:00,9221.4,9225.3,9219.8,9225.1,517
2025-09-18 02:00:00+00:00,9225.1,9225.1,9222.1,9224.6,362
2025-09-18 02:15:00+00:00,9224.6,9225.3,9222.0,9222.5,358
2025-09-18 02:30:00+00:00,9222.5,9225.3,9221.8,9224.1,361
2025-09-18 02:45:00+00:00,9224.1,9225.2,9223.6,9224.1,348
2025-09-18 03:00:00+00:00,9223.9,9225.1,9223.0,9224.3,513
2025-09-18 03:15:00+00:00,9224.3,9225.8,9224.3,9225.8,380
2025-09-18 03:30:00+00:00,9225.8,9226.1,9223.6,9223.8,393
2025-09-18 03:45:00+00:00,9223.8,9225.1,9223.3,9224.6,373
2025-09-18 04:00:00+00:00,9224.6,9224.7,9222.8,9224.2,368
2025-09-18 04:15:00+00:00,9224.3,9224.4,9223.3,9224.3,398
2025-09-18 04:30:00+00:00,9224.1,9225.5,9223.3,9224.4,415
2025-09-18 04:45:00+00:00,9224.4,9226.1,9223.8,9224.6,235
2025-09-18 05:00:00+00:00,9224.6,9225.1,9222.4,9222.9,113
2025-09-18 05:15:00+00:00,9223.1,9223.4,9216.9,9217.4,113
2025-09-18 05:30:00+00:00,9217.6,9217.9,9215.1,9215.6,85
2025-09-18 05:45:00+00:00,9215.4,9217.9,9214.6,9216.6,67
2025-09-18 06:00:00+00:00,9216.4,9216.4,9208.1,9211.9,426
2025-09-18 06:15:00+00:00,9212.1,9212.4,9206.6,9208.1,326
2025-09-18 06:30:00+00:00,9207.6,9219.4,9204.9,9211.9,340
2025-09-18 06:45:00+00:00,9211.6,9218.9,9211.4,9216.9,313
2025-09-18 07:00:00+00:00,9217.4,9234.4,9216.4,9218.6,1159
2025-09-18 07:15:00+00:00,9218.9,9220.9,9210.4,9216.6,680
2025-09-18 07:30:00+00:00,9216.9,9226.9,9216.6,9225.4,651
2025-09-18 07:45:00+00:00,9225.6,9234.0,9223.6,9232.2,520
2025-09-18 08:00:00+00:00,9232.5,9239.7,9227.0,9238.0,675
2025-09-18 08:15:00+00:00,9238.2,9239.5,9232.6,9239.3,463
2025-09-18 08:30:00+00:00,9239.0,9241.5,9235.0,9238.7,408
2025-09-18 08:45:00+00:00,9239.0,9242.8,9235.9,9240.3,459
2025-09-18 09:00:00+00:00,9240.5,9244.4,9238.1,9241.2,478
2025-09-18 09:15:00+00:00,9241.4,9244.0,9240.2,9241.8,490
2025-09-18 09:30:00+00:00,9241.5,9242.0,9229.6,9230.8,347
2025-09-18 09:45:00+00:00,9230.5,9233.0,9222.9,9226.8,395
2025-09-18 10:00:00+00:00,9227.0,9228.9,9224.7,9226.2,451
2025-09-18 10:15:00+00:00,9226.0,9229.2,9222.9,9225.7,378
2025-09-18 10:30:00+00:00,9225.7,9226.4,9221.5,9225.8,422
2025-09-18 10:45:00+00:00,9226.3,9226.3,9214.6,9214.6,443
2025-09-18 11:00:00+00:00,9213.9,9230.0,9212.4,9225.4,798
2025-09-18 11:15:00+00:00,9225.9,9239.7,9225.5,9234.8,645
2025-09-18 11:30:00+00:00,9234.5,9237.4,9228.7,9231.8,519
2025-09-18 11:45:00+00:00,9232.1,9234.6,9229.2,9232.8,466
2025-09-18 12:00:00+00:00,9233.1,9234.0,9226.1,9227.8,552
2025-09-18 12:15:00+00:00,9228.1,9230.1,9222.0,9227.8,431
2025-09-18 12:30:00+00:00,9227.8,9228.8,9220.9,9221.8,691
2025-09-18 12:45:00+00:00,9222.3,9224.8,9220.1,9222.7,521
2025-09-18 13:00:00+00:00,9222.9,9227.2,9219.6,9220.7,822
2025-09-18 13:15:00+00:00,9220.5,9223.4,9217.5,9218.6,702
2025-09-18 13:30:00+00:00,9219.1,9227.1,9209.1,9217.0,1694
2025-09-18 13:45:00+00:00,9216.7,9234.7,9214.3,9234.2,1353
2025-09-18 14:00:00+00:00,9233.7,9242.6,9233.7,9240.2,1045
2025-09-18 14:15:00+00:00,9240.0,9245.0,9238.0,9238.5,836
2025-09-18 14:30:00+00:00,9238.3,9239.1,9228.3,9229.7,1010
2025-09-18 14:45:00+00:00,9230.0,9232.5,9220.0,9225.2,1064
2025-09-18 15:00:00+00:00,9225.5,9227.7,9216.0,9220.6,1203
2025-09-18 15:15:00+00:00,9221.1,9237.2,9220.8,9233.8,933
2025-09-18 15:30:00+00:00,9234.0,9236.7,9224.4,9233.3,1118
2025-09-18 15:45:00+00:00,9233.0,9235.5,9225.1,9228.1,606
2025-09-18 16:00:00+00:00,9227.8,9234.0,9227.6,9234.0,791
2025-09-18 16:15:00+00:00,9233.5,9237.8,9232.6,9236.5,494
2025-09-18 16:30:00+00:00,9236.8,9243.2,9236.5,9240.5,252
2025-09-18 16:45:00+00:00,9240.7,9242.5,9238.5,9240.0,292
2025-09-18 17:00:00+00:00,9240.3,9243.7,9238.0,9239.0,437
2025-09-18 17:15:00+00:00,9239.3,9241.8,9238.5,9239.5,379
2025-09-18 17:30:00+00:00,9239.0,9239.3,9234.1,9236.8,462
2025-09-18 17:45:00+00:00,9236.6,9238.6,9235.8,9237.3,380
2025-09-18 18:00:00+00:00,9237.1,9238.6,9231.9,9233.6,417
2025-09-18 18:15:00+00:00,9233.9,9235.4,9232.7,9233.2,324
2025-09-18 18:30:00+00:00,9233.4,9235.6,9232.7,9233.4,386
2025-09-18 18:45:00+00:00,9233.8,9241.8,9233.4,9239.8,301
2025-09-18 19:00:00+00:00,9240.0,9244.7,9239.5,9241.3,411
2025-09-18 19:15:00+00:00,9241.5,9241.8,9235.6,9235.9,320
2025-09-18 19:30:00+00:00,9235.6,9236.8,9229.9,9230.4,456
2025-09-18 19:45:00+00:00,9230.2,9242.3,9226.5,9236.4,816
2025-09-18 20:00:00+00:00,9235.4,9240.7,9235.2,9236.4,345
2025-09-18 20:30:00+00:00,9241.2,9242.4,9241.2,9242.4,78
2025-09-18 20:45:00+00:00,9242.2,9243.9,9242.2,9242.7,90
2025-09-18 22:00:00+00:00,9246.0,9248.0,9245.8,9248.0,115
2025-09-18 22:15:00+00:00,9247.8,9248.5,9246.6,9248.0,106
2025-09-18 22:30:00+00:00,9248.1,9248.3,9241.8,9242.3,139
2025-09-18 22:45:00+00:00,9242.5,9247.9,9242.5,9245.8,100
2025-09-18 23:00:00+00:00,9245.6,9247.0,9244.9,9245.4,135
2025-09-18 23:15:00+00:00,9245.5,9246.7,9245.1,9245.6,63
2025-09-18 23:30:00+00:00,9245.9,9247.8,9245.7,9246.8,129
2025-09-18 23:45:00+00:00,9246.6,9247.5,9244.3,9244.6,117
2025-09-19 00:00:00+00:00,9241.8,9243.8,9239.1,9240.7,709
2025-09-19 00:15:00+00:00,9240.8,9241.9,9236.3,9237.1,762
2025-09-19 00:30:00+00:00,9237.1,9238.8,9235.6,9237.4,541
2025-09-19 00:45:00+00:00,9237.4,9238.4,9235.4,9237.5,533
2025-09-19 01:00:00+00:00,9237.6,9237.9,9235.4,9237.4,507
2025-09-19 01:15:00+00:00,9237.0,9239.1,9235.9,9236.6,532
2025-09-19 01:30:00+00:00,9236.7,9237.3,9234.4,9235.2,696
2025-09-19 01:45:00+00:00,9235.0,9241.7,9234.6,9240.1,640
2025-09-19 02:00:00+00:00,9239.9,9242.8,9239.3,9240.1,563
2025-09-19 02:15:00+00:00,9240.3,9241.0,9237.6,9237.7,502
2025-09-19 02:30:00+00:00,9237.7,9241.6,9237.7,9240.7,315
2025-09-19 02:45:00+00:00,9241.3,9241.9,9240.6,9240.7,248
2025-09-19 03:00:00+00:00,9240.7,9240.8,9238.4,9239.4,375
2025-09-19 03:15:00+00:00,9239.5,9239.9,9238.1,9238.3,397
2025-09-19 03:30:00+00:00,9238.5,9238.8,9234.5,9236.9,546
2025-09-19 03:45:00+00:00,9236.9,9238.0,9234.8,9236.5,1008
2025-09-19 04:00:00+00:00,9236.5,9236.8,9231.6,9233.8,893
2025-09-19 04:15:00+00:00,9233.7,9234.5,9230.9,9233.6,842
2025-09-19 04:30:00+00:00,9233.5,9234.8,9232.6,9234.1,461
2025-09-19 04:45:00+00:00,9234.1,9235.4,9233.8,9234.5,330
2025-09-19 05:00:00+00:00,9234.6,9237.3,9234.6,9236.3,96
2025-09-19 05:15:00+00:00,9236.1,9236.1,9231.6,9231.6,50
2025-09-19 05:30:00+00:00,9231.4,9231.6,9226.0,9228.2,123
2025-09-19 05:45:00+00:00,9227.7,9229.2,9225.2,9227.0,139
2025-09-19 06:00:00+00:00,9227.5,9240.6,9227.0,9238.4,305
2025-09-19 06:15:00+00:00,9238.8,9249.0,9238.6,9249.0,286
2025-09-19 06:30:00+00:00,9248.5,9249.2,9240.1,9244.3,280
2025-09-19 06:45:00+00:00,9244.1,9244.8,9236.4,9241.6,313
2025-09-19 07:00:00+00:00,9243.6,9246.1,9215.5,9224.4,1383
2025-09-19 07:15:00+00:00,9224.1,9234.5,9223.6,9227.7,702
2025-09-19 07:30:00+00:00,9227.5,9241.4,9222.8,9239.4,764
2025-09-19 07:45:00+00:00,9239.1,9242.5,9231.3,9241.0,640
2025-09-19 08:00:00+00:00,9241.2,9243.4,9236.9,9236.9,556
2025-09-19 08:15:00+00:00,9237.2,9240.0,9232.1,9236.7,542
2025-09-19 08:30:00+00:00,9237.0,9241.9,9228.3,9230.6,487
2025-09-19 08:45:00+00:00,9231.1,9238.2,9219.9,9219.9,681
2025-09-19 09:00:00+00:00,9219.6,9229.3,9199.1,9211.7,1423
2025-09-19 09:15:00+00:00,9211.5,9230.5,9209.5,9228.3,531
2025-09-19 09:30:00+00:00,9228.8,9235.3,9226.3,9228.5,414
2025-09-19 09:45:00+00:00,9229.0,9236.3,9226.3,9229.0,849
2025-09-19 10:00:00+00:00,9229.2,9231.5,9224.1,9228.3,661
2025-09-19 10:15:00+00:00,9228.1,9233.7,9224.7,9230.8,424
2025-09-19 10:30:00+00:00,9230.5,9236.7,9225.8,9235.4,364
2025-09-19 10:45:00+00:00,9235.2,9237.1,9229.1,9235.9,393
2025-09-19 11:00:00+00:00,9235.6,9239.6,9232.2,9232.2,473
2025-09-19 11:15:00+00:00,9231.7,9232.5,9224.6,9227.6,319
2025-09-19 11:30:00+00:00,9227.1,9233.3,9221.7,9224.0,399
2025-09-19 11:45:00+00:00,9224.3,9233.1,9224.3,9228.1,374
2025-09-19 12:00:00+00:00,9227.6,9233.3,9227.0,9233.3,384
2025-09-19 12:15:00+00:00,9233.3,9234.3,9230.1,9232.7,319
2025-09-19 12:30:00+00:00,9233.1,9233.9,9228.7,9231.8,352
2025-09-19 12:45:00+00:00,9232.1,9237.8,9228.7,9236.6,386
2025-09-19 13:00:00+00:00,9236.8,9245.4,9236.8,9243.2,403
2025-09-19 13:15:00+00:00,9243.7,9245.7,9240.9,9241.3,513
2025-09-19 13:30:00+00:00,9241.6,9247.3,9234.9,9240.1,1209
2025-09-19 13:45:00+00:00,9239.6,9241.5,9231.9,9237.8,912
2025-09-19 14:00:00+00:00,9237.5,9237.5,9225.4,9232.1,898
2025-09-19 14:15:00+00:00,9231.8,9237.7,9228.3,9229.5,666
2025-09-19 14:30:00+00:00,9229.5,9233.8,9225.9,9228.3,649
2025-09-19 14:45:00+00:00,9228.1,9236.2,9223.1,9228.1,849
2025-09-19 15:00:00+00:00,9228.3,9232.0,9223.5,9230.8,678
2025-09-19 15:15:00+00:00,9231.0,9235.7,9222.0,9222.3,1131
2025-09-19 15:30:00+00:00,9222.0,9222.0,9203.5,9206.2,1410
2025-09-19 15:45:00+00:00,9206.7,9212.2,9206.7,9209.9,276
2025-09-19 16:00:00+00:00,9209.7,9217.6,9208.7,9215.1,315
2025-09-19 16:15:00+00:00,9214.9,9221.6,9214.9,9220.6,261
2025-09-19 16:30:00+00:00,9220.8,9222.1,9216.6,9220.4,225
2025-09-19 16:45:00+00:00,9220.6,9222.6,9219.9,9221.6,214
2025-09-19 17:00:00+00:00,9221.4,9226.1,9220.4,9226.1,184
2025-09-19 17:15:00+00:00,9225.8,9231.5,9225.6,9230.5,170
2025-09-19 17:30:00+00:00,9230.3,9231.5,9228.8,9229.8,167
2025-09-19 17:45:00+00:00,9229.5,9233.0,9227.8,9232.8,172
2025-09-19 18:00:00+00:00,9232.5,9235.5,9232.0,9232.8,161
2025-09-19 18:15:00+00:00,9233.0,9233.3,9229.1,9230.6,130
2025-09-19 18:30:00+00:00,9230.3,9230.3,9224.4,9224.7,177
2025-09-19 18:45:00+00:00,9225.1,9230.6,9223.7,9229.9,161
2025-09-19 19:00:00+00:00,9230.1,9233.8,9228.1,9230.4,193
2025-09-19 19:15:00+00:00,9230.6,9234.1,9229.9,9232.8,219
2025-09-19 19:30:00+00:00,9233.1,9233.1,9228.9,9229.9,181
2025-09-19 19:45:00+00:00,9230.4,9235.1,9221.9,9223.9,603
2025-09-21 22:00:00+00:00,9221.1,9221.9,9219.8,9220.5,192
2025-09-21 22:15:00+00:00,9220.6,9220.8,9218.7,9220.3,363
2025-09-21 22:30:00+00:00,9220.2,9222.3,9219.9,9222.0,306
2025-09-21 22:45:00+00:00,9221.9,9223.0,9218.4,9218.6,154
2025-09-21 23:00:00+00:00,9219.3,9220.3,9216.7,9218.9,122
2025-09-21 23:15:00+00:00,9218.8,9219.2,9216.7,9218.3,112
2025-09-21 23:30:00+00:00,9218.3,9218.5,9216.4,9217.0,103
2025-09-21 23:45:00+00:00,9216.7,9217.7,9215.5,9216.0,176
2025-09-22 00:00:00+00:00,9221.2,9229.6,9218.0,9228.5,829
2025-09-22 00:15:00+00:00,9227.7,9229.0,9224.6,9226.6,785
2025-09-22 00:30:00+00:00,9226.0,9226.0,9220.6,9223.9,527
2025-09-22 00:45:00+00:00,9223.8,9224.8,9221.3,9222.2,638
2025-09-22 01:00:00+00:00,9222.4,9227.6,9221.3,9225.5,658
2025-09-22 01:15:00+00:00,9225.5,9225.6,9220.5,9221.3,385
2025-09-22 01:30:00+00:00,9221.3,9221.6,9211.5,9212.6,683
2025-09-22 01:45:00+00:00,9213.0,9213.9,9210.4,9211.6,617
2025-09-22 02:00:00+00:00,9211.5,9215.3,9210.5,9212.4,519
2025-09-22 02:15:00+00:00,9212.4,9215.2,9212.4,9213.2,539
2025-09-22 02:30:00+00:00,9213.1,9214.9,9211.4,9212.2,442
2025-09-22 02:45:00+00:00,9212.2,9214.5,9212.0,9213.0,343
2025-09-22 03:00:00+00:00,9213.0,9214.1,9212.8,9213.1,351
2025-09-22 03:15:00+00:00,9212.9,9215.1,9212.6,9214.9,326
2025-09-22 03:30:00+00:00,9215.1,9217.0,9214.8,9216.9,355
2025-09-22 03:45:00+00:00,9216.9,9218.8,9216.8,9217.9,305
2025-09-22 04:00:00+00:00,9217.7,9220.6,9217.3,9218.4,328
2025-09-22 04:15:00+00:00,9218.4,9219.7,9215.0,9215.4,252
2025-09-22 04:30:00+00:00,9215.4,9216.6,9212.6,9213.6,231
2025-09-22 04:45:00+00:00,9212.8,9216.9,9212.7,9216.1,355
2025-09-22 05:00:00+00:00,9215.9,9216.6,9214.4,9215.1,51
2025-09-22 05:15:00+00:00,9215.9,9218.6,9215.9,9218.3,55
2025-09-22 05:30:00+00:00,9218.1,9218.1,9214.6,9214.6,63
2025-09-22 05:45:00+00:00,9214.9,9215.4,9210.9,9210.9,29
2025-09-22 06:00:00+00:00,9211.9,9212.4,9206.9,9209.4,221
2025-09-22 06:15:00+00:00,9209.1,9210.4,9203.4,9205.9,194
2025-09-22 06:30:00+00:00,9205.6,9208.1,9204.6,9206.9,118
2025-09-22 06:45:00+00:00,9206.6,9212.4,9206.6,9211.4,173
2025-09-22 07:00:00+00:00,9211.6,9220.6,9203.6,9204.6,1376
2025-09-22 07:15:00+00:00,9204.9,9206.6,9189.6,9198.6,851
2025-09-22 07:30:00+00:00,9198.9,9208.6,9197.4,9206.1,702
2025-09-22 07:45:00+00:00,9205.9,9218.6,9204.1,9215.6,649
2025-09-22 08:00:00+00:00,9215.4,9226.9,9213.9,9225.6,683
2025-09-22 08:15:00+00:00,9225.9,9228.1,9224.0,9226.4,601
2025-09-22 08:30:00+00:00,9226.6,9228.1,9220.3,9223.1,422
2025-09-22 08:45:00+00:00,9223.1,9226.5,9221.1,9226.3,404
2025-09-22 09:00:00+00:00,9226.5,9228.0,9215.0,9215.0,440
2025-09-22 09:15:00+00:00,9215.3,9217.0,9210.3,9213.6,467
2025-09-22 09:30:00+00:00,9213.3,9215.8,9206.5,9208.9,452
2025-09-22 09:45:00+00:00,9208.9,9210.4,9204.7,9205.0,387
2025-09-22 10:00:00+00:00,9205.3,9218.8,9203.0,9218.5,441
2025-09-22 10:15:00+00:00,9218.2,9223.5,9217.2,9222.6,400
2025-09-22 10:30:00+00:00,9223.4,9226.4,9221.5,9222.0,348
2025-09-22 10:45:00+00:00,9222.0,9222.4,9218.0,9220.5,327
2025-09-22 11:00:00+00:00,9220.2,9226.6,9218.9,9221.1,357
2025-09-22 11:15:00+00:00,9221.1,9229.4,9221.1,9228.9,343
2025-09-22 11:30:00+00:00,9228.9,9233.3,9228.7,9229.8,315
2025-09-22 11:45:00+00:00,9229.5,9230.7,9226.6,9227.8,360
2025-09-22 12:00:00+00:00,9227.6,9231.8,9226.5,9228.5,341
2025-09-22 12:15:00+00:00,9228.3,9235.4,9228.3,9233.9,311
2025-09-22 12:30:00+00:00,9233.4,9233.9,9225.3,9226.9,416
2025-09-22 12:45:00+00:00,9226.9,9228.6,9222.5,9222.5,396
2025-09-22 13:00:00+00:00,9222.0,9224.3,9216.1,9218.1,485
2025-09-22 13:15:00+00:00,9218.4,9223.2,9216.3,9221.2,405
2025-09-22 13:30:00+00:00,9221.5,9229.2,9216.6,9219.7,1010
2025-09-22 13:45:00+00:00,9219.4,9225.4,9216.0,9221.6,847
2025-09-22 14:00:00+00:00,9221.3,9222.5,9214.5,9219.0,771
2025-09-22 14:15:00+00:00,9219.0,9221.4,9214.1,9214.4,614
2025-09-22 14:30:00+00:00,9213.9,9218.6,9212.7,9217.4,583
2025-09-22 14:45:00+00:00,9217.7,9228.8,9216.8,9227.2,660
2025-09-22 15:00:00+00:00,9226.9,9232.5,9225.5,9225.5,634
2025-09-22 15:15:00+00:00,9225.0,9233.0,9223.5,9232.1,676
2025-09-22 15:30:00+00:00,9231.8,9233.1,9221.9,9223.2,552
2025-09-22 15:45:00+00:00,9223.4,9225.4,9221.0,9222.2,302
2025-09-22 16:00:00+00:00,9222.0,9223.7,9219.5,9219.9,281
2025-09-22 16:15:00+00:00,9219.7,9224.4,9219.0,9224.4,331
2025-09-22 16:30:00+00:00,9223.9,9231.8,9223.2,9231.8,288
2025-09-22 16:45:00+00:00,9231.6,9234.3,9229.1,9234.3,206
2025-09-22 17:00:00+00:00,9234.6,9241.7,9234.3,9239.0,201
2025-09-22 17:15:00+00:00,9239.3,9244.5,9239.0,9244.2,97
2025-09-22 17:30:00+00:00,9244.7,9249.7,9244.7,9248.7,136
2025-09-22 17:45:00+00:00,9248.4,9250.4,9247.7,9248.7,185
2025-09-22 18:00:00+00:00,9248.5,9249.7,9244.8,9246.2,142
2025-09-22 18:15:00+00:00,9246.5,9250.7,9246.0,9249.2,130
2025-09-22 18:30:00+00:00,9249.0,9249.7,9247.0,9249.5,155
2025-09-22 18:45:00+00:00,9249.2,9251.2,9248.7,9250.2,121
2025-09-22 19:00:00+00:00,9250.7,9252.2,9248.7,9248.7,142
2025-09-22 19:15:00+00:00,9249.0,9249.7,9247.3,9247.8,115
2025-09-22 19:30:00+00:00,9247.5,9248.3,9243.8,9244.6,164
2025-09-22 19:45:00+00:00,9244.8,9246.8,9239.9,9240.9,429
2025-09-22 20:00:00+00:00,9240.1,9241.0,9234.2,9235.6,300
2025-09-22 20:30:00+00:00,9237.4,9239.1,9236.9,9238.6,54
2025-09-22 20:45:00+00:00,9238.4,9241.7,9238.4,9241.0,76
2025-09-22 22:00:00+00:00,9240.6,9241.8,9238.2,9238.6,181
2025-09-22 22:15:00+00:00,9238.7,9239.4,9238.2,9238.5,152
2025-09-22 22:30:00+00:00,9238.7,9238.9,9237.5,9237.5,109
2025-09-22 22:45:00+00:00,9237.4,9239.9,9237.3,9239.4,78
2025-09-22 23:00:00+00:00,9239.6,9240.9,9239.3,9239.7,96
2025-09-22 23:15:00+00:00,9239.6,9240.7,9239.0,9240.4,92
2025-09-22 23:30:00+00:00,9240.3,9242.1,9239.9,9241.6,60
2025-09-22 23:45:00+00:00,9241.7,9243.3,9240.3,9240.3,87
2025-09-23 00:00:00+00:00,9238.5,9245.9,9236.5,9243.3,496
2025-09-23 00:15:00+00:00,9243.3,9246.8,9243.3,9243.6,402
2025-09-23 00:30:00+00:00,9243.6,9245.1,9243.4,9244.8,247
2025-09-23 00:45:00+00:00,9244.8,9245.0,9243.0,9243.6,341
2025-09-23 01:00:00+00:00,9243.5,9247.8,9243.4,9246.8,468
2025-09-23 01:15:00+00:00,9246.6,9246.6,9244.6,9244.8,342
2025-09-23 01:30:00+00:00,9244.6,9244.6,9243.0,9243.8,447
2025-09-23 01:45:00+00:00,9243.4,9246.3,9242.6,9245.4,402
2025-09-23 02:00:00+00:00,9245.4,9246.9,9245.3,9246.3,340
2025-09-23 02:15:00+00:00,9246.5,9247.1,9244.3,9244.9,353
2025-09-23 02:30:00+00:00,9244.7,9248.0,9244.6,9247.4,345
2025-09-23 02:45:00+00:00,9247.3,9247.6,9244.9,9245.2,287
2025-09-23 03:00:00+00:00,9245.2,9246.7,9245.1,9246.7,226
2025-09-23 03:15:00+00:00,9246.6,9247.9,9245.9,9247.3,280
2025-09-23 03:30:00+00:00,9247.3,9247.9,9246.4,9247.2,250
2025-09-23 03:45:00+00:00,9247.0,9248.7,9246.8,9247.7,291
2025-09-23 04:00:00+00:00,9247.7,9247.8,9246.9,9247.2,187
2025-09-23 04:15:00+00:00,9247.1,9247.4,9245.7,9246.2,245
2025-09-23 04:30:00+00:00,9246.2,9246.3,9242.7,9242.8,354
2025-09-23 04:45:00+00:00,9242.0,9243.4,9241.6,9242.5,232
2025-09-23 05:00:00+00:00,9242.5,9245.9,9241.6,9242.6,75
2025-09-23 05:15:00+00:00,9242.3,9244.0,9240.3,9244.0,78
2025-09-23 05:30:00+00:00,9243.3,9246.8,9243.3,9245.3,146
2025-09-23 05:45:00+00:00,9245.1,9245.5,9241.8,9241.8,60
2025-09-23 06:00:00+00:00,9242.3,9246.8,9239.9,9244.1,215
2025-09-23 06:15:00+00:00,9243.8,9247.1,9243.1,9244.1,157
2025-09-23 06:30:00+00:00,9243.9,9244.1,9241.9,9242.9,100
2025-09-23 06:45:00+00:00,9242.6,9247.1,9241.2,9245.9,282
2025-09-23 07:00:00+00:00,9246.1,9256.3,9234.7,9250.1,1182
2025-09-23 07:15:00+00:00,9249.8,9253.3,9245.0,9246.1,591
2025-09-23 07:30:00+00:00,9246.3,9252.8,9243.8,9247.6,654
2025-09-23 07:45:00+00:00,9247.1,9251.3,9244.6,9248.4,619
2025-09-23 08:00:00+00:00,9248.4,9252.1,9240.4,9242.5,477
2025-09-23 08:15:00+00:00,9242.7,9245.5,9238.8,9245.0,469
2025-09-23 08:30:00+00:00,9248.5,9260.9,9248.3,9258.6,724
2025-09-23 08:45:00+00:00,9258.8,9262.4,9256.6,9260.9,453
2025-09-23 09:00:00+00:00,9261.2,9263.6,9258.0,9261.8,405
2025-09-23 09:15:00+00:00,9262.0,9264.7,9259.7,9261.4,318
2025-09-23 09:30:00+00:00,9260.9,9262.7,9252.5,9253.1,320
2025-09-23 09:45:00+00:00,9253.1,9253.1,9247.1,9247.8,244
2025-09-23 10:00:00+00:00,9247.5,9249.7,9241.3,9242.3,335
2025-09-23 10:15:00+00:00,9241.8,9243.5,9230.9,9231.9,408
2025-09-23 10:30:00+00:00,9231.7,9231.9,9226.9,9230.3,376
2025-09-23 10:45:00+00:00,9230.1,9237.8,9228.8,9236.9,284
2025-09-23 11:00:00+00:00,9236.4,9236.4,9225.8,9226.1,405
2025-09-23 11:15:00+00:00,9226.6,9230.8,9225.2,9229.3,298
2025-09-23 11:30:00+00:00,9229.3,9232.6,9227.1,9231.0,263
2025-09-23 11:45:00+00:00,9231.2,9242.3,9231.2,9241.8,294
2025-09-23 12:00:00+00:00,9242.0,9246.0,9238.8,9240.6,335
2025-09-23 12:15:00+00:00,9240.3,9244.5,9240.1,9242.8,256
2025-09-23 12:30:00+00:00,9243.3,9244.9,9240.5,9243.8,337
2025-09-23 12:45:00+00:00,9243.4,9248.2,9242.9,9248.0,331
2025-09-23 13:00:00+00:00,9248.0,9249.2,9243.4,9247.2,369
2025-09-23 13:15:00+00:00,9246.9,9251.8,9246.4,9250.4,360
2025-09-23 13:30:00+00:00,9250.6,9259.6,9243.5,9257.1,1061
2025-09-23 13:45:00+00:00,9257.3,9267.4,9256.3,9266.4,854
2025-09-23 14:00:00+00:00,9266.7,9266.7,9248.7,9252.9,775
2025-09-23 14:15:00+00:00,9252.6,9258.3,9250.9,9257.8,709
2025-09-23 14:30:00+00:00,9258.0,9261.5,9255.8,9259.9,585
2025-09-23 14:45:00+00:00,9260.1,9264.0,9246.1,9246.1,611
2025-09-23 15:00:00+00:00,9246.4,9247.2,9238.9,9239.4,604
2025-09-23 15:15:00+00:00,9239.1,9240.4,9229.8,9232.5,618
2025-09-23 15:30:00+00:00,9232.7,9232.7,9221.9,9228.3,789
2025-09-23 15:45:00+00:00,9228.6,9229.8,9224.4,9225.6,374
2025-09-23 16:00:00+00:00,9225.9,9226.9,9221.4,9222.9,289
2025-09-23 16:15:00+00:00,9223.2,9226.4,9221.9,9225.4,290
2025-09-23 16:30:00+00:00,9224.9,9224.9,9220.5,9223.7,361
2025-09-23 16:45:00+00:00,9223.4,9228.9,9221.0,9221.7,288
2025-09-23 17:00:00+00:00,9222.0,9223.2,9218.8,9220.8,250
2025-09-23 17:15:00+00:00,9221.0,9223.0,9214.6,9214.6,376
2025-09-23 17:30:00+00:00,9214.3,9214.6,9202.0,9204.0,795
2025-09-23 17:45:00+00:00,9203.7,9210.9,9203.5,9208.9,532
2025-09-23 18:00:00+00:00,9208.7,9211.6,9205.0,9205.2,340
2025-09-23 18:15:00+00:00,9205.5,9208.2,9202.3,9206.0,321
2025-09-23 18:30:00+00:00,9205.7,9211.2,9205.7,9208.0,253
2025-09-23 18:45:00+00:00,9208.2,9209.7,9201.1,9202.3,298
2025-09-23 19:00:00+00:00,9202.5,9205.5,9196.4,9197.9,385
2025-09-23 19:15:00+00:00,9198.1,9200.8,9196.4,9198.6,281
2025-09-23 19:30:00+00:00,9198.8,9203.3,9197.9,9201.8,317
2025-09-23 19:45:00+00:00,9202.1,9205.3,9199.6,9201.6,526
2025-09-23 20:00:00+00:00,9202.1,9204.2,9199.0,9202.3,340
2025-09-23 20:30:00+00:00,9201.9,9203.1,9200.9,9201.6,55
2025-09-23 20:45:00+00:00,9201.9,9202.1,9200.9,9202.1,85
2025-09-23 22:00:00+00:00,9206.4,9208.9,9206.3,9207.7,112
2025-09-23 22:15:00+00:00,9207.5,9207.7,9204.9,9204.9,109
2025-09-23 22:30:00+00:00,9205.1,9206.5,9204.9,9206.1,108
2025-09-23 22:45:00+00:00,9206.3,9207.3,9206.1,9206.3,61
2025-09-23 23:00:00+00:00,9206.6,9206.6,9205.1,9205.6,70
2025-09-23 23:15:00+00:00,9205.9,9206.6,9205.4,9205.6,81
2025-09-23 23:30:00+00:00,9205.9,9205.9,9204.9,9205.2,74
2025-09-23 23:45:00+00:00,9205.3,9205.9,9204.2,9204.6,113
2025-09-24 00:00:00+00:00,9202.6,9251.8,9198.3,9198.9,713
2025-09-24 00:15:00+00:00,9198.9,9206.9,9198.9,9206.8,573
2025-09-24 00:30:00+00:00,9206.6,9207.3,9203.4,9206.5,458
2025-09-24 00:45:00+00:00,9206.3,9207.7,9204.3,9204.8,456
2025-09-24 01:00:00+00:00,9204.6,9207.1,9203.4,9206.0,544
2025-09-24 01:15:00+00:00,9206.0,9206.4,9203.0,9206.4,521
2025-09-24 01:30:00+00:00,9206.5,9206.9,9202.3,9204.0,575
2025-09-24 01:45:00+00:00,9204.0,9206.3,9202.5,9205.0,507
2025-09-24 02:00:00+00:00,9205.0,9208.5,9203.9,9207.5,513
2025-09-24 02:15:00+00:00,9207.3,9208.6,9205.0,9206.8,420
2025-09-24 02:30:00+00:00,9206.8,9208.5,9206.1,9207.8,425
2025-09-24 02:45:00+00:00,9208.2,9208.6,9206.2,9207.0,305
2025-09-24 03:00:00+00:00,9207.2,9210.0,9206.7,9209.3,349
2025-09-24 03:15:00+00:00,9209.1,9209.5,9207.5,9209.0,362
2025-09-24 03:30:00+00:00,9209.2,9209.3,9207.6,9209.0,284
2025-09-24 03:45:00+00:00,9209.2,9209.3,9207.9,9208.2,249
2025-09-24 04:00:00+00:00,9208.3,9209.7,9207.3,9208.7,320
2025-09-24 04:15:00+00:00,9208.8,9209.0,9206.9,9208.3,245
2025-09-24 04:30:00+00:00,9208.2,9209.7,9207.5,9209.0,284
2025-09-24 04:45:00+00:00,9209.2,9211.5,9209.0,9210.5,306
2025-09-24 05:00:00+00:00,9210.5,9212.8,9210.0,9212.5,51
2025-09-24 05:15:00+00:00,9212.3,9214.5,9210.5,9214.0,85
2025-09-24 05:30:00+00:00,9213.8,9215.3,9210.5,9214.3,110
2025-09-24 05:45:00+00:00,9214.5,9217.3,9214.3,9216.3,64
2025-09-24 06:00:00+00:00,9216.0,9223.8,9214.0,9223.8,190
2025-09-24 06:15:00+00:00,9224.3,9226.5,9219.8,9220.8,182
2025-09-24 06:30:00+00:00,9221.0,9225.0,9220.3,9224.3,106
2025-09-24 06:45:00+00:00,9224.5,9227.8,9219.5,9220.3,190
2025-09-24 07:00:00+00:00,9220.5,9223.5,9196.3,9196.8,1229
2025-09-24 07:15:00+00:00,9197.0,9203.3,9180.3,9180.5,913
2025-09-24 07:30:00+00:00,9180.8,9188.5,9174.8,9186.8,815
2025-09-24 07:45:00+00:00,9186.5,9195.3,9183.3,9195.0,605
2025-09-24 08:00:00+00:00,9195.3,9199.3,9188.5,9198.8,515
2025-09-24 08:15:00+00:00,9198.3,9205.3,9197.3,9202.3,524
2025-09-24 08:30:00+00:00,9202.5,9207.0,9199.0,9205.5,393
2025-09-24 08:45:00+00:00,9205.8,9210.8,9203.3,9207.8,368
2025-09-24 09:00:00+00:00,9207.5,9212.8,9205.0,9212.8,361
2025-09-24 09:15:00+00:00,9212.3,9212.8,9205.8,9208.3,334
2025-09-24 09:30:00+00:00,9208.0,9213.8,9205.5,9213.3,222
2025-09-24 09:45:00+00:00,9213.5,9217.5,9212.8,9213.8,293
2025-09-24 10:00:00+00:00,9214.0,9214.3,9211.3,9214.0,272
2025-09-24 10:15:00+00:00,9214.3,9216.8,9212.5,9212.5,205
2025-09-24 10:30:00+00:00,9212.3,9215.5,9211.0,9214.8,264
2025-09-24 10:45:00+00:00,9214.5,9220.0,9214.5,9216.5,298
2025-09-24 11:00:00+00:00,9217.0,9219.8,9210.5,9212.3,265
2025-09-24 11:15:00+00:00,9212.8,9213.3,9207.0,9208.3,224
2025-09-24 11:30:00+00:00,9208.5,9210.0,9202.5,9203.8,282
2025-09-24 11:45:00+00:00,9204.0,9208.0,9201.8,9205.8,345
2025-09-24 12:00:00+00:00,9206.0,9208.3,9203.8,9206.5,331
2025-09-24 12:15:00+00:00,9206.8,9225.0,9206.3,9223.3,442
2025-09-24 12:30:00+00:00,9223.0,9232.3,9222.5,9229.3,524
2025-09-24 12:45:00+00:00,9229.5,9236.3,9228.3,9234.8,445
2025-09-24 13:00:00+00:00,9235.0,9241.5,9229.5,9240.0,428
2025-09-24 13:15:00+00:00,9240.3,9242.8,9235.8,9238.8,404
2025-09-24 13:30:00+00:00,9238.5,9257.0,9237.3,9249.3,1370
2025-09-24 13:45:00+00:00,9249.5,9249.5,9241.3,9249.5,1150
2025-09-24 14:00:00+00:00,9250.0,9251.5,9242.3,9247.0,888
2025-09-24 14:15:00+00:00,9247.3,9258.3,9245.0,9257.5,722
2025-09-24 14:30:00+00:00,9257.8,9267.3,9256.0,9263.5,631
2025-09-24 14:45:00+00:00,9263.8,9268.5,9263.5,9266.3,698
2025-09-24 15:00:00+00:00,9266.0,9266.3,9253.8,9254.8,762
2025-09-24 15:15:00+00:00,9254.3,9260.3,9251.8,9252.3,666
2025-09-24 15:30:00+00:00,9252.5,9256.8,9247.3,9250.8,778
2025-09-24 15:45:00+00:00,9251.3,9252.8,9236.5,9238.5,443
2025-09-24 16:00:00+00:00,9238.3,9241.0,9234.8,9236.3,694
2025-09-24 16:15:00+00:00,9236.5,9243.8,9235.3,9241.8,489
2025-09-24 16:30:00+00:00,9242.0,9245.0,9241.3,9243.0,283
2025-09-24 16:45:00+00:00,9243.3,9243.3,9239.3,9241.8,381
2025-09-24 17:00:00+00:00,9242.3,9245.3,9239.5,9243.5,345
2025-09-24 17:15:00+00:00,9243.3,9244.5,9241.3,9243.0,251
2025-09-24 17:30:00+00:00,9242.8,9246.3,9239.3,9239.3,241
2025-09-24 17:45:00+00:00,9239.0,9239.5,9231.0,9231.3,310
2025-09-24 18:00:00+00:00,9231.5,9232.3,9228.3,9230.0,261
2025-09-24 18:15:00+00:00,9229.8,9232.3,9228.5,9231.0,238
2025-09-24 18:30:00+00:00,9230.8,9234.8,9229.0,9233.0,211
2025-09-24 18:45:00+00:00,9232.8,9235.8,9230.8,9235.8,229
2025-09-24 19:00:00+00:00,9235.3,9235.5,9231.3,9232.0,242
2025-09-24 19:15:00+00:00,9232.5,9235.3,9231.5,9235.0,184
2025-09-24 19:30:00+00:00,9235.3,9236.5,9231.8,9235.8,306
2025-09-24 19:45:00+00:00,9235.3,9238.8,9232.5,9236.3,475
2025-09-24 20:00:00+00:00,9237.3,9243.1,9237.3,9243.1,218
2025-09-24 20:30:00+00:00,9240.9,9242.4,9240.5,9242.4,52
2025-09-24 20:45:00+00:00,9242.6,9242.6,9237.3,9240.9,54
2025-09-24 22:00:00+00:00,9240.6,9240.6,9238.8,9239.5,119
2025-09-24 22:15:00+00:00,9239.7,9240.7,9238.8,9239.2,103
2025-09-24 22:30:00+00:00,9239.4,9242.2,9239.2,9241.7,101
2025-09-24 22:45:00+00:00,9241.5,9242.2,9241.5,9241.9,69
2025-09-24 23:00:00+00:00,9241.7,9241.9,9240.7,9240.7,69
2025-09-24 23:15:00+00:00,9241.0,9241.5,9240.2,9240.5,64
2025-09-24 23:30:00+00:00,9240.7,9241.0,9239.8,9240.2,60
2025-09-24 23:45:00+00:00,9240.5,9243.6,9240.5,9243.6,104
2025-09-25 00:00:00+00:00,9237.8,9245.9,9234.7,9243.2,835
2025-09-25 00:15:00+00:00,9243.4,9244.6,9237.9,9241.1,550
2025-09-25 00:30:00+00:00,9241.1,9244.5,9238.5,9242.3,454
2025-09-25 00:45:00+00:00,9242.3,9243.4,9239.8,9242.6,332
2025-09-25 01:00:00+00:00,9242.6,9243.0,9239.1,9240.5,386
2025-09-25 01:15:00+00:00,9240.4,9240.5,9238.4,9239.5,300
2025-09-25 01:30:00+00:00,9239.4,9241.1,9236.8,9239.0,420
2025-09-25 01:45:00+00:00,9239.0,9241.0,9238.3,9239.3,388
2025-09-25 02:00:00+00:00,9239.3,9242.1,9239.2,9240.7,429
2025-09-25 02:15:00+00:00,9240.8,9241.1,9239.1,9240.2,311
2025-09-25 02:30:00+00:00,9240.0,9242.1,9239.8,9241.0,242
2025-09-25 02:45:00+00:00,9241.2,9241.5,9238.5,9238.5,250
2025-09-25 03:00:00+00:00,9238.5,9241.4,9238.2,9240.6,272
2025-09-25 03:15:00+00:00,9240.5,9240.6,9238.3,9238.3,207
2025-09-25 03:30:00+00:00,9238.5,9239.5,9237.5,9238.0,257
2025-09-25 03:45:00+00:00,9238.0,9239.6,9234.0,9234.0,290
2025-09-25 04:00:00+00:00,9234.0,9234.1,9232.0,9232.8,346
2025-09-25 04:15:00+00:00,9232.7,9235.2,9232.6,9234.5,201
2025-09-25 04:30:00+00:00,9234.1,9234.5,9232.7,9233.7,210
2025-09-25 04:45:00+00:00,9233.7,9234.2,9231.9,9232.3,291
2025-09-25 05:00:00+00:00,9232.5,9232.5,9229.5,9229.8,60
2025-09-25 05:15:00+00:00,9230.0,9233.5,9229.8,9232.3,61
2025-09-25 05:30:00+00:00,9231.8,9232.8,9231.3,9232.3,55
2025-09-25 05:45:00+00:00,9233.3,9238.5,9233.3,9237.5,91
2025-09-25 06:00:00+00:00,9236.5,9242.5,9235.3,9238.8,197
2025-09-25 06:15:00+00:00,9239.3,9239.3,9235.5,9237.0,147
2025-09-25 06:30:00+00:00,9237.3,9237.8,9230.0,9230.5,191
2025-09-25 06:45:00+00:00,9230.3,9232.3,9225.0,9226.8,231
2025-09-25 07:00:00+00:00,9227.0,9232.3,9207.3,9210.0,1526
2025-09-25 07:15:00+00:00,9210.3,9226.5,9208.8,9224.8,894
2025-09-25 07:30:00+00:00,9224.3,9234.0,9222.3,9231.0,682
2025-09-25 07:45:00+00:00,9230.8,9238.0,9228.5,9238.0,623
2025-09-25 08:00:00+00:00,9238.3,9243.8,9237.5,9240.8,605
2025-09-25 08:15:00+00:00,9241.0,9245.3,9240.5,9242.0,481
2025-09-25 08:30:00+00:00,9241.8,9242.8,9235.3,9236.8,383
2025-09-25 08:45:00+00:00,9236.5,9237.5,9226.3,9226.5,352
2025-09-25 09:00:00+00:00,9226.3,9231.5,9224.8,9226.8,324
2025-09-25 09:15:00+00:00,9226.5,9235.8,9226.3,9234.5,360
2025-09-25 09:30:00+00:00,9234.3,9236.8,9230.3,9230.5,332
2025-09-25 09:45:00+00:00,9230.3,9230.3,9219.8,9221.0,682
2025-09-25 10:00:00+00:00,9221.3,9225.3,9220.5,9224.3,315
2025-09-25 10:15:00+00:00,9224.0,9232.0,9223.8,9226.5,364
2025-09-25 10:30:00+00:00,9226.8,9227.0,9220.3,9223.3,404
2025-09-25 10:45:00+00:00,9223.5,9228.8,9221.8,9227.5,335
2025-09-25 11:00:00+00:00,9228.3,9228.3,9209.0,9209.3,373
2025-09-25 11:15:00+00:00,9209.0,9211.5,9202.5,9209.5,506
2025-09-25 11:30:00+00:00,9209.8,9210.8,9203.0,9209.8,565
2025-09-25 11:45:00+00:00,9210.3,9223.3,9209.8,9216.3,488
2025-09-25 12:00:00+00:00,9216.0,9220.8,9212.0,9216.5,529
2025-09-25 12:15:00+00:00,9216.8,9221.0,9213.8,9214.9,587
2025-09-25 12:30:00+00:00,9214.6,9214.7,9203.4,9207.0,850
2025-09-25 12:45:00+00:00,9206.7,9208.4,9201.3,9206.1,617
2025-09-25 13:00:00+00:00,9205.9,9217.1,9205.7,9211.6,638
2025-09-25 13:15:00+00:00,9211.4,9222.0,9209.1,9221.5,516
2025-09-25 13:30:00+00:00,9222.0,9229.5,9216.4,9227.6,1878
2025-09-25 13:45:00+00:00,9227.3,9233.5,9223.7,9227.9,1173
2025-09-25 14:00:00+00:00,9228.1,9236.4,9225.8,9229.5,1149
2025-09-25 14:15:00+00:00,9229.2,9234.4,9224.4,9228.3,848
2025-09-25 14:30:00+00:00,9228.0,9232.0,9224.9,9228.6,714
2025-09-25 14:45:00+00:00,9229.1,9236.2,9226.3,9235.6,708
2025-09-25 15:00:00+00:00,9235.4,9235.4,9223.1,9227.5,659
2025-09-25 15:15:00+00:00,9227.8,9228.3,9208.1,9209.6,650
2025-09-25 15:30:00+00:00,9210.1,9225.4,9204.6,9224.0,1145
2025-09-25 15:45:00+00:00,9223.7,9229.2,9222.2,9227.4,462
2025-09-25 16:00:00+00:00,9227.2,9227.2,9217.0,9220.0,593
2025-09-25 16:15:00+00:00,9220.3,9224.7,9218.0,9221.5,554
2025-09-25 16:30:00+00:00,9221.3,9228.7,9220.3,9226.2,452
2025-09-25 16:45:00+00:00,9226.5,9229.9,9225.7,9229.2,426
2025-09-25 17:00:00+00:00,9228.9,9234.6,9227.0,9232.4,446
2025-09-25 17:15:00+00:00,9232.7,9235.4,9224.8,9229.7,660
2025-09-25 17:30:00+00:00,9230.0,9231.2,9224.8,9227.7,494
2025-09-25 17:45:00+00:00,9228.0,9228.5,9216.1,9216.1,472
2025-09-25 18:00:00+00:00,9215.9,9217.6,9205.5,9217.4,862
2025-09-25 18:15:00+00:00,9217.1,9225.8,9217.1,9223.6,540
2025-09-25 18:30:00+00:00,9223.3,9230.8,9222.1,9228.3,412
2025-09-25 18:45:00+00:00,9228.5,9229.7,9225.6,9228.5,361
2025-09-25 19:00:00+00:00,9228.2,9229.0,9225.0,9225.5,359
2025-09-25 19:15:00+00:00,9225.8,9228.0,9223.3,9226.5,293
2025-09-25 19:30:00+00:00,9226.3,9233.5,9225.0,9232.0,378
2025-09-25 19:45:00+00:00,9231.7,9244.8,9231.7,9239.7,635
2025-09-25 20:00:00+00:00,9242.6,9244.0,9239.6,9240.8,404
2025-09-25 20:30:00+00:00,9241.3,9245.7,9240.6,9245.0,191
2025-09-25 20:45:00+00:00,9244.7,9244.7,9241.4,9241.6,111
2025-09-25 22:00:00+00:00,9238.6,9242.2,9238.6,9240.1,207
2025-09-25 22:15:00+00:00,9240.3,9240.6,9238.6,9239.6,148
2025-09-25 22:30:00+00:00,9239.8,9242.2,9237.6,9241.3,233
2025-09-25 22:45:00+00:00,9241.1,9241.3,9234.1,9236.6,260
2025-09-25 23:00:00+00:00,9236.7,9237.7,9233.1,9235.4,242
2025-09-25 23:15:00+00:00,9235.5,9238.7,9235.2,9237.8,198
2025-09-25 23:30:00+00:00,9238.0,9238.7,9235.8,9238.5,219
2025-09-25 23:45:00+00:00,9238.3,9238.3,9235.6,9235.9,148
2025-09-26 00:00:00+00:00,9235.6,9236.2,9232.8,9234.3,742
2025-09-26 00:15:00+00:00,9234.4,9235.5,9230.5,9230.7,740
2025-09-26 00:30:00+00:00,9230.7,9233.3,9230.0,9232.9,438
2025-09-26 00:45:00+00:00,9232.9,9236.6,9232.9,9236.6,431
2025-09-26 01:00:00+00:00,9236.6,9237.6,9232.5,9235.9,688
2025-09-26 01:15:00+00:00,9235.7,9236.1,9233.2,9234.5,535
2025-09-26 01:30:00+00:00,9234.4,9239.1,9234.1,9238.7,658
2025-09-26 01:45:00+00:00,9238.7,9239.9,9236.7,9237.7,665
2025-09-26 02:00:00+00:00,9237.7,9238.8,9236.5,9237.7,474
2025-09-26 02:15:00+00:00,9237.7,9240.7,9237.5,9240.7,482
2025-09-26 02:30:00+00:00,9240.9,9242.7,9239.7,9241.0,471
2025-09-26 02:45:00+00:00,9240.9,9241.3,9238.0,9238.2,470
2025-09-26 03:00:00+00:00,9238.3,9239.1,9233.0,9233.5,384
2025-09-26 03:15:00+00:00,9233.3,9234.7,9230.6,9231.9,489
2025-09-26 03:30:00+00:00,9232.1,9232.1,9230.2,9231.6,459
2025-09-26 03:45:00+00:00,9231.5,9236.0,9230.3,9235.3,417
2025-09-26 04:00:00+00:00,9235.1,9236.8,9231.4,9234.6,660
2025-09-26 04:15:00+00:00,9234.6,9237.6,9232.6,9232.6,493
2025-09-26 04:30:00+00:00,9232.4,9234.4,9231.1,9233.6,466
2025-09-26 04:45:00+00:00,9233.6,9233.7,9228.9,9229.9,418
2025-09-26 05:00:00+00:00,9229.9,9232.7,9227.7,9230.7,87
2025-09-26 05:15:00+00:00,9230.5,9231.5,9228.7,9229.0,102
2025-09-26 05:30:00+00:00,9229.2,9233.0,9227.3,9232.2,105
2025-09-26 05:45:00+00:00,9232.0,9233.0,9230.0,9232.2,90
2025-09-26 06:00:00+00:00,9232.0,9234.0,9226.8,9231.3,322
2025-09-26 06:15:00+00:00,9231.5,9233.7,9228.3,9229.0,242
2025-09-26 06:30:00+00:00,9228.8,9228.8,9223.4,9224.8,183
2025-09-26 06:45:00+00:00,9224.6,9230.5,9221.1,9221.6,197
2025-09-26 07:00:00+00:00,9221.4,9231.2,9211.2,9229.2,1123
2025-09-26 07:15:00+00:00,9228.9,9232.0,9221.8,9229.6,632
2025-09-26 07:30:00+00:00,9230.4,9245.8,9229.4,9245.3,645
2025-09-26 07:45:00+00:00,9245.1,9250.1,9241.2,9242.5,640
2025-09-26 08:00:00+00:00,9242.2,9252.0,9235.5,9251.2,624
2025-09-26 08:15:00+00:00,9250.7,9252.7,9243.9,9246.7,446
2025-09-26 08:30:00+00:00,9246.9,9253.2,9245.5,9251.9,431
2025-09-26 08:45:00+00:00,9251.7,9252.4,9241.4,9241.9,423
2025-09-26 09:00:00+00:00,9241.7,9257.3,9239.8,9257.0,523
2025-09-26 09:15:00+00:00,9256.8,9257.5,9247.2,9247.2,417
2025-09-26 09:30:00+00:00,9247.4,9251.5,9246.8,9246.8,305
2025-09-26 09:45:00+00:00,9246.8,9250.8,9246.1,9250.1,297
2025-09-26 10:00:00+00:00,9249.9,9253.6,9247.4,9249.5,352
2025-09-26 10:15:00+00:00,9249.3,9249.5,9243.3,9245.2,310
2025-09-26 10:30:00+00:00,9245.0,9246.8,9242.2,9242.2,302
2025-09-26 10:45:00+00:00,9242.0,9245.4,9240.6,9244.7,297
2025-09-26 11:00:00+00:00,9244.4,9254.6,9244.4,9253.8,369
2025-09-26 11:15:00+00:00,9254.0,9256.9,9247.4,9256.4,302
2025-09-26 11:30:00+00:00,9256.6,9262.3,9255.8,9262.1,304
2025-09-26 11:45:00+00:00,9262.1,9264.6,9260.2,9260.7,279
2025-09-26 12:00:00+00:00,9260.5,9263.7,9257.1,9259.8,349
2025-09-26 12:15:00+00:00,9259.8,9263.4,9259.8,9260.5,284
2025-09-26 12:30:00+00:00,9260.3,9277.7,9259.3,9274.5,835
2025-09-26 12:45:00+00:00,9274.0,9275.5,9269.4,9274.0,452
2025-09-26 13:00:00+00:00,9274.3,9277.4,9268.6,9269.1,417
2025-09-26 13:15:00+00:00,9268.9,9278.4,9264.8,9277.9,458
2025-09-26 13:30:00+00:00,9277.4,9293.4,9276.9,9287.4,1539
2025-09-26 13:45:00+00:00,9287.2,9292.2,9283.6,9289.0,1000
2025-09-26 14:00:00+00:00,9288.8,9292.8,9282.1,9287.5,1157
2025-09-26 14:15:00+00:00,9287.2,9289.1,9278.2,9282.1,1022
2025-09-26 14:30:00+00:00,9282.4,9284.1,9276.6,9279.1,927
2025-09-26 14:45:00+00:00,9279.3,9284.4,9275.0,9275.5,761
2025-09-26 15:00:00+00:00,9275.0,9279.4,9273.7,9276.9,778
2025-09-26 15:15:00+00:00,9277.1,9282.1,9273.2,9280.8,709
2025-09-26 15:30:00+00:00,9280.3,9290.2,9277.8,9287.5,975
2025-09-26 15:45:00+00:00,9287.2,9291.2,9283.3,9283.5,646
2025-09-26 16:00:00+00:00,9283.8,9284.3,9279.6,9284.3,600
2025-09-26 16:15:00+00:00,9284.5,9294.4,9283.0,9292.7,460
2025-09-26 16:30:00+00:00,9292.5,9298.2,9291.2,9298.2,310
2025-09-26 16:45:00+00:00,9297.9,9307.3,9297.7,9306.6,339
2025-09-26 17:00:00+00:00,9306.3,9306.3,9301.4,9304.1,274
2025-09-26 17:15:00+00:00,9303.9,9306.1,9299.2,9303.4,194
2025-09-26 17:30:00+00:00,9303.1,9307.8,9302.1,9307.1,246
2025-09-26 17:45:00+00:00,9306.9,9307.6,9301.4,9305.1,244
2025-09-26 18:00:00+00:00,9304.9,9305.6,9296.2,9299.2,283
2025-09-26 18:15:00+00:00,9299.5,9304.2,9299.2,9303.4,279
2025-09-26 18:30:00+00:00,9303.7,9305.4,9301.0,9304.2,233
2025-09-26 18:45:00+00:00,9304.7,9306.9,9302.5,9306.2,275
2025-09-26 19:00:00+00:00,9305.9,9306.2,9300.3,9300.3,203
2025-09-26 19:15:00+00:00,9300.0,9304.2,9298.8,9302.7,205
2025-09-26 19:30:00+00:00,9302.5,9303.7,9299.3,9299.8,230
2025-09-26 19:45:00+00:00,9299.5,9306.7,9297.8,9301.3,707
2025-09-28 22:00:00+00:00,9302.9,9307.6,9302.0,9306.3,235
2025-09-28 22:15:00+00:00,9306.6,9310.3,9306.1,9307.8,163
2025-09-28 22:30:00+00:00,9307.6,9311.2,9306.4,9310.0,167
2025-09-28 22:45:00+00:00,9309.8,9312.2,9309.3,9309.5,120
2025-09-28 23:00:00+00:00,9309.7,9311.0,9309.3,9309.5,120
2025-09-28 23:15:00+00:00,9309.3,9313.3,9309.0,9311.2,149
2025-09-28 23:30:00+00:00,9311.0,9312.7,9309.7,9312.0,194
2025-09-28 23:45:00+00:00,9311.7,9313.9,9311.0,9312.2,145
2025-09-29 00:00:00+00:00,9305.4,9309.8,9301.8,9307.6,773
2025-09-29 00:15:00+00:00,9307.5,9316.1,9307.4,9312.0,716
2025-09-29 00:30:00+00:00,9311.8,9317.4,9307.8,9316.6,601
2025-09-29 00:45:00+00:00,9316.6,9326.5,9315.5,9317.4,646
2025-09-29 01:00:00+00:00,9317.4,9317.4,9308.1,9311.0,830
2025-09-29 01:15:00+00:00,9311.1,9315.5,9310.0,9315.0,523
2025-09-29 01:30:00+00:00,9315.0,9316.0,9308.3,9308.5,560
2025-09-29 01:45:00+00:00,9308.5,9310.1,9305.8,9306.3,622
2025-09-29 02:00:00+00:00,9305.5,9307.5,9303.5,9306.2,457
2025-09-29 02:15:00+00:00,9306.0,9307.2,9304.8,9305.2,431
2025-09-29 02:30:00+00:00,9305.3,9306.1,9304.3,9304.5,282
2025-09-29 02:45:00+00:00,9304.6,9306.2,9304.3,9306.0,391
2025-09-29 03:00:00+00:00,9305.6,9307.5,9304.3,9307.2,328
2025-09-29 03:15:00+00:00,9307.2,9307.6,9305.3,9306.5,234
2025-09-29 03:30:00+00:00,9306.5,9309.0,9306.2,9306.8,409
2025-09-29 03:45:00+00:00,9306.6,9306.6,9303.8,9305.5,342
2025-09-29 04:00:00+00:00,9305.7,9309.6,9305.3,9309.5,304
2025-09-29 04:15:00+00:00,9309.2,9314.7,9308.8,9313.3,320
2025-09-29 04:30:00+00:00,9313.3,9319.7,9313.2,9319.7,364
2025-09-29 04:45:00+00:00,9319.8,9319.9,9314.8,9315.0,294
2025-09-29 05:00:00+00:00,9315.2,9317.0,9311.8,9314.0,63
2025-09-29 05:15:00+00:00,9313.8,9316.3,9312.3,9316.0,54
2025-09-29 05:30:00+00:00,9316.0,9319.8,9315.8,9317.0,69
2025-09-29 05:45:00+00:00,9317.3,9318.5,9315.0,9315.0,85
2025-09-29 06:00:00+00:00,9314.5,9319.5,9311.3,9315.8,275
2025-09-29 06:15:00+00:00,9315.5,9318.8,9314.3,9315.3,186
2025-09-29 06:30:00+00:00,9315.8,9323.3,9315.3,9323.3,250
2025-09-29 06:45:00+00:00,9323.8,9330.3,9312.8,9316.3,338
2025-09-29 07:00:00+00:00,9315.5,9327.5,9306.3,9322.0,1303
2025-09-29 07:15:00+00:00,9322.5,9338.7,9322.5,9337.3,706
2025-09-29 07:30:00+00:00,9337.8,9353.3,9334.6,9346.7,841
2025-09-29 07:45:00+00:00,9347.0,9347.0,9335.3,9335.3,707
2025-09-29 08:00:00+00:00,9335.6,9335.6,9326.8,9330.2,555
2025-09-29 08:15:00+00:00,9329.9,9330.4,9324.3,9330.2,496
2025-09-29 08:30:00+00:00,9330.2,9332.8,9323.6,9331.8,519
2025-09-29 08:45:00+00:00,9332.0,9334.0,9324.5,9327.9,410
2025-09-29 09:00:00+00:00,9327.9,9339.2,9327.4,9338.4,444
2025-09-29 09:15:00+00:00,9338.2,9338.9,9332.1,9335.4,304
2025-09-29 09:30:00+00:00,9335.1,9340.6,9334.7,9338.3,290
2025-09-29 09:45:00+00:00,9338.0,9343.4,9337.7,9342.1,268
2025-09-29 10:00:00+00:00,9342.6,9348.2,9341.6,9346.7,280
2025-09-29 10:15:00+00:00,9346.2,9354.8,9346.0,9352.5,270
2025-09-29 10:30:00+00:00,9352.7,9354.4,9345.6,9347.9,354
2025-09-29 10:45:00+00:00,9347.9,9348.1,9336.4,9338.9,278
2025-09-29 11:00:00+00:00,9339.4,9339.9,9333.5,9334.0,290
2025-09-29 11:15:00+00:00,9334.3,9337.9,9332.9,9334.8,289
2025-09-29 11:30:00+00:00,9335.0,9340.0,9335.0,9337.6,300
2025-09-29 11:45:00+00:00,9337.8,9340.6,9335.6,9335.6,347
2025-09-29 12:00:00+00:00,9335.9,9336.4,9323.5,9324.0,329
2025-09-29 12:15:00+00:00,9323.8,9327.3,9321.2,9322.6,413
2025-09-29 12:30:00+00:00,9322.9,9324.6,9317.9,9321.7,401
2025-09-29 12:45:00+00:00,9321.9,9324.6,9319.6,9321.6,440
2025-09-29 13:00:00+00:00,9321.4,9326.5,9314.4,9314.9,420
2025-09-29 13:15:00+00:00,9315.4,9319.9,9313.1,9315.0,375
2025-09-29 13:30:00+00:00,9314.5,9318.2,9304.9,9307.1,1225
2025-09-29 13:45:00+00:00,9306.6,9307.6,9297.2,9297.4,944
2025-09-29 14:00:00+00:00,9297.7,9304.6,9294.8,9298.8,1004
2025-09-29 14:15:00+00:00,9299.5,9303.4,9296.1,9301.7,626
2025-09-29 14:30:00+00:00,9301.9,9311.5,9300.0,9308.5,605
2025-09-29 14:45:00+00:00,9308.3,9319.5,9307.8,9312.2,536
2025-09-29 15:00:00+00:00,9312.0,9315.9,9309.7,9315.1,537
2025-09-29 15:15:00+00:00,9314.6,9316.8,9311.3,9312.3,630
2025-09-29 15:30:00+00:00,9312.8,9312.8,9293.5,9298.0,1017
2025-09-29 15:45:00+00:00,9298.5,9298.5,9291.1,9292.1,364
2025-09-29 16:00:00+00:00,9292.3,9298.0,9289.6,9297.5,404
2025-09-29 16:15:00+00:00,9298.0,9298.5,9294.6,9296.3,364
2025-09-29 16:30:00+00:00,9296.6,9297.0,9292.8,9295.3,236
2025-09-29 16:45:00+00:00,9295.6,9299.0,9294.6,9296.3,214
2025-09-29 17:00:00+00:00,9296.6,9296.6,9291.1,9291.4,237
2025-09-29 17:15:00+00:00,9291.1,9292.6,9286.7,9288.2,243
2025-09-29 17:30:00+00:00,9287.7,9288.7,9285.7,9288.5,236
2025-09-29 17:45:00+00:00,9288.7,9289.2,9286.5,9289.0,253
2025-09-29 18:00:00+00:00,9289.2,9291.9,9288.0,9291.4,193
2025-09-29 18:15:00+00:00,9291.7,9294.2,9289.7,9293.9,115
2025-09-29 18:30:00+00:00,9293.7,9296.2,9293.2,9295.2,167
2025-09-29 18:45:00+00:00,9295.4,9296.7,9291.0,9291.9,137
2025-09-29 19:00:00+00:00,9291.7,9292.2,9286.0,9286.3,211
2025-09-29 19:15:00+00:00,9285.8,9288.0,9283.3,9287.0,349
2025-09-29 19:30:00+00:00,9287.3,9296.2,9287.0,9295.2,207
2025-09-29 19:45:00+00:00,9295.7,9300.2,9295.2,9299.4,431
2025-09-29 20:00:00+00:00,9299.0,9300.7,9296.6,9297.9,250
2025-09-29 20:30:00+00:00,9297.9,9297.9,9295.5,9295.7,61
2025-09-29 20:45:00+00:00,9295.5,9295.7,9292.1,9293.8,102
2025-09-29 22:00:00+00:00,9292.2,9293.0,9290.4,9291.1,112
2025-09-29 22:15:00+00:00,9290.9,9291.1,9289.7,9290.1,119
2025-09-29 22:30:00+00:00,9290.0,9292.4,9290.0,9292.3,97
2025-09-29 22:45:00+00:00,9292.4,9296.0,9292.4,9295.5,116
2025-09-29 23:00:00+00:00,9295.7,9295.7,9293.8,9294.4,70
2025-09-29 23:15:00+00:00,9294.3,9295.6,9294.2,9295.0,62
2025-09-29 23:30:00+00:00,9295.1,9297.0,9295.0,9296.6,84
2025-09-29 23:45:00+00:00,9296.5,9297.0,9293.4,9296.6,137
2025-09-30 00:00:00+00:00,9299.6,9301.6,9297.6,9301.6,963
2025-09-30 00:15:00+00:00,9302.0,9306.5,9301.8,9304.0,612
2025-09-30 00:30:00+00:00,9304.1,9307.3,9304.0,9306.9,544
2025-09-30 00:45:00+00:00,9307.0,9309.5,9304.6,9306.6,622
2025-09-30 01:00:00+00:00,9306.6,9306.6,9297.2,9298.7,825
2025-09-30 01:15:00+00:00,9299.0,9302.5,9299.0,9300.7,569
2025-09-30 01:30:00+00:00,9300.6,9301.7,9297.6,9299.7,705
2025-09-30 01:45:00+00:00,9299.7,9302.0,9299.0,9301.7,429
2025-09-30 02:00:00+00:00,9301.7,9303.0,9300.4,9302.2,472
2025-09-30 02:15:00+00:00,9302.3,9302.6,9299.7,9301.7,284
2025-09-30 02:30:00+00:00,9301.7,9302.0,9299.8,9301.8,375
2025-09-30 02:45:00+00:00,9301.8,9302.0,9300.7,9300.7,367
2025-09-30 03:00:00+00:00,9300.8,9302.0,9300.2,9300.8,366
2025-09-30 03:15:00+00:00,9300.7,9305.7,9300.4,9305.0,292
2025-09-30 03:30:00+00:00,9305.0,9306.9,9304.5,9305.0,463
2025-09-30 03:45:00+00:00,9305.0,9305.7,9301.8,9304.0,438
2025-09-30 04:00:00+00:00,9304.1,9304.6,9303.4,9304.5,308
2025-09-30 04:15:00+00:00,9304.6,9306.6,9303.1,9304.5,301
2025-09-30 04:30:00+00:00,9304.5,9304.7,9302.3,9304.6,300
2025-09-30 04:45:00+00:00,9304.6,9306.2,9301.9,9302.1,359
2025-09-30 05:00:00+00:00,9302.1,9302.9,9300.1,9300.6,102
2025-09-30 05:15:00+00:00,9300.4,9305.1,9299.2,9303.6,112
2025-09-30 05:30:00+00:00,9303.4,9304.1,9301.9,9303.1,64
2025-09-30 05:45:00+00:00,9303.4,9304.4,9301.2,9301.4,86
2025-09-30 06:00:00+00:00,9302.2,9302.9,9297.5,9301.2,268
2025-09-30 06:15:00+00:00,9301.4,9303.7,9300.0,9300.2,169
2025-09-30 06:30:00+00:00,9300.5,9301.2,9295.3,9297.2,155
2025-09-30 06:45:00+00:00,9298.0,9298.5,9289.6,9290.6,249
2025-09-30 07:00:00+00:00,9290.1,9296.6,9276.0,9287.7,1351
2025-09-30 07:15:00+00:00,9287.5,9295.8,9286.0,9290.0,959
2025-09-30 07:30:00+00:00,9290.3,9293.7,9274.9,9278.0,974
2025-09-30 07:45:00+00:00,9278.2,9281.5,9274.3,9276.0,572
2025-09-30 08:00:00+00:00,9275.5,9276.6,9266.4,9275.9,892
2025-09-30 08:15:00+00:00,9276.1,9276.9,9269.7,9272.3,529
2025-09-30 08:30:00+00:00,9272.6,9275.0,9266.9,9273.5,525
2025-09-30 08:45:00+00:00,9273.3,9285.4,9273.3,9283.0,488
2025-09-30 09:00:00+00:00,9282.7,9286.2,9277.9,9281.6,450
2025-09-30 09:15:00+00:00,9281.4,9291.4,9280.9,9289.9,438
2025-09-30 09:30:00+00:00,9290.1,9293.8,9286.0,9286.8,381
2025-09-30 09:45:00+00:00,9286.3,9291.9,9285.6,9291.4,362
2025-09-30 10:00:00+00:00,9291.1,9295.7,9289.9,9291.3,317
2025-09-30 10:15:00+00:00,9291.1,9295.7,9290.0,9294.9,330
2025-09-30 10:30:00+00:00,9294.7,9299.6,9294.7,9298.6,335
2025-09-30 10:45:00+00:00,9299.1,9309.0,9298.1,9305.3,414
2025-09-30 11:00:00+00:00,9305.0,9311.4,9304.5,9306.6,405
2025-09-30 11:15:00+00:00,9306.6,9314.0,9305.8,9313.5,247
2025-09-30 11:30:00+00:00,9313.3,9318.7,9312.8,9315.5,269
2025-09-30 11:45:00+00:00,9315.3,9318.8,9310.5,9313.5,360
2025-09-30 12:00:00+00:00,9314.0,9317.6,9310.7,9312.9,536
2025-09-30 12:15:00+00:00,9312.6,9315.1,9311.0,9313.9,304
2025-09-30 12:30:00+00:00,9313.7,9318.4,9309.9,9317.2,333
2025-09-30 12:45:00+00:00,9317.7,9321.8,9317.2,9320.4,301
2025-09-30 13:00:00+00:00,9320.6,9331.7,9318.2,9330.9,430
2025-09-30 13:15:00+00:00,9330.7,9337.5,9330.7,9333.3,609
2025-09-30 13:30:00+00:00,9333.0,9346.1,9329.5,9345.1,1439
2025-09-30 13:45:00+00:00,9345.3,9348.0,9338.8,9344.2,1255
2025-09-30 14:00:00+00:00,9345.9,9345.9,9329.9,9334.3,1192
2025-09-30 14:15:00+00:00,9334.1,9338.7,9329.5,9336.5,982
2025-09-30 14:30:00+00:00,9336.2,9339.9,9326.4,9326.9,861
2025-09-30 14:45:00+00:00,9327.4,9332.5,9321.3,9331.5,815
2025-09-30 15:00:00+00:00,9331.0,9357.4,9330.0,9356.4,1044
2025-09-30 15:15:00+00:00,9356.1,9362.6,9348.3,9357.8,1114
2025-09-30 15:30:00+00:00,9358.0,9360.2,9340.9,9343.9,1523
2025-09-30 15:45:00+00:00,9344.1,9356.3,9344.1,9351.1,605
2025-09-30 16:00:00+00:00,9351.4,9355.8,9350.4,9353.6,490
2025-09-30 16:15:00+00:00,9353.9,9360.3,9351.9,9358.3,477
2025-09-30 16:30:00+00:00,9358.1,9361.3,9355.9,9361.1,324
2025-09-30 16:45:00+00:00,9360.8,9361.3,9354.9,9357.6,352
2025-09-30 17:00:00+00:00,9357.4,9360.1,9354.4,9356.9,368
2025-09-30 17:15:00+00:00,9357.1,9357.4,9352.9,9354.7,304
2025-09-30 17:30:00+00:00,9354.4,9355.9,9352.2,9354.4,312
2025-09-30 17:45:00+00:00,9354.7,9360.6,9354.7,9357.4,280
2025-09-30 18:00:00+00:00,9357.2,9364.6,9356.4,9363.6,313
2025-09-30 18:15:00+00:00,9363.9,9367.6,9361.9,9364.6,293
2025-09-30 18:30:00+00:00,9364.4,9366.9,9362.6,9365.1,260
2025-09-30 18:45:00+00:00,9365.4,9367.9,9364.1,9367.9,232
2025-09-30 19:00:00+00:00,9367.6,9369.8,9366.6,9368.6,255
2025-09-30 19:15:00+00:00,9368.9,9370.3,9366.4,9367.9,283
2025-09-30 19:30:00+00:00,9368.1,9369.9,9365.4,9366.2,272
2025-09-30 19:45:00+00:00,9365.9,9377.8,9365.4,9373.1,666
2025-09-30 20:00:00+00:00,9373.1,9373.6,9362.0,9363.7,507
2025-09-30 20:30:00+00:00,9362.9,9363.0,9359.6,9360.8,142
2025-09-30 20:45:00+00:00,9361.1,9364.2,9360.7,9362.3,148
2025-09-30 22:00:00+00:00,9367.4,9367.9,9366.5,9367.7,154
2025-09-30 22:15:00+00:00,9367.7,9369.9,9366.0,9369.6,161
2025-09-30 22:30:00+00:00,9369.9,9371.1,9366.8,9367.8,200
2025-09-30 22:45:00+00:00,9367.7,9367.7,9359.5,9362.2,289
2025-09-30 23:00:00+00:00,9362.0,9363.6,9358.8,9362.7,364
2025-09-30 23:15:00+00:00,9362.5,9365.0,9361.5,9362.9,178
2025-09-30 23:30:00+00:00,9363.0,9364.1,9362.4,9363.2,103
2025-09-30 23:45:00+00:00,9363.1,9364.2,9361.5,9362.0,160
2025-10-01 00:00:00+00:00,9372.1,9374.1,9366.1,9367.2,1129
2025-10-01 00:15:00+00:00,9367.2,9369.1,9364.7,9368.0,995
2025-10-01 00:30:00+00:00,9368.1,9373.5,9368.1,9373.1,744
2025-10-01 00:45:00+00:00,9373.0,9374.8,9366.9,9367.7,759
2025-10-01 01:00:00+00:00,9367.3,9371.1,9366.7,9368.6,737
2025-10-01 01:15:00+00:00,9368.6,9369.5,9366.7,9368.1,642
2025-10-01 01:30:00+00:00,9368.2,9369.5,9364.7,9366.8,672
2025-10-01 01:45:00+00:00,9366.8,9367.0,9365.3,9365.5,459
2025-10-01 02:00:00+00:00,9365.4,9366.4,9363.2,9363.3,575
2025-10-01 02:15:00+00:00,9363.7,9366.1,9363.4,9365.8,545
2025-10-01 02:30:00+00:00,9365.8,9365.9,9364.0,9364.9,433
2025-10-01 02:45:00+00:00,9365.0,9365.8,9361.7,9363.1,422
2025-10-01 03:00:00+00:00,9363.1,9364.0,9360.3,9361.3,502
2025-10-01 03:15:00+00:00,9361.0,9362.9,9360.6,9361.8,430
2025-10-01 03:30:00+00:00,9362.2,9362.8,9360.9,9361.1,368
2025-10-01 03:45:00+00:00,9361.1,9364.1,9360.9,9362.4,448
2025-10-01 04:00:00+00:00,9362.6,9364.0,9362.5,9362.9,515
2025-10-01 04:15:00+00:00,9363.3,9364.2,9362.1,9363.3,355
2025-10-01 04:30:00+00:00,9363.4,9364.9,9362.4,9364.4,393
2025-10-01 04:45:00+00:00,9364.4,9364.7,9362.9,9363.0,390
2025-10-01 05:00:00+00:00,9362.9,9362.9,9358.5,9358.7,178
2025-10-01 05:15:00+00:00,9359.0,9359.2,9356.3,9356.5,122
2025-10-01 05:30:00+00:00,9356.8,9356.8,9352.1,9354.3,228
2025-10-01 05:45:00+00:00,9354.5,9357.0,9354.1,9354.8,170
2025-10-01 06:00:00+00:00,9355.1,9364.0,9354.8,9360.3,271
2025-10-01 06:15:00+00:00,9360.0,9361.5,9357.3,9359.8,131
2025-10-01 06:30:00+00:00,9359.5,9359.5,9352.4,9353.6,201
2025-10-01 06:45:00+00:00,9353.4,9357.8,9346.7,9357.8,545
2025-10-01 07:00:00+00:00,9358.1,9379.9,9357.3,9371.1,1924
2025-10-01 07:15:00+00:00,9370.9,9387.8,9369.9,9384.2,1082
2025-10-01 07:30:00+00:00,9384.5,9387.3,9378.6,9384.7,865
2025-10-01 07:45:00+00:00,9384.4,9396.9,9382.7,9384.5,621
2025-10-01 08:00:00+00:00,9384.2,9401.0,9382.0,9397.6,789
2025-10-01 08:15:00+00:00,9397.1,9402.4,9395.0,9401.6,761
2025-10-01 08:30:00+00:00,9401.4,9413.9,9401.1,9413.7,690
2025-10-01 08:45:00+00:00,9413.2,9420.5,9411.0,9412.4,575
2025-10-01 09:00:00+00:00,9412.2,9419.9,9405.5,9419.9,585
2025-10-01 09:15:00+00:00,9419.4,9421.7,9415.6,9416.0,472
2025-10-01 09:30:00+00:00,9415.5,9417.3,9409.6,9417.0,630
2025-10-01 09:45:00+00:00,9416.8,9416.9,9411.6,9416.7,471
2025-10-01 10:00:00+00:00,9415.5,9419.4,9414.8,9418.7,392
2025-10-01 10:15:00+00:00,9418.9,9420.6,9413.6,9414.7,444
2025-10-01 10:30:00+00:00,9414.9,9418.1,9411.2,9417.6,329
2025-10-01 10:45:00+00:00,9417.6,9424.1,9417.5,9421.3,333
2025-10-01 11:00:00+00:00,9422.1,9422.1,9410.4,9412.6,411
2025-10-01 11:15:00+00:00,9412.6,9415.0,9410.4,9414.1,382
2025-10-01 11:30:00+00:00,9414.4,9415.1,9408.9,9410.3,276
2025-10-01 11:45:00+00:00,9410.3,9412.6,9404.5,9412.1,420
2025-10-01 12:00:00+00:00,9412.2,9416.0,9411.4,9414.8,426
2025-10-01 12:15:00+00:00,9414.5,9417.3,9405.3,9414.3,936
2025-10-01 12:30:00+00:00,9414.5,9415.8,9409.6,9411.1,561
2025-10-01 12:45:00+00:00,9410.8,9411.1,9404.3,9410.0,414
2025-10-01 13:00:00+00:00,9410.5,9413.9,9408.0,9409.5,451
2025-10-01 13:15:00+00:00,9409.3,9416.7,9407.1,9416.4,439
2025-10-01 13:30:00+00:00,9416.7,9429.6,9415.8,9427.3,1485
2025-10-01 13:45:00+00:00,9427.1,9439.9,9426.1,9435.0,1012
2025-10-01 14:00:00+00:00,9436.5,9442.5,9430.2,9437.2,1037
2025-10-01 14:15:00+00:00,9436.9,9456.1,9436.9,9446.4,987
2025-10-01 14:30:00+00:00,9445.9,9447.4,9435.9,9435.9,812
2025-10-01 14:45:00+00:00,9436.2,9442.3,9427.5,9439.1,987
2025-10-01 15:00:00+00:00,9438.8,9445.6,9436.1,9445.6,783
2025-10-01 15:15:00+00:00,9445.4,9456.6,9443.9,9453.4,876
2025-10-01 15:30:00+00:00,9453.2,9454.4,9446.0,9451.0,890
2025-10-01 15:45:00+00:00,9451.5,9455.9,9450.7,9453.7,289
2025-10-01 16:00:00+00:00,9453.5,9458.7,9452.7,9458.7,378
2025-10-01 16:15:00+00:00,9458.5,9461.5,9457.5,9460.5,345
2025-10-01 16:30:00+00:00,9460.0,9460.5,9456.5,9457.8,200
2025-10-01 16:45:00+00:00,9457.5,9458.0,9449.6,9452.6,290
2025-10-01 17:00:00+00:00,9452.3,9453.1,9450.1,9452.6,222
2025-10-01 17:15:00+00:00,9452.8,9457.5,9452.6,9456.8,295
2025-10-01 17:30:00+00:00,9457.1,9457.1,9452.1,9454.1,256
2025-10-01 17:45:00+00:00,9454.3,9455.1,9452.4,9454.6,215
2025-10-01 18:00:00+00:00,9455.1,9459.6,9452.1,9457.8,200
2025-10-01 18:15:00+00:00,9457.6,9461.6,9457.3,9459.8,206
2025-10-01 18:30:00+00:00,9460.6,9462.1,9459.3,9461.0,217
2025-10-01 18:45:00+00:00,9461.5,9462.3,9460.3,9460.8,138
2025-10-01 19:00:00+00:00,9461.0,9463.5,9459.1,9460.5,178
2025-10-01 19:15:00+00:00,9460.8,9464.0,9460.5,9463.3,236
2025-10-01 19:30:00+00:00,9463.0,9465.3,9460.3,9463.3,242
2025-10-01 19:45:00+00:00,9463.0,9463.0,9452.9,9457.9,472
2025-10-01 20:00:00+00:00,9457.3,9458.0,9452.2,9452.4,270
2025-10-01 20:30:00+00:00,9452.5,9454.4,9450.0,9450.7,80
2025-10-01 20:45:00+00:00,9450.7,9451.4,9449.7,9450.9,61
2025-10-01 22:00:00+00:00,9453.1,9453.9,9451.7,9453.7,121
2025-10-01 22:15:00+00:00,9453.9,9454.9,9452.5,9454.7,84
2025-10-01 22:30:00+00:00,9454.6,9455.2,9453.5,9454.4,106
2025-10-01 22:45:00+00:00,9454.6,9455.2,9452.7,9453.0,97
2025-10-01 23:00:00+00:00,9452.9,9454.0,9452.0,9453.5,97
2025-10-01 23:15:00+00:00,9453.7,9455.9,9453.7,9455.2,90
2025-10-01 23:30:00+00:00,9455.4,9455.4,9450.8,9453.7,193
2025-10-01 23:45:00+00:00,9453.6,9455.4,9452.2,9453.7,142
2025-10-02 00:00:00+00:00,9454.8,9461.3,9454.4,9456.5,917
2025-10-02 00:15:00+00:00,9456.7,9461.3,9453.8,9460.0,680
2025-10-02 00:30:00+00:00,9459.8,9460.3,9456.8,9459.8,592
2025-10-02 00:45:00+00:00,9459.8,9470.4,9459.8,9465.7,744
2025-10-02 01:00:00+00:00,9465.8,9469.2,9463.2,9469.2,724
2025-10-02 01:15:00+00:00,9469.0,9472.2,9468.3,9469.3,603
2025-10-02 01:30:00+00:00,9469.5,9472.3,9465.8,9472.2,652
2025-10-02 01:45:00+00:00,9472.6,9477.8,9472.5,9477.0,617
2025-10-02 02:00:00+00:00,9476.8,9477.0,9471.0,9471.1,461
2025-10-02 02:15:00+00:00,9471.5,9474.7,9471.3,9474.5,433
2025-10-02 02:30:00+00:00,9474.7,9478.3,9474.7,9476.9,464
2025-10-02 02:45:00+00:00,9476.8,9477.8,9475.0,9477.3,400
2025-10-02 03:00:00+00:00,9477.3,9478.0,9475.5,9477.0,369
2025-10-02 03:15:00+00:00,9477.2,9478.6,9475.1,9475.7,466
2025-10-02 03:30:00+00:00,9475.5,9478.5,9474.0,9477.2,523
2025-10-02 03:45:00+00:00,9477.2,9480.6,9477.2,9480.5,470
2025-10-02 04:00:00+00:00,9480.5,9483.7,9479.5,9481.5,625
2025-10-02 04:15:00+00:00,9481.4,9481.9,9477.3,9481.1,593
2025-10-02 04:30:00+00:00,9481.3,9482.7,9480.2,9481.5,432
2025-10-02 04:45:00+00:00,9481.5,9483.5,9478.6,9479.1,523
2025-10-02 05:00:00+00:00,9479.3,9486.8,9479.0,9486.0,312
2025-10-02 05:15:00+00:00,9485.5,9485.5,9482.5,9485.3,91
2025-10-02 05:30:00+00:00,9485.5,9487.0,9483.0,9483.5,187
2025-10-02 05:45:00+00:00,9483.8,9488.3,9482.8,9486.3,158
2025-10-02 06:00:00+00:00,9485.5,9488.8,9479.0,9482.8,303
2025-10-02 06:15:00+00:00,9483.3,9484.8,9481.5,9484.0,180
2025-10-02 06:30:00+00:00,9483.8,9489.0,9480.3,9486.5,206
2025-10-02 06:45:00+00:00,9486.8,9486.8,9472.0,9473.5,313
2025-10-02 07:00:00+00:00,9471.3,9474.5,9457.3,9460.0,2126
2025-10-02 07:15:00+00:00,9459.8,9459.8,9444.3,9446.5,1079
2025-10-02 07:30:00+00:00,9446.3,9449.5,9435.8,9437.5,946
2025-10-02 07:45:00+00:00,9437.2,9439.7,9433.0,9434.5,772
2025-10-02 08:00:00+00:00,9434.1,9439.5,9429.9,9433.8,729
2025-10-02 08:15:00+00:00,9434.1,9442.1,9428.7,9440.9,756
2025-10-02 08:30:00+00:00,9440.9,9453.1,9440.4,9447.9,764
2025-10-02 08:45:00+00:00,9448.1,9453.7,9446.9,9453.5,636
2025-10-02 09:00:00+00:00,9453.5,9453.9,9444.9,9445.6,564
2025-10-02 09:15:00+00:00,9445.4,9454.9,9443.2,9450.6,501
2025-10-02 09:30:00+00:00,9450.3,9451.3,9441.7,9443.1,564
2025-10-02 09:45:00+00:00,9443.4,9448.8,9442.6,9447.3,390
2025-10-02 10:00:00+00:00,9447.5,9456.6,9447.5,9454.8,527
2025-10-02 10:15:00+00:00,9454.6,9459.4,9452.3,9453.0,428
2025-10-02 10:30:00+00:00,9453.3,9458.6,9453.0,9456.8,306
2025-10-02 10:45:00+00:00,9457.1,9457.3,9450.2,9454.9,408
2025-10-02 11:00:00+00:00,9454.6,9454.6,9443.8,9448.0,508
2025-10-02 11:15:00+00:00,9447.5,9451.3,9445.6,9447.0,279
2025-10-02 11:30:00+00:00,9446.7,9453.7,9445.7,9452.6,338
2025-10-02 11:45:00+00:00,9452.8,9457.2,9450.1,9450.9,376
2025-10-02 12:00:00+00:00,9450.7,9454.2,9447.2,9454.0,452
2025-10-02 12:15:00+00:00,9453.7,9461.3,9452.7,9459.6,555
2025-10-02 12:30:00+00:00,9459.3,9463.1,9452.6,9452.6,548
2025-10-02 12:45:00+00:00,9452.4,9452.4,9443.9,9444.4,717
2025-10-02 13:00:00+00:00,9444.1,9445.6,9436.8,9439.7,687
2025-10-02 13:15:00+00:00,9440.2,9445.4,9438.5,9439.6,585
2025-10-02 13:30:00+00:00,9439.4,9448.0,9436.4,9444.1,1448
2025-10-02 13:45:00+00:00,9443.9,9449.3,9442.1,9444.0,1138
2025-10-02 14:00:00+00:00,9444.2,9444.2,9430.5,9432.0,1203
2025-10-02 14:15:00+00:00,9432.5,9435.9,9427.6,9429.6,914
2025-10-02 14:30:00+00:00,9429.8,9434.9,9421.8,9424.0,882
2025-10-02 14:45:00+00:00,9424.2,9426.4,9419.2,9419.5,845
2025-10-02 15:00:00+00:00,9419.0,9424.5,9417.0,9422.9,689
2025-10-02 15:15:00+00:00,9422.7,9433.9,9422.4,9432.0,684
2025-10-02 15:30:00+00:00,9432.3,9433.5,9422.1,9428.6,1065
2025-10-02 15:45:00+00:00,9428.8,9435.7,9427.3,9428.8,471
2025-10-02 16:00:00+00:00,9428.6,9429.1,9425.4,9426.6,470
2025-10-02 16:15:00+00:00,9426.4,9428.6,9423.1,9423.9,375
2025-10-02 16:30:00+00:00,9424.1,9424.4,9418.7,9422.4,329
2025-10-02 16:45:00+00:00,9422.2,9426.9,9421.7,9424.9,226
2025-10-02 17:00:00+00:00,9424.7,9424.7,9420.0,9421.7,278
2025-10-02 17:15:00+00:00,9421.5,9426.2,9421.2,9423.2,210
2025-10-02 17:30:00+00:00,9423.4,9427.7,9422.7,9426.7,166
2025-10-02 17:45:00+00:00,9426.9,9432.4,9426.2,9431.6,170
2025-10-02 18:00:00+00:00,9431.1,9435.6,9431.1,9434.6,200
2025-10-02 18:15:00+00:00,9435.1,9436.6,9434.6,9436.6,202
2025-10-02 18:30:00+00:00,9436.1,9438.1,9434.2,9434.4,192
2025-10-02 18:45:00+00:00,9434.6,9435.6,9432.0,9433.5,160
2025-10-02 19:00:00+00:00,9433.8,9435.8,9432.0,9435.3,206
2025-10-02 19:15:00+00:00,9435.5,9437.3,9434.3,9435.3,162
2025-10-02 19:30:00+00:00,9434.8,9438.8,9433.3,9436.5,297
2025-10-02 19:45:00+00:00,9436.8,9437.8,9426.4,9429.4,517
2025-10-02 20:00:00+00:00,9431.5,9432.5,9430.3,9430.8,136
2025-10-02 20:30:00+00:00,9428.8,9429.6,9427.6,9427.9,97
2025-10-02 20:45:00+00:00,9428.1,9429.3,9427.6,9428.9,63
2025-10-02 22:00:00+00:00,9429.0,9429.9,9428.2,9429.4,65
2025-10-02 22:15:00+00:00,9429.2,9429.7,9426.3,9426.3,67
2025-10-02 22:30:00+00:00,9426.4,9427.7,9422.6,9427.7,183
2025-10-02 22:45:00+00:00,9427.5,9429.4,9427.0,9429.2,103
2025-10-02 23:00:00+00:00,9429.4,9431.4,9427.7,9431.4,123
2025-10-02 23:15:00+00:00,9431.6,9431.7,9430.4,9431.7,57
2025-10-02 23:30:00+00:00,9431.4,9432.2,9431.2,9431.9,90
2025-10-02 23:45:00+00:00,9431.9,9433.1,9430.7,9432.4,126
2025-10-03 00:00:00+00:00,9428.8,9433.8,9426.5,9433.1,918
2025-10-03 00:15:00+00:00,9433.0,9436.7,9431.4,9435.7,666
2025-10-03 00:30:00+00:00,9435.7,9441.7,9435.7,9439.2,566
2025-10-03 00:45:00+00:00,9439.2,9443.6,9439.2,9440.5,583
2025-10-03 01:00:00+00:00,9440.3,9440.7,9437.4,9437.5,613
2025-10-03 01:15:00+00:00,9437.5,9438.5,9435.4,9436.6,459
2025-10-03 01:30:00+00:00,9436.6,9440.5,9436.4,9439.8,455
2025-10-03 01:45:00+00:00,9440.0,9444.3,9439.4,9444.0,436
2025-10-03 02:00:00+00:00,9444.0,9446.1,9443.0,9444.5,532
2025-10-03 02:15:00+00:00,9444.5,9445.0,9442.4,9442.4,291
2025-10-03 02:30:00+00:00,9442.6,9442.8,9441.4,9442.1,304
2025-10-03 02:45:00+00:00,9441.9,9442.3,9440.3,9440.6,275
2025-10-03 03:00:00+00:00,9440.6,9443.5,9440.6,9441.4,344
2025-10-03 03:15:00+00:00,9441.2,9442.1,9440.8,9441.6,264
2025-10-03 03:30:00+00:00,9441.5,9444.8,9441.2,9444.8,357
2025-10-03 03:45:00+00:00,9444.8,9450.0,9444.0,9449.3,375
2025-10-03 04:00:00+00:00,9449.3,9455.4,9449.0,9452.0,459
2025-10-03 04:15:00+00:00,9452.2,9453.0,9448.6,9448.8,372
2025-10-03 04:30:00+00:00,9448.8,9451.7,9448.8,9451.3,345
2025-10-03 04:45:00+00:00,9451.1,9451.1,9448.1,9448.4,296
2025-10-03 05:00:00+00:00,9447.9,9448.6,9445.4,9447.2,120
2025-10-03 05:15:00+00:00,9446.9,9450.4,9445.7,9450.1,172
2025-10-03 05:30:00+00:00,9449.0,9451.4,9448.7,9449.9,95
2025-10-03 05:45:00+00:00,9450.2,9450.2,9444.5,9445.2,147
2025-10-03 06:00:00+00:00,9445.0,9447.2,9439.3,9442.7,245
2025-10-03 06:15:00+00:00,9443.2,9446.0,9442.8,9443.3,109
2025-10-03 06:30:00+00:00,9443.5,9445.7,9441.3,9443.0,137
2025-10-03 06:45:00+00:00,9442.8,9450.2,9440.1,9447.2,206
2025-10-03 07:00:00+00:00,9447.5,9463.0,9447.2,9458.4,1068
2025-10-03 07:15:00+00:00,9459.4,9459.8,9450.3,9454.7,640
2025-10-03 07:30:00+00:00,9455.4,9466.9,9455.4,9461.3,528
2025-10-03 07:45:00+00:00,9461.8,9468.4,9460.0,9465.6,515
2025-10-03 08:00:00+00:00,9465.4,9472.7,9463.2,9468.6,691
2025-10-03 08:15:00+00:00,9468.3,9475.4,9468.1,9473.2,428
2025-10-03 08:30:00+00:00,9473.4,9479.1,9472.9,9474.3,416
2025-10-03 08:45:00+00:00,9474.0,9476.9,9471.7,9475.7,323
2025-10-03 09:00:00+00:00,9475.9,9487.8,9475.9,9487.6,378
2025-10-03 09:15:00+00:00,9487.8,9488.3,9481.0,9486.7,277
2025-10-03 09:30:00+00:00,9487.0,9491.0,9485.5,9486.7,332
2025-10-03 09:45:00+00:00,9486.8,9488.1,9482.7,9488.1,308
2025-10-03 10:00:00+00:00,9488.6,9492.6,9486.2,9492.3,301
2025-10-03 10:15:00+00:00,9492.6,9494.3,9490.3,9490.6,206
2025-10-03 10:30:00+00:00,9490.6,9494.1,9489.9,9491.2,216
2025-10-03 10:45:00+00:00,9490.7,9492.3,9487.0,9491.6,293
2025-10-03 11:00:00+00:00,9491.3,9491.3,9484.2,9485.4,334
2025-10-03 11:15:00+00:00,9485.6,9485.9,9477.8,9478.3,287
2025-10-03 11:30:00+00:00,9478.1,9480.4,9476.4,9478.0,418
2025-10-03 11:45:00+00:00,9478.3,9481.2,9475.2,9476.2,281
2025-10-03 12:00:00+00:00,9475.7,9481.0,9473.3,9479.9,313
2025-10-03 12:15:00+00:00,9479.9,9480.2,9474.3,9478.9,300
2025-10-03 12:30:00+00:00,9479.2,9481.3,9475.5,9476.7,434
2025-10-03 12:45:00+00:00,9477.0,9477.2,9470.1,9473.6,339
2025-10-03 13:00:00+00:00,9473.4,9479.3,9473.4,9478.0,360
2025-10-03 13:15:00+00:00,9477.5,9478.0,9467.3,9469.1,365
2025-10-03 13:30:00+00:00,9469.3,9482.5,9468.8,9482.5,1224
2025-10-03 13:45:00+00:00,9482.3,9483.5,9471.3,9476.0,678
2025-10-03 14:00:00+00:00,9475.0,9478.7,9471.5,9478.2,947
2025-10-03 14:15:00+00:00,9478.0,9486.5,9473.1,9485.8,682
2025-10-03 14:30:00+00:00,9485.5,9490.4,9483.4,9486.4,671
2025-10-03 14:45:00+00:00,9486.2,9489.9,9482.4,9489.6,662
2025-10-03 15:00:00+00:00,9489.4,9489.5,9484.6,9487.6,597
2025-10-03 15:15:00+00:00,9487.1,9487.5,9480.9,9486.6,620
2025-10-03 15:30:00+00:00,9486.3,9493.7,9483.3,9493.0,690
2025-10-03 15:45:00+00:00,9493.2,9495.3,9490.5,9493.6,292
2025-10-03 16:00:00+00:00,9493.8,9498.8,9491.6,9498.5,217
2025-10-03 16:15:00+00:00,9498.3,9500.0,9496.1,9496.1,225
2025-10-03 16:30:00+00:00,9496.3,9500.0,9495.3,9499.0,172
2025-10-03 16:45:00+00:00,9498.8,9499.5,9496.3,9498.8,212
2025-10-03 17:00:00+00:00,9498.6,9498.8,9490.1,9492.9,542
2025-10-03 17:15:00+00:00,9492.6,9492.9,9488.7,9488.9,297
2025-10-03 17:30:00+00:00,9488.7,9491.4,9486.7,9486.7,313
2025-10-03 17:45:00+00:00,9487.0,9487.5,9479.0,9480.3,627
2025-10-03 18:00:00+00:00,9480.5,9487.0,9478.6,9484.5,501
2025-10-03 18:15:00+00:00,9484.3,9493.2,9484.0,9491.5,327
2025-10-03 18:30:00+00:00,9491.7,9492.7,9486.8,9487.5,377
2025-10-03 18:45:00+00:00,9487.3,9488.3,9484.0,9488.0,344
2025-10-03 19:00:00+00:00,9488.3,9490.7,9486.8,9488.3,302
2025-10-03 19:15:00+00:00,9487.8,9488.5,9485.3,9485.7,240
2025-10-03 19:30:00+00:00,9485.5,9489.7,9485.0,9486.7,281
2025-10-03 19:45:00+00:00,9486.5,9488.7,9482.0,9483.5,530
2025-10-05 22:00:00+00:00,9490.4,9493.1,9487.9,9492.1,372
2025-10-05 22:15:00+00:00,9492.3,9497.7,9491.6,9496.4,365
2025-10-05 22:30:00+00:00,9495.9,9497.0,9495.6,9496.9,146
2025-10-05 22:45:00+00:00,9497.0,9499.8,9496.9,9498.6,220
2025-10-05 23:00:00+00:00,9498.7,9500.6,9498.3,9499.4,223
2025-10-05 23:15:00+00:00,9499.3,9501.1,9498.8,9501.1,162
2025-10-05 23:30:00+00:00,9501.3,9505.2,9501.3,9504.5,351
2025-10-05 23:45:00+00:00,9504.6,9505.5,9500.1,9500.8,398
2025-10-06 00:00:00+00:00,9500.4,9500.4,9489.3,9500.0,1176
2025-10-06 00:15:00+00:00,9500.0,9504.3,9496.1,9497.0,1169
2025-10-06 00:30:00+00:00,9497.5,9499.2,9494.3,9494.9,733
2025-10-06 00:45:00+00:00,9495.0,9496.2,9493.7,9493.8,442
2025-10-06 01:00:00+00:00,9494.0,9494.1,9491.8,9493.0,447
2025-10-06 01:15:00+00:00,9493.0,9493.3,9486.5,9490.0,553
2025-10-06 01:30:00+00:00,9490.4,9492.1,9486.2,9488.0,599
2025-10-06 01:45:00+00:00,9488.2,9489.7,9486.4,9489.2,490
2025-10-06 02:00:00+00:00,9489.0,9489.4,9486.3,9487.1,441
2025-10-06 02:15:00+00:00,9487.0,9487.1,9484.1,9484.5,279
2025-10-06 02:30:00+00:00,9484.7,9484.9,9479.0,9480.6,395
2025-10-06 02:45:00+00:00,9480.5,9482.1,9479.8,9481.3,320
2025-10-06 03:00:00+00:00,9481.5,9484.2,9480.8,9481.0,471
2025-10-06 03:15:00+00:00,9480.8,9480.8,9479.3,9480.4,317
2025-10-06 03:30:00+00:00,9480.5,9482.1,9479.7,9481.2,417
2025-10-06 03:45:00+00:00,9481.0,9485.1,9480.9,9484.0,475
2025-10-06 04:00:00+00:00,9484.0,9486.0,9479.8,9485.5,808
2025-10-06 04:15:00+00:00,9485.7,9489.5,9485.5,9487.5,531
2025-10-06 04:30:00+00:00,9487.5,9491.0,9487.5,9490.1,505
2025-10-06 04:45:00+00:00,9490.0,9490.0,9486.0,9487.5,517
2025-10-06 05:00:00+00:00,9487.5,9487.5,9481.5,9481.5,317
2025-10-06 05:15:00+00:00,9481.8,9483.0,9481.3,9481.5,181
2025-10-06 05:30:00+00:00,9481.8,9491.0,9481.8,9490.5,224
2025-10-06 05:45:00+00:00,9490.8,9493.5,9490.3,9490.5,146
2025-10-06 06:00:00+00:00,9491.5,9491.5,9482.0,9484.0,337
2025-10-06 06:15:00+00:00,9483.8,9486.8,9478.3,9479.0,159
2025-10-06 06:30:00+00:00,9478.8,9482.3,9475.8,9481.3,200
2025-10-06 06:45:00+00:00,9481.0,9488.5,9481.0,9487.5,278
2025-10-06 07:00:00+00:00,9487.3,9493.0,9476.3,9488.0,1427
2025-10-06 07:15:00+00:00,9487.5,9493.8,9486.0,9488.0,669
2025-10-06 07:30:00+00:00,9488.3,9488.8,9463.5,9479.0,1216
2025-10-06 07:45:00+00:00,9478.8,9480.3,9468.8,9471.0,1026
2025-10-06 08:00:00+00:00,9471.5,9480.5,9470.3,9476.5,882
2025-10-06 08:15:00+00:00,9476.8,9483.0,9472.0,9478.0,596
2025-10-06 08:30:00+00:00,9477.8,9481.3,9472.2,9474.8,692
2025-10-06 08:45:00+00:00,9475.0,9475.8,9470.7,9474.0,589
2025-10-06 09:00:00+00:00,9474.0,9474.2,9467.9,9468.7,564
2025-10-06 09:15:00+00:00,9468.4,9480.0,9468.4,9479.5,535
2025-10-06 09:30:00+00:00,9479.0,9481.9,9474.2,9475.1,380
2025-10-06 09:45:00+00:00,9475.1,9477.2,9471.4,9475.6,389
2025-10-06 10:00:00+00:00,9476.1,9484.8,9475.8,9484.0,381
2025-10-06 10:15:00+00:00,9483.8,9485.1,9482.7,9483.1,235
2025-10-06 10:30:00+00:00,9483.1,9489.0,9480.9,9487.0,317
2025-10-06 10:45:00+00:00,9487.5,9498.8,9486.1,9495.8,637
2025-10-06 11:00:00+00:00,9496.1,9506.8,9495.8,9502.8,617
2025-10-06 11:15:00+00:00,9503.5,9505.6,9498.5,9504.1,439
2025-10-06 11:30:00+00:00,9504.4,9507.0,9502.6,9505.6,302
2025-10-06 11:45:00+00:00,9505.4,9511.0,9504.6,9509.6,450
2025-10-06 12:00:00+00:00,9509.9,9512.7,9508.3,9512.0,359
2025-10-06 12:15:00+00:00,9512.0,9513.4,9509.0,9509.8,416
2025-10-06 12:30:00+00:00,9509.5,9511.5,9505.8,9507.9,344
2025-10-06 12:45:00+00:00,9508.2,9511.7,9504.4,9510.0,436
2025-10-06 13:00:00+00:00,9510.2,9517.3,9507.2,9513.9,524
2025-10-06 13:15:00+00:00,9514.2,9514.5,9508.0,9508.8,468
2025-10-06 13:30:00+00:00,9509.0,9513.4,9501.2,9501.3,1386
2025-10-06 13:45:00+00:00,9500.8,9502.8,9486.7,9487.4,1129
2025-10-06 14:00:00+00:00,9487.7,9490.2,9477.7,9489.6,1110
2025-10-06 14:15:00+00:00,9489.3,9494.7,9484.1,9490.2,755
2025-10-06 14:30:00+00:00,9490.7,9492.0,9483.7,9485.6,539
2025-10-06 14:45:00+00:00,9485.8,9486.6,9475.4,9480.4,620
2025-10-06 15:00:00+00:00,9480.9,9482.9,9476.2,9478.5,627
2025-10-06 15:15:00+00:00,9478.4,9485.8,9477.4,9481.8,562
2025-10-06 15:30:00+00:00,9482.3,9482.8,9475.1,9481.3,564
2025-10-06 15:45:00+00:00,9481.6,9482.8,9478.9,9480.3,241
2025-10-06 16:00:00+00:00,9480.1,9483.6,9478.1,9483.6,258
2025-10-06 16:15:00+00:00,9483.8,9489.8,9482.3,9488.0,283
2025-10-06 16:30:00+00:00,9488.3,9488.8,9481.9,9481.9,199
2025-10-06 16:45:00+00:00,9481.6,9483.4,9478.7,9480.9,147
2025-10-06 17:00:00+00:00,9480.6,9480.6,9477.4,9479.7,138
2025-10-06 17:15:00+00:00,9479.4,9484.6,9478.2,9483.1,176
2025-10-06 17:30:00+00:00,9483.4,9483.9,9478.7,9479.2,183
2025-10-06 17:45:00+00:00,9478.9,9482.9,9478.2,9481.4,159
2025-10-06 18:00:00+00:00,9480.9,9482.2,9476.5,9477.0,125
2025-10-06 18:15:00+00:00,9476.5,9477.2,9472.0,9473.0,143
2025-10-06 18:30:00+00:00,9472.8,9473.0,9469.8,9471.6,137
2025-10-06 18:45:00+00:00,9471.8,9476.5,9471.1,9476.5,163
2025-10-06 19:00:00+00:00,9476.0,9476.3,9472.6,9472.6,159
2025-10-06 19:15:00+00:00,9472.3,9472.8,9469.3,9471.6,166
2025-10-06 19:30:00+00:00,9471.1,9478.5,9470.8,9478.3,218
2025-10-06 19:45:00+00:00,9478.0,9479.5,9471.6,9472.1,522
2025-10-06 20:00:00+00:00,9471.4,9473.6,9470.7,9472.4,167
2025-10-06 20:30:00+00:00,9473.5,9474.6,9473.4,9473.9,32
2025-10-06 20:45:00+00:00,9473.7,9474.7,9473.4,9473.9,47
2025-10-06 22:00:00+00:00,9473.7,9476.4,9473.5,9474.5,85
2025-10-06 22:15:00+00:00,9474.7,9475.7,9473.8,9474.0,81
2025-10-06 22:30:00+00:00,9474.2,9474.2,9466.5,9467.7,261
2025-10-06 22:45:00+00:00,9467.5,9468.9,9461.4,9462.6,262
2025-10-06 23:00:00+00:00,9462.4,9465.3,9461.4,9464.1,338
2025-10-06 23:15:00+00:00,9463.9,9467.8,9463.7,9466.8,222
2025-10-06 23:30:00+00:00,9467.1,9468.3,9465.6,9467.8,180
2025-10-06 23:45:00+00:00,9467.6,9468.1,9464.9,9465.7,188
2025-10-07 00:00:00+00:00,9463.2,9464.8,9459.8,9462.0,713
2025-10-07 00:15:00+00:00,9462.0,9467.5,9461.2,9464.9,626
2025-10-07 00:30:00+00:00,9465.1,9469.5,9463.7,9467.6,622
2025-10-07 00:45:00+00:00,9467.8,9469.3,9466.5,9468.1,561
2025-10-07 01:00:00+00:00,9468.2,9470.2,9465.6,9470.2,637
2025-10-07 01:15:00+00:00,9470.2,9474.1,9470.1,9473.6,492
2025-10-07 01:30:00+00:00,9473.8,9473.9,9470.6,9471.9,480
2025-10-07 01:45:00+00:00,9472.1,9476.8,9471.7,9475.2,467
2025-10-07 02:00:00+00:00,9475.6,9476.0,9473.4,9474.6,392
2025-10-07 02:15:00+00:00,9474.9,9475.1,9473.6,9474.2,416
2025-10-07 02:30:00+00:00,9474.2,9475.7,9473.7,9475.1,294
2025-10-07 02:45:00+00:00,9475.1,9475.7,9473.2,9473.5,261
2025-10-07 03:00:00+00:00,9474.3,9474.7,9472.6,9474.7,254
2025-10-07 03:15:00+00:00,9474.8,9475.2,9473.5,9473.5,363
2025-10-07 03:30:00+00:00,9474.3,9475.0,9472.7,9474.7,372
2025-10-07 03:45:00+00:00,9474.8,9476.0,9474.6,9475.0,243
2025-10-07 04:00:00+00:00,9475.2,9477.7,9474.8,9477.2,335
2025-10-07 04:15:00+00:00,9477.0,9477.8,9476.2,9477.0,275
2025-10-07 04:30:00+00:00,9477.4,9478.8,9475.2,9475.3,366
2025-10-07 04:45:00+00:00,9475.3,9478.5,9474.8,9477.3,278
2025-10-07 05:00:00+00:00,9477.3,9477.3,9472.6,9476.3,89
2025-10-07 05:15:00+00:00,9475.5,9478.0,9474.8,9478.0,77
2025-10-07 05:30:00+00:00,9477.8,9479.3,9477.3,9478.5,58
2025-10-07 05:45:00+00:00,9478.3,9479.0,9476.3,9476.6,59
2025-10-07 06:00:00+00:00,9474.3,9484.5,9471.6,9482.8,169
2025-10-07 06:15:00+00:00,9482.5,9484.8,9475.6,9476.4,127
2025-10-07 06:30:00+00:00,9476.1,9479.3,9473.9,9477.4,151
2025-10-07 06:45:00+00:00,9477.1,9488.8,9476.4,9488.3,172
2025-10-07 07:00:00+00:00,9488.5,9492.9,9482.7,9489.7,1127
2025-10-07 07:15:00+00:00,9489.4,9495.0,9477.3,9477.9,642
2025-10-07 07:30:00+00:00,9478.1,9486.6,9475.4,9485.1,569
2025-10-07 07:45:00+00:00,9484.6,9492.8,9483.2,9490.9,429
2025-10-07 08:00:00+00:00,9491.4,9494.0,9486.4,9491.7,552
2025-10-07 08:15:00+00:00,9492.0,9494.9,9483.6,9485.4,415
2025-10-07 08:30:00+00:00,9485.9,9489.6,9482.0,9488.6,462
2025-10-07 08:45:00+00:00,9488.3,9490.9,9486.4,9489.6,326
2025-10-07 09:00:00+00:00,9489.4,9490.8,9481.2,9482.2,318
2025-10-07 09:15:00+00:00,9481.9,9486.1,9481.1,9483.7,362
2025-10-07 09:30:00+00:00,9483.7,9483.7,9477.3,9478.3,333
2025-10-07 09:45:00+00:00,9478.3,9481.6,9474.9,9477.8,320
2025-10-07 10:00:00+00:00,9478.0,9480.0,9476.0,9479.3,307
2025-10-07 10:15:00+00:00,9479.6,9481.6,9476.7,9481.3,227
2025-10-07 10:30:00+00:00,9481.3,9486.4,9480.8,9481.9,254
2025-10-07 10:45:00+00:00,9481.9,9494.4,9477.9,9487.4,563
2025-10-07 11:00:00+00:00,9487.1,9494.0,9483.9,9493.5,444
2025-10-07 11:15:00+00:00,9493.2,9495.0,9489.7,9494.2,252
2025-10-07 11:30:00+00:00,9494.7,9501.0,9493.2,9499.6,273
2025-10-07 11:45:00+00:00,9499.6,9504.1,9499.6,9501.9,227
2025-10-07 12:00:00+00:00,9501.6,9503.7,9498.7,9503.2,336
2025-10-07 12:15:00+00:00,9503.2,9506.6,9502.2,9502.5,310
2025-10-07 12:30:00+00:00,9503.0,9505.3,9498.0,9500.7,401
2025-10-07 12:45:00+00:00,9500.5,9500.7,9495.9,9496.7,345
2025-10-07 13:00:00+00:00,9496.5,9499.8,9492.4,9499.0,488
2025-10-07 13:15:00+00:00,9499.2,9499.5,9489.5,9491.9,375
2025-10-07 13:30:00+00:00,9492.4,9499.5,9490.8,9496.7,1022
2025-10-07 13:45:00+00:00,9496.2,9499.6,9492.1,9493.1,817
2025-10-07 14:00:00+00:00,9492.6,9494.6,9481.8,9483.6,949
2025-10-07 14:15:00+00:00,9483.8,9487.7,9481.6,9482.3,706
2025-10-07 14:30:00+00:00,9482.0,9483.3,9477.3,9477.6,682
2025-10-07 14:45:00+00:00,9477.8,9480.8,9475.7,9480.3,553
2025-10-07 15:00:00+00:00,9480.0,9482.9,9474.3,9475.1,1023
2025-10-07 15:15:00+00:00,9475.4,9481.9,9473.2,9481.4,835
2025-10-07 15:30:00+00:00,9480.9,9488.6,9476.7,9485.4,1127
2025-10-07 15:45:00+00:00,9485.9,9487.4,9478.9,9484.9,667
2025-10-07 16:00:00+00:00,9485.1,9489.4,9478.2,9478.2,739
2025-10-07 16:15:00+00:00,9478.5,9485.7,9474.0,9480.7,731
2025-10-07 16:30:00+00:00,9481.0,9488.4,9481.0,9485.4,410
2025-10-07 16:45:00+00:00,9485.7,9486.2,9480.5,9482.7,438
2025-10-07 17:00:00+00:00,9482.5,9490.7,9482.0,9488.7,388
2025-10-07 17:15:00+00:00,9488.4,9490.4,9484.0,9484.5,327
2025-10-07 17:30:00+00:00,9484.0,9486.7,9482.0,9486.5,422
2025-10-07 17:45:00+00:00,9486.7,9488.2,9481.3,9482.3,350
2025-10-07 18:00:00+00:00,9482.5,9483.3,9476.1,9480.6,492
2025-10-07 18:15:00+00:00,9480.8,9484.3,9480.1,9483.5,359
2025-10-07 18:30:00+00:00,9483.3,9487.1,9483.1,9486.1,297
2025-10-07 18:45:00+00:00,9486.3,9489.5,9485.1,9489.1,236
2025-10-07 19:00:00+00:00,9489.5,9490.3,9484.6,9486.6,268
2025-10-07 19:15:00+00:00,9487.1,9488.8,9485.1,9486.8,270
2025-10-07 19:30:00+00:00,9486.6,9490.8,9485.6,9490.8,228
2025-10-07 19:45:00+00:00,9490.6,9493.6,9487.4,9488.6,439
2025-10-07 20:00:00+00:00,9491.2,9494.2,9490.7,9492.9,243
2025-10-07 20:30:00+00:00,9493.0,9493.9,9492.7,9493.5,67
2025-10-07 20:45:00+00:00,9493.6,9494.0,9491.6,9492.0,55
2025-10-07 22:00:00+00:00,9493.4,9494.5,9490.5,9491.6,122
2025-10-07 22:15:00+00:00,9491.8,9494.5,9491.6,9494.5,156
2025-10-07 22:30:00+00:00,9494.0,9495.5,9493.8,9495.0,93
2025-10-07 22:45:00+00:00,9495.3,9495.7,9494.5,9495.0,76
2025-10-07 23:00:00+00:00,9494.9,9495.0,9489.2,9489.7,194
2025-10-07 23:15:00+00:00,9489.4,9489.7,9486.2,9488.2,209
2025-10-07 23:30:00+00:00,9488.0,9488.3,9484.5,9486.7,176
2025-10-07 23:45:00+00:00,9487.0,9487.7,9485.3,9486.5,166
2025-10-08 00:00:00+00:00,9489.9,9490.2,9481.9,9482.6,817
2025-10-08 00:15:00+00:00,9482.8,9488.7,9482.4,9487.4,742
2025-10-08 00:30:00+00:00,9487.0,9489.4,9485.9,9488.8,580
2025-10-08 00:45:00+00:00,9488.8,9490.3,9487.9,9489.1,473
2025-10-08 01:00:00+00:00,9489.4,9495.2,9489.4,9491.7,875
2025-10-08 01:15:00+00:00,9491.7,9494.0,9490.6,9493.3,540
2025-10-08 01:30:00+00:00,9493.1,9493.8,9491.2,9492.2,457
2025-10-08 01:45:00+00:00,9492.2,9492.7,9491.5,9492.1,367
2025-10-08 02:00:00+00:00,9491.9,9495.3,9491.6,9495.1,456
2025-10-08 02:15:00+00:00,9495.1,9495.8,9494.6,9495.1,366
2025-10-08 02:30:00+00:00,9495.1,9495.2,9493.1,9493.4,376
2025-10-08 02:45:00+00:00,9493.2,9494.2,9492.5,9493.9,328
2025-10-08 03:00:00+00:00,9493.7,9496.4,9493.7,9496.4,288
2025-10-08 03:15:00+00:00,9496.4,9501.3,9496.3,9499.2,302
2025-10-08 03:30:00+00:00,9499.2,9499.6,9498.4,9498.7,324
2025-10-08 03:45:00+00:00,9498.7,9499.4,9498.1,9498.2,332
2025-10-08 04:00:00+00:00,9498.2,9498.4,9496.0,9496.4,273
2025-10-08 04:15:00+00:00,9496.2,9497.7,9495.7,9497.7,366
2025-10-08 04:30:00+00:00,9497.5,9497.9,9496.0,9496.2,330
2025-10-08 04:45:00+00:00,9496.2,9498.0,9495.7,9497.0,272
2025-10-08 05:00:00+00:00,9496.7,9499.5,9496.3,9496.3,97
2025-10-08 05:15:00+00:00,9496.5,9502.5,9496.5,9502.5,185
2025-10-08 05:30:00+00:00,9502.2,9504.2,9499.0,9499.3,127
2025-10-08 05:45:00+00:00,9499.0,9499.8,9498.3,9498.8,73
2025-10-08 06:00:00+00:00,9498.5,9502.7,9496.3,9499.8,163
2025-10-08 06:15:00+00:00,9499.5,9500.5,9493.6,9494.3,117
2025-10-08 06:30:00+00:00,9494.1,9495.3,9488.4,9490.9,143
2025-10-08 06:45:00+00:00,9490.6,9494.9,9488.4,9489.9,159
2025-10-08 07:00:00+00:00,9490.9,9514.7,9490.2,9499.0,1426
2025-10-08 07:15:00+00:00,9499.3,9510.3,9499.3,9508.0,609
2025-10-08 07:30:00+00:00,9508.5,9514.6,9506.9,9511.9,586
2025-10-08 07:45:00+00:00,9511.6,9518.3,9510.3,9517.6,519
2025-10-08 08:00:00+00:00,9518.1,9522.0,9515.4,9518.0,586
2025-10-08 08:15:00+00:00,9518.3,9522.6,9510.1,9511.5,499
2025-10-08 08:30:00+00:00,9512.5,9516.6,9511.8,9514.0,414
2025-10-08 08:45:00+00:00,9513.8,9522.9,9513.5,9522.5,518
2025-10-08 09:00:00+00:00,9522.3,9530.8,9521.8,9530.6,371
2025-10-08 09:15:00+00:00,9530.3,9533.2,9528.1,9531.2,293
2025-10-08 09:30:00+00:00,9531.5,9537.4,9528.5,9534.9,507
2025-10-08 09:45:00+00:00,9534.7,9540.6,9534.4,9537.3,368
2025-10-08 10:00:00+00:00,9536.8,9538.9,9533.4,9537.5,395
2025-10-08 10:15:00+00:00,9538.0,9541.1,9536.2,9536.2,335
2025-10-08 10:30:00+00:00,9535.7,9537.1,9533.1,9536.1,261
2025-10-08 10:45:00+00:00,9536.3,9557.8,9534.6,9554.9,476
2025-10-08 11:00:00+00:00,9554.6,9566.1,9551.9,9563.5,450
2025-10-08 11:15:00+00:00,9563.0,9569.8,9561.4,9566.3,376
2025-10-08 11:30:00+00:00,9565.8,9566.6,9559.3,9561.3,340
2025-10-08 11:45:00+00:00,9560.8,9564.3,9558.5,9561.2,421
2025-10-08 12:00:00+00:00,9560.9,9568.7,9559.5,9562.9,420
2025-10-08 12:15:00+00:00,9563.1,9571.4,9561.0,9570.4,376
2025-10-08 12:30:00+00:00,9570.7,9571.4,9559.1,9559.4,400
2025-10-08 12:45:00+00:00,9559.1,9573.1,9556.9,9572.3,544
2025-10-08 13:00:00+00:00,9572.1,9577.7,9565.3,9566.1,555
2025-10-08 13:15:00+00:00,9566.3,9566.6,9557.9,9560.9,455
2025-10-08 13:30:00+00:00,9560.7,9563.6,9534.6,9534.6,1287
2025-10-08 13:45:00+00:00,9534.4,9538.3,9526.0,9531.0,1191
2025-10-08 14:00:00+00:00,9530.3,9543.8,9530.1,9542.6,876
2025-10-08 14:15:00+00:00,9542.8,9542.8,9535.3,9537.3,645
2025-10-08 14:30:00+00:00,9537.1,9546.0,9536.6,9543.0,678
2025-10-08 14:45:00+00:00,9543.3,9549.8,9540.8,9547.8,587
2025-10-08 15:00:00+00:00,9548.0,9555.5,9545.8,9554.8,739
2025-10-08 15:15:00+00:00,9554.6,9559.4,9553.1,9556.9,717
2025-10-08 15:30:00+00:00,9557.1,9557.1,9548.0,9554.4,633
2025-10-08 15:45:00+00:00,9553.9,9557.4,9551.0,9553.2,316
2025-10-08 16:00:00+00:00,9553.4,9562.9,9553.2,9562.4,286
2025-10-08 16:15:00+00:00,9562.6,9562.6,9555.9,9558.9,241
2025-10-08 16:30:00+00:00,9559.2,9561.1,9556.2,9556.7,196
2025-10-08 16:45:00+00:00,9556.4,9557.9,9553.5,9557.5,237
2025-10-08 17:00:00+00:00,9557.0,9557.2,9551.8,9556.5,236
2025-10-08 17:15:00+00:00,9556.7,9559.2,9553.8,9555.5,189
2025-10-08 17:30:00+00:00,9556.0,9556.5,9549.6,9550.6,203
2025-10-08 17:45:00+00:00,9551.1,9551.1,9548.3,9550.1,208
2025-10-08 18:00:00+00:00,9550.6,9553.1,9548.6,9549.6,323
2025-10-08 18:15:00+00:00,9549.8,9552.6,9546.9,9547.1,423
2025-10-08 18:30:00+00:00,9547.4,9549.4,9543.9,9544.7,289
2025-10-08 18:45:00+00:00,9544.4,9544.7,9540.5,9541.5,367
2025-10-08 19:00:00+00:00,9541.7,9543.7,9540.2,9543.2,281
2025-10-08 19:15:00+00:00,9543.7,9546.0,9541.8,9541.8,210
2025-10-08 19:30:00+00:00,9542.0,9543.8,9540.8,9542.8,263
2025-10-08 19:45:00+00:00,9542.5,9551.9,9541.8,9549.7,451
2025-10-08 20:00:00+00:00,9549.5,9551.2,9548.0,9551.0,154
2025-10-08 20:30:00+00:00,9554.4,9555.1,9553.7,9554.2,47
2025-10-08 20:45:00+00:00,9553.7,9553.9,9550.5,9550.7,68
2025-10-08 22:00:00+00:00,9552.4,9554.8,9552.4,9554.5,115
2025-10-08 22:15:00+00:00,9553.8,9555.3,9552.6,9554.8,138
2025-10-08 22:30:00+00:00,9554.5,9555.0,9553.2,9554.5,85
2025-10-08 22:45:00+00:00,9554.4,9555.3,9553.9,9554.9,90
2025-10-08 23:00:00+00:00,9555.0,9556.8,9553.6,9556.8,137
2025-10-08 23:15:00+00:00,9556.5,9560.0,9556.5,9559.2,179
2025-10-08 23:30:00+00:00,9559.5,9559.7,9557.8,9558.2,137
2025-10-08 23:45:00+00:00,9558.0,9558.5,9555.8,9555.8,139
2025-10-09 00:00:00+00:00,9557.7,9557.7,9551.6,9554.8,629
2025-10-09 00:15:00+00:00,9554.4,9554.7,9550.0,9552.1,483
2025-10-09 00:30:00+00:00,9552.1,9552.4,9549.9,9550.9,334
2025-10-09 00:45:00+00:00,9550.8,9551.3,9549.1,9550.3,360
2025-10-09 01:00:00+00:00,9550.3,9550.5,9541.8,9542.0,764
2025-10-09 01:15:00+00:00,9541.9,9542.5,9538.1,9538.9,811
2025-10-09 01:30:00+00:00,9538.8,9539.0,9509.6,9511.5,1305
2025-10-09 01:45:00+00:00,9511.6,9511.6,9496.2,9501.8,933
2025-10-09 02:00:00+00:00,9501.4,9510.7,9494.6,9499.7,1082
2025-10-09 02:15:00+00:00,9500.1,9501.3,9496.9,9497.6,610
2025-10-09 02:30:00+00:00,9497.4,9497.4,9491.9,9492.4,597
2025-10-09 02:45:00+00:00,9492.2,9492.7,9483.6,9484.4,663
2025-10-09 03:00:00+00:00,9484.6,9492.8,9484.6,9492.6,526
2025-10-09 03:15:00+00:00,9493.2,9496.6,9492.6,9493.4,621
2025-10-09 03:30:00+00:00,9493.8,9494.9,9492.8,9494.3,523
2025-10-09 03:45:00+00:00,9494.3,9499.3,9494.3,9499.1,462
2025-10-09 04:00:00+00:00,9499.1,9505.6,9498.4,9503.6,454
2025-10-09 04:15:00+00:00,9503.8,9508.6,9503.6,9506.6,579
2025-10-09 04:30:00+00:00,9506.0,9510.1,9503.1,9510.1,425
2025-10-09 04:45:00+00:00,9509.9,9511.1,9506.9,9511.1,353
2025-10-09 05:00:00+00:00,9511.1,9511.6,9508.4,9508.4,122
2025-10-09 05:15:00+00:00,9509.1,9513.4,9507.1,9512.9,107
2025-10-09 05:30:00+00:00,9513.4,9520.4,9513.4,9514.9,166
2025-10-09 05:45:00+00:00,9515.4,9518.6,9511.6,9517.9,179
2025-10-09 06:00:00+00:00,9518.1,9532.9,9518.1,9532.6,248
2025-10-09 06:15:00+00:00,9532.4,9533.4,9527.9,9530.4,210
2025-10-09 06:30:00+00:00,9530.6,9535.1,9528.1,9528.4,252
2025-10-09 06:45:00+00:00,9528.6,9528.9,9512.9,9513.6,338
2025-10-09 07:00:00+00:00,9513.1,9526.4,9504.6,9523.6,1913
2025-10-09 07:15:00+00:00,9523.4,9531.9,9515.6,9519.1,873
2025-10-09 07:30:00+00:00,9518.9,9519.4,9510.6,9515.2,854
2025-10-09 07:45:00+00:00,9515.4,9523.8,9514.2,9519.4,649
2025-10-09 08:00:00+00:00,9519.7,9526.0,9511.2,9511.7,687
2025-10-09 08:15:00+00:00,9512.2,9514.9,9509.8,9513.3,528
2025-10-09 08:30:00+00:00,9513.6,9513.8,9501.7,9502.9,544
2025-10-09 08:45:00+00:00,9503.2,9511.6,9501.4,9509.0,475
2025-10-09 09:00:00+00:00,9508.5,9508.5,9500.3,9504.5,544
2025-10-09 09:15:00+00:00,9504.8,9512.8,9504.5,9510.9,483
2025-10-09 09:30:00+00:00,9511.1,9511.7,9501.6,9506.3,434
2025-10-09 09:45:00+00:00,9506.6,9510.5,9505.5,9508.5,471
2025-10-09 10:00:00+00:00,9509.0,9514.4,9505.9,9511.7,455
2025-10-09 10:15:00+00:00,9512.2,9516.7,9509.3,9510.3,366
2025-10-09 10:30:00+00:00,9510.6,9513.6,9509.5,9512.6,278
2025-10-09 10:45:00+00:00,9512.6,9526.6,9512.1,9525.9,476
2025-10-09 11:00:00+00:00,9525.4,9531.4,9522.9,9527.9,449
2025-10-09 11:15:00+00:00,9527.9,9531.4,9525.1,9530.4,341
2025-10-09 11:30:00+00:00,9530.4,9533.0,9529.4,9530.4,305
2025-10-09 11:45:00+00:00,9530.4,9530.9,9519.1,9525.2,369
2025-10-09 12:00:00+00:00,9524.9,9529.4,9523.9,9529.3,321
2025-10-09 12:15:00+00:00,9529.3,9531.8,9527.6,9531.1,342
2025-10-09 12:30:00+00:00,9530.9,9531.1,9522.5,9525.0,397
2025-10-09 12:45:00+00:00,9525.5,9526.0,9519.0,9521.2,297
2025-10-09 13:00:00+00:00,9521.5,9526.6,9520.5,9521.9,429
2025-10-09 13:15:00+00:00,9522.4,9532.6,9520.9,9529.6,548
2025-10-09 13:30:00+00:00,9529.9,9535.9,9524.1,9528.0,1452
2025-10-09 13:45:00+00:00,9527.8,9529.5,9513.5,9516.7,1191
2025-10-09 14:00:00+00:00,9516.5,9531.3,9514.8,9527.3,1024
2025-10-09 14:15:00+00:00,9527.6,9533.2,9521.8,9522.1,720
2025-10-09 14:30:00+00:00,9521.8,9524.5,9516.5,9517.0,864
2025-10-09 14:45:00+00:00,9517.3,9522.9,9514.3,9517.8,714
2025-10-09 15:00:00+00:00,9518.1,9525.1,9517.6,9521.2,746
2025-10-09 15:15:00+00:00,9521.5,9522.8,9514.4,9514.9,829
2025-10-09 15:30:00+00:00,9515.1,9520.3,9505.0,9509.4,1235
2025-10-09 15:45:00+00:00,9509.7,9519.1,9509.7,9515.2,525
2025-10-09 16:00:00+00:00,9515.4,9519.6,9512.4,9513.9,425
2025-10-09 16:15:00+00:00,9513.7,9519.4,9511.7,9514.7,399
2025-10-09 16:30:00+00:00,9514.4,9514.4,9505.5,9508.0,452
2025-10-09 16:45:00+00:00,9508.3,9510.5,9499.1,9499.8,485
2025-10-09 17:00:00+00:00,9499.6,9502.3,9495.9,9499.9,585
2025-10-09 17:15:00+00:00,9500.4,9502.3,9495.4,9495.9,433
2025-10-09 17:30:00+00:00,9496.2,9504.1,9495.2,9501.4,387
2025-10-09 17:45:00+00:00,9501.1,9501.1,9497.7,9500.6,310
2025-10-09 18:00:00+00:00,9501.1,9501.6,9490.5,9492.5,418
2025-10-09 18:15:00+00:00,9492.2,9499.2,9492.2,9494.2,229
2025-10-09 18:30:00+00:00,9493.7,9495.0,9491.7,9492.5,313
2025-10-09 18:45:00+00:00,9492.7,9495.2,9489.8,9493.8,232
2025-10-09 19:00:00+00:00,9494.0,9500.0,9493.3,9498.5,270
2025-10-09 19:15:00+00:00,9499.0,9505.6,9497.0,9502.6,276
2025-10-09 19:30:00+00:00,9502.4,9503.6,9499.9,9501.9,303
2025-10-09 19:45:00+00:00,9502.4,9503.4,9496.2,9497.2,482
2025-10-09 20:00:00+00:00,9497.5,9498.9,9495.0,9495.5,202
2025-10-09 20:30:00+00:00,9493.8,9495.3,9492.1,9495.3,73
2025-10-09 20:45:00+00:00,9495.5,9496.3,9493.6,9496.3,63
2025-10-09 22:00:00+00:00,9500.2,9500.2,9496.1,9497.3,158
2025-10-09 22:15:00+00:00,9497.1,9499.3,9496.8,9498.1,103
2025-10-09 22:30:00+00:00,9498.6,9503.0,9498.6,9502.6,182
2025-10-09 22:45:00+00:00,9502.5,9502.5,9500.8,9502.1,150
2025-10-09 23:00:00+00:00,9502.2,9503.2,9500.5,9501.4,160
2025-10-09 23:15:00+00:00,9501.3,9503.0,9501.3,9502.5,66
2025-10-09 23:30:00+00:00,9502.3,9502.8,9501.2,9501.8,99
2025-10-09 23:45:00+00:00,9501.9,9506.0,9501.8,9505.7,143
2025-10-10 00:00:00+00:00,9504.6,9511.1,9504.2,9505.4,816
2025-10-10 00:15:00+00:00,9505.3,9508.0,9503.4,9505.0,562
2025-10-10 00:30:00+00:00,9505.1,9506.8,9503.6,9504.6,435
2025-10-10 00:45:00+00:00,9504.2,9509.1,9504.1,9507.9,476
2025-10-10 01:00:00+00:00,9508.1,9511.7,9507.8,9511.1,398
2025-10-10 01:15:00+00:00,9511.1,9511.5,9508.4,9509.6,482
2025-10-10 01:30:00+00:00,9509.6,9509.6,9503.2,9504.7,500
2025-10-10 01:45:00+00:00,9504.5,9508.2,9504.2,9508.0,387
2025-10-10 02:00:00+00:00,9507.9,9508.4,9502.2,9504.0,514
2025-10-10 02:15:00+00:00,9504.0,9506.7,9503.9,9506.2,242
2025-10-10 02:30:00+00:00,9506.3,9506.5,9504.9,9505.0,221
2025-10-10 02:45:00+00:00,9505.2,9505.2,9501.8,9502.1,360
2025-10-10 03:00:00+00:00,9502.3,9503.2,9500.5,9503.0,462
2025-10-10 03:15:00+00:00,9503.0,9504.3,9502.4,9503.3,330
2025-10-10 03:30:00+00:00,9503.1,9504.6,9502.8,9504.0,363
2025-10-10 03:45:00+00:00,9504.2,9504.5,9501.0,9502.8,429
2025-10-10 04:00:00+00:00,9502.8,9505.3,9502.8,9504.1,441
2025-10-10 04:15:00+00:00,9504.1,9505.1,9502.8,9503.8,345
2025-10-10 04:30:00+00:00,9503.9,9504.3,9502.1,9502.4,290
2025-10-10 04:45:00+00:00,9502.4,9503.0,9497.0,9497.6,489
2025-10-10 05:00:00+00:00,9497.4,9498.2,9491.5,9492.2,190
2025-10-10 05:15:00+00:00,9492.0,9493.0,9490.2,9492.0,127
2025-10-10 05:30:00+00:00,9492.5,9496.0,9492.0,9494.2,67
2025-10-10 05:45:00+00:00,9495.0,9497.7,9494.5,9497.7,134
2025-10-10 06:00:00+00:00,9496.0,9505.7,9496.0,9505.2,246
2025-10-10 06:15:00+00:00,9504.9,9505.2,9499.7,9501.5,130
2025-10-10 06:30:00+00:00,9501.7,9505.2,9491.8,9496.8,362
2025-10-10 06:45:00+00:00,9497.0,9501.5,9495.8,9497.8,377
2025-10-10 07:00:00+00:00,9497.3,9508.6,9495.4,9507.1,1477
2025-10-10 07:15:00+00:00,9507.6,9509.5,9491.2,9493.4,590
2025-10-10 07:30:00+00:00,9493.6,9499.9,9493.6,9497.6,600
2025-10-10 07:45:00+00:00,9497.9,9500.2,9494.5,9498.6,415
2025-10-10 08:00:00+00:00,9498.8,9504.5,9492.7,9498.3,558
2025-10-10 08:15:00+00:00,9498.8,9499.5,9494.4,9495.3,418
2025-10-10 08:30:00+00:00,9495.0,9497.0,9492.3,9495.1,432
2025-10-10 08:45:00+00:00,9495.1,9497.6,9493.0,9496.4,363
2025-10-10 09:00:00+00:00,9496.2,9498.9,9491.7,9495.7,527
2025-10-10 09:15:00+00:00,9495.4,9504.4,9494.2,9502.3,392
2025-10-10 09:30:00+00:00,9502.0,9504.6,9498.1,9501.9,460
2025-10-10 09:45:00+00:00,9502.2,9503.9,9487.4,9487.4,583
2025-10-10 10:00:00+00:00,9486.9,9496.1,9485.4,9495.3,382
2025-10-10 10:15:00+00:00,9495.6,9498.7,9492.4,9492.9,325
2025-10-10 10:30:00+00:00,9493.1,9501.0,9491.4,9501.0,317
2025-10-10 10:45:00+00:00,9501.0,9518.7,9498.0,9516.0,435
2025-10-10 11:00:00+00:00,9515.5,9518.5,9508.7,9508.7,471
2025-10-10 11:15:00+00:00,9508.7,9512.5,9506.8,9507.1,253
2025-10-10 11:30:00+00:00,9507.6,9512.9,9506.9,9511.4,269
2025-10-10 11:45:00+00:00,9511.1,9512.2,9509.5,9509.6,230
2025-10-10 12:00:00+00:00,9509.9,9510.1,9505.4,9508.1,326
2025-10-10 12:15:00+00:00,9508.3,9513.2,9505.8,9512.7,353
2025-10-10 12:30:00+00:00,9512.9,9514.4,9500.0,9500.3,497
2025-10-10 12:45:00+00:00,9500.0,9506.9,9499.3,9505.9,460
2025-10-10 13:00:00+00:00,9506.1,9513.8,9505.9,9508.4,380
2025-10-10 13:15:00+00:00,9508.1,9510.8,9504.9,9508.9,490
2025-10-10 13:30:00+00:00,9509.1,9511.3,9504.6,9508.3,1311
2025-10-10 13:45:00+00:00,9508.5,9511.7,9499.4,9502.6,937
2025-10-10 14:00:00+00:00,9502.8,9510.6,9495.7,9506.3,1017
2025-10-10 14:15:00+00:00,9506.5,9506.8,9492.5,9494.0,754
2025-10-10 14:30:00+00:00,9494.3,9502.4,9494.0,9497.3,713
2025-10-10 14:45:00+00:00,9497.5,9498.7,9460.3,9471.7,1689
2025-10-10 15:00:00+00:00,9471.2,9471.2,9434.0,9447.1,4963
2025-10-10 15:15:00+00:00,9447.6,9449.8,9412.8,9424.0,3462
2025-10-10 15:30:00+00:00,9423.7,9441.3,9417.1,9441.3,5064
2025-10-10 15:45:00+00:00,9440.8,9449.8,9417.1,9421.3,3405
2025-10-10 16:00:00+00:00,9421.0,9421.0,9400.2,9411.1,2582
2025-10-10 16:15:00+00:00,9411.4,9414.1,9401.0,9405.9,1872
2025-10-10 16:30:00+00:00,9405.7,9420.5,9402.7,9406.7,1755
2025-10-10 16:45:00+00:00,9406.4,9411.6,9388.1,9392.1,1221
2025-10-10 17:00:00+00:00,9391.8,9396.3,9383.9,9386.9,1100
2025-10-10 17:15:00+00:00,9387.1,9399.3,9386.4,9398.8,1048
2025-10-10 17:30:00+00:00,9398.5,9403.2,9395.3,9396.8,995
2025-10-10 17:45:00+00:00,9396.3,9397.8,9389.6,9397.1,857
2025-10-10 18:00:00+00:00,9397.6,9398.3,9387.7,9397.8,810
2025-10-10 18:15:00+00:00,9397.3,9401.6,9393.4,9393.6,931
2025-10-10 18:30:00+00:00,9393.9,9396.9,9387.0,9387.4,605
2025-10-10 18:45:00+00:00,9387.7,9391.4,9379.0,9381.9,675
2025-10-10 19:00:00+00:00,9382.2,9389.9,9377.7,9380.0,716
2025-10-10 19:15:00+00:00,9379.7,9384.4,9374.5,9376.0,532
2025-10-10 19:30:00+00:00,9376.3,9380.5,9366.1,9379.7,863
2025-10-10 19:45:00+00:00,9380.0,9392.1,9374.3,9382.2,1347
2025-10-12 22:00:00+00:00,9411.0,9419.0,9403.6,9415.8,1089
2025-10-12 22:15:00+00:00,9416.1,9427.0,9412.8,9414.5,1258
2025-10-12 22:30:00+00:00,9414.9,9420.1,9410.3,9416.1,897
2025-10-12 22:45:00+00:00,9415.5,9419.9,9412.3,9414.0,609
2025-10-12 23:00:00+00:00,9414.5,9419.6,9405.5,9416.8,1136
2025-10-12 23:15:00+00:00,9416.4,9423.8,9408.8,9422.9,986
2025-10-12 23:30:00+00:00,9422.8,9427.0,9417.4,9421.6,1120
2025-10-12 23:45:00+00:00,9421.5,9429.9,9420.9,9428.3,913
2025-10-13 00:00:00+00:00,9434.2,9434.4,9421.6,9426.6,2130
2025-10-13 00:15:00+00:00,9426.5,9434.1,9422.7,9423.9,2312
2025-10-13 00:30:00+00:00,9423.7,9426.9,9418.8,9424.2,1633
2025-10-13 00:45:00+00:00,9424.0,9427.4,9421.7,9422.7,1471
2025-10-13 01:00:00+00:00,9422.7,9433.5,9421.6,9428.6,1868
2025-10-13 01:15:00+00:00,9428.6,9432.9,9421.5,9427.2,1558
2025-10-13 01:30:00+00:00,9427.5,9435.1,9425.7,9432.0,1381
2025-10-13 01:45:00+00:00,9431.8,9436.4,9430.8,9436.4,955
2025-10-13 02:00:00+00:00,9436.4,9438.1,9429.3,9430.5,1011
2025-10-13 02:15:00+00:00,9430.5,9439.6,9430.5,9439.5,741
2025-10-13 02:30:00+00:00,9439.5,9440.7,9437.3,9438.3,723
2025-10-13 02:45:00+00:00,9438.3,9439.6,9432.6,9432.8,761
2025-10-13 03:00:00+00:00,9432.7,9437.1,9430.5,9437.0,1027
2025-10-13 03:15:00+00:00,9437.0,9437.0,9430.4,9430.8,733
2025-10-13 03:30:00+00:00,9430.8,9430.8,9425.5,9425.7,1084
2025-10-13 03:45:00+00:00,9425.7,9426.5,9419.8,9420.5,1312
2025-10-13 04:00:00+00:00,9420.5,9422.7,9419.0,9421.3,1079
2025-10-13 04:15:00+00:00,9421.2,9422.8,9418.2,9420.0,821
2025-10-13 04:30:00+00:00,9419.8,9420.7,9417.1,9417.5,757
2025-10-13 04:45:00+00:00,9417.6,9421.7,9417.5,9421.5,545
2025-10-13 05:00:00+00:00,9421.3,9425.8,9418.0,9425.8,288
2025-10-13 05:15:00+00:00,9425.5,9428.3,9424.0,9427.5,258
2025-10-13 05:30:00+00:00,9427.3,9434.0,9427.3,9429.3,240
2025-10-13 05:45:00+00:00,9428.8,9435.0,9427.3,9435.0,227
2025-10-13 06:00:00+00:00,9434.5,9445.0,9428.3,9428.5,543
2025-10-13 06:15:00+00:00,9429.0,9430.3,9424.8,9427.3,251
2025-10-13 06:30:00+00:00,9426.8,9433.0,9426.5,9432.8,369
2025-10-13 06:45:00+00:00,9433.0,9437.5,9427.5,9435.5,468
2025-10-13 07:00:00+00:00,9435.3,9449.0,9429.0,9446.0,1797
2025-10-13 07:15:00+00:00,9446.3,9455.2,9439.8,9454.9,968
2025-10-13 07:30:00+00:00,9455.1,9460.8,9451.2,9453.6,964
2025-10-13 07:45:00+00:00,9453.3,9457.1,9449.8,9452.9,794
2025-10-13 08:00:00+00:00,9452.6,9459.0,9444.3,9445.5,925
2025-10-13 08:15:00+00:00,9445.0,9446.6,9439.0,9442.3,692
2025-10-13 08:30:00+00:00,9443.3,9449.6,9435.9,9437.4,646
2025-10-13 08:45:00+00:00,9437.1,9443.5,9433.6,9443.0,498
2025-10-13 09:00:00+00:00,9443.3,9444.7,9434.2,9437.4,500
2025-10-13 09:15:00+00:00,9437.1,9439.3,9431.3,9432.1,471
2025-10-13 09:30:00+00:00,9431.8,9436.0,9430.5,9432.9,490
2025-10-13 09:45:00+00:00,9433.1,9433.1,9424.7,9427.5,525
2025-10-13 10:00:00+00:00,9427.0,9438.5,9426.0,9437.7,355
2025-10-13 10:15:00+00:00,9437.5,9438.0,9430.0,9434.8,400
2025-10-13 10:30:00+00:00,9434.8,9443.1,9429.4,9429.9,405
2025-10-13 10:45:00+00:00,9429.4,9437.3,9429.1,9435.5,377
2025-10-13 11:00:00+00:00,9435.8,9438.0,9413.7,9422.6,1391
2025-10-13 11:15:00+00:00,9422.4,9425.4,9416.7,9417.2,710
2025-10-13 11:30:00+00:00,9417.7,9423.5,9410.8,9422.3,566
2025-10-13 11:45:00+00:00,9422.0,9428.8,9420.7,9423.7,572
2025-10-13 12:00:00+00:00,9423.4,9423.4,9414.2,9422.7,656
2025-10-13 12:15:00+00:00,9422.4,9424.8,9414.7,9415.8,542
2025-10-13 12:30:00+00:00,9416.3,9425.6,9414.8,9425.1,486
2025-10-13 12:45:00+00:00,9425.4,9428.5,9417.2,9417.7,562
2025-10-13 13:00:00+00:00,9418.2,9419.2,9413.2,9415.7,674
2025-10-13 13:15:00+00:00,9415.5,9417.4,9409.2,9411.7,626
2025-10-13 13:30:00+00:00,9411.9,9423.4,9409.4,9419.2,1709
2025-10-13 13:45:00+00:00,9418.9,9436.7,9412.6,9434.5,1188
2025-10-13 14:00:00+00:00,9434.2,9446.4,9431.9,9433.8,1350
2025-10-13 14:15:00+00:00,9433.6,9440.5,9425.6,9428.2,1222
2025-10-13 14:30:00+00:00,9428.4,9444.9,9426.9,9444.1,877
2025-10-13 14:45:00+00:00,9443.9,9446.8,9436.3,9437.9,913
2025-10-13 15:00:00+00:00,9438.1,9442.4,9430.6,9438.7,974
2025-10-13 15:15:00+00:00,9438.9,9448.5,9437.9,9444.1,776
2025-10-13 15:30:00+00:00,9443.9,9447.6,9438.9,9445.4,979
2025-10-13 15:45:00+00:00,9445.6,9448.6,9441.2,9444.6,586
2025-10-13 16:00:00+00:00,9444.1,9448.6,9439.5,9448.6,489
2025-10-13 16:15:00+00:00,9448.9,9451.4,9442.7,9447.4,607
2025-10-13 16:30:00+00:00,9447.7,9449.7,9444.7,9445.7,404
2025-10-13 16:45:00+00:00,9445.9,9455.1,9445.2,9453.4,400
2025-10-13 17:00:00+00:00,9453.6,9457.1,9448.2,9448.7,330
2025-10-13 17:15:00+00:00,9448.2,9450.2,9444.0,9447.0,324
2025-10-13 17:30:00+00:00,9446.7,9449.7,9446.7,9448.5,378
2025-10-13 17:45:00+00:00,9448.7,9450.2,9444.0,9448.0,424
2025-10-13 18:00:00+00:00,9447.7,9455.9,9447.7,9453.7,373
2025-10-13 18:15:00+00:00,9453.5,9457.7,9453.5,9454.7,184
2025-10-13 18:30:00+00:00,9455.0,9457.2,9448.0,9450.0,406
2025-10-13 18:45:00+00:00,9449.8,9450.0,9442.1,9443.6,368
2025-10-13 19:00:00+00:00,9443.8,9444.8,9439.9,9441.1,331
2025-10-13 19:15:00+00:00,9440.9,9450.6,9440.6,9448.8,287
2025-10-13 19:30:00+00:00,9448.6,9451.8,9446.6,9451.6,408
2025-10-13 19:45:00+00:00,9451.3,9452.1,9447.9,9450.1,576
2025-10-13 20:00:00+00:00,9449.7,9451.2,9446.7,9447.5,314
2025-10-13 20:30:00+00:00,9446.8,9447.0,9445.3,9446.0,59
2025-10-13 20:45:00+00:00,9446.3,9446.8,9444.1,9445.3,55
2025-10-13 22:00:00+00:00,9450.2,9451.3,9448.8,9451.2,146
2025-10-13 22:15:00+00:00,9451.3,9452.8,9446.1,9446.4,152
2025-10-13 22:30:00+00:00,9446.6,9450.9,9446.6,9450.6,244
2025-10-13 22:45:00+00:00,9450.7,9452.3,9449.8,9452.3,176
2025-10-13 23:00:00+00:00,9451.8,9452.6,9447.5,9447.5,367
2025-10-13 23:15:00+00:00,9447.6,9451.1,9446.8,9449.6,240
2025-10-13 23:30:00+00:00,9449.5,9449.6,9445.2,9446.2,299
2025-10-13 23:45:00+00:00,9446.0,9447.9,9444.7,9447.9,261
2025-10-14 00:00:00+00:00,9439.1,9446.5,9439.0,9443.6,1274
2025-10-14 00:15:00+00:00,9443.6,9456.0,9443.3,9455.5,1264
2025-10-14 00:30:00+00:00,9455.6,9459.0,9452.4,9454.4,1377
2025-10-14 00:45:00+00:00,9454.2,9455.2,9450.1,9454.6,1126
2025-10-14 01:00:00+00:00,9454.5,9455.1,9448.0,9451.3,1690
2025-10-14 01:15:00+00:00,9450.9,9452.9,9448.3,9451.4,1004
2025-10-14 01:30:00+00:00,9451.3,9452.6,9449.6,9449.6,1050
2025-10-14 01:45:00+00:00,9449.6,9449.9,9445.4,9449.4,800
2025-10-14 02:00:00+00:00,9449.3,9449.7,9445.6,9447.7,920
2025-10-14 02:15:00+00:00,9447.6,9449.0,9443.4,9443.7,683
2025-10-14 02:30:00+00:00,9444.0,9446.3,9443.6,9446.0,842
2025-10-14 02:45:00+00:00,9446.0,9446.0,9441.5,9441.5,894
2025-10-14 03:00:00+00:00,9441.5,9442.6,9437.6,9438.8,1074
2025-10-14 03:15:00+00:00,9438.4,9440.8,9434.3,9440.8,992
2025-10-14 03:30:00+00:00,9440.9,9441.1,9437.5,9440.2,882
2025-10-14 03:45:00+00:00,9440.1,9440.4,9436.8,9437.4,853
2025-10-14 04:00:00+00:00,9437.4,9437.9,9426.9,9427.4,2081
2025-10-14 04:15:00+00:00,9427.5,9427.5,9414.3,9419.7,2720
2025-10-14 04:30:00+00:00,9419.9,9422.6,9414.7,9421.6,2140
2025-10-14 04:45:00+00:00,9421.5,9426.0,9416.5,9425.2,1630
2025-10-14 05:00:00+00:00,9425.3,9425.5,9419.6,9424.1,514
2025-10-14 05:15:00+00:00,9423.8,9426.8,9422.8,9424.3,461
2025-10-14 05:30:00+00:00,9424.1,9424.3,9398.3,9399.8,609
2025-10-14 05:45:00+00:00,9399.5,9406.0,9394.3,9404.8,613
2025-10-14 06:00:00+00:00,9407.0,9419.4,9400.3,9418.9,463
2025-10-14 06:15:00+00:00,9419.4,9419.4,9403.5,9407.5,488
2025-10-14 06:30:00+00:00,9408.0,9418.4,9407.0,9411.5,482
2025-10-14 06:45:00+00:00,9412.0,9416.5,9402.6,9410.5,500
2025-10-14 07:00:00+00:00,9410.8,9421.6,9399.8,9415.0,1802
2025-10-14 07:15:00+00:00,9415.2,9430.3,9414.2,9427.3,1061
2025-10-14 07:30:00+00:00,9427.1,9429.3,9399.6,9411.5,1723
2025-10-14 07:45:00+00:00,9412.5,9416.8,9406.0,9414.9,933
2025-10-14 08:00:00+00:00,9414.6,9422.7,9408.6,9414.9,980
2025-10-14 08:15:00+00:00,9414.9,9429.0,9414.0,9428.5,593
2025-10-14 08:30:00+00:00,9428.7,9435.6,9428.2,9434.1,712
2025-10-14 08:45:00+00:00,9433.9,9436.6,9428.2,9434.9,602
2025-10-14 09:00:00+00:00,9435.1,9444.2,9434.9,9440.3,565
2025-10-14 09:15:00+00:00,9440.0,9442.3,9436.0,9436.0,525
2025-10-14 09:30:00+00:00,9435.5,9438.2,9428.3,9429.7,514
2025-10-14 09:45:00+00:00,9429.7,9431.4,9415.3,9418.1,599
2025-10-14 10:00:00+00:00,9417.8,9420.8,9410.0,9412.7,592
2025-10-14 10:15:00+00:00,9412.2,9417.0,9407.9,9408.8,603
2025-10-14 10:30:00+00:00,9408.6,9409.3,9399.7,9400.7,865
2025-10-14 10:45:00+00:00,9400.2,9400.5,9383.1,9391.2,989
2025-10-14 11:00:00+00:00,9391.6,9406.3,9391.6,9404.8,770
2025-10-14 11:15:00+00:00,9405.0,9415.6,9404.8,9413.8,639
2025-10-14 11:30:00+00:00,9413.8,9417.7,9410.9,9412.5,527
2025-10-14 11:45:00+00:00,9412.8,9417.8,9412.5,9415.7,409
2025-10-14 12:00:00+00:00,9415.5,9416.0,9406.1,9408.5,679
2025-10-14 12:15:00+00:00,9408.3,9409.0,9401.4,9406.0,556
2025-10-14 12:30:00+00:00,9405.8,9408.6,9396.2,9401.9,640
2025-10-14 12:45:00+00:00,9401.7,9404.4,9397.4,9402.9,660
2025-10-14 13:00:00+00:00,9403.1,9413.4,9402.6,9409.1,700
2025-10-14 13:15:00+00:00,9409.4,9416.4,9408.0,9412.8,836
2025-10-14 13:30:00+00:00,9412.5,9426.2,9410.0,9414.2,2231
2025-10-14 13:45:00+00:00,9414.0,9436.8,9412.0,9431.7,1748
2025-10-14 14:00:00+00:00,9431.4,9439.1,9427.1,9438.9,1564
2025-10-14 14:15:00+00:00,9438.6,9452.1,9436.4,9451.8,1020
2025-10-14 14:30:00+00:00,9451.6,9455.0,9442.2,9442.7,845
2025-10-14 14:45:00+00:00,9443.2,9451.6,9442.7,9449.8,928
2025-10-14 15:00:00+00:00,9450.0,9451.6,9443.9,9445.7,846
2025-10-14 15:15:00+00:00,9445.9,9449.9,9442.5,9444.7,977
2025-10-14 15:30:00+00:00,9444.9,9466.3,9441.0,9465.5,1582
2025-10-14 15:45:00+00:00,9466.5,9472.7,9465.3,9469.0,885
2025-10-14 16:00:00+00:00,9468.7,9473.2,9465.8,9471.5,690
2025-10-14 16:15:00+00:00,9471.2,9479.7,9469.0,9475.0,777
2025-10-14 16:30:00+00:00,9474.7,9483.2,9473.2,9481.2,486
2025-10-14 16:45:00+00:00,9481.4,9486.4,9480.7,9481.2,513
2025-10-14 17:00:00+00:00,9481.0,9486.4,9475.7,9484.7,556
2025-10-14 17:15:00+00:00,9484.4,9488.7,9482.5,9486.2,463
2025-10-14 17:30:00+00:00,9486.7,9490.7,9481.0,9490.4,478
2025-10-14 17:45:00+00:00,9490.2,9492.6,9488.9,9489.7,404
2025-10-14 18:00:00+00:00,9489.4,9491.2,9487.2,9488.5,411
2025-10-14 18:15:00+00:00,9488.2,9490.7,9484.0,9486.5,486
2025-10-14 18:30:00+00:00,9486.2,9487.7,9480.1,9480.8,550
2025-10-14 18:45:00+00:00,9480.3,9487.6,9479.8,9486.8,414
2025-10-14 19:00:00+00:00,9487.1,9489.1,9483.4,9485.1,355
2025-10-14 19:15:00+00:00,9484.9,9488.1,9484.6,9486.4,326
2025-10-14 19:30:00+00:00,9485.9,9486.1,9458.1,9461.9,1973
2025-10-14 19:45:00+00:00,9462.1,9475.5,9458.1,9471.5,1136
2025-10-14 20:00:00+00:00,9474.4,9480.3,9461.6,9467.0,984
2025-10-14 20:30:00+00:00,9463.6,9468.8,9463.3,9467.8,264
2025-10-14 20:45:00+00:00,9467.5,9473.2,9466.6,9471.0,188
2025-10-14 22:00:00+00:00,9481.3,9482.5,9473.9,9474.0,446
2025-10-14 22:15:00+00:00,9474.3,9477.0,9470.8,9475.3,448
2025-10-14 22:30:00+00:00,9475.5,9476.8,9472.3,9475.4,351
2025-10-14 22:45:00+00:00,9475.5,9476.8,9474.4,9476.5,189
2025-10-14 23:00:00+00:00,9476.3,9481.6,9474.6,9479.1,342
2025-10-14 23:15:00+00:00,9479.2,9482.5,9476.3,9477.2,299
2025-10-14 23:30:00+00:00,9477.3,9479.3,9475.8,9476.8,336
2025-10-14 23:45:00+00:00,9477.0,9478.5,9473.1,9474.7,428
2025-10-15 00:00:00+00:00,9483.3,9483.9,9475.1,9476.5,1559
2025-10-15 00:15:00+00:00,9476.4,9478.6,9474.0,9477.8,1405
2025-10-15 00:30:00+00:00,9477.7,9479.4,9473.5,9476.5,1270
2025-10-15 00:45:00+00:00,9476.1,9478.1,9475.3,9477.3,1088
2025-10-15 01:00:00+00:00,9477.3,9477.7,9469.0,9472.3,1227
2025-10-15 01:15:00+00:00,9472.3,9477.3,9471.8,9475.8,998
2025-10-15 01:30:00+00:00,9475.6,9477.6,9473.1,9477.5,1064
2025-10-15 01:45:00+00:00,9477.5,9478.0,9474.1,9474.7,778
2025-10-15 02:00:00+00:00,9474.6,9478.1,9473.6,9477.5,803
2025-10-15 02:15:00+00:00,9477.4,9481.0,9477.0,9478.0,997
2025-10-15 02:30:00+00:00,9478.0,9478.1,9474.3,9475.3,894
2025-10-15 02:45:00+00:00,9475.1,9475.2,9471.7,9472.4,660
2025-10-15 03:00:00+00:00,9472.8,9473.9,9470.7,9473.2,678
2025-10-15 03:15:00+00:00,9473.0,9478.4,9471.3,9477.6,810
2025-10-15 03:30:00+00:00,9477.2,9478.8,9475.1,9475.3,700
2025-10-15 03:45:00+00:00,9475.3,9475.7,9473.6,9475.6,966
2025-10-15 04:00:00+00:00,9475.7,9476.6,9474.2,9475.7,586
2025-10-15 04:15:00+00:00,9475.5,9479.4,9474.9,9478.4,628
2025-10-15 04:30:00+00:00,9478.2,9480.1,9477.7,9480.1,583
2025-10-15 04:45:00+00:00,9480.2,9482.7,9479.4,9482.7,587
2025-10-15 05:00:00+00:00,9483.4,9487.6,9482.2,9484.7,537
2025-10-15 05:15:00+00:00,9484.9,9488.6,9484.4,9486.2,191
2025-10-15 05:30:00+00:00,9485.7,9487.4,9482.7,9486.7,122
2025-10-15 05:45:00+00:00,9486.4,9488.2,9483.7,9486.2,105
2025-10-15 06:00:00+00:00,9486.7,9486.9,9480.5,9483.5,248
2025-10-15 06:15:00+00:00,9484.0,9484.7,9478.3,9484.5,266
2025-10-15 06:30:00+00:00,9484.2,9484.2,9478.0,9482.5,329
2025-10-15 06:45:00+00:00,9482.7,9485.0,9475.8,9480.5,324
2025-10-15 07:00:00+00:00,9480.3,9488.6,9457.7,9459.4,1607
2025-10-15 07:15:00+00:00,9459.1,9461.6,9448.2,9450.5,965
2025-10-15 07:30:00+00:00,9450.7,9454.6,9441.7,9441.7,846
2025-10-15 07:45:00+00:00,9442.0,9448.3,9440.0,9448.1,558
2025-10-15 08:00:00+00:00,9448.3,9449.3,9436.4,9438.1,611
2025-10-15 08:15:00+00:00,9438.3,9438.6,9431.0,9431.3,663
2025-10-15 08:30:00+00:00,9431.8,9432.3,9422.0,9423.0,672
2025-10-15 08:45:00+00:00,9422.7,9423.0,9413.8,9417.8,547
2025-10-15 09:00:00+00:00,9416.8,9434.0,9415.6,9433.5,633
2025-10-15 09:15:00+00:00,9433.7,9435.0,9425.8,9427.0,473
2025-10-15 09:30:00+00:00,9426.7,9433.9,9425.5,9432.5,375
2025-10-15 09:45:00+00:00,9432.5,9434.0,9418.4,9418.4,384
2025-10-15 10:00:00+00:00,9418.7,9420.1,9404.5,9404.5,378
2025-10-15 10:15:00+00:00,9404.3,9405.7,9398.8,9403.6,499
2025-10-15 10:30:00+00:00,9403.6,9405.0,9394.0,9394.8,449
2025-10-15 10:45:00+00:00,9395.0,9401.4,9394.0,9398.7,395
2025-10-15 11:00:00+00:00,9398.9,9413.0,9397.4,9406.2,515
2025-10-15 11:15:00+00:00,9406.4,9410.9,9403.6,9403.9,389
2025-10-15 11:30:00+00:00,9404.1,9406.3,9397.1,9406.3,386
2025-10-15 11:45:00+00:00,9406.8,9414.9,9406.5,9414.9,350
2025-10-15 12:00:00+00:00,9415.6,9420.3,9412.6,9420.1,376
2025-10-15 12:15:00+00:00,9419.8,9423.6,9419.8,9420.0,415
2025-10-15 12:30:00+00:00,9420.5,9422.9,9415.5,9415.8,468
2025-10-15 12:45:00+00:00,9416.0,9423.2,9410.9,9418.5,570
2025-10-15 13:00:00+00:00,9418.7,9421.2,9415.6,9416.8,449
2025-10-15 13:15:00+00:00,9417.0,9425.5,9416.8,9422.9,637
2025-10-15 13:30:00+00:00,9423.2,9440.9,9421.9,9435.3,1320
2025-10-15 13:45:00+00:00,9435.5,9440.8,9428.1,9435.8,1369
2025-10-15 14:00:00+00:00,9436.0,9443.6,9435.4,9439.8,1053
2025-10-15 14:15:00+00:00,9439.3,9446.0,9438.3,9440.7,828
2025-10-15 14:30:00+00:00,9440.9,9446.8,9437.0,9440.0,729
2025-10-15 14:45:00+00:00,9440.3,9441.5,9428.6,9432.6,992
2025-10-15 15:00:00+00:00,9432.8,9438.0,9427.1,9430.6,900
2025-10-15 15:15:00+00:00,9430.4,9435.3,9425.2,9433.8,909
2025-10-15 15:30:00+00:00,9434.0,9440.7,9413.2,9419.0,1709
2025-10-15 15:45:00+00:00,9419.2,9420.4,9404.8,9411.2,1277
2025-10-15 16:00:00+00:00,9411.0,9419.9,9408.5,9419.9,932
2025-10-15 16:15:00+00:00,9419.7,9424.1,9413.5,9416.0,705
2025-10-15 16:30:00+00:00,9416.2,9417.0,9407.8,9414.0,769
2025-10-15 16:45:00+00:00,9414.2,9414.2,9406.8,9408.1,628
2025-10-15 17:00:00+00:00,9408.3,9408.6,9381.3,9382.3,1285
2025-10-15 17:15:00+00:00,9382.0,9395.7,9376.3,9388.3,1289
2025-10-15 17:30:00+00:00,9388.0,9402.6,9387.3,9402.4,814
2025-10-15 17:45:00+00:00,9402.1,9410.1,9400.2,9406.6,575
2025-10-15 18:00:00+00:00,9406.4,9412.1,9402.2,9411.1,555
2025-10-15 18:15:00+00:00,9410.8,9414.1,9408.1,9409.1,400
2025-10-15 18:30:00+00:00,9408.9,9414.6,9408.1,9411.9,359
2025-10-15 18:45:00+00:00,9411.6,9416.8,9409.1,9415.6,340
2025-10-15 19:00:00+00:00,9415.1,9416.8,9411.6,9416.4,523
2025-10-15 19:15:00+00:00,9416.1,9421.1,9415.9,9418.3,386
2025-10-15 19:30:00+00:00,9418.6,9419.8,9413.4,9417.4,571
2025-10-15 19:45:00+00:00,9417.6,9419.6,9410.7,9415.6,557
2025-10-15 20:00:00+00:00,9416.9,9425.9,9415.2,9416.6,563
2025-10-15 20:30:00+00:00,9414.7,9415.9,9411.0,9411.8,217
2025-10-15 20:45:00+00:00,9412.0,9417.7,9411.3,9415.1,204
2025-10-15 22:00:00+00:00,9416.9,9420.7,9416.3,9420.1,333
2025-10-15 22:15:00+00:00,9420.0,9423.1,9416.8,9417.7,392
2025-10-15 22:30:00+00:00,9417.9,9419.3,9412.8,9413.3,258
2025-10-15 22:45:00+00:00,9413.4,9418.2,9410.8,9417.7,363
2025-10-15 23:00:00+00:00,9417.6,9417.7,9413.3,9414.8,323
2025-10-15 23:15:00+00:00,9414.3,9414.8,9408.2,9409.0,387
2025-10-15 23:30:00+00:00,9409.1,9411.8,9405.9,9409.6,455
2025-10-15 23:45:00+00:00,9409.1,9411.1,9406.2,9410.1,356
2025-10-16 00:00:00+00:00,9412.0,9415.9,9408.9,9413.8,1250
2025-10-16 00:15:00+00:00,9413.8,9414.6,9410.5,9412.6,1204
2025-10-16 00:30:00+00:00,9411.9,9414.5,9402.9,9403.1,1794
2025-10-16 00:45:00+00:00,9403.1,9409.5,9402.2,9407.4,1206
2025-10-16 01:00:00+00:00,9407.6,9416.5,9406.2,9412.0,1257
2025-10-16 01:15:00+00:00,9412.0,9414.9,9408.6,9410.8,1157
2025-10-16 01:30:00+00:00,9410.3,9415.2,9409.8,9411.3,1083
2025-10-16 01:45:00+00:00,9411.4,9411.4,9406.9,9407.8,1011
2025-10-16 02:00:00+00:00,9407.9,9409.9,9405.7,9407.6,825
2025-10-16 02:15:00+00:00,9407.6,9407.7,9401.5,9402.0,864
2025-10-16 02:30:00+00:00,9402.0,9403.4,9399.6,9403.4,959
2025-10-16 02:45:00+00:00,9403.3,9407.6,9403.0,9407.1,851
2025-10-16 03:00:00+00:00,9407.0,9409.6,9405.8,9406.2,760
2025-10-16 03:15:00+00:00,9406.2,9406.2,9401.9,9403.2,1000
2025-10-16 03:30:00+00:00,9403.2,9404.1,9399.1,9400.4,785
2025-10-16 03:45:00+00:00,9400.6,9404.3,9400.1,9403.6,631
2025-10-16 04:00:00+00:00,9403.6,9409.3,9402.5,9409.3,604
2025-10-16 04:15:00+00:00,9409.3,9410.5,9408.1,9408.6,528
2025-10-16 04:30:00+00:00,9408.4,9410.1,9399.9,9402.4,697
2025-10-16 04:45:00+00:00,9402.2,9404.8,9400.8,9404.8,700
2025-10-16 05:00:00+00:00,9405.0,9405.4,9397.1,9401.1,267
2025-10-16 05:15:00+00:00,9400.9,9402.9,9400.1,9401.9,194
2025-10-16 05:30:00+00:00,9401.6,9405.4,9398.9,9401.1,535
2025-10-16 05:45:00+00:00,9400.9,9405.6,9398.6,9402.9,198
2025-10-16 06:00:00+00:00,9403.4,9421.9,9403.4,9415.1,309
2025-10-16 06:15:00+00:00,9414.9,9418.6,9408.4,9418.1,257
2025-10-16 06:30:00+00:00,9418.4,9424.1,9417.4,9418.1,228
2025-10-16 06:45:00+00:00,9418.4,9427.4,9417.4,9420.1,313
2025-10-16 07:00:00+00:00,9420.4,9436.1,9398.1,9412.9,1996
2025-10-16 07:15:00+00:00,9413.1,9419.1,9409.1,9409.1,938
2025-10-16 07:30:00+00:00,9409.9,9416.0,9400.6,9402.1,887
2025-10-16 07:45:00+00:00,9402.9,9419.5,9401.2,9412.1,990
2025-10-16 08:00:00+00:00,9411.6,9411.8,9402.1,9410.2,705
2025-10-16 08:15:00+00:00,9410.5,9417.5,9405.4,9405.9,500
2025-10-16 08:30:00+00:00,9406.1,9410.6,9403.2,9408.2,469
2025-10-16 08:45:00+00:00,9408.5,9413.6,9408.1,9413.4,401
2025-10-16 09:00:00+00:00,9413.6,9424.5,9413.1,9421.6,588
2025-10-16 09:15:00+00:00,9421.9,9431.2,9419.9,9430.7,457
2025-10-16 09:30:00+00:00,9430.5,9430.7,9421.2,9423.9,457
2025-10-16 09:45:00+00:00,9424.2,9427.4,9423.6,9424.1,317
2025-10-16 10:00:00+00:00,9424.3,9426.0,9420.3,9423.9,391
2025-10-16 10:15:00+00:00,9423.2,9423.7,9413.1,9415.7,364
2025-10-16 10:30:00+00:00,9416.0,9417.2,9411.6,9412.9,318
2025-10-16 10:45:00+00:00,9413.2,9421.0,9408.7,9418.1,467
2025-10-16 11:00:00+00:00,9418.3,9420.8,9411.3,9415.1,422
2025-10-16 11:15:00+00:00,9415.4,9416.9,9411.3,9416.6,276
2025-10-16 11:30:00+00:00,9416.9,9417.2,9401.5,9405.7,388
2025-10-16 11:45:00+00:00,9405.7,9406.9,9398.5,9399.3,315
2025-10-16 12:00:00+00:00,9399.0,9405.5,9396.1,9398.6,475
2025-10-16 12:15:00+00:00,9398.9,9408.0,9398.6,9406.2,395
2025-10-16 12:30:00+00:00,9406.4,9412.4,9405.7,9407.4,586
2025-10-16 12:45:00+00:00,9407.2,9410.4,9402.1,9403.6,434
2025-10-16 13:00:00+00:00,9403.8,9406.3,9397.7,9400.7,563
2025-10-16 13:15:00+00:00,9400.5,9402.8,9394.2,9402.6,558
2025-10-16 13:30:00+00:00,9402.8,9410.0,9389.2,9399.1,1481
2025-10-16 13:45:00+00:00,9398.9,9401.9,9394.3,9397.6,1420
2025-10-16 14:00:00+00:00,9397.8,9408.9,9394.4,9396.1,1335
2025-10-16 14:15:00+00:00,9395.9,9407.1,9391.1,9407.1,1183
2025-10-16 14:30:00+00:00,9407.3,9423.2,9404.6,9421.9,1007
2025-10-16 14:45:00+00:00,9421.4,9424.2,9418.2,9423.7,1057
2025-10-16 15:00:00+00:00,9423.9,9432.7,9421.8,9431.9,1023
2025-10-16 15:15:00+00:00,9432.1,9436.4,9428.7,9433.4,1081
2025-10-16 15:30:00+00:00,9433.9,9443.5,9427.4,9432.6,1853
2025-10-16 15:45:00+00:00,9432.9,9434.3,9424.7,9427.6,1337
2025-10-16 16:00:00+00:00,9427.1,9432.1,9423.2,9427.7,1215
2025-10-16 16:15:00+00:00,9427.4,9430.6,9411.3,9413.3,1219
2025-10-16 16:30:00+00:00,9412.8,9412.8,9392.9,9400.9,2384
2025-10-16 16:45:00+00:00,9400.4,9413.3,9389.0,9412.8,1670
2025-10-16 17:00:00+00:00,9412.6,9416.3,9399.9,9402.2,1887
2025-10-16 17:15:00+00:00,9401.9,9413.8,9399.9,9405.6,1190
2025-10-16 17:30:00+00:00,9405.4,9408.9,9395.0,9398.0,813
2025-10-16 17:45:00+00:00,9397.5,9402.9,9395.5,9399.7,780
2025-10-16 18:00:00+00:00,9399.5,9400.5,9370.7,9372.7,1136
2025-10-16 18:15:00+00:00,9372.2,9374.7,9363.8,9368.2,1315
2025-10-16 18:30:00+00:00,9368.0,9382.6,9361.6,9380.7,1282
2025-10-16 18:45:00+00:00,9380.9,9384.6,9374.2,9377.2,1057
2025-10-16 19:00:00+00:00,9376.9,9380.2,9370.3,9371.8,1023
2025-10-16 19:15:00+00:00,9372.2,9372.7,9358.9,9364.3,850
2025-10-16 19:30:00+00:00,9364.1,9372.3,9361.4,9370.8,897
2025-10-16 19:45:00+00:00,9371.0,9383.7,9368.8,9375.3,990
2025-10-16 20:00:00+00:00,9375.2,9379.4,9357.1,9358.5,749
2025-10-16 20:30:00+00:00,9361.9,9365.1,9359.0,9364.2,411
2025-10-16 20:45:00+00:00,9364.7,9369.0,9364.2,9365.2,231
2025-10-16 22:00:00+00:00,9375.0,9380.5,9371.4,9373.9,473
2025-10-16 22:15:00+00:00,9374.0,9374.3,9367.4,9374.0,511
2025-10-16 22:30:00+00:00,9374.2,9376.2,9365.6,9368.0,433
2025-10-16 22:45:00+00:00,9368.1,9370.9,9358.3,9358.5,605
2025-10-16 23:00:00+00:00,9362.0,9369.3,9362.0,9365.4,903
2025-10-16 23:15:00+00:00,9365.9,9372.3,9363.9,9363.9,643
2025-10-16 23:30:00+00:00,9363.7,9367.8,9362.9,9365.3,712
2025-10-16 23:45:00+00:00,9365.6,9373.0,9365.1,9373.0,611
2025-10-17 00:00:00+00:00,9359.3,9366.3,9354.6,9362.0,1617
2025-10-17 00:15:00+00:00,9362.0,9362.0,9351.4,9352.2,1630
2025-10-17 00:30:00+00:00,9352.2,9354.6,9349.7,9353.4,1245
2025-10-17 00:45:00+00:00,9353.5,9354.4,9351.5,9352.9,1124
2025-10-17 01:00:00+00:00,9352.9,9361.4,9352.9,9356.6,1365
2025-10-17 01:15:00+00:00,9356.6,9359.8,9356.1,9358.9,1051
2025-10-17 01:30:00+00:00,9358.9,9359.5,9354.8,9355.7,1203
2025-10-17 01:45:00+00:00,9355.6,9355.7,9344.4,9347.9,1777
2025-10-17 02:00:00+00:00,9348.0,9349.5,9343.5,9346.8,1638
2025-10-17 02:15:00+00:00,9347.0,9347.0,9339.6,9341.0,1124
2025-10-17 02:30:00+00:00,9341.0,9344.5,9340.6,9343.2,944
2025-10-17 02:45:00+00:00,9343.2,9344.7,9341.7,9344.6,885
2025-10-17 03:00:00+00:00,9344.4,9348.3,9343.3,9346.7,822
2025-10-17 03:15:00+00:00,9346.8,9350.1,9345.5,9347.8,764
2025-10-17 03:30:00+00:00,9347.6,9348.9,9341.5,9342.9,1315
2025-10-17 03:45:00+00:00,9342.7,9345.1,9339.2,9344.6,1284
2025-10-17 04:00:00+00:00,9344.6,9345.9,9343.4,9344.8,878
2025-10-17 04:15:00+00:00,9344.6,9345.9,9343.2,9344.0,942
2025-10-17 04:30:00+00:00,9343.8,9345.7,9342.8,9343.6,844
2025-10-17 04:45:00+00:00,9343.4,9344.2,9341.5,9343.2,1070
2025-10-17 05:00:00+00:00,9343.2,9343.2,9331.5,9331.5,428
2025-10-17 05:15:00+00:00,9331.8,9333.8,9328.3,9333.3,460
2025-10-17 05:30:00+00:00,9333.0,9333.5,9323.4,9324.9,483
2025-10-17 05:45:00+00:00,9324.6,9336.8,9324.4,9334.5,292
2025-10-17 06:00:00+00:00,9333.8,9336.8,9322.2,9322.9,514
2025-10-17 06:15:00+00:00,9323.1,9326.1,9317.4,9322.7,473
2025-10-17 06:30:00+00:00,9323.2,9328.1,9318.7,9321.2,535
2025-10-17 06:45:00+00:00,9321.7,9323.7,9305.3,9307.3,738
2025-10-17 07:00:00+00:00,9306.3,9323.3,9294.4,9296.4,2490
2025-10-17 07:15:00+00:00,9296.1,9304.3,9282.0,9290.3,1854
2025-10-17 07:30:00+00:00,9290.5,9294.6,9280.7,9288.0,1776
2025-10-17 07:45:00+00:00,9288.8,9301.8,9284.5,9294.6,1267
2025-10-17 08:00:00+00:00,9294.9,9301.4,9281.4,9282.9,1455
2025-10-17 08:15:00+00:00,9282.6,9289.3,9275.5,9286.4,892
2025-10-17 08:30:00+00:00,9286.1,9301.5,9282.4,9288.1,969
2025-10-17 08:45:00+00:00,9288.4,9293.9,9279.2,9289.8,994
2025-10-17 09:00:00+00:00,9290.1,9302.5,9286.9,9292.1,1222
2025-10-17 09:15:00+00:00,9291.1,9309.8,9288.9,9309.8,845
2025-10-17 09:30:00+00:00,9310.0,9310.0,9296.2,9298.6,763
2025-10-17 09:45:00+00:00,9298.8,9311.5,9298.3,9307.8,705
2025-10-17 10:00:00+00:00,9307.6,9316.4,9306.9,9307.8,687
2025-10-17 10:15:00+00:00,9308.1,9310.8,9301.9,9307.6,669
2025-10-17 10:30:00+00:00,9307.6,9325.9,9307.6,9320.8,845
2025-10-17 10:45:00+00:00,9321.1,9322.8,9304.1,9311.9,937
2025-10-17 11:00:00+00:00,9312.4,9331.5,9305.0,9329.8,1621
2025-10-17 11:15:00+00:00,9329.5,9334.0,9324.6,9330.5,1099
2025-10-17 11:30:00+00:00,9330.7,9335.8,9326.8,9333.6,749
2025-10-17 11:45:00+00:00,9333.8,9341.9,9332.9,9336.7,778
2025-10-17 12:00:00+00:00,9336.5,9349.3,9333.3,9340.4,931
2025-10-17 12:15:00+00:00,9340.1,9346.4,9338.3,9341.1,613
2025-10-17 12:30:00+00:00,9341.6,9357.8,9341.5,9356.8,889
2025-10-17 12:45:00+00:00,9356.8,9357.7,9339.3,9339.3,1033
2025-10-17 13:00:00+00:00,9339.5,9353.3,9337.1,9349.4,888
2025-10-17 13:15:00+00:00,9349.6,9353.0,9344.4,9351.3,747
2025-10-17 13:30:00+00:00,9351.5,9365.1,9342.1,9359.9,2316
2025-10-17 13:45:00+00:00,9359.7,9381.2,9357.2,9378.6,1630
2025-10-17 14:00:00+00:00,9378.4,9384.0,9367.8,9383.0,1692
2025-10-17 14:15:00+00:00,9383.2,9387.9,9374.8,9377.5,1516
2025-10-17 14:30:00+00:00,9377.8,9378.8,9363.4,9365.3,1503
2025-10-17 14:45:00+00:00,9365.0,9373.3,9354.5,9357.3,1397
2025-10-17 15:00:00+00:00,9357.0,9363.2,9348.2,9348.4,1514
2025-10-17 15:15:00+00:00,9348.2,9355.6,9346.8,9355.3,1308
2025-10-17 15:30:00+00:00,9355.1,9368.2,9348.6,9366.0,2016
2025-10-17 15:45:00+00:00,9365.5,9371.4,9364.2,9368.2,1070
2025-10-17 16:00:00+00:00,9368.0,9377.4,9367.0,9370.2,737
2025-10-17 16:15:00+00:00,9369.9,9373.9,9365.7,9368.2,659
2025-10-17 16:30:00+00:00,9368.5,9370.4,9362.0,9364.3,633
2025-10-17 16:45:00+00:00,9364.5,9368.5,9356.1,9361.0,590
2025-10-17 17:00:00+00:00,9360.8,9363.3,9357.3,9360.8,720
2025-10-17 17:15:00+00:00,9361.1,9361.3,9352.6,9353.1,694
2025-10-17 17:30:00+00:00,9352.6,9364.0,9351.6,9357.4,583
2025-10-17 17:45:00+00:00,9357.1,9366.5,9355.1,9366.0,637
2025-10-17 18:00:00+00:00,9365.8,9376.2,9365.8,9374.7,507
2025-10-17 18:15:00+00:00,9374.2,9380.2,9374.2,9379.0,450
2025-10-17 18:30:00+00:00,9378.5,9380.5,9375.0,9379.0,482
2025-10-17 18:45:00+00:00,9379.2,9382.7,9378.7,9381.5,350
2025-10-17 19:00:00+00:00,9381.2,9387.9,9381.2,9387.2,560
2025-10-17 19:15:00+00:00,9386.9,9389.2,9384.7,9387.7,456
2025-10-17 19:30:00+00:00,9387.5,9389.7,9383.7,9388.5,459
2025-10-17 19:45:00+00:00,9388.7,9390.4,9378.5,9380.5,839
2025-10-19 22:00:00+00:00,9391.5,9393.7,9389.8,9392.0,360
2025-10-19 22:15:00+00:00,9391.7,9392.0,9386.1,9388.0,516
2025-10-19 22:30:00+00:00,9387.9,9389.5,9385.3,9388.3,474
2025-10-19 22:45:00+00:00,9388.4,9389.7,9387.9,9388.3,245
2025-10-19 23:00:00+00:00,9388.6,9389.1,9384.6,9385.1,487
2025-10-19 23:15:00+00:00,9384.9,9388.3,9377.4,9381.7,562
2025-10-19 23:30:00+00:00,9382.2,9385.3,9381.4,9381.5,475
2025-10-19 23:45:00+00:00,9381.6,9384.7,9380.5,9384.7,459
2025-10-20 00:00:00+00:00,9382.0,9382.1,9366.5,9368.0,1391
2025-10-20 00:15:00+00:00,9368.0,9376.7,9367.2,9370.8,2050
2025-10-20 00:30:00+00:00,9371.2,9374.9,9366.0,9374.8,1658
2025-10-20 00:45:00+00:00,9374.8,9379.2,9373.8,9378.0,1333
2025-10-20 01:00:00+00:00,9378.2,9381.7,9375.6,9378.5,1302
2025-10-20 01:15:00+00:00,9378.2,9383.3,9377.8,9382.2,1062
2025-10-20 01:30:00+00:00,9382.0,9382.0,9376.2,9378.8,1257
2025-10-20 01:45:00+00:00,9379.0,9379.0,9369.6,9373.0,1041
2025-10-20 02:00:00+00:00,9372.9,9375.1,9369.9,9373.6,954
2025-10-20 02:15:00+00:00,9373.5,9376.3,9371.7,9375.0,721
2025-10-20 02:30:00+00:00,9374.8,9379.0,9373.9,9378.0,761
2025-10-20 02:45:00+00:00,9378.0,9380.6,9377.4,9380.5,648
2025-10-20 03:00:00+00:00,9380.5,9381.3,9379.5,9380.0,518
2025-10-20 03:15:00+00:00,9380.2,9380.8,9378.5,9378.8,400
2025-10-20 03:30:00+00:00,9379.0,9380.4,9378.4,9379.7,504
2025-10-20 03:45:00+00:00,9379.7,9383.7,9379.5,9383.4,738
2025-10-20 04:00:00+00:00,9383.6,9385.8,9381.7,9383.8,700
2025-10-20 04:15:00+00:00,9383.6,9383.9,9382.5,9383.5,595
2025-10-20 04:30:00+00:00,9383.3,9383.6,9380.3,9382.2,870
2025-10-20 04:45:00+00:00,9382.2,9384.5,9380.5,9384.0,512
2025-10-20 05:00:00+00:00,9384.0,9387.0,9383.0,9386.2,187
2025-10-20 05:15:00+00:00,9386.7,9389.5,9384.0,9388.0,103
2025-10-20 05:30:00+00:00,9388.2,9392.2,9388.0,9392.0,140
2025-10-20 05:45:00+00:00,9391.5,9392.7,9390.2,9391.2,188
2025-10-20 06:00:00+00:00,9390.7,9390.7,9382.2,9387.2,270
2025-10-20 06:15:00+00:00,9387.5,9394.2,9386.0,9392.0,224
2025-10-20 06:30:00+00:00,9391.7,9397.7,9391.7,9395.0,204
2025-10-20 06:45:00+00:00,9394.7,9397.5,9388.0,9390.5,311
2025-10-20 07:00:00+00:00,9391.2,9395.2,9376.7,9394.7,1615
2025-10-20 07:15:00+00:00,9395.0,9402.3,9392.2,9401.0,778
2025-10-20 07:30:00+00:00,9400.8,9405.8,9399.3,9402.8,515
2025-10-20 07:45:00+00:00,9403.0,9406.3,9399.5,9405.9,501
2025-10-20 08:00:00+00:00,9405.6,9407.8,9401.5,9403.7,505
2025-10-20 08:15:00+00:00,9403.2,9404.4,9392.8,9395.3,500
2025-10-20 08:30:00+00:00,9395.5,9395.8,9387.9,9388.2,409
2025-10-20 08:45:00+00:00,9388.4,9391.5,9383.8,9389.7,443
2025-10-20 09:00:00+00:00,9389.4,9392.2,9384.9,9390.1,490
2025-10-20 09:15:00+00:00,9389.9,9393.0,9385.4,9390.9,338
2025-10-20 09:30:00+00:00,9391.1,9391.4,9381.6,9382.0,444
2025-10-20 09:45:00+00:00,9381.8,9384.9,9375.5,9380.9,424
2025-10-20 10:00:00+00:00,9381.1,9386.8,9380.4,9384.3,369
2025-10-20 10:15:00+00:00,9384.6,9393.6,9384.3,9389.6,310
2025-10-20 10:30:00+00:00,9389.4,9392.0,9387.7,9389.0,250
2025-10-20 10:45:00+00:00,9389.2,9391.1,9384.1,9384.4,333
2025-10-20 11:00:00+00:00,9384.6,9388.7,9384.1,9387.0,320
2025-10-20 11:15:00+00:00,9387.2,9391.2,9386.8,9389.7,249
2025-10-20 11:30:00+00:00,9389.2,9392.4,9387.0,9392.0,277
2025-10-20 11:45:00+00:00,9392.2,9401.0,9390.8,9399.2,225
2025-10-20 12:00:00+00:00,9399.0,9399.8,9392.4,9394.4,320
2025-10-20 12:15:00+00:00,9394.2,9396.1,9391.3,9392.8,282
2025-10-20 12:30:00+00:00,9392.5,9396.3,9389.8,9390.6,276
2025-10-20 12:45:00+00:00,9390.1,9393.4,9385.6,9387.2,354
2025-10-20 13:00:00+00:00,9386.9,9391.2,9386.1,9389.2,365
2025-10-20 13:15:00+00:00,9389.2,9395.9,9386.1,9395.2,373
2025-10-20 13:30:00+00:00,9395.0,9411.6,9390.5,9407.8,1225
2025-10-20 13:45:00+00:00,9407.6,9412.3,9400.2,9401.2,748
2025-10-20 14:00:00+00:00,9401.4,9409.5,9397.2,9404.1,785
2025-10-20 14:15:00+00:00,9403.8,9407.5,9402.8,9405.2,582
2025-10-20 14:30:00+00:00,9405.0,9412.7,9400.6,9411.7,598
2025-10-20 14:45:00+00:00,9411.2,9416.6,9409.7,9414.2,484
2025-10-20 15:00:00+00:00,9414.4,9416.7,9411.7,9415.2,632
2025-10-20 15:15:00+00:00,9414.9,9416.4,9411.4,9412.4,549
2025-10-20 15:30:00+00:00,9412.6,9413.1,9400.2,9409.2,681
2025-10-20 15:45:00+00:00,9409.7,9413.4,9404.7,9407.5,751
2025-10-20 16:00:00+00:00,9407.7,9414.9,9406.2,9414.9,395
2025-10-20 16:15:00+00:00,9415.2,9418.2,9414.2,9416.9,350
2025-10-20 16:30:00+00:00,9416.7,9418.7,9414.4,9417.7,210
2025-10-20 16:45:00+00:00,9417.9,9421.7,9416.7,9421.2,209
2025-10-20 17:00:00+00:00,9420.9,9426.9,9420.2,9426.4,188
2025-10-20 17:15:00+00:00,9426.1,9430.1,9425.7,9425.7,133
2025-10-20 17:30:00+00:00,9425.9,9429.9,9423.4,9429.4,178
2025-10-20 17:45:00+00:00,9429.1,9433.1,9428.9,9433.1,166
2025-10-20 18:00:00+00:00,9433.4,9437.8,9433.4,9437.4,135
2025-10-20 18:15:00+00:00,9436.9,9437.1,9432.7,9434.4,151
2025-10-20 18:30:00+00:00,9434.6,9435.6,9431.9,9433.7,183
2025-10-20 18:45:00+00:00,9433.4,9434.4,9431.2,9432.9,201
2025-10-20 19:00:00+00:00,9432.6,9434.1,9428.7,9430.4,178
2025-10-20 19:15:00+00:00,9430.7,9432.4,9428.4,9432.2,154
2025-10-20 19:30:00+00:00,9431.7,9432.7,9430.7,9430.9,177
2025-10-20 19:45:00+00:00,9431.2,9435.4,9430.7,9431.7,425
2025-10-20 20:00:00+00:00,9431.0,9435.6,9428.1,9434.9,259
2025-10-20 20:30:00+00:00,9435.6,9436.3,9435.6,9436.1,35
2025-10-20 20:45:00+00:00,9436.0,9438.1,9435.9,9438.1,38
2025-10-20 22:00:00+00:00,9436.2,9436.5,9434.2,9434.7,159
2025-10-20 22:15:00+00:00,9435.0,9438.4,9435.0,9436.9,193
2025-10-20 22:30:00+00:00,9436.7,9437.4,9434.5,9436.2,174
2025-10-20 22:45:00+00:00,9436.4,9436.7,9435.0,9435.2,126
2025-10-20 23:00:00+00:00,9435.5,9440.1,9435.2,9437.9,239
2025-10-20 23:15:00+00:00,9438.0,9438.9,9435.5,9438.9,191
2025-10-20 23:30:00+00:00,9439.0,9439.4,9436.0,9436.6,192
2025-10-20 23:45:00+00:00,9436.7,9436.7,9434.3,9435.8,209
2025-10-21 00:00:00+00:00,9435.9,9438.5,9432.9,9437.2,963
2025-10-21 00:15:00+00:00,9437.1,9442.2,9437.1,9440.8,837
2025-10-21 00:30:00+00:00,9440.8,9440.9,9438.3,9440.3,524
2025-10-21 00:45:00+00:00,9440.4,9442.2,9439.8,9441.9,407
2025-10-21 01:00:00+00:00,9441.8,9445.6,9441.6,9443.4,524
2025-10-21 01:15:00+00:00,9443.4,9444.3,9438.5,9439.7,625
2025-10-21 01:30:00+00:00,9439.7,9442.1,9437.2,9438.7,622
2025-10-21 01:45:00+00:00,9438.9,9440.7,9438.4,9439.2,549
2025-10-21 02:00:00+00:00,9439.0,9441.5,9439.0,9441.2,540
2025-10-21 02:15:00+00:00,9441.2,9443.7,9440.9,9443.7,415
2025-10-21 02:30:00+00:00,9443.7,9444.9,9442.1,9442.1,438
2025-10-21 02:45:00+00:00,9442.2,9443.8,9440.8,9442.2,429
2025-10-21 03:00:00+00:00,9442.6,9445.9,9442.2,9445.7,402
2025-10-21 03:15:00+00:00,9445.7,9447.0,9443.9,9444.0,373
2025-10-21 03:30:00+00:00,9443.9,9445.6,9440.8,9441.3,566
2025-10-21 03:45:00+00:00,9441.5,9442.2,9439.5,9441.8,755
2025-10-21 04:00:00+00:00,9441.8,9442.0,9437.9,9438.3,599
2025-10-21 04:15:00+00:00,9438.4,9440.5,9438.3,9439.8,448
2025-10-21 04:30:00+00:00,9439.8,9440.1,9437.9,9438.1,435
2025-10-21 04:45:00+00:00,9438.1,9439.3,9434.1,9435.9,755
2025-10-21 05:00:00+00:00,9435.9,9438.6,9433.9,9437.9,241
2025-10-21 05:15:00+00:00,9438.1,9438.9,9432.9,9434.4,149
2025-10-21 05:30:00+00:00,9434.2,9436.9,9433.2,9436.4,136
2025-10-21 05:45:00+00:00,9435.9,9436.2,9432.7,9434.2,231
2025-10-21 06:00:00+00:00,9434.4,9435.9,9424.3,9424.8,219
2025-10-21 06:15:00+00:00,9424.5,9429.5,9424.5,9428.3,192
2025-10-21 06:30:00+00:00,9429.0,9431.0,9425.1,9427.3,237
2025-10-21 06:45:00+00:00,9427.5,9434.2,9426.3,9432.3,254
2025-10-21 07:00:00+00:00,9434.5,9437.2,9421.1,9431.5,1347
2025-10-21 07:15:00+00:00,9431.3,9439.3,9429.6,9435.1,600
2025-10-21 07:30:00+00:00,9435.3,9439.7,9432.4,9433.3,555
2025-10-21 07:45:00+00:00,9433.0,9436.5,9431.4,9433.3,395
2025-10-21 08:00:00+00:00,9433.5,9433.8,9428.8,9430.5,481
2025-10-21 08:15:00+00:00,9430.7,9431.2,9421.8,9423.5,442
2025-10-21 08:30:00+00:00,9423.3,9424.5,9419.7,9421.9,349
2025-10-21 08:45:00+00:00,9422.4,9423.4,9418.4,9420.3,361
2025-10-21 09:00:00+00:00,9420.6,9424.9,9419.8,9423.6,299
2025-10-21 09:15:00+00:00,9423.9,9423.9,9419.3,9421.5,276
2025-10-21 09:30:00+00:00,9421.7,9423.7,9418.9,9423.2,286
2025-10-21 09:45:00+00:00,9422.7,9425.2,9420.9,9422.7,255
2025-10-21 10:00:00+00:00,9422.5,9425.2,9419.2,9419.9,256
2025-10-21 10:15:00+00:00,9420.1,9422.7,9419.3,9421.5,296
2025-10-21 10:30:00+00:00,9422.5,9425.6,9420.8,9421.8,295
2025-10-21 10:45:00+00:00,9421.5,9425.9,9420.8,9425.9,252
2025-10-21 11:00:00+00:00,9425.7,9433.5,9423.4,9433.2,246
2025-10-21 11:15:00+00:00,9433.2,9435.6,9431.7,9433.5,259
2025-10-21 11:30:00+00:00,9433.0,9437.0,9432.0,9435.2,303
2025-10-21 11:45:00+00:00,9435.5,9436.7,9431.1,9432.8,228
2025-10-21 12:00:00+00:00,9432.6,9435.3,9426.4,9426.6,277
2025-10-21 12:15:00+00:00,9426.4,9434.2,9425.7,9432.7,294
2025-10-21 12:30:00+00:00,9432.4,9440.9,9430.2,9440.0,308
2025-10-21 12:45:00+00:00,9440.2,9441.4,9432.0,9433.3,325
2025-10-21 13:00:00+00:00,9433.5,9434.5,9422.4,9426.3,383
2025-10-21 13:15:00+00:00,9426.8,9434.6,9426.2,9431.5,334
2025-10-21 13:30:00+00:00,9431.7,9432.3,9425.9,9429.0,1200
2025-10-21 13:45:00+00:00,9429.3,9431.8,9411.4,9412.9,1011
2025-10-21 14:00:00+00:00,9412.7,9413.9,9404.8,9405.8,1165
2025-10-21 14:15:00+00:00,9405.6,9415.3,9404.6,9409.6,709
2025-10-21 14:30:00+00:00,9409.4,9419.4,9407.9,9418.0,770
2025-10-21 14:45:00+00:00,9418.3,9431.0,9417.2,9428.9,640
2025-10-21 15:00:00+00:00,9428.6,9434.7,9428.1,9433.0,600
2025-10-21 15:15:00+00:00,9432.8,9433.8,9425.2,9428.8,760
2025-10-21 15:30:00+00:00,9429.0,9431.7,9418.6,9429.0,1074
2025-10-21 15:45:00+00:00,9428.5,9431.8,9427.8,9429.8,355
2025-10-21 16:00:00+00:00,9429.1,9433.8,9427.3,9432.6,361
2025-10-21 16:15:00+00:00,9432.8,9437.0,9430.1,9435.6,201
2025-10-21 16:30:00+00:00,9435.3,9438.3,9435.1,9436.3,213
2025-10-21 16:45:00+00:00,9436.6,9438.8,9426.2,9427.4,463
2025-10-21 17:00:00+00:00,9427.1,9432.6,9422.2,9432.4,458
2025-10-21 17:15:00+00:00,9432.1,9432.9,9426.4,9429.9,326
2025-10-21 17:30:00+00:00,9430.1,9434.4,9428.4,9431.4,273
2025-10-21 17:45:00+00:00,9431.7,9433.9,9430.4,9430.9,177
2025-10-21 18:00:00+00:00,9430.7,9434.2,9430.2,9431.4,149
2025-10-21 18:15:00+00:00,9431.2,9431.4,9427.5,9428.7,194
2025-10-21 18:30:00+00:00,9428.5,9429.2,9423.3,9424.0,144
2025-10-21 18:45:00+00:00,9424.3,9425.0,9421.0,9421.5,173
2025-10-21 19:00:00+00:00,9421.3,9421.8,9418.4,9420.6,192
2025-10-21 19:15:00+00:00,9420.3,9421.6,9419.1,9420.6,184
2025-10-21 19:30:00+00:00,9420.4,9422.4,9419.6,9422.4,228
2025-10-21 19:45:00+00:00,9422.6,9424.8,9413.9,9413.9,235
2025-10-21 20:00:00+00:00,9414.7,9417.6,9407.2,9410.1,807
2025-10-21 20:30:00+00:00,9412.5,9415.3,9411.8,9414.7,137
2025-10-21 20:45:00+00:00,9414.9,9415.2,9412.3,9414.5,127
2025-10-21 22:00:00+00:00,9420.8,9421.1,9418.5,9419.6,205
2025-10-21 22:15:00+00:00,9419.8,9423.0,9419.5,9422.7,253
2025-10-21 22:30:00+00:00,9422.8,9423.6,9419.9,9421.0,225
2025-10-21 22:45:00+00:00,9421.1,9422.3,9420.2,9422.0,200
2025-10-21 23:00:00+00:00,9422.2,9422.2,9417.3,9418.2,302
2025-10-21 23:15:00+00:00,9418.4,9422.8,9417.6,9420.1,224
2025-10-21 23:30:00+00:00,9420.0,9420.6,9418.5,9418.9,160
2025-10-21 23:45:00+00:00,9419.1,9419.6,9417.0,9417.5,257
2025-10-22 00:00:00+00:00,9410.1,9417.4,9409.3,9415.9,1236
2025-10-22 00:15:00+00:00,9415.8,9415.9,9408.0,9411.9,1002
2025-10-22 00:30:00+00:00,9411.9,9416.7,9410.9,9411.7,873
2025-10-22 00:45:00+00:00,9411.8,9415.5,9411.7,9414.1,693
2025-10-22 01:00:00+00:00,9413.7,9418.0,9411.6,9416.5,779
2025-10-22 01:15:00+00:00,9416.3,9416.5,9414.4,9414.9,582
2025-10-22 01:30:00+00:00,9414.9,9415.6,9412.2,9415.5,652
2025-10-22 01:45:00+00:00,9415.5,9419.0,9414.4,9418.5,630
2025-10-22 02:00:00+00:00,9418.5,9420.1,9416.9,9419.5,571
2025-10-22 02:15:00+00:00,9419.3,9421.2,9418.9,9420.7,507
2025-10-22 02:30:00+00:00,9420.5,9420.7,9418.1,9418.8,413
2025-10-22 02:45:00+00:00,9418.6,9420.3,9418.4,9420.0,316
2025-10-22 03:00:00+00:00,9420.1,9420.3,9417.2,9418.3,370
2025-10-22 03:15:00+00:00,9418.1,9418.4,9414.0,9416.1,487
2025-10-22 03:30:00+00:00,9416.1,9416.9,9414.5,9416.4,570
2025-10-22 03:45:00+00:00,9416.4,9426.2,9416.3,9425.7,639
2025-10-22 04:00:00+00:00,9425.7,9430.3,9425.7,9428.2,884
2025-10-22 04:15:00+00:00,9428.2,9428.6,9427.0,9427.5,620
2025-10-22 04:30:00+00:00,9427.5,9429.3,9426.7,9428.5,405
2025-10-22 04:45:00+00:00,9428.5,9428.5,9426.0,9426.8,517
2025-10-22 05:00:00+00:00,9426.6,9427.8,9425.6,9427.8,110
2025-10-22 05:15:00+00:00,9427.6,9427.8,9422.9,9424.1,108
2025-10-22 05:30:00+00:00,9423.9,9425.8,9420.9,9420.9,82
2025-10-22 05:45:00+00:00,9421.1,9424.4,9420.9,9421.4,76
2025-10-22 06:00:00+00:00,9422.1,9451.9,9420.7,9448.4,304
2025-10-22 06:15:00+00:00,9448.7,9459.9,9446.7,9459.4,250
2025-10-22 06:30:00+00:00,9459.1,9478.5,9459.1,9477.3,329
2025-10-22 06:45:00+00:00,9477.5,9478.2,9465.4,9468.8,359
2025-10-22 07:00:00+00:00,9469.3,9481.6,9464.3,9469.2,1488
2025-10-22 07:15:00+00:00,9469.4,9485.4,9467.3,9482.8,892
2025-10-22 07:30:00+00:00,9483.3,9491.1,9482.0,9489.6,556
2025-10-22 07:45:00+00:00,9489.9,9495.0,9486.7,9491.9,504
2025-10-22 08:00:00+00:00,9491.6,9492.1,9482.6,9483.1,438
2025-10-22 08:15:00+00:00,9482.9,9488.2,9479.2,9487.2,535
2025-10-22 08:30:00+00:00,9487.5,9496.4,9487.2,9495.0,471
2025-10-22 08:45:00+00:00,9495.3,9499.7,9492.0,9495.7,478
2025-10-22 09:00:00+00:00,9495.5,9498.6,9487.4,9489.4,454
2025-10-22 09:15:00+00:00,9489.6,9496.7,9487.9,9494.2,346
2025-10-22 09:30:00+00:00,9494.0,9499.1,9493.2,9497.1,331
2025-10-22 09:45:00+00:00,9496.6,9501.3,9495.0,9501.0,298
2025-10-22 10:00:00+00:00,9501.5,9507.6,9501.5,9503.1,367
2025-10-22 10:15:00+00:00,9503.1,9510.3,9500.1,9509.8,435
2025-10-22 10:30:00+00:00,9510.1,9511.1,9501.2,9510.1,410
2025-10-22 10:45:00+00:00,9510.4,9514.3,9507.8,9511.0,399
2025-10-22 11:00:00+00:00,9510.5,9512.8,9504.7,9512.3,483
2025-10-22 11:15:00+00:00,9511.8,9515.2,9508.1,9511.6,335
2025-10-22 11:30:00+00:00,9511.6,9515.1,9510.6,9511.9,366
2025-10-22 11:45:00+00:00,9511.9,9518.2,9510.4,9512.3,409
2025-10-22 12:00:00+00:00,9512.5,9517.0,9510.8,9513.9,491
2025-10-22 12:15:00+00:00,9514.1,9519.9,9514.1,9517.7,342
2025-10-22 12:30:00+00:00,9518.0,9523.6,9516.7,9523.3,345
2025-10-22 12:45:00+00:00,9523.8,9525.3,9518.9,9519.6,435
2025-10-22 13:00:00+00:00,9520.1,9523.8,9512.5,9513.3,410
2025-10-22 13:15:00+00:00,9513.2,9520.0,9509.8,9511.0,493
2025-10-22 13:30:00+00:00,9511.5,9529.1,9509.3,9529.1,1082
2025-10-22 13:45:00+00:00,9528.9,9530.4,9521.1,9527.1,788
2025-10-22 14:00:00+00:00,9526.8,9542.1,9526.3,9541.1,969
2025-10-22 14:15:00+00:00,9540.8,9545.7,9536.4,9541.3,919
2025-10-22 14:30:00+00:00,9541.1,9545.9,9529.1,9530.1,1016
2025-10-22 14:45:00+00:00,9529.9,9536.0,9527.3,9532.7,933
2025-10-22 15:00:00+00:00,9532.5,9536.8,9529.3,9535.1,797
2025-10-22 15:15:00+00:00,9534.8,9537.6,9519.7,9521.2,1255
2025-10-22 15:30:00+00:00,9521.0,9521.2,9511.5,9518.2,1376
2025-10-22 15:45:00+00:00,9517.9,9522.9,9512.0,9512.5,665
2025-10-22 16:00:00+00:00,9512.7,9513.0,9503.0,9505.0,530
2025-10-22 16:15:00+00:00,9504.8,9508.0,9500.8,9504.3,452
2025-10-22 16:30:00+00:00,9503.8,9506.5,9465.8,9488.4,3136
2025-10-22 16:45:00+00:00,9488.9,9497.1,9483.7,9492.2,974
2025-10-22 17:00:00+00:00,9491.9,9497.9,9486.7,9490.0,741
2025-10-22 17:15:00+00:00,9489.7,9491.9,9475.8,9481.3,574
2025-10-22 17:30:00+00:00,9481.0,9486.0,9469.9,9470.9,576
2025-10-22 17:45:00+00:00,9471.1,9481.3,9470.9,9481.3,623
2025-10-22 18:00:00+00:00,9481.1,9487.8,9480.8,9483.3,634
2025-10-22 18:15:00+00:00,9482.8,9486.0,9477.1,9484.3,538
2025-10-22 18:30:00+00:00,9484.6,9490.8,9480.8,9490.3,610
2025-10-22 18:45:00+00:00,9490.0,9494.3,9485.3,9492.8,487
2025-10-22 19:00:00+00:00,9492.6,9501.3,9486.9,9499.5,545
2025-10-22 19:15:00+00:00,9498.8,9506.7,9496.3,9505.7,418
2025-10-22 19:30:00+00:00,9506.0,9512.5,9505.7,9510.7,407
2025-10-22 19:45:00+00:00,9510.0,9516.4,9508.5,9515.9,534
2025-10-22 20:00:00+00:00,9516.4,9522.1,9515.1,9516.9,1379
2025-10-22 20:30:00+00:00,9511.0,9515.2,9510.1,9514.8,263
2025-10-22 20:45:00+00:00,9515.2,9515.7,9513.3,9515.5,205
2025-10-22 22:00:00+00:00,9512.0,9516.0,9511.2,9516.0,261
2025-10-22 22:15:00+00:00,9516.1,9518.3,9511.9,9513.0,409
2025-10-22 22:30:00+00:00,9513.1,9514.8,9512.0,9513.3,299
2025-10-22 22:45:00+00:00,9513.5,9515.5,9513.0,9514.3,222
2025-10-22 23:00:00+00:00,9514.1,9518.0,9512.9,9516.5,305
2025-10-22 23:15:00+00:00,9516.4,9517.0,9514.0,9514.1,225
2025-10-22 23:30:00+00:00,9514.3,9515.8,9510.8,9511.3,291
2025-10-22 23:45:00+00:00,9511.2,9512.0,9504.1,9506.6,478
2025-10-23 00:00:00+00:00,9506.2,9512.2,9506.2,9508.9,1704
2025-10-23 00:15:00+00:00,9508.9,9513.9,9508.7,9509.8,1113
2025-10-23 00:30:00+00:00,9510.0,9512.6,9507.0,9509.7,1143
2025-10-23 00:45:00+00:00,9509.8,9514.4,9507.8,9513.9,1110
2025-10-23 01:00:00+00:00,9513.8,9518.3,9512.8,9513.3,1140
2025-10-23 01:15:00+00:00,9513.3,9518.0,9513.2,9514.0,901
2025-10-23 01:30:00+00:00,9514.0,9520.4,9513.1,9517.8,1254
2025-10-23 01:45:00+00:00,9517.8,9517.8,9514.6,9517.4,797
2025-10-23 02:00:00+00:00,9517.5,9518.2,9514.5,9514.6,952
2025-10-23 02:15:00+00:00,9514.5,9518.5,9514.3,9518.0,793
2025-10-23 02:30:00+00:00,9518.0,9518.5,9516.1,9517.3,549
2025-10-23 02:45:00+00:00,9517.3,9518.6,9516.0,9516.7,588
2025-10-23 03:00:00+00:00,9516.9,9518.1,9516.7,9517.6,574
2025-10-23 03:15:00+00:00,9517.6,9519.7,9515.4,9516.0,710
2025-10-23 03:30:00+00:00,9516.0,9517.3,9513.2,9514.8,816
2025-10-23 03:45:00+00:00,9514.8,9518.6,9513.2,9518.3,766
2025-10-23 04:00:00+00:00,9518.3,9520.1,9516.1,9516.3,605
2025-10-23 04:15:00+00:00,9516.5,9520.5,9514.8,9516.8,665
2025-10-23 04:30:00+00:00,9516.8,9518.5,9515.0,9517.3,822
2025-10-23 04:45:00+00:00,9517.3,9519.4,9516.2,9517.9,657
2025-10-23 05:00:00+00:00,9518.0,9519.3,9516.5,9517.8,157
2025-10-23 05:15:00+00:00,9517.5,9520.0,9516.5,9520.0,122
2025-10-23 05:30:00+00:00,9519.8,9520.5,9517.0,9519.0,133
2025-10-23 05:45:00+00:00,9519.8,9528.8,9519.8,9528.0,139
2025-10-23 06:00:00+00:00,9529.0,9539.0,9527.8,9535.5,304
2025-10-23 06:15:00+00:00,9534.8,9534.8,9530.5,9531.5,202
2025-10-23 06:30:00+00:00,9531.8,9535.3,9530.5,9534.5,220
2025-10-23 06:45:00+00:00,9534.8,9542.0,9532.0,9541.0,332
2025-10-23 07:00:00+00:00,9542.0,9555.0,9536.3,9546.0,1618
2025-10-23 07:15:00+00:00,9545.8,9548.8,9535.0,9536.8,851
2025-10-23 07:30:00+00:00,9537.3,9540.3,9529.5,9530.0,678
2025-10-23 07:45:00+00:00,9529.0,9532.8,9523.5,9525.0,487
2025-10-23 08:00:00+00:00,9525.3,9529.8,9519.7,9522.1,493
2025-10-23 08:15:00+00:00,9521.9,9532.2,9520.4,9531.9,433
2025-10-23 08:30:00+00:00,9531.7,9548.0,9530.7,9547.2,460
2025-10-23 08:45:00+00:00,9547.5,9559.5,9546.1,9557.3,595
2025-10-23 09:00:00+00:00,9557.0,9562.6,9553.4,9558.2,481
2025-10-23 09:15:00+00:00,9558.4,9561.4,9552.6,9554.0,553
2025-10-23 09:30:00+00:00,9553.8,9557.8,9552.2,9556.8,410
2025-10-23 09:45:00+00:00,9557.1,9561.6,9551.4,9561.1,407
2025-10-23 10:00:00+00:00,9560.8,9565.9,9555.6,9565.4,504
2025-10-23 10:15:00+00:00,9565.1,9573.2,9565.1,9570.0,320
2025-10-23 10:30:00+00:00,9570.2,9575.6,9570.0,9572.0,313
2025-10-23 10:45:00+00:00,9572.3,9574.8,9567.9,9573.0,364
2025-10-23 11:00:00+00:00,9571.8,9580.4,9569.8,9575.1,527
2025-10-23 11:15:00+00:00,9575.6,9580.1,9574.6,9577.4,354
2025-10-23 11:30:00+00:00,9577.1,9577.9,9572.0,9575.1,293
2025-10-23 11:45:00+00:00,9574.6,9577.1,9571.6,9575.9,350
2025-10-23 12:00:00+00:00,9575.4,9575.6,9567.8,9567.8,462
2025-10-23 12:15:00+00:00,9568.3,9576.7,9566.8,9572.5,514
2025-10-23 12:30:00+00:00,9572.7,9573.5,9565.7,9568.3,415
2025-10-23 12:45:00+00:00,9568.6,9576.6,9568.6,9576.3,369
2025-10-23 13:00:00+00:00,9575.8,9587.7,9575.3,9587.2,549
2025-10-23 13:15:00+00:00,9586.4,9588.3,9578.1,9578.4,543
2025-10-23 13:30:00+00:00,9578.1,9595.3,9577.7,9590.2,1214
2025-10-23 13:45:00+00:00,9589.7,9593.1,9572.7,9580.0,879
2025-10-23 14:00:00+00:00,9581.3,9588.0,9575.3,9581.3,1072
2025-10-23 14:15:00+00:00,9581.1,9581.8,9570.6,9570.6,940
2025-10-23 14:30:00+00:00,9570.9,9578.0,9570.4,9576.6,745
2025-10-23 14:45:00+00:00,9576.8,9583.5,9574.3,9581.3,752
2025-10-23 15:00:00+00:00,9581.6,9584.0,9576.1,9583.3,702
2025-10-23 15:15:00+00:00,9583.0,9587.8,9581.0,9584.8,797
2025-10-23 15:30:00+00:00,9584.6,9584.6,9568.2,9571.7,1024
2025-10-23 15:45:00+00:00,9571.9,9581.4,9570.9,9578.9,477
2025-10-23 16:00:00+00:00,9578.7,9579.9,9576.2,9579.9,289
2025-10-23 16:15:00+00:00,9579.7,9579.9,9574.5,9576.0,271
2025-10-23 16:30:00+00:00,9575.7,9579.0,9574.2,9578.0,231
2025-10-23 16:45:00+00:00,9578.5,9581.5,9577.7,9580.0,223
2025-10-23 17:00:00+00:00,9580.2,9581.5,9570.3,9577.3,446
2025-10-23 17:15:00+00:00,9577.5,9579.0,9575.0,9578.3,305
2025-10-23 17:30:00+00:00,9578.5,9587.2,9578.5,9587.2,313
2025-10-23 17:45:00+00:00,9587.5,9588.5,9582.5,9587.5,220
2025-10-23 18:00:00+00:00,9587.7,9588.5,9586.0,9586.7,184
2025-10-23 18:15:00+00:00,9586.5,9589.0,9583.5,9588.7,183
2025-10-23 18:30:00+00:00,9589.0,9589.0,9587.3,9588.5,142
2025-10-23 18:45:00+00:00,9588.3,9589.3,9586.0,9587.3,155
2025-10-23 19:00:00+00:00,9587.5,9588.3,9584.3,9585.3,123
2025-10-23 19:15:00+00:00,9585.1,9586.3,9582.1,9584.3,131
2025-10-23 19:30:00+00:00,9584.1,9584.6,9580.4,9582.2,217
2025-10-23 19:45:00+00:00,9582.4,9588.4,9574.7,9586.7,654
2025-10-23 20:00:00+00:00,9586.4,9590.1,9585.7,9586.9,357
2025-10-23 20:30:00+00:00,9585.9,9588.7,9585.0,9587.7,153
2025-10-23 20:45:00+00:00,9587.9,9588.4,9586.4,9588.4,76
2025-10-23 22:00:00+00:00,9590.1,9591.9,9589.8,9591.0,187
2025-10-23 22:15:00+00:00,9591.1,9592.5,9590.5,9591.2,148
2025-10-23 22:30:00+00:00,9591.3,9592.7,9590.7,9591.2,204
2025-10-23 22:45:00+00:00,9591.5,9591.7,9589.8,9591.0,163
2025-10-23 23:00:00+00:00,9590.5,9593.0,9590.5,9591.8,214
2025-10-23 23:15:00+00:00,9591.9,9592.4,9591.3,9591.5,126
2025-10-23 23:30:00+00:00,9591.8,9592.5,9591.5,9591.8,123
2025-10-23 23:45:00+00:00,9591.7,9593.3,9591.4,9593.0,177
2025-10-24 00:00:00+00:00,9594.4,9596.9,9583.5,9585.4,823
2025-10-24 00:15:00+00:00,9585.4,9591.9,9584.4,9590.6,680
2025-10-24 00:30:00+00:00,9590.8,9592.9,9589.4,9590.8,606
2025-10-24 00:45:00+00:00,9590.9,9591.0,9588.9,9590.4,543
2025-10-24 01:00:00+00:00,9590.6,9591.9,9588.1,9591.4,549
2025-10-24 01:15:00+00:00,9591.2,9592.2,9589.2,9589.9,508
2025-10-24 01:30:00+00:00,9589.5,9590.0,9588.5,9589.7,519
2025-10-24 01:45:00+00:00,9589.5,9591.2,9588.7,9590.8,470
2025-10-24 02:00:00+00:00,9590.7,9591.2,9589.7,9590.7,383
2025-10-24 02:15:00+00:00,9590.5,9592.2,9590.0,9590.7,368
2025-10-24 02:30:00+00:00,9590.7,9591.0,9586.3,9587.0,565
2025-10-24 02:45:00+00:00,9586.8,9588.8,9586.5,9587.3,496
2025-10-24 03:00:00+00:00,9587.2,9587.3,9584.9,9585.9,417
2025-10-24 03:15:00+00:00,9586.1,9588.1,9586.0,9587.8,392
2025-10-24 03:30:00+00:00,9587.7,9590.0,9587.4,9588.8,324
2025-10-24 03:45:00+00:00,9588.7,9590.3,9587.8,9588.6,274
2025-10-24 04:00:00+00:00,9588.5,9589.8,9587.7,9589.8,387
2025-10-24 04:15:00+00:00,9589.8,9589.8,9587.8,9588.9,309
2025-10-24 04:30:00+00:00,9588.9,9588.9,9586.6,9587.4,293
2025-10-24 04:45:00+00:00,9587.4,9589.2,9586.5,9588.9,325
2025-10-24 05:00:00+00:00,9588.9,9590.1,9588.9,9589.1,97
2025-10-24 05:15:00+00:00,9588.9,9591.4,9588.1,9591.1,82
2025-10-24 05:30:00+00:00,9591.4,9591.4,9588.9,9589.9,117
2025-10-24 05:45:00+00:00,9589.6,9590.9,9586.4,9588.4,113
2025-10-24 06:00:00+00:00,9588.2,9590.2,9581.0,9589.4,262
2025-10-24 06:15:00+00:00,9589.7,9592.2,9588.2,9588.9,187
2025-10-24 06:30:00+00:00,9588.7,9592.9,9587.9,9592.2,162
2025-10-24 06:45:00+00:00,9592.7,9601.4,9592.7,9595.7,149
2025-10-24 07:00:00+00:00,9596.2,9599.7,9586.6,9589.8,1356
2025-10-24 07:15:00+00:00,9589.0,9591.8,9583.5,9588.9,547
2025-10-24 07:30:00+00:00,9589.9,9591.8,9587.2,9588.6,567
2025-10-24 07:45:00+00:00,9588.8,9589.6,9584.6,9585.4,424
2025-10-24 08:00:00+00:00,9585.6,9587.2,9574.4,9575.1,559
2025-10-24 08:15:00+00:00,9575.1,9578.1,9573.2,9574.2,429
2025-10-24 08:30:00+00:00,9573.5,9578.3,9570.7,9576.6,474
2025-10-24 08:45:00+00:00,9576.3,9579.1,9568.1,9569.4,428
2025-10-24 09:00:00+00:00,9569.1,9569.4,9559.9,9566.2,433
2025-10-24 09:15:00+00:00,9566.4,9574.4,9565.4,9574.1,355
2025-10-24 09:30:00+00:00,9574.4,9584.0,9572.6,9584.0,390
2025-10-24 09:45:00+00:00,9584.0,9585.0,9579.4,9580.5,420
2025-10-24 10:00:00+00:00,9580.2,9580.2,9575.0,9576.9,256
2025-10-24 10:15:00+00:00,9576.7,9578.6,9574.7,9576.6,236
2025-10-24 10:30:00+00:00,9576.8,9577.8,9565.9,9566.4,320
2025-10-24 10:45:00+00:00,9566.7,9570.1,9566.6,9568.0,227
2025-10-24 11:00:00+00:00,9567.8,9576.5,9567.3,9575.8,320
2025-10-24 11:15:00+00:00,9576.3,9576.3,9570.8,9573.0,313
2025-10-24 11:30:00+00:00,9573.0,9578.8,9573.0,9578.8,240
2025-10-24 11:45:00+00:00,9579.1,9579.1,9573.7,9577.9,264
2025-10-24 12:00:00+00:00,9577.4,9584.5,9575.9,9581.1,315
2025-10-24 12:15:00+00:00,9580.9,9582.0,9576.5,9582.0,352
2025-10-24 12:30:00+00:00,9581.7,9597.9,9581.5,9587.1,1015
2025-10-24 12:45:00+00:00,9587.1,9587.4,9579.3,9583.3,581
2025-10-24 13:00:00+00:00,9583.1,9584.5,9578.8,9582.7,425
2025-10-24 13:15:00+00:00,9582.2,9593.1,9581.7,9593.1,455
2025-10-24 13:30:00+00:00,9592.6,9593.2,9585.0,9590.8,989
2025-10-24 13:45:00+00:00,9591.8,9604.4,9591.7,9603.8,796
2025-10-24 14:00:00+00:00,9603.6,9610.7,9597.3,9609.2,918
2025-10-24 14:15:00+00:00,9608.9,9612.4,9604.1,9612.1,648
2025-10-24 14:30:00+00:00,9612.4,9622.5,9610.6,9620.5,720
2025-10-24 14:45:00+00:00,9620.8,9626.1,9618.5,9621.3,673
2025-10-24 15:00:00+00:00,9621.0,9634.1,9620.8,9632.6,637
2025-10-24 15:15:00+00:00,9632.9,9643.9,9632.3,9638.4,672
2025-10-24 15:30:00+00:00,9638.9,9649.3,9637.1,9648.3,700
2025-10-24 15:45:00+00:00,9648.1,9657.3,9646.3,9656.5,487
2025-10-24 16:00:00+00:00,9656.8,9657.3,9652.3,9656.6,250
2025-10-24 16:15:00+00:00,9656.3,9656.8,9647.1,9647.9,228
2025-10-24 16:30:00+00:00,9647.6,9649.1,9642.4,9643.2,202
2025-10-24 16:45:00+00:00,9642.9,9651.6,9642.4,9649.6,196
2025-10-24 17:00:00+00:00,9649.4,9649.6,9642.7,9644.2,218
2025-10-24 17:15:00+00:00,9643.9,9650.2,9643.7,9649.9,204
2025-10-24 17:30:00+00:00,9650.2,9650.2,9646.0,9646.5,177
2025-10-24 17:45:00+00:00,9646.2,9648.2,9644.2,9644.2,153
2025-10-24 18:00:00+00:00,9644.0,9645.5,9640.8,9641.8,143
2025-10-24 18:15:00+00:00,9641.5,9646.2,9640.3,9643.8,140
2025-10-24 18:30:00+00:00,9644.0,9646.5,9642.3,9645.5,158
2025-10-24 18:45:00+00:00,9645.0,9646.8,9642.8,9646.3,205
2025-10-24 19:00:00+00:00,9646.0,9647.8,9639.1,9640.1,164
2025-10-24 19:15:00+00:00,9639.8,9639.8,9634.1,9635.1,141
2025-10-24 19:30:00+00:00,9635.1,9637.1,9633.7,9633.9,223
2025-10-24 19:45:00+00:00,9634.1,9639.7,9631.7,9633.4,428
2025-10-26 22:00:00+00:00,9674.4,9675.7,9668.8,9670.5,528
2025-10-26 22:15:00+00:00,9670.8,9678.0,9668.8,9677.7,632
2025-10-26 22:30:00+00:00,9678.0,9679.4,9673.0,9673.0,480
2025-10-26 22:45:00+00:00,9673.2,9674.9,9670.8,9672.4,277
2025-10-26 23:00:00+00:00,9672.7,9675.8,9665.6,9665.8,417
2025-10-26 23:15:00+00:00,9666.0,9667.5,9665.0,9665.6,283
2025-10-26 23:30:00+00:00,9665.8,9669.0,9665.8,9667.0,233
2025-10-26 23:45:00+00:00,9667.2,9667.2,9663.0,9664.8,271
2025-10-27 00:00:00+00:00,9664.6,9669.7,9663.0,9669.7,489
2025-10-27 00:15:00+00:00,9669.6,9682.0,9667.5,9681.0,303
2025-10-27 00:30:00+00:00,9681.1,9683.6,9680.7,9682.0,181
2025-10-27 00:45:00+00:00,9682.2,9682.2,9679.2,9679.7,220
2025-10-27 01:00:00+00:00,9669.8,9669.8,9648.2,9648.4,969
2025-10-27 01:15:00+00:00,9648.3,9652.9,9648.1,9651.9,659
2025-10-27 01:30:00+00:00,9652.1,9654.8,9651.7,9653.4,526
2025-10-27 01:45:00+00:00,9653.4,9653.7,9651.2,9652.2,475
2025-10-27 02:00:00+00:00,9651.8,9652.4,9648.9,9651.7,564
2025-10-27 02:15:00+00:00,9651.5,9653.6,9651.2,9653.2,384
2025-10-27 02:30:00+00:00,9653.4,9655.4,9652.9,9654.9,429
2025-10-27 02:45:00+00:00,9654.7,9654.7,9653.1,9653.9,366
2025-10-27 03:00:00+00:00,9653.7,9653.7,9650.2,9652.2,427
2025-10-27 03:15:00+00:00,9652.2,9654.9,9651.9,9653.7,500
2025-10-27 03:30:00+00:00,9653.5,9654.9,9645.9,9646.0,509
2025-10-27 03:45:00+00:00,9646.0,9648.6,9643.6,9647.2,579
2025-10-27 04:00:00+00:00,9647.4,9651.5,9646.4,9651.1,559
2025-10-27 04:15:00+00:00,9651.3,9653.0,9650.2,9652.7,399
2025-10-27 04:30:00+00:00,9652.7,9653.4,9650.2,9652.6,425
2025-10-27 04:45:00+00:00,9652.6,9653.2,9651.7,9652.7,386
2025-10-27 05:00:00+00:00,9652.5,9654.6,9652.0,9654.1,419
2025-10-27 05:15:00+00:00,9654.1,9656.9,9652.9,9656.9,501
2025-10-27 05:30:00+00:00,9657.0,9657.2,9653.0,9653.2,472
2025-10-27 05:45:00+00:00,9653.4,9656.6,9653.1,9655.6,482
2025-10-27 06:00:00+00:00,9655.4,9660.7,9654.7,9660.2,244
2025-10-27 06:15:00+00:00,9659.9,9659.9,9656.4,9659.2,135
2025-10-27 06:30:00+00:00,9658.9,9659.2,9654.4,9658.2,180
2025-10-27 06:45:00+00:00,9658.4,9659.2,9653.4,9655.4,124
2025-10-27 07:00:00+00:00,9654.7,9656.4,9650.2,9650.2,261
2025-10-27 07:15:00+00:00,9650.7,9658.4,9650.7,9655.2,184
2025-10-27 07:30:00+00:00,9655.4,9657.2,9648.9,9649.9,143
2025-10-27 07:45:00+00:00,9650.2,9650.2,9638.2,9640.4,274
2025-10-27 08:00:00+00:00,9642.9,9647.9,9639.2,9645.4,1086
2025-10-27 08:15:00+00:00,9645.7,9654.0,9644.7,9646.8,627
2025-10-27 08:30:00+00:00,9647.1,9655.5,9646.8,9652.6,527
2025-10-27 08:45:00+00:00,9652.3,9655.1,9644.2,9645.1,457
2025-10-27 09:00:00+00:00,9645.1,9646.0,9638.9,9639.9,423
2025-10-27 09:15:00+00:00,9640.2,9642.2,9635.6,9635.9,376
2025-10-27 09:30:00+00:00,9635.9,9643.4,9634.4,9642.9,321
2025-10-27 09:45:00+00:00,9642.6,9643.8,9636.6,9638.9,314
2025-10-27 10:00:00+00:00,9639.1,9641.4,9637.9,9639.2,328
2025-10-27 10:15:00+00:00,9639.4,9645.0,9638.7,9642.1,286
2025-10-27 10:30:00+00:00,9642.4,9644.3,9640.9,9642.8,243
2025-10-27 10:45:00+00:00,9642.5,9647.3,9641.5,9643.9,253
2025-10-27 11:00:00+00:00,9644.2,9647.2,9642.7,9644.5,276
2025-10-27 11:15:00+00:00,9644.7,9652.8,9644.7,9650.7,303
2025-10-27 11:30:00+00:00,9650.5,9653.8,9648.5,9649.4,410
2025-10-27 11:45:00+00:00,9649.4,9660.2,9648.9,9658.7,414
2025-10-27 12:00:00+00:00,9658.4,9660.2,9653.1,9659.1,463
2025-10-27 12:15:00+00:00,9658.6,9659.8,9655.1,9659.8,269
2025-10-27 12:30:00+00:00,9660.1,9661.5,9654.4,9658.0,338
2025-10-27 12:45:00+00:00,9658.2,9661.9,9655.4,9656.7,330
2025-10-27 13:00:00+00:00,9656.5,9664.3,9653.9,9658.5,435
2025-10-27 13:15:00+00:00,9658.7,9661.0,9654.4,9654.9,411
2025-10-27 13:30:00+00:00,9654.6,9661.5,9648.1,9660.8,1094
2025-10-27 13:45:00+00:00,9660.5,9660.5,9651.6,9658.2,626
2025-10-27 14:00:00+00:00,9658.5,9664.6,9658.0,9664.2,593
2025-10-27 14:15:00+00:00,9663.9,9672.6,9661.8,9670.9,619
2025-10-27 14:30:00+00:00,9671.1,9672.3,9664.7,9666.7,450
2025-10-27 14:45:00+00:00,9666.2,9667.2,9656.8,9662.6,508
2025-10-27 15:00:00+00:00,9662.8,9663.3,9651.2,9651.7,520
2025-10-27 15:15:00+00:00,9651.7,9652.7,9647.4,9650.2,487
2025-10-27 15:30:00+00:00,9650.2,9650.2,9635.7,9635.7,422
2025-10-27 15:45:00+00:00,9636.0,9636.0,9632.1,9635.0,439
2025-10-27 16:00:00+00:00,9635.3,9648.8,9635.0,9648.3,492
2025-10-27 16:15:00+00:00,9648.8,9652.4,9647.6,9649.9,525
2025-10-27 16:30:00+00:00,9649.7,9658.4,9648.5,9656.7,522
2025-10-27 16:45:00+00:00,9656.9,9660.4,9656.4,9657.4,204
2025-10-27 17:00:00+00:00,9657.6,9657.9,9652.4,9653.2,190
2025-10-27 17:15:00+00:00,9653.4,9653.4,9647.5,9652.7,148
2025-10-27 17:30:00+00:00,9652.4,9655.4,9651.4,9654.4,133
2025-10-27 17:45:00+00:00,9654.7,9655.7,9652.2,9653.4,120
2025-10-27 18:00:00+00:00,9653.2,9654.2,9650.7,9653.5,136
2025-10-27 18:15:00+00:00,9653.2,9653.2,9651.2,9653.0,132
2025-10-27 18:30:00+00:00,9653.2,9657.5,9653.2,9654.7,143
2025-10-27 18:45:00+00:00,9655.0,9655.0,9652.0,9652.5,108
2025-10-27 19:00:00+00:00,9652.3,9655.7,9651.5,9655.7,62
2025-10-27 19:15:00+00:00,9656.0,9660.0,9655.0,9659.7,135
2025-10-27 19:30:00+00:00,9660.0,9662.5,9658.7,9661.4,199
2025-10-27 19:45:00+00:00,9661.2,9665.4,9659.0,9662.0,380
2025-10-27 20:00:00+00:00,9662.2,9665.4,9660.7,9663.2,85
2025-10-27 20:15:00+00:00,9663.5,9666.2,9663.5,9665.7,48
2025-10-27 20:30:00+00:00,9666.0,9670.2,9666.0,9669.7,34
2025-10-27 20:45:00+00:00,9669.9,9673.9,9669.7,9673.4,100
2025-10-27 22:00:00+00:00,9671.5,9671.8,9670.3,9671.5,112
2025-10-27 22:15:00+00:00,9671.4,9673.5,9671.3,9672.3,182
2025-10-27 22:30:00+00:00,9672.0,9673.0,9671.1,9671.3,134
2025-10-27 22:45:00+00:00,9671.6,9672.2,9671.1,9671.6,120
2025-10-27 23:00:00+00:00,9671.8,9673.1,9671.0,9672.6,199
2025-10-27 23:15:00+00:00,9672.7,9675.5,9671.6,9675.0,209
2025-10-27 23:30:00+00:00,9674.7,9675.5,9672.3,9672.3,219
2025-10-27 23:45:00+00:00,9672.6,9674.0,9669.2,9669.4,248
2025-10-28 00:00:00+00:00,9669.7,9670.2,9667.0,9669.4,361
2025-10-28 00:15:00+00:00,9669.3,9669.7,9667.7,9668.5,197
2025-10-28 00:30:00+00:00,9668.3,9669.7,9667.4,9668.5,165
2025-10-28 00:45:00+00:00,9668.4,9669.0,9667.4,9668.0,199
2025-10-28 01:00:00+00:00,9665.6,9667.3,9659.5,9659.8,661
2025-10-28 01:15:00+00:00,9659.8,9662.0,9657.8,9661.7,579
2025-10-28 01:30:00+00:00,9661.5,9664.2,9660.4,9661.0,679
2025-10-28 01:45:00+00:00,9661.1,9661.3,9657.5,9658.6,570
2025-10-28 02:00:00+00:00,9658.6,9658.9,9656.6,9657.6,507
2025-10-28 02:15:00+00:00,9657.5,9658.1,9656.8,9658.0,472
2025-10-28 02:30:00+00:00,9657.8,9657.8,9654.5,9654.8,384
2025-10-28 02:45:00+00:00,9654.6,9655.2,9652.1,9652.1,412
2025-10-28 03:00:00+00:00,9652.1,9652.6,9645.7,9646.5,469
2025-10-28 03:15:00+00:00,9646.4,9650.1,9646.2,9650.1,349
2025-10-28 03:30:00+00:00,9650.2,9650.2,9647.9,9649.2,337
2025-10-28 03:45:00+00:00,9648.8,9651.3,9648.2,9648.5,483
2025-10-28 04:00:00+00:00,9648.5,9650.2,9645.5,9647.5,485
2025-10-28 04:15:00+00:00,9647.1,9647.1,9644.4,9644.6,501
2025-10-28 04:30:00+00:00,9644.6,9646.7,9644.2,9646.3,415
2025-10-28 04:45:00+00:00,9646.1,9655.7,9646.0,9655.7,531
2025-10-28 05:00:00+00:00,9655.8,9658.8,9655.1,9658.0,505
2025-10-28 05:15:00+00:00,9657.8,9658.1,9655.5,9656.8,470
2025-10-28 05:30:00+00:00,9656.7,9656.8,9654.3,9654.3,397
2025-10-28 05:45:00+00:00,9654.3,9657.5,9654.3,9657.5,463
2025-10-28 06:00:00+00:00,9657.6,9659.5,9654.3,9654.6,188
2025-10-28 06:15:00+00:00,9654.8,9657.6,9653.8,9655.6,60
2025-10-28 06:30:00+00:00,9655.1,9657.6,9653.3,9655.1,175
2025-10-28 06:45:00+00:00,9654.8,9656.1,9654.1,9655.8,110
2025-10-28 07:00:00+00:00,9656.8,9667.5,9656.8,9662.8,237
2025-10-28 07:15:00+00:00,9662.8,9665.3,9659.6,9663.8,105
2025-10-28 07:30:00+00:00,9663.6,9671.0,9662.3,9668.5,164
2025-10-28 07:45:00+00:00,9668.0,9672.5,9666.1,9669.8,262
2025-10-28 08:00:00+00:00,9670.8,9675.8,9659.2,9660.6,1512
2025-10-28 08:15:00+00:00,9660.9,9662.4,9655.4,9658.7,712
2025-10-28 08:30:00+00:00,9658.9,9662.4,9655.1,9658.8,639
2025-10-28 08:45:00+00:00,9658.6,9660.9,9653.4,9658.9,475
2025-10-28 09:00:00+00:00,9658.7,9665.9,9655.8,9657.0,472
2025-10-28 09:15:00+00:00,9657.3,9658.7,9650.6,9654.0,464
2025-10-28 09:30:00+00:00,9654.3,9660.7,9652.8,9654.4,402
2025-10-28 09:45:00+00:00,9653.9,9657.4,9650.8,9654.4,373
2025-10-28 10:00:00+00:00,9654.9,9656.4,9647.5,9648.3,439
2025-10-28 10:15:00+00:00,9647.8,9655.8,9647.8,9652.9,332
2025-10-28 10:30:00+00:00,9653.1,9658.0,9652.3,9654.8,297
2025-10-28 10:45:00+00:00,9654.3,9657.2,9653.3,9655.5,328
2025-10-28 11:00:00+00:00,9656.2,9662.3,9655.7,9658.9,461
2025-10-28 11:15:00+00:00,9658.9,9661.7,9656.9,9659.5,285
2025-10-28 11:30:00+00:00,9660.2,9665.6,9659.2,9664.0,312
2025-10-28 11:45:00+00:00,9664.3,9671.2,9662.8,9663.0,383
2025-10-28 12:00:00+00:00,9662.5,9674.2,9661.2,9674.2,498
2025-10-28 12:15:00+00:00,9674.0,9684.6,9670.1,9680.2,410
2025-10-28 12:30:00+00:00,9680.2,9694.9,9680.2,9689.2,551
2025-10-28 12:45:00+00:00,9689.4,9701.1,9683.7,9698.4,609
2025-10-28 13:00:00+00:00,9698.2,9710.2,9697.0,9710.2,609
2025-10-28 13:15:00+00:00,9710.0,9714.7,9702.8,9703.1,563
2025-10-28 13:30:00+00:00,9702.8,9715.8,9690.5,9695.4,1281
2025-10-28 13:45:00+00:00,9695.9,9705.8,9693.9,9700.0,878
2025-10-28 14:00:00+00:00,9700.8,9716.5,9699.3,9714.3,767
2025-10-28 14:15:00+00:00,9714.5,9726.3,9708.3,9726.3,590
2025-10-28 14:30:00+00:00,9726.0,9728.5,9716.5,9721.0,604
2025-10-28 14:45:00+00:00,9720.8,9724.5,9716.3,9717.8,526
2025-10-28 15:00:00+00:00,9718.3,9720.0,9710.0,9710.8,567
2025-10-28 15:15:00+00:00,9711.0,9713.8,9703.5,9706.0,483
2025-10-28 15:30:00+00:00,9706.3,9710.0,9694.8,9695.5,667
2025-10-28 15:45:00+00:00,9695.8,9707.5,9695.3,9703.0,585
2025-10-28 16:00:00+00:00,9702.8,9704.4,9698.4,9704.2,497
2025-10-28 16:15:00+00:00,9703.9,9708.2,9699.9,9703.9,608
2025-10-28 16:30:00+00:00,9704.4,9711.4,9700.3,9703.5,1209
2025-10-28 16:45:00+00:00,9703.8,9708.3,9703.3,9705.5,350
2025-10-28 17:00:00+00:00,9705.3,9712.3,9704.5,9704.5,262
2025-10-28 17:15:00+00:00,9705.0,9707.8,9701.3,9701.5,206
2025-10-28 17:30:00+00:00,9701.8,9702.5,9697.0,9700.0,174
2025-10-28 17:45:00+00:00,9700.5,9701.3,9697.3,9701.3,192
2025-10-28 18:00:00+00:00,9701.8,9703.8,9700.3,9702.8,181
2025-10-28 18:15:00+00:00,9703.0,9706.8,9702.8,9704.0,173
2025-10-28 18:30:00+00:00,9703.8,9705.5,9699.5,9699.8,134
2025-10-28 18:45:00+00:00,9700.3,9702.8,9698.8,9701.3,173
2025-10-28 19:00:00+00:00,9701.0,9701.3,9696.0,9699.0,133
2025-10-28 19:15:00+00:00,9698.8,9701.5,9698.0,9701.5,154
2025-10-28 19:30:00+00:00,9701.3,9701.3,9690.0,9690.5,325
2025-10-28 19:45:00+00:00,9690.8,9694.5,9689.0,9692.8,354
2025-10-28 20:00:00+00:00,9693.0,9693.3,9687.8,9690.5,165
2025-10-28 20:15:00+00:00,9690.8,9692.8,9689.3,9692.3,66
2025-10-28 20:30:00+00:00,9692.5,9694.5,9692.3,9694.3,34
2025-10-28 20:45:00+00:00,9694.5,9699.8,9693.5,9699.3,100
2025-10-28 22:00:00+00:00,9701.3,9703.6,9700.8,9703.6,93
2025-10-28 22:15:00+00:00,9703.7,9703.9,9702.0,9703.0,115
2025-10-28 22:30:00+00:00,9703.3,9703.7,9699.3,9699.3,110
2025-10-28 22:45:00+00:00,9699.1,9699.9,9698.1,9698.6,129
2025-10-28 23:00:00+00:00,9698.8,9699.1,9697.2,9698.8,189
2025-10-28 23:15:00+00:00,9699.1,9701.5,9699.0,9699.3,124
2025-10-28 23:30:00+00:00,9699.1,9700.8,9698.8,9699.6,140
2025-10-28 23:45:00+00:00,9699.3,9701.7,9699.1,9701.0,217
2025-10-29 00:00:00+00:00,9700.6,9700.8,9697.6,9698.8,331
2025-10-29 00:15:00+00:00,9698.6,9701.8,9698.1,9701.5,205
2025-10-29 00:30:00+00:00,9701.7,9703.0,9699.1,9699.3,224
2025-10-29 00:45:00+00:00,9699.6,9700.1,9697.4,9698.6,166
2025-10-29 01:00:00+00:00,9692.8,9698.2,9687.4,9689.3,881
2025-10-29 01:15:00+00:00,9688.0,9691.0,9687.0,9690.3,756
2025-10-29 01:30:00+00:00,9690.5,9692.3,9687.3,9687.5,883
2025-10-29 01:45:00+00:00,9687.7,9696.0,9687.2,9691.7,1178
2025-10-29 02:00:00+00:00,9691.9,9695.0,9691.1,9691.6,915
2025-10-29 02:15:00+00:00,9692.0,9694.6,9691.1,9693.2,648
2025-10-29 02:30:00+00:00,9693.2,9696.5,9693.0,9695.6,490
2025-10-29 02:45:00+00:00,9695.8,9696.3,9694.0,9694.1,521
2025-10-29 03:00:00+00:00,9694.3,9697.0,9694.1,9696.8,453
2025-10-29 03:15:00+00:00,9696.8,9698.4,9695.8,9697.3,450
2025-10-29 03:30:00+00:00,9697.3,9699.4,9694.8,9699.3,617
2025-10-29 03:45:00+00:00,9699.3,9702.1,9698.6,9701.6,422
2025-10-29 04:00:00+00:00,9701.5,9701.5,9695.6,9696.8,667
2025-10-29 04:15:00+00:00,9697.0,9704.4,9697.0,9700.1,627
2025-10-29 04:30:00+00:00,9700.3,9702.1,9700.1,9701.8,491
2025-10-29 04:45:00+00:00,9701.8,9703.5,9700.8,9703.3,447
2025-10-29 05:00:00+00:00,9703.2,9704.8,9701.8,9703.3,603
2025-10-29 05:15:00+00:00,9703.3,9707.2,9702.6,9706.1,548
2025-10-29 05:30:00+00:00,9706.7,9708.3,9704.6,9704.8,482
2025-10-29 05:45:00+00:00,9704.8,9707.8,9704.8,9706.5,546
2025-10-29 06:00:00+00:00,9706.7,9708.3,9703.3,9705.8,178
2025-10-29 06:15:00+00:00,9706.1,9706.6,9700.6,9701.1,98
2025-10-29 06:30:00+00:00,9700.8,9704.1,9700.6,9703.3,124
2025-10-29 06:45:00+00:00,9703.6,9709.1,9701.6,9708.6,187
2025-10-29 07:00:00+00:00,9709.1,9722.8,9708.3,9722.6,346
2025-10-29 07:15:00+00:00,9723.3,9724.8,9717.3,9723.8,197
2025-10-29 07:30:00+00:00,9723.6,9723.6,9714.1,9715.6,196
2025-10-29 07:45:00+00:00,9715.8,9722.8,9714.6,9719.8,248
2025-10-29 08:00:00+00:00,9720.3,9735.3,9717.8,9735.3,1252
2025-10-29 08:15:00+00:00,9735.8,9737.6,9731.1,9734.9,719
2025-10-29 08:30:00+00:00,9735.2,9739.7,9728.7,9733.7,627
2025-10-29 08:45:00+00:00,9733.9,9737.9,9733.4,9735.7,507
2025-10-29 09:00:00+00:00,9735.4,9736.2,9728.2,9729.7,558
2025-10-29 09:15:00+00:00,9729.9,9739.8,9726.9,9737.5,549
2025-10-29 09:30:00+00:00,9737.3,9746.0,9736.5,9741.5,377
2025-10-29 09:45:00+00:00,9741.8,9744.0,9738.0,9742.0,398
2025-10-29 10:00:00+00:00,9742.3,9746.5,9741.0,9745.3,393
2025-10-29 10:15:00+00:00,9744.8,9745.8,9742.3,9744.3,314
2025-10-29 10:30:00+00:00,9744.5,9754.3,9741.6,9753.3,331
2025-10-29 10:45:00+00:00,9753.1,9756.1,9752.1,9753.8,292
2025-10-29 11:00:00+00:00,9754.3,9760.1,9751.3,9753.3,330
2025-10-29 11:15:00+00:00,9753.1,9757.8,9752.8,9753.8,352
2025-10-29 11:30:00+00:00,9753.6,9767.3,9752.1,9765.6,386
2025-10-29 11:45:00+00:00,9765.3,9776.1,9764.6,9774.8,477
2025-10-29 12:00:00+00:00,9774.1,9785.6,9773.1,9784.8,416
2025-10-29 12:15:00+00:00,9784.6,9788.0,9781.8,9784.0,348
2025-10-29 12:30:00+00:00,9783.8,9784.0,9773.3,9774.8,339
2025-10-29 12:45:00+00:00,9775.0,9780.8,9772.8,9773.3,366
2025-10-29 13:00:00+00:00,9773.0,9780.0,9771.0,9775.5,528
2025-10-29 13:15:00+00:00,9776.0,9777.5,9768.3,9768.5,427
2025-10-29 13:30:00+00:00,9768.3,9775.0,9761.3,9764.8,1255
2025-10-29 13:45:00+00:00,9765.0,9767.8,9757.0,9759.0,795
2025-10-29 14:00:00+00:00,9758.8,9761.5,9752.8,9755.8,810
2025-10-29 14:15:00+00:00,9755.5,9759.3,9745.0,9748.8,781
2025-10-29 14:30:00+00:00,9748.3,9754.8,9744.3,9746.8,729
2025-10-29 14:45:00+00:00,9746.3,9757.8,9740.8,9756.8,875
2025-10-29 15:00:00+00:00,9757.0,9767.3,9754.8,9762.8,762
2025-10-29 15:15:00+00:00,9762.5,9766.5,9752.3,9752.5,600
2025-10-29 15:30:00+00:00,9752.3,9753.3,9744.3,9752.0,520
2025-10-29 15:45:00+00:00,9751.8,9752.3,9742.3,9743.3,648
2025-10-29 16:00:00+00:00,9743.5,9755.0,9742.0,9754.0,609
2025-10-29 16:15:00+00:00,9754.3,9757.3,9749.8,9754.5,560
2025-10-29 16:30:00+00:00,9754.8,9763.3,9752.8,9755.5,774
2025-10-29 16:45:00+00:00,9756.0,9762.0,9755.8,9759.5,337
2025-10-29 17:00:00+00:00,9759.8,9762.8,9755.8,9762.3,301
2025-10-29 17:15:00+00:00,9762.5,9765.3,9758.8,9760.3,340
2025-10-29 17:30:00+00:00,9759.8,9761.5,9756.8,9757.3,231
2025-10-29 17:45:00+00:00,9757.0,9764.0,9756.3,9762.0,341
2025-10-29 18:00:00+00:00,9761.8,9768.0,9757.0,9757.0,1299
2025-10-29 18:15:00+00:00,9757.5,9761.3,9751.3,9755.5,533
2025-10-29 18:30:00+00:00,9755.8,9756.5,9725.0,9725.5,3687
2025-10-29 18:45:00+00:00,9725.3,9739.5,9725.0,9737.0,2807
2025-10-29 19:00:00+00:00,9736.8,9748.5,9728.5,9742.3,1806
2025-10-29 19:15:00+00:00,9742.5,9745.3,9733.0,9733.5,1382
2025-10-29 19:30:00+00:00,9733.0,9734.0,9719.0,9722.5,1244
2025-10-29 19:45:00+00:00,9723.0,9734.5,9723.0,9731.0,957
2025-10-29 20:00:00+00:00,9731.3,9739.0,9725.3,9733.3,1161
2025-10-29 20:15:00+00:00,9733.0,9733.5,9728.5,9732.5,232
2025-10-29 20:30:00+00:00,9732.8,9737.5,9730.8,9737.0,162
2025-10-29 20:45:00+00:00,9737.3,9748.8,9737.3,9747.8,156
2025-10-29 22:00:00+00:00,9743.0,9754.8,9742.4,9747.8,540
2025-10-29 22:15:00+00:00,9748.2,9748.8,9741.2,9741.2,568
2025-10-29 22:30:00+00:00,9741.5,9749.3,9741.4,9747.2,408
2025-10-29 22:45:00+00:00,9747.3,9749.0,9745.3,9746.2,261
2025-10-29 23:00:00+00:00,9745.9,9748.5,9744.2,9745.9,394
2025-10-29 23:15:00+00:00,9746.1,9754.0,9745.8,9749.6,438
2025-10-29 23:30:00+00:00,9749.7,9750.2,9738.6,9741.2,545
2025-10-29 23:45:00+00:00,9741.3,9754.7,9740.8,9752.5,525
2025-10-30 00:00:00+00:00,9752.8,9761.5,9752.5,9760.1,736
2025-10-30 00:15:00+00:00,9760.0,9765.8,9758.3,9764.6,604
2025-10-30 00:30:00+00:00,9764.3,9769.8,9762.9,9763.1,636
2025-10-30 00:45:00+00:00,9763.3,9765.2,9759.4,9761.2,613
2025-10-30 01:00:00+00:00,9757.1,9768.2,9747.4,9748.0,1583
2025-10-30 01:15:00+00:00,9748.2,9748.2,9741.3,9744.8,1284
2025-10-30 01:30:00+00:00,9744.7,9745.0,9740.0,9741.5,1515
2025-10-30 01:45:00+00:00,9741.3,9741.5,9736.2,9738.8,975
2025-10-30 02:00:00+00:00,9738.4,9742.2,9736.1,9741.0,1232
2025-10-30 02:15:00+00:00,9740.8,9744.3,9740.3,9743.8,974
2025-10-30 02:30:00+00:00,9743.6,9743.9,9738.7,9740.9,830
2025-10-30 02:45:00+00:00,9740.9,9741.1,9737.8,9738.3,774
2025-10-30 03:00:00+00:00,9738.3,9742.3,9737.8,9741.7,788
2025-10-30 03:15:00+00:00,9741.8,9743.6,9738.3,9739.5,967
2025-10-30 03:30:00+00:00,9738.9,9740.3,9736.8,9737.5,762
2025-10-30 03:45:00+00:00,9737.4,9738.8,9735.0,9737.7,1113
2025-10-30 04:00:00+00:00,9737.4,9738.7,9720.1,9722.4,2550
2025-10-30 04:15:00+00:00,9722.4,9727.9,9714.0,9716.3,3490
2025-10-30 04:30:00+00:00,9716.2,9734.7,9714.5,9722.4,3908
2025-10-30 04:45:00+00:00,9722.5,9730.3,9722.0,9725.7,2047
2025-10-30 05:00:00+00:00,9725.5,9729.1,9721.0,9725.4,1943
2025-10-30 05:15:00+00:00,9725.4,9735.5,9721.2,9735.5,1731
2025-10-30 05:30:00+00:00,9734.9,9740.5,9733.7,9738.3,1675
2025-10-30 05:45:00+00:00,9738.7,9741.4,9736.4,9739.5,1452
2025-10-30 06:00:00+00:00,9739.3,9739.3,9729.3,9730.3,452
2025-10-30 06:15:00+00:00,9730.0,9732.3,9726.8,9728.8,421
2025-10-30 06:30:00+00:00,9728.5,9733.5,9727.5,9733.0,445
2025-10-30 06:45:00+00:00,9733.3,9737.0,9729.0,9730.5,292
2025-10-30 07:00:00+00:00,9730.0,9744.3,9730.0,9743.5,511
2025-10-30 07:15:00+00:00,9743.3,9747.8,9737.5,9739.8,351
2025-10-30 07:30:00+00:00,9740.0,9742.5,9729.5,9732.0,300
2025-10-30 07:45:00+00:00,9732.8,9739.5,9731.3,9734.5,353
2025-10-30 08:00:00+00:00,9736.5,9741.0,9709.8,9715.5,1667
2025-10-30 08:15:00+00:00,9715.8,9723.3,9711.0,9720.3,972
2025-10-30 08:30:00+00:00,9719.8,9720.8,9710.5,9713.3,639
2025-10-30 08:45:00+00:00,9713.0,9717.3,9706.3,9710.3,486
2025-10-30 09:00:00+00:00,9711.0,9712.5,9700.8,9702.0,604
2025-10-30 09:15:00+00:00,9702.3,9711.3,9698.5,9711.0,636
2025-10-30 09:30:00+00:00,9710.8,9713.0,9700.0,9702.0,495
2025-10-30 09:45:00+00:00,9702.3,9709.8,9697.8,9707.8,544
2025-10-30 10:00:00+00:00,9707.5,9721.5,9707.5,9718.8,586
2025-10-30 10:15:00+00:00,9718.5,9720.5,9711.8,9714.0,463
2025-10-30 10:30:00+00:00,9714.5,9716.0,9705.0,9709.3,340
2025-10-30 10:45:00+00:00,9709.5,9714.8,9708.8,9710.3,365
2025-10-30 11:00:00+00:00,9710.5,9711.0,9704.3,9709.3,377
2025-10-30 11:15:00+00:00,9709.0,9712.3,9706.3,9706.3,369
2025-10-30 11:30:00+00:00,9705.8,9706.0,9699.0,9702.5,378
2025-10-30 11:45:00+00:00,9702.3,9702.3,9696.3,9698.3,393
2025-10-30 12:00:00+00:00,9697.5,9702.0,9692.8,9695.3,521
2025-10-30 12:15:00+00:00,9695.5,9696.5,9690.3,9690.3,446
2025-10-30 12:30:00+00:00,9690.8,9699.0,9688.8,9691.3,604
2025-10-30 12:45:00+00:00,9691.0,9698.3,9690.8,9692.8,481
2025-10-30 13:00:00+00:00,9693.0,9705.0,9691.8,9701.3,562
2025-10-30 13:15:00+00:00,9701.0,9718.5,9699.8,9706.8,676
2025-10-30 13:30:00+00:00,9706.5,9718.8,9700.0,9718.3,1718
2025-10-30 13:45:00+00:00,9718.0,9725.3,9715.5,9724.0,1136
2025-10-30 14:00:00+00:00,9723.8,9724.3,9712.5,9716.5,1441
2025-10-30 14:15:00+00:00,9716.8,9719.3,9708.8,9713.3,1036
2025-10-30 14:30:00+00:00,9713.5,9727.8,9713.5,9726.8,1166
2025-10-30 14:45:00+00:00,9727.0,9739.8,9726.3,9739.3,1040
2025-10-30 15:00:00+00:00,9740.0,9752.3,9739.3,9751.3,886
2025-10-30 15:15:00+00:00,9750.5,9755.3,9746.5,9747.3,721
2025-10-30 15:30:00+00:00,9747.5,9755.0,9745.3,9751.3,804
2025-10-30 15:45:00+00:00,9751.0,9759.3,9750.3,9755.0,685
2025-10-30 16:00:00+00:00,9754.8,9762.5,9753.0,9761.3,671
2025-10-30 16:15:00+00:00,9761.8,9764.5,9756.5,9761.5,698
2025-10-30 16:30:00+00:00,9762.0,9767.8,9756.5,9757.8,987
2025-10-30 16:45:00+00:00,9757.5,9763.0,9757.5,9762.5,517
2025-10-30 17:00:00+00:00,9762.0,9766.3,9761.3,9763.3,601
2025-10-30 17:15:00+00:00,9763.5,9769.8,9763.5,9766.3,349
2025-10-30 17:30:00+00:00,9766.0,9766.3,9760.8,9765.3,278
2025-10-30 17:45:00+00:00,9765.8,9770.8,9764.8,9769.0,228
2025-10-30 18:00:00+00:00,9768.8,9769.0,9760.0,9761.0,336
2025-10-30 18:15:00+00:00,9760.8,9765.3,9758.3,9763.3,297
2025-10-30 18:30:00+00:00,9763.5,9767.8,9760.3,9761.3,362
2025-10-30 18:45:00+00:00,9761.0,9763.8,9759.0,9760.8,303
2025-10-30 19:00:00+00:00,9760.5,9761.3,9754.0,9756.5,226
2025-10-30 19:15:00+00:00,9756.8,9757.8,9747.3,9752.3,336
2025-10-30 19:30:00+00:00,9752.5,9756.3,9749.8,9749.8,460
2025-10-30 19:45:00+00:00,9749.5,9750.8,9742.8,9744.3,662
2025-10-30 20:00:00+00:00,9744.0,9752.0,9743.0,9748.3,525
2025-10-30 20:15:00+00:00,9748.0,9750.8,9747.8,9750.8,232
2025-10-30 20:30:00+00:00,9747.8,9758.3,9746.8,9757.8,611
2025-10-30 20:45:00+00:00,9757.5,9758.5,9751.5,9754.3,229
2025-10-30 22:00:00+00:00,9757.2,9758.5,9754.9,9755.8,291
2025-10-30 22:15:00+00:00,9755.5,9760.5,9754.8,9760.5,343
2025-10-30 22:30:00+00:00,9760.6,9761.7,9757.5,9759.5,315
2025-10-30 22:45:00+00:00,9759.8,9760.0,9756.5,9759.0,309
2025-10-30 23:00:00+00:00,9758.8,9761.6,9756.9,9758.1,457
2025-10-30 23:15:00+00:00,9758.0,9758.8,9754.3,9757.4,335
2025-10-30 23:30:00+00:00,9757.5,9759.6,9753.8,9759.5,346
2025-10-30 23:45:00+00:00,9759.3,9765.7,9758.5,9765.2,260
2025-10-31 00:00:00+00:00,9765.5,9765.5,9756.2,9760.8,563
2025-10-31 00:15:00+00:00,9760.6,9769.6,9760.0,9768.7,387
2025-10-31 00:30:00+00:00,9768.5,9769.7,9765.2,9767.0,416
2025-10-31 00:45:00+00:00,9767.1,9769.0,9766.2,9768.0,297
2025-10-31 01:00:00+00:00,9757.5,9757.5,9751.4,9752.3,1042
2025-10-31 01:15:00+00:00,9752.3,9753.9,9750.7,9753.5,1016
2025-10-31 01:30:00+00:00,9753.6,9756.3,9751.2,9754.0,1118
2025-10-31 01:45:00+00:00,9754.0,9754.3,9750.3,9754.2,972
2025-10-31 02:00:00+00:00,9754.0,9754.6,9749.4,9752.5,870
2025-10-31 02:15:00+00:00,9752.6,9754.0,9745.5,9745.7,788
2025-10-31 02:30:00+00:00,9745.9,9746.0,9738.3,9739.0,919
2025-10-31 02:45:00+00:00,9738.9,9744.0,9737.1,9742.5,851
2025-10-31 03:00:00+00:00,9742.3,9744.4,9741.0,9743.5,628
2025-10-31 03:15:00+00:00,9743.7,9744.0,9735.1,9736.2,974
2025-10-31 03:30:00+00:00,9736.0,9742.3,9735.8,9740.5,933
2025-10-31 03:45:00+00:00,9740.5,9741.1,9738.5,9740.6,548
2025-10-31 04:00:00+00:00,9740.5,9742.3,9739.7,9742.3,574
2025-10-31 04:15:00+00:00,9742.3,9742.4,9738.3,9738.8,541
2025-10-31 04:30:00+00:00,9738.7,9739.3,9737.3,9738.0,532
2025-10-31 04:45:00+00:00,9738.3,9739.0,9735.7,9736.2,609
2025-10-31 05:00:00+00:00,9735.9,9736.6,9731.1,9734.0,819
2025-10-31 05:15:00+00:00,9734.3,9737.1,9734.3,9735.2,623
2025-10-31 05:30:00+00:00,9735.3,9737.3,9735.2,9735.8,646
2025-10-31 05:45:00+00:00,9735.8,9736.3,9730.1,9730.3,762
2025-10-31 06:00:00+00:00,9730.3,9735.3,9728.8,9735.0,307
2025-10-31 06:15:00+00:00,9734.8,9735.3,9730.5,9733.5,231
2025-10-31 06:30:00+00:00,9733.3,9733.8,9727.1,9727.8,236
2025-10-31 06:45:00+00:00,9727.6,9730.1,9726.1,9729.3,174
2025-10-31 07:00:00+00:00,9729.6,9739.1,9728.6,9737.3,363
2025-10-31 07:15:00+00:00,9737.6,9740.8,9734.6,9740.3,203
2025-10-31 07:30:00+00:00,9740.8,9741.6,9736.6,9738.6,215
2025-10-31 07:45:00+00:00,9740.1,9741.3,9736.3,9738.1,265
2025-10-31 08:00:00+00:00,9737.6,9747.3,9734.3,9737.3,1545
2025-10-31 08:15:00+00:00,9737.5,9739.5,9731.5,9732.1,632
2025-10-31 08:30:00+00:00,9731.9,9732.1,9725.1,9731.1,473
2025-10-31 08:45:00+00:00,9730.9,9735.1,9729.4,9735.1,367
2025-10-31 09:00:00+00:00,9735.9,9735.9,9725.1,9725.4,401
2025-10-31 09:15:00+00:00,9725.1,9726.4,9716.9,9717.4,422
2025-10-31 09:30:00+00:00,9717.6,9722.6,9715.2,9715.2,395
2025-10-31 09:45:00+00:00,9715.0,9719.2,9713.2,9718.2,340
2025-10-31 10:00:00+00:00,9718.5,9718.5,9707.0,9707.0,347
2025-10-31 10:15:00+00:00,9707.2,9712.2,9704.7,9710.2,402
2025-10-31 10:30:00+00:00,9708.2,9711.2,9704.2,9708.5,417
2025-10-31 10:45:00+00:00,9708.7,9712.0,9708.2,9709.7,376
2025-10-31 11:00:00+00:00,9710.0,9718.2,9705.5,9718.2,428
2025-10-31 11:15:00+00:00,9718.0,9724.2,9717.7,9723.2,322
2025-10-31 11:30:00+00:00,9722.7,9729.2,9718.5,9729.0,433
2025-10-31 11:45:00+00:00,9729.5,9735.5,9729.5,9734.7,426
2025-10-31 12:00:00+00:00,9734.5,9734.7,9723.5,9731.7,525
2025-10-31 12:15:00+00:00,9731.5,9739.5,9731.5,9735.0,318
2025-10-31 12:30:00+00:00,9735.2,9739.5,9729.5,9730.7,427
2025-10-31 12:45:00+00:00,9731.2,9733.2,9724.7,9728.0,279
2025-10-31 13:00:00+00:00,9727.7,9732.7,9724.5,9725.0,391
2025-10-31 13:15:00+00:00,9725.2,9733.2,9723.2,9726.2,364
2025-10-31 13:30:00+00:00,9726.0,9730.2,9709.5,9709.5,1061
2025-10-31 13:45:00+00:00,9709.7,9724.7,9709.7,9721.5,894
2025-10-31 14:00:00+00:00,9721.7,9722.7,9712.0,9717.5,836
2025-10-31 14:15:00+00:00,9717.2,9719.5,9702.2,9703.7,751
2025-10-31 14:30:00+00:00,9703.5,9712.7,9703.2,9705.2,792
2025-10-31 14:45:00+00:00,9705.7,9710.5,9702.2,9709.0,584
2025-10-31 15:00:00+00:00,9708.7,9712.7,9699.7,9701.5,625
2025-10-31 15:15:00+00:00,9701.7,9707.2,9696.2,9698.0,519
2025-10-31 15:30:00+00:00,9698.2,9709.7,9698.2,9709.5,683
2025-10-31 15:45:00+00:00,9709.7,9718.7,9708.0,9708.2,1031
2025-10-31 16:00:00+00:00,9707.9,9715.4,9704.2,9713.0,796
2025-10-31 16:15:00+00:00,9713.3,9721.3,9706.5,9720.3,1007
2025-10-31 16:30:00+00:00,9719.8,9724.8,9712.8,9715.3,1396
2025-10-31 16:45:00+00:00,9715.5,9717.0,9706.5,9708.5,805
2025-10-31 17:00:00+00:00,9708.3,9712.3,9704.8,9707.0,605
2025-10-31 17:15:00+00:00,9706.8,9707.5,9701.8,9704.8,492
2025-10-31 17:30:00+00:00,9704.5,9711.0,9704.5,9709.8,558
2025-10-31 17:45:00+00:00,9710.0,9712.5,9708.3,9711.8,340
2025-10-31 18:00:00+00:00,9712.0,9721.8,9711.5,9721.0,334
2025-10-31 18:15:00+00:00,9721.3,9724.3,9718.5,9723.3,298
2025-10-31 18:30:00+00:00,9723.0,9730.3,9723.0,9729.3,238
2025-10-31 18:45:00+00:00,9729.5,9729.8,9724.0,9729.0,272
2025-10-31 19:00:00+00:00,9728.8,9731.0,9725.8,9729.3,250
2025-10-31 19:15:00+00:00,9729.0,9734.0,9728.8,9733.3,278
2025-10-31 19:30:00+00:00,9733.0,9736.8,9732.8,9736.5,322
2025-10-31 19:45:00+00:00,9737.0,9739.5,9732.5,9732.5,438
2025-10-31 20:00:00+00:00,9732.3,9733.3,9728.5,9729.5,182
2025-10-31 20:15:00+00:00,9729.3,9729.5,9725.5,9725.5,82
2025-10-31 20:30:00+00:00,9725.8,9731.8,9725.5,9731.5,105
2025-10-31 20:45:00+00:00,9731.8,9736.0,9731.5,9736.0,287
2025-11-02 23:00:00+00:00,9747.2,9749.2,9742.3,9749.2,370
2025-11-02 23:15:00+00:00,9749.5,9751.2,9745.2,9746.5,383
2025-11-02 23:30:00+00:00,9746.2,9752.5,9745.2,9749.7,448
2025-11-02 23:45:00+00:00,9750.0,9751.6,9747.0,9747.0,295
2025-11-03 00:00:00+00:00,9746.8,9750.7,9746.5,9749.5,336
2025-11-03 00:15:00+00:00,9749.2,9750.7,9744.0,9745.2,258
2025-11-03 00:30:00+00:00,9745.4,9746.9,9744.5,9746.4,190
2025-11-03 00:45:00+00:00,9746.7,9746.9,9743.7,9744.9,145
2025-11-03 01:00:00+00:00,9753.7,9754.9,9745.2,9746.7,868
2025-11-03 01:15:00+00:00,9747.3,9747.7,9743.9,9744.4,732
2025-11-03 01:30:00+00:00,9744.5,9745.6,9741.5,9742.7,797
2025-11-03 01:45:00+00:00,9742.7,9743.0,9740.5,9740.7,578
2025-11-03 02:00:00+00:00,9740.7,9744.4,9740.7,9743.1,683
2025-11-03 02:15:00+00:00,9743.1,9744.3,9742.1,9742.1,590
2025-11-03 02:30:00+00:00,9742.1,9742.1,9736.1,9739.4,801
2025-11-03 02:45:00+00:00,9739.4,9741.2,9738.0,9739.7,593
2025-11-03 03:00:00+00:00,9739.7,9740.2,9734.9,9735.4,574
2025-11-03 03:15:00+00:00,9735.4,9736.5,9731.8,9733.7,667
2025-11-03 03:30:00+00:00,9733.7,9738.3,9733.7,9737.6,650
2025-11-03 03:45:00+00:00,9737.6,9739.0,9736.8,9738.6,567
2025-11-03 04:00:00+00:00,9738.8,9738.8,9735.9,9737.5,533
2025-11-03 04:15:00+00:00,9737.4,9739.4,9735.4,9738.4,549
2025-11-03 04:30:00+00:00,9738.6,9740.0,9737.8,9738.2,480
2025-11-03 04:45:00+00:00,9738.1,9738.8,9737.2,9738.2,419
2025-11-03 05:00:00+00:00,9738.0,9740.7,9737.9,9739.4,542
2025-11-03 05:15:00+00:00,9739.4,9739.5,9735.7,9738.4,593
2025-11-03 05:30:00+00:00,9738.5,9742.3,9738.2,9741.4,773
2025-11-03 05:45:00+00:00,9741.6,9741.9,9739.0,9739.8,641
2025-11-03 06:00:00+00:00,9739.7,9741.7,9737.9,9738.7,89
2025-11-03 06:15:00+00:00,9738.9,9739.9,9733.9,9734.4,92
2025-11-03 06:30:00+00:00,9734.7,9737.2,9733.4,9733.9,148
2025-11-03 06:45:00+00:00,9733.4,9736.2,9732.2,9734.9,61
2025-11-03 07:00:00+00:00,9734.7,9734.9,9728.2,9730.4,217
2025-11-03 07:15:00+00:00,9730.2,9733.7,9729.2,9730.2,167
2025-11-03 07:30:00+00:00,9730.4,9734.7,9725.2,9734.2,191
2025-11-03 07:45:00+00:00,9733.7,9738.2,9732.2,9732.2,269
2025-11-03 08:00:00+00:00,9732.7,9740.7,9727.4,9732.4,1300
2025-11-03 08:15:00+00:00,9732.7,9736.8,9726.4,9736.8,718
2025-11-03 08:30:00+00:00,9736.5,9739.3,9734.3,9738.5,524
2025-11-03 08:45:00+00:00,9739.0,9742.5,9735.3,9735.8,386
2025-11-03 09:00:00+00:00,9735.5,9736.8,9726.8,9728.5,378
2025-11-03 09:15:00+00:00,9728.3,9737.0,9725.8,9735.3,335
2025-11-03 09:30:00+00:00,9735.0,9735.8,9726.0,9726.0,298
2025-11-03 09:45:00+00:00,9726.3,9726.5,9721.8,9724.0,322
2025-11-03 10:00:00+00:00,9724.3,9727.3,9720.3,9720.3,321
2025-11-03 10:15:00+00:00,9720.0,9725.8,9719.5,9723.5,310
2025-11-03 10:30:00+00:00,9723.3,9730.8,9721.5,9730.0,202
2025-11-03 10:45:00+00:00,9729.8,9734.0,9729.3,9731.3,219
2025-11-03 11:00:00+00:00,9734.0,9734.0,9727.0,9727.0,244
2025-11-03 11:15:00+00:00,9727.3,9727.8,9720.3,9724.8,222
2025-11-03 11:30:00+00:00,9725.0,9733.3,9724.0,9732.8,246
2025-11-03 11:45:00+00:00,9733.0,9735.0,9729.3,9731.0,188
2025-11-03 12:00:00+00:00,9731.3,9734.8,9727.8,9728.8,222
2025-11-03 12:15:00+00:00,9729.0,9732.3,9728.0,9730.3,222
2025-11-03 12:30:00+00:00,9730.0,9732.3,9728.3,9729.0,246
2025-11-03 12:45:00+00:00,9728.8,9729.5,9722.3,9723.0,234
2025-11-03 13:00:00+00:00,9722.8,9723.0,9711.3,9715.8,302
2025-11-03 13:15:00+00:00,9716.3,9718.0,9710.8,9712.5,290
2025-11-03 13:30:00+00:00,9712.3,9715.8,9710.5,9711.8,269
2025-11-03 13:45:00+00:00,9712.0,9715.8,9711.0,9711.0,294
2025-11-03 14:00:00+00:00,9710.8,9722.0,9709.3,9721.8,433
2025-11-03 14:15:00+00:00,9722.0,9728.0,9719.8,9724.8,415
2025-11-03 14:30:00+00:00,9724.5,9724.5,9703.5,9704.0,1073
2025-11-03 14:45:00+00:00,9703.8,9712.3,9701.0,9709.0,747
2025-11-03 15:00:00+00:00,9709.3,9712.8,9703.8,9704.0,930
2025-11-03 15:15:00+00:00,9703.8,9711.5,9697.8,9698.0,868
2025-11-03 15:30:00+00:00,9698.3,9712.3,9696.3,9710.8,857
2025-11-03 15:45:00+00:00,9710.5,9712.8,9704.0,9706.3,696
2025-11-03 16:00:00+00:00,9705.8,9707.3,9697.3,9701.0,696
2025-11-03 16:15:00+00:00,9700.8,9705.8,9695.0,9697.0,629
2025-11-03 16:30:00+00:00,9696.8,9703.8,9693.0,9700.5,816
2025-11-03 16:45:00+00:00,9700.8,9703.8,9696.0,9698.5,478
2025-11-03 17:00:00+00:00,9698.3,9700.0,9693.5,9698.5,322
2025-11-03 17:15:00+00:00,9698.8,9700.0,9692.3,9693.5,288
2025-11-03 17:30:00+00:00,9693.8,9705.0,9693.8,9702.3,250
2025-11-03 17:45:00+00:00,9702.8,9705.5,9702.3,9703.5,160
2025-11-03 18:00:00+00:00,9703.8,9707.8,9703.0,9707.3,134
2025-11-03 18:15:00+00:00,9706.5,9709.0,9703.5,9703.5,176
2025-11-03 18:30:00+00:00,9703.8,9710.0,9703.8,9707.8,112
2025-11-03 18:45:00+00:00,9708.3,9709.3,9704.5,9706.0,153
2025-11-03 19:00:00+00:00,9706.3,9707.8,9703.0,9705.5,209
2025-11-03 19:15:00+00:00,9705.0,9709.5,9705.0,9709.0,143
2025-11-03 19:30:00+00:00,9708.8,9711.8,9704.5,9706.5,216
2025-11-03 19:45:00+00:00,9706.8,9709.0,9706.0,9706.5,155
2025-11-03 20:00:00+00:00,9707.0,9708.8,9706.0,9706.8,149
2025-11-03 20:15:00+00:00,9707.0,9709.0,9703.8,9704.3,169
2025-11-03 20:30:00+00:00,9704.0,9705.5,9702.0,9702.0,308
2025-11-03 20:45:00+00:00,9702.3,9704.5,9698.8,9702.3,366
2025-11-03 21:00:00+00:00,9700.3,9709.2,9699.3,9702.4,843
2025-11-03 21:30:00+00:00,9699.8,9700.8,9699.5,9699.8,106
2025-11-03 21:45:00+00:00,9700.0,9702.0,9699.8,9701.0,57
2025-11-03 23:00:00+00:00,9704.0,9704.2,9699.0,9699.2,143
2025-11-03 23:15:00+00:00,9699.1,9701.7,9697.5,9701.2,123
2025-11-03 23:30:00+00:00,9701.0,9701.0,9697.5,9699.1,142
2025-11-03 23:45:00+00:00,9698.5,9700.5,9698.3,9699.6,138
2025-11-04 00:00:00+00:00,9699.5,9699.5,9694.9,9695.6,395
2025-11-04 00:15:00+00:00,9695.4,9695.8,9686.2,9686.4,531
2025-11-04 00:30:00+00:00,9686.7,9691.8,9686.2,9690.6,415
2025-11-04 00:45:00+00:00,9690.5,9693.3,9690.0,9692.8,312
2025-11-04 01:00:00+00:00,9693.3,9703.3,9691.4,9695.5,1187
2025-11-04 01:15:00+00:00,9695.4,9700.1,9695.4,9699.0,880
2025-11-04 01:30:00+00:00,9699.0,9699.7,9696.3,9699.0,1002
2025-11-04 01:45:00+00:00,9699.0,9699.0,9696.2,9697.1,927
2025-11-04 02:00:00+00:00,9697.1,9697.1,9693.1,9695.4,964
2025-11-04 02:15:00+00:00,9695.2,9696.2,9692.8,9693.1,945
2025-11-04 02:30:00+00:00,9693.3,9694.7,9690.2,9690.6,833
2025-11-04 02:45:00+00:00,9690.8,9693.2,9688.9,9688.9,946
2025-11-04 03:00:00+00:00,9689.1,9698.1,9688.4,9697.5,940
2025-11-04 03:15:00+00:00,9697.4,9698.7,9696.1,9698.7,678
2025-11-04 03:30:00+00:00,9698.9,9700.0,9694.1,9696.2,1352
2025-11-04 03:45:00+00:00,9696.1,9696.9,9694.5,9695.2,753
2025-11-04 04:00:00+00:00,9695.0,9696.2,9693.4,9694.4,796
2025-11-04 04:15:00+00:00,9694.4,9695.2,9688.0,9689.5,975
2025-11-04 04:30:00+00:00,9689.5,9691.9,9687.0,9687.9,925
2025-11-04 04:45:00+00:00,9687.8,9693.2,9687.8,9692.1,880
2025-11-04 05:00:00+00:00,9692.2,9692.9,9690.2,9691.4,1059
2025-11-04 05:15:00+00:00,9691.4,9692.2,9682.8,9683.2,938
2025-11-04 05:30:00+00:00,9683.0,9687.0,9676.1,9676.5,1394
2025-11-04 05:45:00+00:00,9676.5,9679.9,9673.8,9675.8,1889
2025-11-04 06:00:00+00:00,9675.8,9676.9,9654.7,9659.4,652
2025-11-04 06:15:00+00:00,9659.7,9662.7,9655.7,9658.2,428
2025-11-04 06:30:00+00:00,9658.4,9664.2,9654.2,9662.4,333
2025-11-04 06:45:00+00:00,9662.7,9668.2,9662.4,9667.4,228
2025-11-04 07:00:00+00:00,9668.2,9668.4,9652.9,9653.7,522
2025-11-04 07:15:00+00:00,9653.4,9657.2,9648.9,9654.7,239
2025-11-04 07:30:00+00:00,9653.9,9664.4,9653.9,9656.7,248
2025-11-04 07:45:00+00:00,9656.4,9668.2,9654.7,9661.9,466
2025-11-04 08:00:00+00:00,9662.9,9667.9,9622.4,9622.9,2404
2025-11-04 08:15:00+00:00,9623.4,9637.2,9605.2,9630.9,1533
2025-11-04 08:30:00+00:00,9630.4,9634.4,9618.9,9624.4,907
2025-11-04 08:45:00+00:00,9624.9,9626.4,9617.9,9621.2,723
2025-11-04 09:00:00+00:00,9621.4,9625.9,9604.4,9605.2,604
2025-11-04 09:15:00+00:00,9605.4,9609.2,9597.9,9597.9,594
2025-11-04 09:30:00+00:00,9598.4,9605.4,9591.2,9592.2,681
2025-11-04 09:45:00+00:00,9592.4,9604.9,9587.7,9587.7,583
2025-11-04 10:00:00+00:00,9587.4,9587.7,9572.2,9574.2,770
2025-11-04 10:15:00+00:00,9574.4,9598.7,9571.4,9594.9,625
2025-11-04 10:30:00+00:00,9595.4,9610.7,9594.4,9610.4,457
2025-11-04 10:45:00+00:00,9610.7,9622.4,9610.2,9621.7,466
2025-11-04 11:00:00+00:00,9621.9,9634.4,9621.2,9634.2,414
2025-11-04 11:15:00+00:00,9633.9,9644.9,9633.7,9644.7,501
2025-11-04 11:30:00+00:00,9644.4,9651.4,9642.4,9649.9,486
2025-11-04 11:45:00+00:00,9649.4,9650.4,9642.9,9645.9,373
2025-11-04 12:00:00+00:00,9646.4,9647.7,9638.9,9645.4,506
2025-11-04 12:15:00+00:00,9645.2,9657.7,9643.7,9655.9,350
2025-11-04 12:30:00+00:00,9655.4,9657.4,9647.7,9650.7,365
2025-11-04 12:45:00+00:00,9650.9,9657.9,9648.4,9651.9,394
2025-11-04 13:00:00+00:00,9651.2,9662.7,9650.7,9661.4,504
2025-11-04 13:15:00+00:00,9661.2,9664.4,9652.7,9652.7,397
2025-11-04 13:30:00+00:00,9652.9,9657.5,9651.8,9656.3,432
2025-11-04 13:45:00+00:00,9656.5,9662.5,9650.8,9661.3,503
2025-11-04 14:00:00+00:00,9660.8,9669.3,9654.0,9667.3,444
2025-11-04 14:15:00+00:00,9667.0,9670.5,9658.3,9661.3,557
2025-11-04 14:30:00+00:00,9661.0,9683.3,9660.3,9680.3,1519
2025-11-04 14:45:00+00:00,9679.8,9694.5,9678.8,9694.3,1049
2025-11-04 15:00:00+00:00,9694.5,9700.0,9689.0,9698.3,1049
2025-11-04 15:15:00+00:00,9698.8,9705.5,9698.5,9701.8,899
2025-11-04 15:30:00+00:00,9701.5,9708.3,9699.0,9701.5,734
2025-11-04 15:45:00+00:00,9701.0,9706.8,9696.0,9706.8,637
2025-11-04 16:00:00+00:00,9706.3,9711.8,9703.0,9708.0,721
2025-11-04 16:15:00+00:00,9708.3,9712.5,9703.8,9709.3,901
2025-11-04 16:30:00+00:00,9709.5,9721.8,9708.3,9720.3,1137
2025-11-04 16:45:00+00:00,9720.5,9726.8,9711.5,9726.3,668
2025-11-04 17:00:00+00:00,9725.8,9726.0,9719.0,9720.0,527
2025-11-04 17:15:00+00:00,9720.3,9723.5,9712.0,9719.8,443
2025-11-04 17:30:00+00:00,9719.5,9721.0,9711.8,9715.3,369
2025-11-04 17:45:00+00:00,9715.5,9723.5,9711.8,9714.0,401
2025-11-04 18:00:00+00:00,9713.5,9714.5,9709.3,9711.0,291
2025-11-04 18:15:00+00:00,9710.8,9711.5,9702.8,9704.0,313
2025-11-04 18:30:00+00:00,9704.3,9706.0,9698.8,9705.3,265
2025-11-04 18:45:00+00:00,9705.5,9707.5,9701.3,9705.5,306
2025-11-04 19:00:00+00:00,9705.3,9707.8,9704.3,9706.8,406
2025-11-04 19:15:00+00:00,9707.0,9710.5,9706.0,9707.5,296
2025-11-04 19:30:00+00:00,9707.3,9708.5,9701.0,9703.3,306
2025-11-04 19:45:00+00:00,9703.0,9709.5,9702.3,9708.5,282
2025-11-04 20:00:00+00:00,9709.0,9714.0,9708.5,9711.5,283
2025-11-04 20:15:00+00:00,9711.3,9712.5,9704.5,9711.5,240
2025-11-04 20:30:00+00:00,9711.0,9711.0,9706.5,9709.3,320
2025-11-04 20:45:00+00:00,9709.0,9712.0,9704.3,9708.5,484
2025-11-04 21:00:00+00:00,9709.5,9712.3,9706.5,9709.5,823
2025-11-04 21:30:00+00:00,9705.4,9710.8,9702.9,9710.5,416
2025-11-04 21:45:00+00:00,9710.8,9714.3,9708.0,9712.5,334
2025-11-04 23:00:00+00:00,9706.4,9707.2,9703.3,9706.3,348
2025-11-04 23:15:00+00:00,9706.5,9709.3,9704.5,9705.3,428
2025-11-04 23:30:00+00:00,9705.5,9708.6,9704.3,9707.0,336
2025-11-04 23:45:00+00:00,9707.2,9707.2,9702.5,9703.8,449
2025-11-05 00:00:00+00:00,9703.3,9703.3,9693.5,9701.8,871
2025-11-05 00:15:00+00:00,9702.0,9703.0,9692.3,9693.3,841
2025-11-05 00:30:00+00:00,9693.0,9693.7,9684.5,9685.0,916
2025-11-05 00:45:00+00:00,9685.3,9687.0,9683.5,9683.6,756
2025-11-05 01:00:00+00:00,9679.3,9679.3,9665.8,9672.5,2015
2025-11-05 01:15:00+00:00,9672.4,9673.1,9648.6,9650.6,2276
2025-11-05 01:30:00+00:00,9650.4,9653.6,9637.9,9647.6,2706
2025-11-05 01:45:00+00:00,9647.6,9659.7,9647.0,9658.6,2227
2025-11-05 02:00:00+00:00,9658.6,9666.1,9654.5,9665.3,2347
2025-11-05 02:15:00+00:00,9665.2,9668.6,9659.4,9662.1,1987
2025-11-05 02:30:00+00:00,9662.2,9669.9,9661.3,9668.9,1688
2025-11-05 02:45:00+00:00,9668.9,9674.9,9668.8,9674.9,1838
2025-11-05 03:00:00+00:00,9675.5,9682.0,9674.5,9681.2,1777
2025-11-05 03:15:00+00:00,9680.9,9682.6,9676.2,9682.6,1394
2025-11-05 03:30:00+00:00,9682.6,9685.5,9678.8,9685.5,1643
2025-11-05 03:45:00+00:00,9685.4,9692.4,9685.0,9690.6,2115
2025-11-05 04:00:00+00:00,9690.3,9690.8,9680.0,9684.3,1556
2025-11-05 04:15:00+00:00,9684.6,9685.0,9680.7,9683.8,1370
2025-11-05 04:30:00+00:00,9683.6,9685.2,9682.1,9683.3,1232
2025-11-05 04:45:00+00:00,9683.3,9683.3,9678.7,9682.6,1280
2025-11-05 05:00:00+00:00,9682.4,9691.1,9681.0,9690.8,1431
2025-11-05 05:15:00+00:00,9690.6,9691.5,9685.0,9686.3,1331
2025-11-05 05:30:00+00:00,9686.7,9689.2,9684.8,9685.3,1160
2025-11-05 05:45:00+00:00,9685.4,9685.5,9679.0,9682.8,1405
2025-11-05 06:00:00+00:00,9682.8,9688.6,9677.8,9688.3,503
2025-11-05 06:15:00+00:00,9688.6,9697.6,9688.3,9696.8,289
2025-11-05 06:30:00+00:00,9696.6,9699.8,9694.3,9699.1,189
2025-11-05 06:45:00+00:00,9698.6,9698.6,9691.6,9693.3,157
2025-11-05 07:00:00+00:00,9694.1,9697.3,9684.8,9684.8,257
2025-11-05 07:15:00+00:00,9684.6,9688.6,9682.8,9687.8,232
2025-11-05 07:30:00+00:00,9687.6,9688.8,9683.3,9686.3,221
2025-11-05 07:45:00+00:00,9686.1,9688.6,9680.8,9683.8,283
2025-11-05 08:00:00+00:00,9684.1,9701.2,9678.3,9698.8,1615
2025-11-05 08:15:00+00:00,9698.5,9710.0,9697.8,9707.5,764
2025-11-05 08:30:00+00:00,9708.0,9715.5,9707.0,9714.7,552
2025-11-05 08:45:00+00:00,9715.7,9722.9,9715.5,9716.3,520
2025-11-05 09:00:00+00:00,9716.5,9718.5,9708.6,9708.9,552
2025-11-05 09:15:00+00:00,9708.6,9709.1,9699.6,9703.2,447
2025-11-05 09:30:00+00:00,9702.7,9706.0,9699.5,9702.2,453
2025-11-05 09:45:00+00:00,9701.0,9704.7,9699.8,9703.3,300
2025-11-05 10:00:00+00:00,9703.0,9704.3,9694.6,9698.5,415
2025-11-05 10:15:00+00:00,9698.2,9708.9,9698.2,9707.2,310
2025-11-05 10:30:00+00:00,9707.4,9710.8,9706.0,9709.8,322
2025-11-05 10:45:00+00:00,9709.5,9717.4,9702.9,9705.2,447
2025-11-05 11:00:00+00:00,9705.0,9710.7,9704.0,9708.1,393
2025-11-05 11:15:00+00:00,9708.1,9714.1,9706.6,9712.2,330
2025-11-05 11:30:00+00:00,9712.5,9721.7,9710.6,9720.9,317
2025-11-05 11:45:00+00:00,9720.7,9725.5,9717.4,9718.9,406
2025-11-05 12:00:00+00:00,9719.4,9722.5,9714.4,9716.2,464
2025-11-05 12:15:00+00:00,9716.4,9721.5,9715.2,9715.9,334
2025-11-05 12:30:00+00:00,9715.4,9722.0,9715.4,9720.6,291
2025-11-05 12:45:00+00:00,9720.1,9728.1,9717.2,9726.6,442
2025-11-05 13:00:00+00:00,9726.3,9731.7,9725.6,9728.9,374
2025-11-05 13:15:00+00:00,9729.2,9736.0,9727.4,9732.9,461
2025-11-05 13:30:00+00:00,9732.4,9739.6,9731.1,9738.9,549
2025-11-05 13:45:00+00:00,9738.6,9742.0,9736.1,9740.6,469
2025-11-05 14:00:00+00:00,9740.6,9747.1,9737.7,9745.7,459
2025-11-05 14:15:00+00:00,9745.4,9749.7,9740.8,9747.9,473
2025-11-05 14:30:00+00:00,9747.6,9755.6,9745.2,9753.6,1278
2025-11-05 14:45:00+00:00,9754.5,9778.8,9753.8,9773.7,1225
2025-11-05 15:00:00+00:00,9772.5,9784.4,9768.4,9777.5,1381
2025-11-05 15:15:00+00:00,9777.2,9785.8,9775.5,9784.7,1302
2025-11-05 15:30:00+00:00,9785.0,9787.2,9779.5,9785.4,1097
2025-11-05 15:45:00+00:00,9785.2,9785.9,9776.6,9782.0,1069
2025-11-05 16:00:00+00:00,9782.3,9784.5,9777.5,9778.5,972
2025-11-05 16:15:00+00:00,9778.3,9783.7,9777.1,9781.7,1004
2025-11-05 16:30:00+00:00,9781.2,9785.1,9773.2,9784.6,1016
2025-11-05 16:45:00+00:00,9784.4,9791.1,9783.4,9784.4,617
2025-11-05 17:00:00+00:00,9784.7,9792.1,9784.2,9791.9,503
2025-11-05 17:15:00+00:00,9791.4,9798.1,9790.9,9798.1,224
2025-11-05 17:30:00+00:00,9797.8,9801.6,9797.1,9797.1,329
2025-11-05 17:45:00+00:00,9796.9,9797.6,9791.4,9792.9,309
2025-11-05 18:00:00+00:00,9792.7,9792.7,9787.4,9790.7,206
2025-11-05 18:15:00+00:00,9790.9,9793.2,9789.2,9792.7,203
2025-11-05 18:30:00+00:00,9792.4,9793.2,9790.7,9790.7,201
2025-11-05 18:45:00+00:00,9790.2,9791.0,9786.5,9787.0,190
2025-11-05 19:00:00+00:00,9786.7,9787.0,9781.8,9785.3,342
2025-11-05 19:15:00+00:00,9785.8,9787.8,9784.3,9785.5,271
2025-11-05 19:30:00+00:00,9785.8,9789.0,9785.5,9786.5,234
2025-11-05 19:45:00+00:00,9786.8,9787.8,9783.1,9785.3,164
2025-11-05 20:00:00+00:00,9785.1,9790.3,9784.6,9788.8,200
2025-11-05 20:15:00+00:00,9788.3,9789.1,9785.6,9787.8,239
2025-11-05 20:30:00+00:00,9788.1,9790.3,9786.8,9788.6,262
2025-11-05 20:45:00+00:00,9788.8,9792.8,9781.6,9782.1,491
2025-11-05 21:00:00+00:00,9781.1,9788.6,9777.9,9779.9,793
2025-11-05 21:30:00+00:00,9783.9,9786.4,9783.9,9786.4,167
2025-11-05 21:45:00+00:00,9786.2,9787.4,9785.2,9785.2,112
2025-11-05 23:00:00+00:00,9774.2,9778.0,9772.0,9777.4,284
2025-11-05 23:15:00+00:00,9777.5,9780.0,9773.6,9777.4,307
2025-11-05 23:30:00+00:00,9777.3,9783.8,9776.5,9783.6,455
2025-11-05 23:45:00+00:00,9783.3,9785.1,9778.8,9784.8,454
2025-11-06 00:00:00+00:00,9785.1,9785.1,9773.0,9774.5,696
2025-11-06 00:15:00+00:00,9774.8,9776.5,9760.7,9765.3,891
2025-11-06 00:30:00+00:00,9765.5,9773.0,9765.2,9770.2,795
2025-11-06 00:45:00+00:00,9770.4,9773.2,9767.7,9771.0,708
2025-11-06 01:00:00+00:00,9770.7,9770.7,9758.2,9762.0,1636
2025-11-06 01:15:00+00:00,9762.0,9764.2,9753.6,9755.5,1529
2025-11-06 01:30:00+00:00,9755.3,9764.7,9755.1,9763.1,1444
2025-11-06 01:45:00+00:00,9763.1,9765.1,9760.1,9762.9,1191
2025-11-06 02:00:00+00:00,9762.9,9762.9,9757.1,9761.2,1175
2025-11-06 02:15:00+00:00,9761.2,9767.4,9760.9,9765.6,1047
2025-11-06 02:30:00+00:00,9766.0,9773.0,9766.0,9770.8,1117
2025-11-06 02:45:00+00:00,9770.7,9772.6,9769.6,9771.8,854
2025-11-06 03:00:00+00:00,9771.7,9774.1,9770.8,9772.6,731
2025-11-06 03:15:00+00:00,9772.5,9775.2,9768.2,9769.7,757
2025-11-06 03:30:00+00:00,9769.8,9772.8,9767.5,9771.3,893
2025-11-06 03:45:00+00:00,9771.5,9772.8,9766.7,9771.0,847
2025-11-06 04:00:00+00:00,9771.0,9771.2,9767.0,9771.2,830
2025-11-06 04:15:00+00:00,9771.2,9772.0,9769.9,9771.2,644
2025-11-06 04:30:00+00:00,9771.2,9773.6,9768.3,9770.8,552
2025-11-06 04:45:00+00:00,9770.8,9771.3,9766.8,9771.0,593
2025-11-06 05:00:00+00:00,9771.3,9772.7,9769.8,9771.0,845
2025-11-06 05:15:00+00:00,9771.1,9772.9,9769.5,9771.7,625
2025-11-06 05:30:00+00:00,9771.6,9772.3,9769.2,9769.3,763
2025-11-06 05:45:00+00:00,9769.2,9769.5,9767.1,9768.2,696
2025-11-06 06:00:00+00:00,9768.0,9772.0,9767.3,9768.5,178
2025-11-06 06:15:00+00:00,9768.8,9771.5,9767.0,9767.0,115
2025-11-06 06:30:00+00:00,9767.3,9774.8,9766.3,9771.0,174
2025-11-06 06:45:00+00:00,9770.8,9773.8,9770.0,9770.5,105
2025-11-06 07:00:00+00:00,9770.3,9783.0,9770.0,9781.0,277
2025-11-06 07:15:00+00:00,9781.3,9785.0,9776.5,9781.3,143
2025-11-06 07:30:00+00:00,9781.0,9783.5,9773.3,9776.0,194
2025-11-06 07:45:00+00:00,9776.3,9780.8,9765.5,9771.0,301
2025-11-06 08:00:00+00:00,9771.8,9781.3,9766.3,9777.8,1500
2025-11-06 08:15:00+00:00,9777.5,9779.0,9766.4,9767.5,719
2025-11-06 08:30:00+00:00,9767.8,9774.3,9762.4,9768.5,665
2025-11-06 08:45:00+00:00,9768.0,9777.4,9766.0,9771.6,572
2025-11-06 09:00:00+00:00,9771.9,9773.3,9761.1,9761.8,524
2025-11-06 09:15:00+00:00,9762.1,9765.0,9758.9,9758.9,423
2025-11-06 09:30:00+00:00,9759.9,9764.4,9756.2,9758.7,411
2025-11-06 09:45:00+00:00,9758.9,9759.8,9752.3,9754.3,407
2025-11-06 10:00:00+00:00,9754.5,9757.0,9751.0,9752.4,472
2025-11-06 10:15:00+00:00,9752.2,9755.4,9747.8,9749.6,505
2025-11-06 10:30:00+00:00,9749.8,9753.2,9748.8,9752.4,421
2025-11-06 10:45:00+00:00,9751.9,9752.7,9746.5,9749.8,418
2025-11-06 11:00:00+00:00,9749.6,9754.9,9746.7,9754.4,376
2025-11-06 11:15:00+00:00,9753.9,9754.7,9750.0,9750.3,280
2025-11-06 11:30:00+00:00,9750.5,9751.2,9740.8,9749.5,380
2025-11-06 11:45:00+00:00,9749.7,9750.7,9744.6,9746.5,317
2025-11-06 12:00:00+00:00,9746.8,9775.6,9736.4,9767.7,966
2025-11-06 12:15:00+00:00,9768.0,9769.4,9757.1,9761.1,573
2025-11-06 12:30:00+00:00,9761.3,9762.4,9756.2,9761.1,428
2025-11-06 12:45:00+00:00,9761.4,9764.9,9757.8,9760.2,417
2025-11-06 13:00:00+00:00,9760.0,9772.3,9759.2,9772.0,466
2025-11-06 13:15:00+00:00,9772.5,9774.2,9768.6,9772.0,519
2025-11-06 13:30:00+00:00,9772.0,9773.3,9763.5,9767.7,557
2025-11-06 13:45:00+00:00,9768.0,9768.2,9751.0,9754.7,606
2025-11-06 14:00:00+00:00,9754.4,9755.2,9747.2,9751.1,702
2025-11-06 14:15:00+00:00,9751.3,9755.9,9749.8,9751.6,604
2025-11-06 14:30:00+00:00,9751.3,9771.6,9751.3,9751.9,1490
2025-11-06 14:45:00+00:00,9752.4,9754.9,9741.9,9749.1,1264
2025-11-06 15:00:00+00:00,9749.6,9750.2,9739.3,9744.6,1530
2025-11-06 15:15:00+00:00,9744.4,9750.2,9737.8,9740.2,1107
2025-11-06 15:30:00+00:00,9740.5,9743.1,9728.1,9728.6,1327
2025-11-06 15:45:00+00:00,9728.9,9737.5,9728.2,9729.4,1383
2025-11-06 16:00:00+00:00,9729.7,9736.2,9723.7,9733.8,1584
2025-11-06 16:15:00+00:00,9734.3,9735.5,9723.4,9729.1,1278
2025-11-06 16:30:00+00:00,9728.6,9732.1,9721.2,9727.2,1631
2025-11-06 16:45:00+00:00,9727.0,9729.4,9717.5,9721.7,988
2025-11-06 17:00:00+00:00,9721.5,9734.6,9720.0,9727.4,906
2025-11-06 17:15:00+00:00,9727.2,9727.2,9712.0,9720.0,724
2025-11-06 17:30:00+00:00,9719.5,9722.7,9714.0,9719.0,636
2025-11-06 17:45:00+00:00,9718.5,9726.0,9718.3,9718.5,495
2025-11-06 18:00:00+00:00,9718.0,9720.3,9703.3,9708.0,574
2025-11-06 18:15:00+00:00,9707.7,9716.7,9707.5,9714.2,407
2025-11-06 18:30:00+00:00,9713.7,9721.2,9713.7,9720.2,339
2025-11-06 18:45:00+00:00,9719.7,9721.4,9716.0,9718.5,361
2025-11-06 19:00:00+00:00,9718.2,9726.7,9717.0,9724.2,389
2025-11-06 19:15:00+00:00,9724.7,9725.5,9721.5,9724.7,327
2025-11-06 19:30:00+00:00,9724.5,9729.2,9721.2,9724.2,354
2025-11-06 19:45:00+00:00,9724.7,9728.2,9720.7,9726.2,315
2025-11-06 20:00:00+00:00,9726.4,9728.2,9723.4,9726.7,335
2025-11-06 20:15:00+00:00,9726.9,9731.7,9724.7,9725.2,426
2025-11-06 20:30:00+00:00,9725.5,9728.9,9723.2,9723.5,568
2025-11-06 20:45:00+00:00,9723.7,9724.5,9709.8,9713.0,593
2025-11-06 21:00:00+00:00,9713.4,9723.7,9712.6,9723.4,596
2025-11-06 21:30:00+00:00,9723.0,9729.3,9722.5,9728.5,267
2025-11-06 21:45:00+00:00,9728.2,9731.1,9728.0,9728.3,395
2025-11-06 23:00:00+00:00,9725.1,9725.1,9720.0,9721.5,321
2025-11-06 23:15:00+00:00,9721.8,9727.8,9721.3,9726.6,385
2025-11-06 23:30:00+00:00,9726.8,9731.2,9724.8,9731.1,353
2025-11-06 23:45:00+00:00,9731.2,9733.1,9728.6,9729.1,482
2025-11-07 00:00:00+00:00,9729.0,9734.5,9721.6,9727.5,1073
2025-11-07 00:15:00+00:00,9727.4,9727.9,9716.4,9721.6,759
2025-11-07 00:30:00+00:00,9721.9,9727.2,9721.3,9726.7,439
2025-11-07 00:45:00+00:00,9726.4,9727.7,9722.3,9723.7,404
2025-11-07 01:00:00+00:00,9726.4,9726.4,9714.3,9722.5,2153
2025-11-07 01:15:00+00:00,9722.4,9722.5,9716.1,9717.6,1885
2025-11-07 01:30:00+00:00,9717.7,9718.7,9709.7,9716.4,2469
2025-11-07 01:45:00+00:00,9716.4,9717.8,9711.5,9714.6,1645
2025-11-07 02:00:00+00:00,9714.5,9714.9,9706.8,9707.0,1663
2025-11-07 02:15:00+00:00,9706.9,9708.9,9703.8,9703.9,1445
2025-11-07 02:30:00+00:00,9703.9,9709.2,9703.7,9706.9,1482
2025-11-07 02:45:00+00:00,9707.0,9712.5,9706.9,9711.9,1174
2025-11-07 03:00:00+00:00,9712.3,9714.3,9708.6,9709.2,1293
2025-11-07 03:15:00+00:00,9709.2,9710.0,9704.8,9706.3,1197
2025-11-07 03:30:00+00:00,9706.3,9708.3,9705.6,9706.4,1119
2025-11-07 03:45:00+00:00,9706.5,9706.6,9703.3,9705.5,1244
2025-11-07 04:00:00+00:00,9705.4,9705.7,9698.4,9703.1,1401
2025-11-07 04:15:00+00:00,9703.3,9710.8,9703.2,9708.9,1474
2025-11-07 04:30:00+00:00,9709.5,9709.9,9707.3,9709.3,1004
2025-11-07 04:45:00+00:00,9709.2,9710.7,9707.4,9710.7,895
2025-11-07 05:00:00+00:00,9710.6,9717.4,9710.0,9714.7,1211
2025-11-07 05:15:00+00:00,9714.2,9717.4,9713.2,9713.9,1015
2025-11-07 05:30:00+00:00,9713.9,9723.2,9713.7,9722.7,1007
2025-11-07 05:45:00+00:00,9722.7,9725.5,9721.0,9722.9,962
2025-11-07 06:00:00+00:00,9723.0,9724.5,9720.0,9721.7,199
2025-11-07 06:15:00+00:00,9722.0,9724.5,9720.7,9722.5,171
2025-11-07 06:30:00+00:00,9722.2,9724.5,9720.5,9724.2,224
2025-11-07 06:45:00+00:00,9724.0,9726.2,9722.3,9725.2,126
2025-11-07 07:00:00+00:00,9725.7,9726.7,9720.5,9725.3,239
2025-11-07 07:15:00+00:00,9725.0,9729.5,9723.8,9727.8,165
2025-11-07 07:30:00+00:00,9728.0,9734.5,9727.5,9731.7,265
2025-11-07 07:45:00+00:00,9731.5,9732.5,9723.1,9724.1,354
2025-11-07 08:00:00+00:00,9724.5,9728.5,9712.5,9718.1,1493
2025-11-07 08:15:00+00:00,9718.3,9720.4,9708.9,9711.4,961
2025-11-07 08:30:00+00:00,9711.6,9715.6,9707.2,9709.9,839
2025-11-07 08:45:00+00:00,9710.2,9713.4,9706.6,9709.8,645
2025-11-07 09:00:00+00:00,9709.3,9710.5,9701.3,9704.8,735
2025-11-07 09:15:00+00:00,9704.3,9707.4,9694.8,9695.8,746
2025-11-07 09:30:00+00:00,9695.6,9697.6,9683.5,9685.5,645
2025-11-07 09:45:00+00:00,9686.0,9691.6,9684.6,9691.0,700
2025-11-07 10:00:00+00:00,9690.8,9693.2,9682.0,9683.0,611
2025-11-07 10:15:00+00:00,9683.3,9684.3,9676.8,9681.1,743
2025-11-07 10:30:00+00:00,9680.8,9688.3,9679.6,9685.9,519
2025-11-07 10:45:00+00:00,9685.6,9687.2,9682.2,9682.7,515
2025-11-07 11:00:00+00:00,9682.4,9683.9,9664.8,9664.8,733
2025-11-07 11:15:00+00:00,9664.5,9665.6,9644.6,9651.9,1214
2025-11-07 11:30:00+00:00,9651.7,9660.4,9648.7,9658.9,949
2025-11-07 11:45:00+00:00,9659.1,9676.7,9659.1,9675.5,666
2025-11-07 12:00:00+00:00,9675.7,9680.0,9671.1,9671.9,703
2025-11-07 12:15:00+00:00,9671.9,9675.0,9664.6,9666.4,574
2025-11-07 12:30:00+00:00,9666.2,9666.2,9658.7,9660.7,507
2025-11-07 12:45:00+00:00,9660.5,9663.9,9657.0,9658.8,605
2025-11-07 13:00:00+00:00,9658.3,9667.9,9653.1,9666.6,689
2025-11-07 13:15:00+00:00,9666.3,9668.8,9661.6,9661.6,490
2025-11-07 13:30:00+00:00,9661.4,9664.4,9649.7,9649.7,603
2025-11-07 13:45:00+00:00,9650.0,9665.0,9650.0,9654.2,685
2025-11-07 14:00:00+00:00,9654.0,9656.5,9643.9,9647.0,880
2025-11-07 14:15:00+00:00,9647.2,9648.0,9642.4,9645.7,672
2025-11-07 14:30:00+00:00,9646.2,9654.1,9638.6,9652.6,2304
2025-11-07 14:45:00+00:00,9652.9,9668.8,9652.6,9665.1,1905
2025-11-07 15:00:00+00:00,9665.6,9672.6,9654.7,9671.3,2106
2025-11-07 15:15:00+00:00,9671.0,9685.7,9670.5,9684.0,1925
2025-11-07 15:30:00+00:00,9683.7,9689.2,9676.3,9677.0,1576
2025-11-07 15:45:00+00:00,9677.3,9688.0,9672.6,9678.8,1170
2025-11-07 16:00:00+00:00,9678.6,9685.9,9677.4,9681.2,1257
2025-11-07 16:15:00+00:00,9681.4,9683.3,9673.8,9676.3,1131
2025-11-07 16:30:00+00:00,9675.8,9687.3,9673.1,9685.8,1711
2025-11-07 16:45:00+00:00,9686.0,9688.5,9672.3,9676.3,1323
2025-11-07 17:00:00+00:00,9676.5,9684.5,9671.1,9683.5,1104
2025-11-07 17:15:00+00:00,9683.3,9696.0,9683.0,9693.0,1077
2025-11-07 17:30:00+00:00,9692.5,9693.7,9684.0,9685.5,833
2025-11-07 17:45:00+00:00,9685.3,9690.0,9678.6,9689.5,971
2025-11-07 18:00:00+00:00,9690.0,9695.0,9688.8,9695.0,765
2025-11-07 18:15:00+00:00,9694.8,9704.2,9693.0,9703.0,712
2025-11-07 18:30:00+00:00,9702.7,9705.5,9700.5,9703.7,763
2025-11-07 18:45:00+00:00,9703.5,9704.7,9696.3,9702.3,751
2025-11-07 19:00:00+00:00,9702.0,9708.5,9700.0,9708.0,626
2025-11-07 19:15:00+00:00,9707.7,9713.7,9707.7,9713.7,469
2025-11-07 19:30:00+00:00,9714.2,9731.1,9714.2,9730.1,728
2025-11-07 19:45:00+00:00,9729.9,9736.1,9725.2,9735.1,963
2025-11-07 20:00:00+00:00,9734.8,9734.8,9723.4,9727.6,1043
2025-11-07 20:15:00+00:00,9727.4,9730.9,9721.4,9725.9,761
2025-11-07 20:30:00+00:00,9725.7,9731.1,9724.7,9730.4,670
2025-11-07 20:45:00+00:00,9730.1,9733.6,9722.4,9732.9,847
2025-11-09 23:00:00+00:00,9746.7,9749.2,9743.9,9748.8,479
2025-11-09 23:15:00+00:00,9748.9,9749.4,9740.6,9741.1,503
2025-11-09 23:30:00+00:00,9741.6,9746.2,9740.1,9744.1,545
2025-11-09 23:45:00+00:00,9743.9,9751.3,9742.9,9746.9,507
2025-11-10 00:00:00+00:00,9746.3,9746.3,9733.8,9743.4,1103
2025-11-10 00:15:00+00:00,9742.9,9746.9,9740.6,9742.9,827
2025-11-10 00:30:00+00:00,9742.7,9746.4,9740.3,9742.1,735
2025-11-10 00:45:00+00:00,9742.4,9749.2,9739.6,9745.7,711
2025-11-10 01:00:00+00:00,9756.2,9766.7,9754.6,9761.2,1620
2025-11-10 01:15:00+00:00,9761.4,9762.9,9757.8,9758.0,1327
2025-11-10 01:30:00+00:00,9757.9,9760.5,9756.5,9756.9,1188
2025-11-10 01:45:00+00:00,9756.9,9765.4,9756.7,9762.0,1067
2025-11-10 02:00:00+00:00,9762.2,9764.3,9759.0,9760.6,1039
2025-11-10 02:15:00+00:00,9760.6,9761.2,9756.3,9757.1,726
2025-11-10 02:30:00+00:00,9757.1,9759.9,9754.4,9755.1,805
2025-11-10 02:45:00+00:00,9755.0,9757.7,9754.0,9755.3,740
2025-11-10 03:00:00+00:00,9755.3,9759.9,9754.7,9756.5,1062
2025-11-10 03:15:00+00:00,9756.5,9758.8,9755.5,9757.0,810
2025-11-10 03:30:00+00:00,9756.8,9757.8,9754.9,9756.5,821
2025-11-10 03:45:00+00:00,9756.5,9758.0,9755.1,9756.2,689
2025-11-10 04:00:00+00:00,9756.2,9759.1,9755.2,9756.0,721
2025-11-10 04:15:00+00:00,9756.0,9758.6,9755.0,9758.0,788
2025-11-10 04:30:00+00:00,9758.0,9758.1,9755.7,9757.3,674
2025-11-10 04:45:00+00:00,9757.3,9758.6,9755.8,9757.5,652
2025-11-10 05:00:00+00:00,9757.7,9766.8,9757.2,9766.0,705
2025-11-10 05:15:00+00:00,9766.1,9766.5,9762.2,9764.2,666
2025-11-10 05:30:00+00:00,9764.1,9764.2,9757.3,9758.3,843
2025-11-10 05:45:00+00:00,9758.2,9758.2,9756.1,9756.3,646
2025-11-10 06:00:00+00:00,9756.5,9760.3,9755.5,9756.3,211
2025-11-10 06:15:00+00:00,9756.8,9759.0,9751.0,9753.0,136
2025-11-10 06:30:00+00:00,9752.8,9758.8,9752.3,9754.5,194
2025-11-10 06:45:00+00:00,9754.8,9757.3,9753.3,9754.3,152
2025-11-10 07:00:00+00:00,9754.5,9761.0,9754.0,9760.5,407
2025-11-10 07:15:00+00:00,9760.3,9762.8,9756.8,9757.5,266
2025-11-10 07:30:00+00:00,9758.0,9761.5,9752.8,9755.8,316
2025-11-10 07:45:00+00:00,9756.3,9759.0,9753.0,9758.0,311
2025-11-10 08:00:00+00:00,9758.8,9764.0,9742.3,9742.5,1937
2025-11-10 08:15:00+00:00,9742.3,9742.8,9727.3,9727.3,1015
2025-11-10 08:30:00+00:00,9727.8,9742.8,9725.0,9742.0,799
2025-11-10 08:45:00+00:00,9741.8,9749.8,9741.5,9746.7,650
2025-11-10 09:00:00+00:00,9746.5,9750.3,9743.0,9747.7,724
2025-11-10 09:15:00+00:00,9747.9,9756.3,9745.9,9756.3,559
2025-11-10 09:30:00+00:00,9756.5,9760.4,9753.8,9758.3,480
2025-11-10 09:45:00+00:00,9758.6,9776.4,9757.3,9776.4,541
2025-11-10 10:00:00+00:00,9776.7,9784.5,9775.4,9782.2,534
2025-11-10 10:15:00+00:00,9782.5,9782.7,9774.2,9778.0,463
2025-11-10 10:30:00+00:00,9778.2,9787.5,9778.2,9785.5,411
2025-11-10 10:45:00+00:00,9785.2,9786.0,9776.5,9777.9,429
2025-11-10 11:00:00+00:00,9778.2,9783.7,9771.5,9776.4,472
2025-11-10 11:15:00+00:00,9776.6,9778.9,9773.2,9774.3,356
2025-11-10 11:30:00+00:00,9773.8,9780.1,9772.8,9779.7,307
2025-11-10 11:45:00+00:00,9780.2,9782.1,9774.7,9775.2,361
2025-11-10 12:00:00+00:00,9775.7,9779.2,9771.1,9776.7,450
2025-11-10 12:15:00+00:00,9776.4,9779.7,9775.8,9779.3,342
2025-11-10 12:30:00+00:00,9778.8,9781.9,9770.4,9778.4,462
2025-11-10 12:45:00+00:00,9778.6,9779.1,9766.7,9767.2,462
2025-11-10 13:00:00+00:00,9767.5,9776.3,9767.5,9771.9,368
2025-11-10 13:15:00+00:00,9772.2,9773.4,9764.9,9769.8,422
2025-11-10 13:30:00+00:00,9770.1,9777.9,9770.1,9774.5,384
2025-11-10 13:45:00+00:00,9774.8,9775.1,9769.7,9772.2,434
2025-11-10 14:00:00+00:00,9771.7,9780.2,9771.2,9778.9,461
2025-11-10 14:15:00+00:00,9779.2,9786.2,9777.9,9778.7,498
2025-11-10 14:30:00+00:00,9779.2,9786.9,9771.7,9774.0,1732
2025-11-10 14:45:00+00:00,9774.2,9780.9,9766.1,9769.6,1259
2025-11-10 15:00:00+00:00,9770.1,9786.5,9769.6,9782.6,1000
2025-11-10 15:15:00+00:00,9782.6,9800.5,9782.3,9800.3,857
2025-11-10 15:30:00+00:00,9800.5,9800.5,9779.2,9781.8,1027
2025-11-10 15:45:00+00:00,9781.5,9787.2,9773.6,9780.8,1002
2025-11-10 16:00:00+00:00,9780.5,9791.4,9779.5,9789.6,980
2025-11-10 16:15:00+00:00,9789.4,9801.1,9788.5,9796.1,1109
2025-11-10 16:30:00+00:00,9796.6,9799.1,9783.2,9793.4,1246
2025-11-10 16:45:00+00:00,9793.1,9801.1,9790.2,9801.1,767
2025-11-10 17:00:00+00:00,9800.6,9808.1,9800.3,9803.6,681
2025-11-10 17:15:00+00:00,9803.8,9809.6,9802.6,9808.3,600
2025-11-10 17:30:00+00:00,9808.6,9818.0,9808.1,9815.1,495
2025-11-10 17:45:00+00:00,9815.3,9818.3,9813.6,9816.3,335
2025-11-10 18:00:00+00:00,9816.1,9817.1,9812.6,9813.6,256
2025-11-10 18:15:00+00:00,9813.4,9816.6,9811.6,9815.6,210
2025-11-10 18:30:00+00:00,9815.4,9820.1,9815.4,9818.4,245
2025-11-10 18:45:00+00:00,9818.6,9820.1,9815.1,9815.1,251
2025-11-10 19:00:00+00:00,9815.6,9823.1,9815.6,9821.9,290
2025-11-10 19:15:00+00:00,9821.6,9827.6,9820.1,9827.6,240
2025-11-10 19:30:00+00:00,9827.3,9835.3,9825.1,9834.8,271
2025-11-10 19:45:00+00:00,9835.1,9845.5,9834.1,9842.0,336
2025-11-10 20:00:00+00:00,9841.8,9842.5,9838.6,9842.1,216
2025-11-10 20:15:00+00:00,9841.6,9841.6,9835.6,9837.6,242
2025-11-10 20:30:00+00:00,9837.4,9839.6,9835.1,9838.9,303
2025-11-10 20:45:00+00:00,9838.6,9843.6,9836.6,9841.4,543
2025-11-10 21:00:00+00:00,9840.4,9847.1,9839.9,9846.4,372
2025-11-10 21:30:00+00:00,9845.9,9846.7,9844.1,9845.9,92
2025-11-10 21:45:00+00:00,9845.7,9845.9,9841.7,9841.7,126
2025-11-10 23:00:00+00:00,9839.8,9841.0,9838.5,9840.5,152
2025-11-10 23:15:00+00:00,9840.6,9842.8,9838.5,9841.5,333
2025-11-10 23:30:00+00:00,9841.8,9842.3,9838.6,9840.0,349
2025-11-10 23:45:00+00:00,9840.5,9846.8,9840.0,9846.3,468
2025-11-11 00:00:00+00:00,9846.0,9851.1,9843.5,9846.8,723
2025-11-11 00:15:00+00:00,9847.1,9847.1,9843.1,9846.8,517
2025-11-11 00:30:00+00:00,9846.6,9848.3,9844.3,9846.3,350
2025-11-11 00:45:00+00:00,9846.1,9846.8,9843.6,9844.1,405
2025-11-11 01:00:00+00:00,9842.7,9848.1,9840.9,9848.0,1234
2025-11-11 01:15:00+00:00,9848.1,9850.2,9845.7,9849.1,1114
2025-11-11 01:30:00+00:00,9849.0,9859.0,9844.8,9857.9,1269
2025-11-11 01:45:00+00:00,9857.9,9873.6,9856.5,9873.0,1257
2025-11-11 02:00:00+00:00,9873.0,9879.5,9868.6,9876.7,1334
2025-11-11 02:15:00+00:00,9876.7,9878.1,9856.8,9858.3,1060
2025-11-11 02:30:00+00:00,9858.3,9860.9,9854.0,9860.4,1030
2025-11-11 02:45:00+00:00,9860.2,9865.1,9858.9,9864.0,798
2025-11-11 03:00:00+00:00,9864.1,9866.9,9861.2,9865.2,869
2025-11-11 03:15:00+00:00,9865.2,9867.6,9860.9,9862.4,749
2025-11-11 03:30:00+00:00,9862.4,9862.6,9861.0,9861.9,627
2025-11-11 03:45:00+00:00,9861.9,9866.3,9861.7,9866.1,592
2025-11-11 04:00:00+00:00,9866.1,9866.3,9859.9,9862.6,756
2025-11-11 04:15:00+00:00,9862.8,9863.0,9860.6,9862.2,720
2025-11-11 04:30:00+00:00,9862.2,9863.9,9858.9,9859.2,547
2025-11-11 04:45:00+00:00,9859.2,9861.0,9856.2,9856.8,752
2025-11-11 05:00:00+00:00,9857.0,9858.6,9853.7,9854.7,1283
2025-11-11 05:15:00+00:00,9854.7,9856.7,9851.8,9856.7,1224
2025-11-11 05:30:00+00:00,9856.8,9857.6,9853.4,9855.6,1115
2025-11-11 05:45:00+00:00,9855.5,9858.7,9852.8,9852.8,985
2025-11-11 06:00:00+00:00,9852.8,9857.1,9847.1,9856.3,258
2025-11-11 06:15:00+00:00,9856.8,9856.8,9853.8,9855.6,194
2025-11-11 06:30:00+00:00,9856.1,9858.1,9854.8,9856.8,120
2025-11-11 06:45:00+00:00,9857.1,9857.8,9854.4,9857.8,290
2025-11-11 07:00:00+00:00,9862.3,9889.1,9861.1,9880.2,461
2025-11-11 07:15:00+00:00,9880.9,9888.1,9872.7,9885.4,421
2025-11-11 07:30:00+00:00,9885.6,9897.3,9884.4,9889.6,366
2025-11-11 07:45:00+00:00,9890.1,9890.1,9880.2,9883.7,435
2025-11-11 08:00:00+00:00,9883.4,9892.3,9862.9,9889.6,2222
2025-11-11 08:15:00+00:00,9889.4,9896.1,9885.8,9889.6,1125
2025-11-11 08:30:00+00:00,9889.1,9899.3,9883.4,9884.6,966
2025-11-11 08:45:00+00:00,9884.4,9890.5,9880.6,9881.1,762
2025-11-11 09:00:00+00:00,9881.6,9890.4,9881.6,9884.4,635
2025-11-11 09:15:00+00:00,9884.9,9886.6,9874.6,9878.3,612
2025-11-11 09:30:00+00:00,9878.6,9882.0,9869.2,9870.4,623
2025-11-11 09:45:00+00:00,9870.7,9875.1,9868.0,9872.4,458
2025-11-11 10:00:00+00:00,9872.6,9879.5,9869.1,9874.6,472
2025-11-11 10:15:00+00:00,9874.4,9874.9,9867.4,9868.0,385
2025-11-11 10:30:00+00:00,9868.2,9868.5,9861.7,9862.2,476
2025-11-11 10:45:00+00:00,9862.4,9868.9,9862.2,9864.5,391
2025-11-11 11:00:00+00:00,9864.7,9877.3,9864.0,9877.1,356
2025-11-11 11:15:00+00:00,9877.3,9880.5,9873.6,9874.9,347
2025-11-11 11:30:00+00:00,9874.7,9877.3,9872.1,9877.0,357
2025-11-11 11:45:00+00:00,9877.3,9877.3,9861.6,9861.9,452
2025-11-11 12:00:00+00:00,9861.6,9864.3,9859.4,9862.4,393
2025-11-11 12:15:00+00:00,9862.1,9863.6,9857.4,9859.0,364
2025-11-11 12:30:00+00:00,9859.5,9860.1,9852.9,9854.2,370
2025-11-11 12:45:00+00:00,9854.4,9860.6,9853.4,9859.8,407
2025-11-11 13:00:00+00:00,9860.1,9865.5,9859.1,9863.1,342
2025-11-11 13:15:00+00:00,9863.4,9866.6,9853.3,9854.1,491
2025-11-11 13:30:00+00:00,9854.1,9865.6,9854.1,9865.1,428
2025-11-11 13:45:00+00:00,9864.8,9869.0,9862.7,9865.5,373
2025-11-11 14:00:00+00:00,9866.0,9870.4,9861.9,9869.9,404
2025-11-11 14:15:00+00:00,9869.7,9873.4,9867.0,9873.4,409
2025-11-11 14:30:00+00:00,9873.9,9882.4,9873.9,9877.9,1234
2025-11-11 14:45:00+00:00,9878.1,9882.6,9873.8,9877.8,922
2025-11-11 15:00:00+00:00,9877.6,9887.4,9874.4,9881.3,1165
2025-11-11 15:15:00+00:00,9881.8,9894.1,9878.3,9890.4,993
2025-11-11 15:30:00+00:00,9890.1,9894.1,9880.1,9881.8,1196
2025-11-11 15:45:00+00:00,9882.1,9886.7,9879.6,9881.8,969
2025-11-11 16:00:00+00:00,9882.1,9898.3,9880.3,9898.3,898
2025-11-11 16:15:00+00:00,9898.5,9913.4,9898.3,9909.9,968
2025-11-11 16:30:00+00:00,9910.2,9913.9,9898.5,9902.9,1192
2025-11-11 16:45:00+00:00,9902.7,9908.2,9899.0,9899.2,603
2025-11-11 17:00:00+00:00,9899.0,9904.0,9897.5,9903.2,571
2025-11-11 17:15:00+00:00,9903.5,9906.2,9898.0,9902.5,492
2025-11-11 17:30:00+00:00,9902.2,9902.5,9898.8,9900.3,446
2025-11-11 17:45:00+00:00,9900.0,9900.8,9896.0,9898.0,342
2025-11-11 18:00:00+00:00,9898.3,9903.8,9898.3,9902.3,393
2025-11-11 18:15:00+00:00,9902.5,9910.0,9902.5,9910.0,440
2025-11-11 18:30:00+00:00,9909.8,9910.8,9906.0,9906.3,342
2025-11-11 18:45:00+00:00,9906.5,9906.8,9903.6,9903.6,324
2025-11-11 19:00:00+00:00,9903.1,9904.1,9899.6,9903.1,288
2025-11-11 19:15:00+00:00,9903.3,9906.6,9902.6,9905.3,353
2025-11-11 19:30:00+00:00,9905.6,9907.6,9901.6,9902.1,282
2025-11-11 19:45:00+00:00,9901.9,9907.6,9899.6,9904.9,368
2025-11-11 20:00:00+00:00,9905.1,9907.4,9903.9,9904.6,350
2025-11-11 20:15:00+00:00,9904.9,9905.1,9898.7,9900.7,355
2025-11-11 20:30:00+00:00,9900.4,9902.9,9896.2,9902.7,353
2025-11-11 20:45:00+00:00,9902.4,9904.7,9898.2,9900.0,414
2025-11-11 21:00:00+00:00,9900.3,9905.6,9896.3,9905.6,384
2025-11-11 21:30:00+00:00,9903.3,9904.4,9902.3,9904.1,112
2025-11-11 21:45:00+00:00,9903.9,9904.1,9900.5,9901.1,93
2025-11-11 23:00:00+00:00,9900.7,9901.2,9895.1,9899.7,225
2025-11-11 23:15:00+00:00,9899.5,9905.4,9899.5,9903.9,283
2025-11-11 23:30:00+00:00,9904.2,9906.2,9901.9,9905.5,258
2025-11-11 23:45:00+00:00,9905.6,9906.2,9902.0,9902.0,240
2025-11-12 00:00:00+00:00,9902.2,9906.5,9901.5,9903.1,705
2025-11-12 00:15:00+00:00,9903.0,9908.8,9902.1,9907.6,465
2025-11-12 00:30:00+00:00,9907.5,9908.7,9906.3,9907.8,290
2025-11-12 00:45:00+00:00,9908.0,9910.1,9906.8,9908.1,301
2025-11-12 01:00:00+00:00,9909.6,9915.3,9906.7,9911.7,1233
2025-11-12 01:15:00+00:00,9911.5,9911.6,9906.3,9906.4,1015
2025-11-12 01:30:00+00:00,9906.2,9912.2,9906.0,9911.0,1072
2025-11-12 01:45:00+00:00,9911.4,9916.9,9911.2,9915.9,898
2025-11-12 02:00:00+00:00,9916.1,9921.8,9915.9,9919.6,734
2025-11-12 02:15:00+00:00,9919.6,9921.6,9917.9,9918.2,637
2025-11-12 02:30:00+00:00,9918.1,9918.4,9914.0,9916.4,822
2025-11-12 02:45:00+00:00,9916.5,9916.5,9913.1,9915.0,913
2025-11-12 03:00:00+00:00,9915.1,9915.1,9911.0,9913.5,731
2025-11-12 03:15:00+00:00,9913.6,9915.2,9911.4,9911.8,650
2025-11-12 03:30:00+00:00,9911.8,9911.9,9910.3,9911.1,655
2025-11-12 03:45:00+00:00,9911.1,9911.4,9909.1,9909.6,514
2025-11-12 04:00:00+00:00,9909.5,9910.6,9907.4,9910.1,747
2025-11-12 04:15:00+00:00,9910.1,9911.9,9909.4,9910.6,674
2025-11-12 04:30:00+00:00,9910.6,9910.8,9908.8,9910.0,482
2025-11-12 04:45:00+00:00,9910.0,9912.1,9909.5,9912.1,504
2025-11-12 05:00:00+00:00,9911.9,9912.7,9908.4,9908.9,705
2025-11-12 05:15:00+00:00,9908.9,9909.0,9907.0,9908.1,732
2025-11-12 05:30:00+00:00,9908.1,9912.1,9908.1,9912.1,537
2025-11-12 05:45:00+00:00,9912.2,9914.2,9911.7,9912.2,496
2025-11-12 06:00:00+00:00,9912.2,9914.7,9911.4,9912.9,153
2025-11-12 06:15:00+00:00,9912.7,9913.7,9912.2,9913.0,73
2025-11-12 06:30:00+00:00,9912.2,9915.0,9911.2,9914.5,142
2025-11-12 06:45:00+00:00,9914.2,9915.2,9903.0,9903.8,139
2025-11-12 07:00:00+00:00,9903.5,9911.5,9901.5,9908.3,264
2025-11-12 07:15:00+00:00,9908.5,9909.3,9903.6,9907.0,169
2025-11-12 07:30:00+00:00,9906.8,9912.0,9903.8,9911.8,294
2025-11-12 07:45:00+00:00,9912.0,9923.7,9911.0,9921.0,396
2025-11-12 08:00:00+00:00,9921.2,9927.6,9912.0,9921.2,2162
2025-11-12 08:15:00+00:00,9921.7,9924.4,9919.5,9923.9,825
2025-11-12 08:30:00+00:00,9924.1,9925.1,9905.5,9907.5,808
2025-11-12 08:45:00+00:00,9907.3,9912.0,9903.3,9905.8,715
2025-11-12 09:00:00+00:00,9906.3,9908.5,9899.6,9900.3,778
2025-11-12 09:15:00+00:00,9900.6,9905.4,9892.3,9893.4,534
2025-11-12 09:30:00+00:00,9893.6,9901.1,9892.0,9899.3,517
2025-11-12 09:45:00+00:00,9899.6,9899.6,9891.6,9891.9,457
2025-11-12 10:00:00+00:00,9892.4,9894.3,9886.9,9890.9,465
2025-11-12 10:15:00+00:00,9890.9,9892.6,9887.2,9889.8,447
2025-11-12 10:30:00+00:00,9889.3,9893.4,9887.4,9890.9,380
2025-11-12 10:45:00+00:00,9890.9,9895.1,9887.2,9889.8,439
2025-11-12 11:00:00+00:00,9890.1,9894.0,9885.1,9885.9,394
2025-11-12 11:15:00+00:00,9885.6,9888.8,9883.1,9885.2,348
2025-11-12 11:30:00+00:00,9885.4,9888.2,9883.6,9884.9,448
2025-11-12 11:45:00+00:00,9885.1,9885.1,9879.0,9879.7,432
2025-11-12 12:00:00+00:00,9879.5,9888.8,9877.7,9886.2,642
2025-11-12 12:15:00+00:00,9885.9,9893.2,9885.9,9891.9,340
2025-11-12 12:30:00+00:00,9891.6,9902.9,9890.6,9900.9,409
2025-11-12 12:45:00+00:00,9900.4,9902.4,9895.8,9899.5,426
2025-11-12 13:00:00+00:00,9899.5,9900.5,9895.6,9898.6,381
2025-11-12 13:15:00+00:00,9898.1,9904.3,9897.1,9902.3,337
2025-11-12 13:30:00+00:00,9902.5,9907.5,9901.1,9901.6,420
2025-11-12 13:45:00+00:00,9901.9,9909.0,9900.0,9902.3,513
2025-11-12 14:00:00+00:00,9902.3,9907.2,9898.6,9900.6,612
2025-11-12 14:15:00+00:00,9900.9,9910.0,9899.9,9905.9,582
2025-11-12 14:30:00+00:00,9906.2,9921.2,9906.2,9914.8,1253
2025-11-12 14:45:00+00:00,9915.0,9931.3,9913.8,9931.1,974
2025-11-12 15:00:00+00:00,9930.6,9930.8,9919.0,9920.0,1079
2025-11-12 15:15:00+00:00,9920.2,9924.5,9913.3,9917.7,762
2025-11-12 15:30:00+00:00,9917.2,9918.6,9911.6,9915.7,830
2025-11-12 15:45:00+00:00,9916.0,9917.0,9907.3,9910.8,1044
2025-11-12 16:00:00+00:00,9910.5,9915.8,9908.7,9910.8,923
2025-11-12 16:15:00+00:00,9910.5,9918.1,9907.6,9908.1,1030
2025-11-12 16:30:00+00:00,9909.1,9916.1,9906.6,9913.3,987
2025-11-12 16:45:00+00:00,9913.6,9916.1,9902.2,9902.7,894
2025-11-12 17:00:00+00:00,9902.9,9913.6,9902.4,9912.1,796
2025-11-12 17:15:00+00:00,9911.4,9912.1,9904.4,9905.9,739
2025-11-12 17:30:00+00:00,9905.7,9913.9,9904.7,9910.9,521
2025-11-12 17:45:00+00:00,9910.7,9912.6,9902.0,9904.7,668
2025-11-12 18:00:00+00:00,9904.9,9908.2,9898.2,9903.5,432
2025-11-12 18:15:00+00:00,9903.2,9905.0,9898.3,9899.8,321
2025-11-12 18:30:00+00:00,9899.5,9903.2,9896.0,9896.0,455
2025-11-12 18:45:00+00:00,9896.3,9902.5,9896.3,9900.5,276
2025-11-12 19:00:00+00:00,9900.8,9902.3,9897.1,9897.3,378
2025-11-12 19:15:00+00:00,9897.8,9897.8,9894.1,9895.6,312
2025-11-12 19:30:00+00:00,9895.8,9897.3,9893.3,9895.3,418
2025-11-12 19:45:00+00:00,9895.6,9897.1,9892.4,9894.1,360
2025-11-12 20:00:00+00:00,9893.9,9896.9,9891.6,9896.4,368
2025-11-12 20:15:00+00:00,9896.6,9901.4,9894.4,9901.1,247
2025-11-12 20:30:00+00:00,9900.9,9906.8,9900.4,9905.9,389
2025-11-12 20:45:00+00:00,9905.4,9905.6,9896.7,9900.9,517
2025-11-12 21:00:00+00:00,9902.2,9907.7,9900.4,9905.9,570
2025-11-12 21:30:00+00:00,9905.2,9905.4,9903.4,9904.9,127
2025-11-12 21:45:00+00:00,9904.7,9904.9,9899.7,9899.9,150
2025-11-12 23:00:00+00:00,9873.7,9884.6,9873.4,9881.1,564
2025-11-12 23:15:00+00:00,9881.0,9882.1,9876.8,9882.1,480
2025-11-12 23:30:00+00:00,9881.9,9882.7,9874.8,9876.1,618
2025-11-12 23:45:00+00:00,9876.2,9876.8,9869.0,9875.8,730
2025-11-13 00:00:00+00:00,9875.7,9886.4,9875.7,9884.7,714
2025-11-13 00:15:00+00:00,9884.4,9886.8,9880.6,9880.9,597
2025-11-13 00:30:00+00:00,9881.4,9883.3,9878.8,9882.4,632
2025-11-13 00:45:00+00:00,9882.3,9882.4,9877.6,9880.9,635
2025-11-13 01:00:00+00:00,9886.5,9901.5,9884.3,9898.1,2932
2025-11-13 01:15:00+00:00,9897.9,9900.2,9890.7,9891.5,2094
2025-11-13 01:30:00+00:00,9891.3,9900.6,9891.3,9898.3,1704
2025-11-13 01:45:00+00:00,9898.3,9899.5,9896.2,9897.3,1436
2025-11-13 02:00:00+00:00,9897.4,9898.5,9892.4,9896.4,1277
2025-11-13 02:15:00+00:00,9896.5,9901.1,9896.3,9898.2,1072
2025-11-13 02:30:00+00:00,9898.0,9898.0,9893.3,9893.7,882
2025-11-13 02:45:00+00:00,9893.5,9895.5,9892.1,9893.8,904
2025-11-13 03:00:00+00:00,9893.8,9894.5,9890.1,9892.8,1059
2025-11-13 03:15:00+00:00,9892.6,9899.2,9891.9,9898.9,908
2025-11-13 03:30:00+00:00,9898.9,9900.7,9895.6,9896.3,999
2025-11-13 03:45:00+00:00,9895.9,9896.3,9893.3,9895.9,917
2025-11-13 04:00:00+00:00,9895.9,9897.4,9893.8,9895.7,823
2025-11-13 04:15:00+00:00,9895.5,9896.5,9894.3,9895.8,634
2025-11-13 04:30:00+00:00,9895.8,9897.8,9894.9,9897.8,555
2025-11-13 04:45:00+00:00,9897.8,9901.7,9897.8,9900.2,650
2025-11-13 05:00:00+00:00,9900.3,9903.9,9899.2,9901.7,739
2025-11-13 05:15:00+00:00,9901.7,9902.3,9900.0,9900.7,539
2025-11-13 05:30:00+00:00,9900.8,9902.3,9899.7,9901.5,457
2025-11-13 05:45:00+00:00,9901.5,9901.9,9899.2,9899.7,588
2025-11-13 06:00:00+00:00,9899.5,9905.5,9899.0,9902.3,272
2025-11-13 06:15:00+00:00,9901.8,9902.5,9900.0,9901.5,134
2025-11-13 06:30:00+00:00,9901.8,9905.3,9901.3,9903.0,170
2025-11-13 06:45:00+00:00,9903.3,9904.8,9901.3,9903.8,259
2025-11-13 07:00:00+00:00,9908.0,9918.3,9904.5,9910.8,406
2025-11-13 07:15:00+00:00,9911.0,9913.0,9904.8,9911.8,316
2025-11-13 07:30:00+00:00,9911.5,9913.3,9902.8,9904.0,336
2025-11-13 07:45:00+00:00,9903.8,9904.3,9889.0,9893.5,367
2025-11-13 08:00:00+00:00,9892.8,9897.8,9879.5,9880.0,1763
2025-11-13 08:15:00+00:00,9880.3,9887.0,9877.8,9883.3,983
2025-11-13 08:30:00+00:00,9883.0,9895.3,9880.0,9894.3,857
2025-11-13 08:45:00+00:00,9893.8,9894.0,9879.0,9879.8,750
2025-11-13 09:00:00+00:00,9880.8,9884.5,9876.0,9878.9,849
2025-11-13 09:15:00+00:00,9879.2,9884.3,9876.7,9880.1,689
2025-11-13 09:30:00+00:00,9879.3,9885.3,9874.4,9880.9,800
2025-11-13 09:45:00+00:00,9880.7,9886.2,9879.6,9883.8,624
2025-11-13 10:00:00+00:00,9884.0,9884.8,9878.0,9879.6,592
2025-11-13 10:15:00+00:00,9879.8,9884.5,9873.3,9873.6,561
2025-11-13 10:30:00+00:00,9873.8,9876.2,9870.8,9872.8,434
2025-11-13 10:45:00+00:00,9873.0,9874.3,9868.2,9869.3,482
2025-11-13 11:00:00+00:00,9869.0,9869.6,9863.8,9863.8,457
2025-11-13 11:15:00+00:00,9863.5,9864.3,9858.6,9861.5,538
2025-11-13 11:30:00+00:00,9861.7,9862.2,9855.0,9856.3,519
2025-11-13 11:45:00+00:00,9856.5,9860.1,9852.8,9854.0,450
2025-11-13 12:00:00+00:00,9854.8,9859.5,9848.6,9849.8,508
2025-11-13 12:15:00+00:00,9849.6,9852.4,9844.3,9845.8,412
2025-11-13 12:30:00+00:00,9845.3,9849.1,9842.3,9844.2,452
2025-11-13 12:45:00+00:00,9843.9,9845.9,9834.9,9836.4,482
2025-11-13 13:00:00+00:00,9836.7,9836.7,9828.2,9832.5,543
2025-11-13 13:15:00+00:00,9832.8,9838.5,9830.8,9838.5,534
2025-11-13 13:30:00+00:00,9838.3,9844.0,9836.7,9841.7,585
2025-11-13 13:45:00+00:00,9841.9,9851.2,9841.9,9848.9,584
2025-11-13 14:00:00+00:00,9849.1,9849.1,9833.7,9838.4,716
2025-11-13 14:15:00+00:00,9838.2,9841.2,9834.4,9835.6,594
2025-11-13 14:30:00+00:00,9835.9,9844.9,9830.1,9832.3,1722
2025-11-13 14:45:00+00:00,9832.1,9842.8,9830.3,9833.1,1712
2025-11-13 15:00:00+00:00,9833.3,9838.0,9828.4,9830.7,1510
2025-11-13 15:15:00+00:00,9831.0,9837.2,9826.4,9827.6,1279
2025-11-13 15:30:00+00:00,9827.3,9830.7,9818.3,9820.9,1190
2025-11-13 15:45:00+00:00,9821.1,9821.1,9813.4,9817.5,1078
2025-11-13 16:00:00+00:00,9817.7,9822.9,9813.1,9814.5,1172
2025-11-13 16:15:00+00:00,9814.8,9817.3,9804.6,9807.1,1297
2025-11-13 16:30:00+00:00,9806.6,9810.0,9794.6,9796.3,1613
2025-11-13 16:45:00+00:00,9796.1,9799.3,9790.7,9793.4,1231
2025-11-13 17:00:00+00:00,9793.1,9798.1,9785.7,9786.7,1338
2025-11-13 17:15:00+00:00,9786.4,9794.7,9786.2,9792.2,1027
2025-11-13 17:30:00+00:00,9791.9,9798.1,9790.4,9790.4,1076
2025-11-13 17:45:00+00:00,9790.2,9790.2,9779.8,9781.5,1109
2025-11-13 18:00:00+00:00,9782.0,9785.0,9777.5,9781.0,714
2025-11-13 18:15:00+00:00,9780.8,9781.8,9768.6,9770.3,674
2025-11-13 18:30:00+00:00,9769.8,9770.1,9757.2,9759.9,1211
2025-11-13 18:45:00+00:00,9760.1,9766.4,9759.1,9762.6,1281
2025-11-13 19:00:00+00:00,9763.1,9766.4,9757.2,9759.2,985
2025-11-13 19:15:00+00:00,9758.9,9767.1,9756.4,9766.4,959
2025-11-13 19:30:00+00:00,9766.2,9767.4,9751.5,9753.7,966
2025-11-13 19:45:00+00:00,9754.0,9756.2,9744.8,9750.5,958
2025-11-13 20:00:00+00:00,9750.8,9752.5,9744.3,9746.3,1099
2025-11-13 20:15:00+00:00,9746.5,9751.8,9741.8,9747.8,1151
2025-11-13 20:30:00+00:00,9748.0,9757.8,9745.3,9751.8,950
2025-11-13 20:45:00+00:00,9751.5,9753.0,9736.4,9747.8,1328
2025-11-13 21:00:00+00:00,9749.5,9763.9,9749.3,9763.9,767
2025-11-13 21:30:00+00:00,9759.4,9760.2,9752.3,9754.1,395
2025-11-13 21:45:00+00:00,9753.9,9754.1,9748.3,9749.3,347
2025-11-13 23:00:00+00:00,9758.3,9763.9,9757.4,9759.1,437
2025-11-13 23:15:00+00:00,9759.7,9766.8,9758.2,9766.3,574
2025-11-13 23:30:00+00:00,9766.4,9768.3,9762.5,9764.8,545
2025-11-13 23:45:00+00:00,9764.5,9764.5,9760.0,9761.1,633
2025-11-14 00:00:00+00:00,9761.2,9765.5,9759.1,9764.0,876
2025-11-14 00:15:00+00:00,9764.3,9768.6,9762.9,9767.8,604
2025-11-14 00:30:00+00:00,9767.6,9767.8,9762.5,9764.8,623
2025-11-14 00:45:00+00:00,9764.9,9766.6,9760.0,9761.5,710
2025-11-14 01:00:00+00:00,9750.1,9769.0,9749.9,9766.7,1484
2025-11-14 01:15:00+00:00,9766.8,9769.0,9763.2,9763.4,1427
2025-11-14 01:30:00+00:00,9764.0,9772.0,9763.5,9770.2,1465
2025-11-14 01:45:00+00:00,9770.4,9772.8,9766.6,9772.0,1102
2025-11-14 02:00:00+00:00,9772.1,9777.7,9772.1,9777.5,1150
2025-11-14 02:15:00+00:00,9777.5,9779.7,9777.5,9779.2,817
2025-11-14 02:30:00+00:00,9779.4,9781.2,9777.2,9777.7,906
2025-11-14 02:45:00+00:00,9777.8,9780.6,9775.6,9775.6,864
2025-11-14 03:00:00+00:00,9775.6,9778.7,9773.0,9778.2,976
2025-11-14 03:15:00+00:00,9778.3,9779.5,9770.5,9771.4,825
2025-11-14 03:30:00+00:00,9771.6,9771.7,9768.2,9768.9,919
2025-11-14 03:45:00+00:00,9768.9,9772.6,9766.5,9769.5,981
2025-11-14 04:00:00+00:00,9769.5,9770.1,9763.1,9767.3,1348
2025-11-14 04:15:00+00:00,9767.1,9767.8,9761.5,9763.9,1269
2025-11-14 04:30:00+00:00,9763.8,9766.0,9761.5,9762.0,1335
2025-11-14 04:45:00+00:00,9762.0,9764.1,9761.4,9761.9,1293
2025-11-14 05:00:00+00:00,9761.7,9763.1,9756.4,9757.9,1316
2025-11-14 05:15:00+00:00,9758.0,9765.3,9755.5,9761.5,1648
2025-11-14 05:30:00+00:00,9761.5,9768.9,9761.3,9768.4,1531
2025-11-14 05:45:00+00:00,9768.5,9771.0,9764.9,9765.3,1468
2025-11-14 06:00:00+00:00,9765.5,9766.7,9761.8,9761.8,337
2025-11-14 06:15:00+00:00,9761.3,9761.8,9757.3,9758.8,211
2025-11-14 06:30:00+00:00,9758.5,9760.3,9752.6,9757.1,359
2025-11-14 06:45:00+00:00,9757.3,9764.8,9753.8,9764.3,265
2025-11-14 07:00:00+00:00,9763.3,9763.6,9736.4,9737.4,572
2025-11-14 07:15:00+00:00,9736.9,9745.2,9734.5,9740.4,703
2025-11-14 07:30:00+00:00,9740.2,9740.2,9721.8,9724.7,728
2025-11-14 07:45:00+00:00,9724.9,9731.2,9720.5,9728.2,724
2025-11-14 08:00:00+00:00,9728.7,9729.2,9700.4,9704.7,3076
2025-11-14 08:15:00+00:00,9705.0,9708.3,9695.8,9702.6,1615
2025-11-14 08:30:00+00:00,9702.8,9710.3,9692.3,9704.1,2023
2025-11-14 08:45:00+00:00,9703.8,9708.0,9694.8,9707.6,1587
2025-11-14 09:00:00+00:00,9708.1,9714.1,9700.9,9703.9,1280
2025-11-14 09:15:00+00:00,9703.6,9704.2,9689.8,9690.6,860
2025-11-14 09:30:00+00:00,9690.3,9694.8,9683.0,9693.5,962
2025-11-14 09:45:00+00:00,9693.2,9693.2,9682.4,9685.2,791
2025-11-14 10:00:00+00:00,9684.9,9689.8,9677.0,9683.4,766
2025-11-14 10:15:00+00:00,9683.1,9684.6,9674.4,9674.9,625
2025-11-14 10:30:00+00:00,9674.6,9677.1,9669.9,9674.9,555
2025-11-14 10:45:00+00:00,9674.4,9674.4,9662.7,9665.1,697
2025-11-14 11:00:00+00:00,9664.8,9669.9,9650.7,9655.7,916
2025-11-14 11:15:00+00:00,9656.2,9656.2,9648.3,9651.6,796
2025-11-14 11:30:00+00:00,9651.3,9652.3,9638.2,9639.9,913
2025-11-14 11:45:00+00:00,9639.7,9640.7,9622.7,9627.9,1018
2025-11-14 12:00:00+00:00,9628.4,9628.4,9607.9,9618.3,1293
2025-11-14 12:15:00+00:00,9618.0,9639.1,9612.9,9637.4,1272
2025-11-14 12:30:00+00:00,9637.6,9638.6,9624.2,9629.0,1182
2025-11-14 12:45:00+00:00,9629.2,9637.6,9625.7,9635.2,1004
2025-11-14 13:00:00+00:00,9634.7,9637.7,9623.1,9628.1,1091
2025-11-14 13:15:00+00:00,9628.6,9629.8,9619.6,9629.0,918
2025-11-14 13:30:00+00:00,9629.3,9634.1,9624.3,9631.4,1291
2025-11-14 13:45:00+00:00,9631.6,9652.6,9631.3,9651.1,1261
2025-11-14 14:00:00+00:00,9650.8,9652.5,9637.4,9637.6,1002
2025-11-14 14:15:00+00:00,9637.4,9649.0,9635.1,9643.0,887
2025-11-14 14:30:00+00:00,9643.2,9660.4,9634.9,9660.2,2907
2025-11-14 14:45:00+00:00,9659.9,9679.5,9658.9,9678.8,2098
2025-11-14 15:00:00+00:00,9679.0,9682.1,9666.3,9680.1,2423
2025-11-14 15:15:00+00:00,9679.8,9688.1,9670.4,9681.5,2225
2025-11-14 15:30:00+00:00,9681.2,9690.5,9671.8,9683.6,1811
2025-11-14 15:45:00+00:00,9683.1,9694.4,9682.8,9686.8,1473
2025-11-14 16:00:00+00:00,9687.0,9687.3,9673.1,9683.0,1431
2025-11-14 16:15:00+00:00,9682.8,9697.1,9682.0,9696.6,1041
2025-11-14 16:30:00+00:00,9696.8,9713.0,9695.6,9704.1,1483
2025-11-14 16:45:00+00:00,9703.6,9711.6,9699.1,9710.6,1200
2025-11-14 17:00:00+00:00,9710.3,9714.3,9705.6,9708.5,1034
2025-11-14 17:15:00+00:00,9708.3,9711.5,9702.1,9707.1,1017
2025-11-14 17:30:00+00:00,9706.8,9716.5,9702.8,9712.8,922
2025-11-14 17:45:00+00:00,9712.6,9714.3,9702.6,9704.4,1041
2025-11-14 18:00:00+00:00,9704.1,9704.4,9686.9,9701.9,1258
2025-11-14 18:15:00+00:00,9701.6,9701.6,9687.0,9693.9,959
2025-11-14 18:30:00+00:00,9693.7,9696.9,9683.5,9684.5,998
2025-11-14 18:45:00+00:00,9684.2,9695.9,9680.8,9692.5,974
2025-11-14 19:00:00+00:00,9692.2,9695.0,9686.0,9693.0,793
2025-11-14 19:15:00+00:00,9692.7,9699.5,9692.7,9697.2,670
2025-11-14 19:30:00+00:00,9697.5,9699.5,9694.0,9696.0,833
2025-11-14 19:45:00+00:00,9696.2,9701.0,9695.5,9698.5,786
2025-11-14 20:00:00+00:00,9698.7,9701.7,9693.3,9693.5,760
2025-11-14 20:15:00+00:00,9693.8,9694.5,9685.8,9690.3,754
2025-11-14 20:30:00+00:00,9690.1,9694.5,9687.1,9690.8,669
2025-11-14 20:45:00+00:00,9690.6,9695.1,9686.6,9691.1,888
2025-11-16 23:00:00+00:00,9675.2,9692.2,9673.4,9691.7,683
2025-11-16 23:15:00+00:00,9691.5,9700.6,9690.1,9698.6,750
2025-11-16 23:30:00+00:00,9698.8,9706.3,9698.1,9700.2,760
2025-11-16 23:45:00+00:00,9700.4,9703.9,9698.2,9700.3,647
2025-11-17 00:00:00+00:00,9700.2,9702.7,9692.2,9695.0,1077
2025-11-17 00:15:00+00:00,9694.4,9701.2,9689.3,9695.7,1146
2025-11-17 00:30:00+00:00,9695.8,9706.7,9695.5,9704.2,1068
2025-11-17 00:45:00+00:00,9704.0,9707.0,9703.0,9704.5,828
2025-11-17 01:00:00+00:00,9690.4,9693.9,9684.0,9688.1,1791
2025-11-17 01:15:00+00:00,9688.1,9692.2,9686.9,9687.8,1380
2025-11-17 01:30:00+00:00,9687.8,9689.6,9683.3,9683.4,1475
2025-11-17 01:45:00+00:00,9683.7,9683.7,9676.7,9676.8,1340
2025-11-17 02:00:00+00:00,9676.9,9683.2,9675.3,9683.1,1437
2025-11-17 02:15:00+00:00,9683.0,9683.0,9674.7,9675.3,1121
2025-11-17 02:30:00+00:00,9675.2,9678.6,9674.8,9678.2,1055
2025-11-17 02:45:00+00:00,9678.5,9684.4,9678.2,9683.8,1093
2025-11-17 03:00:00+00:00,9683.8,9688.4,9683.1,9684.4,942
2025-11-17 03:15:00+00:00,9684.6,9685.1,9680.7,9680.9,896
2025-11-17 03:30:00+00:00,9680.8,9683.1,9679.8,9680.4,943
2025-11-17 03:45:00+00:00,9680.4,9684.7,9679.8,9684.7,870
2025-11-17 04:00:00+00:00,9684.7,9690.9,9684.6,9688.8,730
2025-11-17 04:15:00+00:00,9688.9,9690.3,9686.9,9688.1,615
2025-11-17 04:30:00+00:00,9688.1,9688.7,9686.1,9687.4,622
2025-11-17 04:45:00+00:00,9687.6,9689.5,9686.4,9686.4,541
2025-11-17 05:00:00+00:00,9686.4,9688.5,9684.1,9685.3,822
2025-11-17 05:15:00+00:00,9685.4,9686.3,9681.5,9684.6,977
2025-11-17 05:30:00+00:00,9684.4,9684.7,9680.3,9682.4,855
2025-11-17 05:45:00+00:00,9682.4,9686.8,9682.4,9683.7,684
2025-11-17 06:00:00+00:00,9683.7,9685.9,9681.9,9684.1,182
2025-11-17 06:15:00+00:00,9683.9,9687.9,9683.9,9685.9,232
2025-11-17 06:30:00+00:00,9686.1,9686.6,9683.4,9685.1,258
2025-11-17 06:45:00+00:00,9684.9,9686.6,9682.9,9684.4,124
2025-11-17 07:00:00+00:00,9684.1,9687.9,9679.4,9687.4,372
2025-11-17 07:15:00+00:00,9687.6,9694.4,9687.4,9691.9,317
2025-11-17 07:30:00+00:00,9692.1,9696.4,9689.9,9696.1,348
2025-11-17 07:45:00+00:00,9696.4,9696.9,9685.6,9687.4,407
2025-11-17 08:00:00+00:00,9687.1,9708.0,9681.1,9707.5,1684
2025-11-17 08:15:00+00:00,9707.3,9708.8,9700.0,9702.4,981
2025-11-17 08:30:00+00:00,9702.6,9707.5,9701.8,9703.8,718
2025-11-17 08:45:00+00:00,9703.3,9704.8,9695.4,9697.8,743
2025-11-17 09:00:00+00:00,9698.3,9698.8,9684.1,9689.8,1020
2025-11-17 09:15:00+00:00,9689.3,9693.2,9685.2,9688.5,669
2025-11-17 09:30:00+00:00,9688.7,9692.7,9684.4,9691.1,752
2025-11-17 09:45:00+00:00,9691.4,9695.3,9691.0,9693.0,558
2025-11-17 10:00:00+00:00,9692.8,9695.5,9690.0,9691.6,659
2025-11-17 10:15:00+00:00,9691.4,9691.4,9679.4,9679.9,734
2025-11-17 10:30:00+00:00,9679.4,9684.7,9677.0,9682.8,739
2025-11-17 10:45:00+00:00,9682.6,9686.3,9678.8,9683.1,780
2025-11-17 11:00:00+00:00,9682.9,9686.2,9680.1,9685.1,678
2025-11-17 11:15:00+00:00,9685.6,9698.6,9685.1,9697.5,561
2025-11-17 11:30:00+00:00,9697.0,9699.5,9688.1,9689.0,598
2025-11-17 11:45:00+00:00,9689.3,9691.1,9681.0,9682.0,624
2025-11-17 12:00:00+00:00,9681.7,9681.7,9672.1,9676.4,799
2025-11-17 12:15:00+00:00,9676.9,9681.1,9675.9,9677.8,541
2025-11-17 12:30:00+00:00,9677.6,9680.1,9672.0,9674.7,696
2025-11-17 12:45:00+00:00,9675.0,9680.9,9667.2,9680.7,773
2025-11-17 13:00:00+00:00,9680.4,9683.9,9671.1,9672.6,911
2025-11-17 13:15:00+00:00,9672.9,9678.2,9669.2,9677.4,653
2025-11-17 13:30:00+00:00,9676.9,9676.9,9667.4,9671.8,777
2025-11-17 13:45:00+00:00,9672.1,9685.9,9667.8,9685.9,799
2025-11-17 14:00:00+00:00,9685.4,9688.3,9680.4,9682.0,707
2025-11-17 14:15:00+00:00,9682.2,9687.6,9680.5,9683.9,655
2025-11-17 14:30:00+00:00,9684.2,9690.2,9676.3,9685.9,1878
2025-11-17 14:45:00+00:00,9685.6,9694.2,9684.8,9693.3,1447
2025-11-17 15:00:00+00:00,9693.0,9699.0,9687.2,9692.6,1542
2025-11-17 15:15:00+00:00,9693.1,9700.6,9692.2,9695.5,1278
2025-11-17 15:30:00+00:00,9695.2,9698.2,9682.9,9692.7,1274
2025-11-17 15:45:00+00:00,9692.5,9697.9,9686.5,9687.0,1443
2025-11-17 16:00:00+00:00,9687.3,9689.0,9676.2,9677.7,1333
2025-11-17 16:15:00+00:00,9677.4,9682.7,9671.2,9679.7,1319
2025-11-17 16:30:00+00:00,9680.2,9684.7,9671.7,9679.5,1338
2025-11-17 16:45:00+00:00,9679.7,9691.2,9678.7,9690.7,723
2025-11-17 17:00:00+00:00,9690.2,9690.7,9683.7,9688.0,724
2025-11-17 17:15:00+00:00,9687.7,9692.7,9684.8,9691.2,833
2025-11-17 17:30:00+00:00,9691.5,9693.0,9681.3,9681.5,886
2025-11-17 17:45:00+00:00,9681.8,9682.0,9671.1,9671.4,942
2025-11-17 18:00:00+00:00,9671.1,9671.6,9663.9,9669.9,957
2025-11-17 18:15:00+00:00,9669.6,9674.6,9667.9,9669.6,678
2025-11-17 18:30:00+00:00,9669.4,9669.4,9662.9,9666.7,684
2025-11-17 18:45:00+00:00,9666.9,9674.6,9654.5,9654.5,754
2025-11-17 19:00:00+00:00,9654.2,9656.2,9648.0,9650.0,1266
2025-11-17 19:15:00+00:00,9650.3,9651.3,9639.3,9644.6,1023
2025-11-17 19:30:00+00:00,9644.3,9647.5,9626.2,9631.1,1092
2025-11-17 19:45:00+00:00,9630.9,9631.9,9607.5,9608.3,1375
2025-11-17 20:00:00+00:00,9608.0,9616.2,9604.5,9611.0,1320
2025-11-17 20:15:00+00:00,9611.5,9618.5,9609.5,9616.0,1119
2025-11-17 20:30:00+00:00,9616.3,9621.2,9612.3,9618.8,1115
2025-11-17 20:45:00+00:00,9619.1,9629.0,9618.1,9627.0,1157
2025-11-17 21:00:00+00:00,9627.3,9635.2,9627.3,9634.3,739
2025-11-17 21:30:00+00:00,9631.4,9632.2,9626.4,9628.7,395
2025-11-17 21:45:00+00:00,9628.4,9632.5,9628.4,9631.7,254
2025-11-17 23:00:00+00:00,9638.3,9640.8,9630.8,9631.9,472
2025-11-17 23:15:00+00:00,9631.8,9636.3,9627.6,9635.8,518
2025-11-17 23:30:00+00:00,9636.2,9639.8,9634.1,9635.8,532
2025-11-17 23:45:00+00:00,9635.6,9636.5,9632.9,9635.8,576
2025-11-18 00:00:00+00:00,9636.1,9639.0,9634.3,9636.1,806
2025-11-18 00:15:00+00:00,9636.6,9636.6,9624.8,9625.1,960
2025-11-18 00:30:00+00:00,9625.3,9627.3,9619.5,9620.1,908
2025-11-18 00:45:00+00:00,9620.3,9631.1,9620.3,9625.8,1001
2025-11-18 01:00:00+00:00,9615.2,9623.1,9612.3,9618.8,2106
2025-11-18 01:15:00+00:00,9618.8,9626.6,9618.5,9619.2,2064
2025-11-18 01:30:00+00:00,9619.0,9620.8,9615.0,9619.1,2167
2025-11-18 01:45:00+00:00,9619.2,9621.1,9613.9,9615.4,1312
2025-11-18 02:00:00+00:00,9615.3,9618.6,9612.5,9613.7,1479
2025-11-18 02:15:00+00:00,9613.9,9616.6,9611.1,9613.7,1549
2025-11-18 02:30:00+00:00,9613.7,9615.1,9605.2,9606.2,1680
2025-11-18 02:45:00+00:00,9606.1,9609.5,9603.3,9603.4,1540
2025-11-18 03:00:00+00:00,9603.4,9603.5,9597.2,9599.0,1877
2025-11-18 03:15:00+00:00,9599.0,9601.5,9596.6,9596.8,1515
2025-11-18 03:30:00+00:00,9596.8,9598.5,9587.9,9590.5,2009
2025-11-18 03:45:00+00:00,9590.5,9592.3,9587.3,9590.1,1786
2025-11-18 04:00:00+00:00,9590.0,9590.5,9577.6,9577.7,1710
2025-11-18 04:15:00+00:00,9577.7,9579.5,9552.8,9563.2,3465
2025-11-18 04:30:00+00:00,9563.3,9571.3,9563.3,9569.0,2375
2025-11-18 04:45:00+00:00,9568.7,9571.9,9566.4,9569.1,1935
2025-11-18 05:00:00+00:00,9568.8,9570.6,9559.4,9569.3,2286
2025-11-18 05:15:00+00:00,9569.2,9571.1,9564.4,9564.9,1958
2025-11-18 05:30:00+00:00,9565.1,9570.5,9564.5,9569.9,1771
2025-11-18 05:45:00+00:00,9569.9,9571.8,9564.2,9565.5,1696
2025-11-18 06:00:00+00:00,9565.3,9571.1,9564.9,9569.8,549
2025-11-18 06:15:00+00:00,9570.6,9572.3,9563.4,9569.1,558
2025-11-18 06:30:00+00:00,9568.4,9568.6,9555.9,9561.7,697
2025-11-18 06:45:00+00:00,9561.4,9566.4,9559.7,9563.9,510
2025-11-18 07:00:00+00:00,9563.4,9563.9,9537.7,9545.9,785
2025-11-18 07:15:00+00:00,9546.4,9558.6,9541.7,9558.6,677
2025-11-18 07:30:00+00:00,9558.4,9575.0,9558.4,9572.6,654
2025-11-18 07:45:00+00:00,9572.8,9574.3,9557.9,9564.4,718
2025-11-18 08:00:00+00:00,9564.9,9591.6,9561.1,9581.9,3184
2025-11-18 08:15:00+00:00,9581.6,9588.3,9572.0,9581.5,2170
2025-11-18 08:30:00+00:00,9581.2,9602.1,9579.0,9597.2,1824
2025-11-18 08:45:00+00:00,9597.0,9597.5,9584.1,9590.1,1148
2025-11-18 09:00:00+00:00,9589.8,9601.6,9584.2,9595.6,1366
2025-11-18 09:15:00+00:00,9595.9,9603.7,9589.5,9589.5,1051
2025-11-18 09:30:00+00:00,9589.2,9593.4,9579.9,9584.1,1103
2025-11-18 09:45:00+00:00,9584.4,9597.3,9583.3,9592.3,911
2025-11-18 10:00:00+00:00,9592.1,9592.6,9571.4,9571.4,873
2025-11-18 10:15:00+00:00,9571.2,9578.6,9566.0,9574.1,857
2025-11-18 10:30:00+00:00,9574.6,9582.9,9567.4,9568.9,755
2025-11-18 10:45:00+00:00,9569.1,9577.1,9562.1,9570.9,903
2025-11-18 11:00:00+00:00,9570.4,9574.0,9557.1,9558.1,803
2025-11-18 11:15:00+00:00,9557.8,9563.5,9554.6,9560.4,800
2025-11-18 11:30:00+00:00,9560.2,9562.1,9550.5,9554.8,768
2025-11-18 11:45:00+00:00,9554.8,9561.2,9552.6,9558.5,726
2025-11-18 12:00:00+00:00,9558.7,9560.7,9537.3,9538.3,1019
2025-11-18 12:15:00+00:00,9538.1,9552.0,9538.1,9540.9,930
2025-11-18 12:30:00+00:00,9540.6,9544.4,9536.4,9539.7,902
2025-11-18 12:45:00+00:00,9539.5,9541.0,9532.8,9537.6,1109
2025-11-18 13:00:00+00:00,9538.1,9551.0,9535.8,9549.2,1037
2025-11-18 13:15:00+00:00,9549.5,9555.7,9546.2,9550.3,941
2025-11-18 13:30:00+00:00,9550.0,9559.9,9546.3,9546.3,1072
2025-11-18 13:45:00+00:00,9546.1,9550.9,9541.6,9546.5,800
2025-11-18 14:00:00+00:00,9546.3,9548.4,9533.8,9533.8,668
2025-11-18 14:15:00+00:00,9533.6,9536.6,9529.7,9533.0,716
2025-11-18 14:30:00+00:00,9532.5,9560.3,9531.0,9552.0,3133
2025-11-18 14:45:00+00:00,9551.8,9563.2,9534.9,9540.6,2834
2025-11-18 15:00:00+00:00,9540.1,9544.6,9523.7,9533.7,3162
2025-11-18 15:15:00+00:00,9533.0,9538.9,9522.7,9526.3,3309
2025-11-18 15:30:00+00:00,9526.6,9538.0,9517.6,9519.7,3840
2025-11-18 15:45:00+00:00,9519.4,9528.0,9512.7,9520.6,3146
2025-11-18 16:00:00+00:00,9520.8,9530.6,9511.0,9524.5,2692
2025-11-18 16:15:00+00:00,9524.0,9544.3,9523.3,9542.5,1869
2025-11-18 16:30:00+00:00,9542.7,9558.4,9541.5,9558.4,2196
2025-11-18 16:45:00+00:00,9558.9,9563.4,9551.9,9557.2,1849
2025-11-18 17:00:00+00:00,9556.9,9559.7,9545.2,9546.2,1851
2025-11-18 17:15:00+00:00,9546.5,9556.7,9542.5,9542.8,1523
2025-11-18 17:30:00+00:00,9542.5,9569.4,9538.0,9569.2,1800
2025-11-18 17:45:00+00:00,9569.4,9580.1,9565.9,9577.6,1396
2025-11-18 18:00:00+00:00,9577.9,9582.9,9575.9,9577.4,1356
2025-11-18 18:15:00+00:00,9577.7,9579.4,9571.4,9571.7,1394
2025-11-18 18:30:00+00:00,9571.9,9585.6,9571.5,9578.2,1250
2025-11-18 18:45:00+00:00,9578.4,9582.9,9571.2,9573.2,1458
2025-11-18 19:00:00+00:00,9573.5,9580.7,9572.5,9579.7,1330
2025-11-18 19:15:00+00:00,9580.0,9581.0,9571.3,9573.2,942
2025-11-18 19:30:00+00:00,9573.7,9583.5,9571.3,9574.8,1153
2025-11-18 19:45:00+00:00,9575.0,9583.2,9572.8,9581.7,1245
2025-11-18 20:00:00+00:00,9581.5,9586.5,9574.8,9576.0,1193
2025-11-18 20:15:00+00:00,9575.8,9581.0,9570.6,9574.5,1048
2025-11-18 20:30:00+00:00,9574.8,9577.8,9571.3,9573.1,986
2025-11-18 20:45:00+00:00,9573.3,9579.8,9570.1,9572.3,1141
2025-11-18 21:00:00+00:00,9571.2,9573.0,9559.4,9567.7,1369
2025-11-18 21:30:00+00:00,9564.7,9568.2,9562.4,9562.9,610
2025-11-18 21:45:00+00:00,9563.2,9566.0,9560.2,9561.4,477
2025-11-18 23:00:00+00:00,9572.3,9577.5,9570.7,9572.9,529
2025-11-18 23:15:00+00:00,9573.5,9581.2,9573.5,9575.7,655
2025-11-18 23:30:00+00:00,9575.9,9577.4,9569.1,9575.2,582
2025-11-18 23:45:00+00:00,9574.9,9575.2,9570.9,9571.7,569
2025-11-19 00:00:00+00:00,9571.3,9573.7,9560.0,9560.7,1304
2025-11-19 00:15:00+00:00,9560.8,9562.4,9552.4,9556.3,1361
2025-11-19 00:30:00+00:00,9556.4,9567.9,9554.6,9566.9,1228
2025-11-19 00:45:00+00:00,9566.7,9568.9,9561.5,9567.2,1117
2025-11-19 01:00:00+00:00,9566.4,9569.6,9556.0,9557.7,2681
2025-11-19 01:15:00+00:00,9557.6,9569.3,9557.6,9564.1,2233
2025-11-19 01:30:00+00:00,9564.1,9568.2,9561.9,9562.6,2389
2025-11-19 01:45:00+00:00,9562.6,9565.3,9552.0,9559.0,2158
2025-11-19 02:00:00+00:00,9559.1,9569.4,9559.1,9566.7,2308
2025-11-19 02:15:00+00:00,9566.6,9569.9,9563.7,9569.5,1724
2025-11-19 02:30:00+00:00,9569.4,9571.3,9565.4,9566.3,1470
2025-11-19 02:45:00+00:00,9566.3,9568.0,9565.6,9566.4,1228
2025-11-19 03:00:00+00:00,9566.2,9567.1,9560.8,9561.0,1289
2025-11-19 03:15:00+00:00,9561.1,9561.1,9553.2,9556.5,1668
2025-11-19 03:30:00+00:00,9556.4,9556.4,9551.4,9552.7,1574
2025-11-19 03:45:00+00:00,9552.7,9553.0,9546.5,9547.3,1419
2025-11-19 04:00:00+00:00,9547.3,9548.1,9543.9,9545.9,1687
2025-11-19 04:15:00+00:00,9546.0,9551.0,9545.9,9549.9,1507
2025-11-19 04:30:00+00:00,9549.9,9550.5,9545.8,9550.3,1584
2025-11-19 04:45:00+00:00,9550.3,9551.2,9543.4,9543.9,1459
2025-11-19 05:00:00+00:00,9543.9,9549.1,9543.7,9545.9,1758
2025-11-19 05:15:00+00:00,9545.9,9549.7,9542.6,9543.4,1537
2025-11-19 05:30:00+00:00,9543.5,9543.7,9533.6,9534.7,1725
2025-11-19 05:45:00+00:00,9534.7,9549.2,9532.2,9547.4,1960
2025-11-19 06:00:00+00:00,9547.5,9553.5,9545.2,9552.5,611
2025-11-19 06:15:00+00:00,9553.0,9558.9,9551.7,9554.0,388
2025-11-19 06:30:00+00:00,9553.5,9555.7,9550.7,9553.2,410
2025-11-19 06:45:00+00:00,9552.7,9553.2,9548.8,9548.8,261
2025-11-19 07:00:00+00:00,9549.0,9562.2,9544.3,9559.0,466
2025-11-19 07:15:00+00:00,9559.2,9560.2,9551.0,9552.8,293
2025-11-19 07:30:00+00:00,9552.3,9559.5,9551.3,9553.3,361
2025-11-19 07:45:00+00:00,9552.8,9558.5,9546.8,9551.1,537
2025-11-19 08:00:00+00:00,9551.3,9564.0,9537.7,9537.7,2359
2025-11-19 08:15:00+00:00,9537.4,9559.2,9533.6,9555.4,1438
2025-11-19 08:30:00+00:00,9555.1,9562.9,9544.9,9546.7,1091
2025-11-19 08:45:00+00:00,9546.5,9548.9,9530.3,9530.6,969
2025-11-19 09:00:00+00:00,9530.1,9546.7,9526.2,9546.0,1080
2025-11-19 09:15:00+00:00,9545.8,9548.3,9537.9,9545.4,921
2025-11-19 09:30:00+00:00,9546.4,9554.9,9542.4,9554.9,906
2025-11-19 09:45:00+00:00,9555.4,9564.2,9554.7,9564.0,613
2025-11-19 10:00:00+00:00,9564.2,9566.9,9556.0,9560.7,715
2025-11-19 10:15:00+00:00,9560.9,9569.0,9560.9,9565.3,547
2025-11-19 10:30:00+00:00,9565.0,9569.0,9559.2,9563.0,589
2025-11-19 10:45:00+00:00,9562.8,9566.4,9550.9,9560.8,904
2025-11-19 11:00:00+00:00,9561.0,9565.9,9558.9,9560.7,682
2025-11-19 11:15:00+00:00,9561.0,9563.8,9559.0,9559.3,629
2025-11-19 11:30:00+00:00,9558.8,9565.1,9557.4,9564.8,726
2025-11-19 11:45:00+00:00,9564.5,9566.5,9551.7,9552.4,612
2025-11-19 12:00:00+00:00,9551.9,9558.6,9549.7,9555.7,668
2025-11-19 12:15:00+00:00,9555.9,9555.9,9541.2,9543.8,559
2025-11-19 12:30:00+00:00,9543.5,9548.4,9540.9,9546.8,506
2025-11-19 12:45:00+00:00,9546.8,9552.7,9540.7,9540.7,698
2025-11-19 13:00:00+00:00,9540.2,9545.8,9533.8,9534.7,741
2025-11-19 13:15:00+00:00,9534.2,9536.9,9529.1,9535.8,687
2025-11-19 13:30:00+00:00,9536.0,9537.8,9527.4,9532.4,740
2025-11-19 13:45:00+00:00,9532.9,9539.5,9531.9,9535.3,606
2025-11-19 14:00:00+00:00,9535.6,9536.3,9526.1,9532.9,741
2025-11-19 14:15:00+00:00,9533.4,9534.1,9526.4,9534.1,569
2025-11-19 14:30:00+00:00,9533.9,9545.1,9530.2,9542.3,1847
2025-11-19 14:45:00+00:00,9542.0,9554.9,9540.0,9553.7,1458
2025-11-19 15:00:00+00:00,9554.7,9559.7,9549.3,9558.7,1444
2025-11-19 15:15:00+00:00,9558.9,9562.1,9546.9,9547.4,1185
2025-11-19 15:30:00+00:00,9547.9,9554.9,9545.7,9549.5,1092
2025-11-19 15:45:00+00:00,9549.7,9549.7,9530.9,9531.7,1024
2025-11-19 16:00:00+00:00,9532.0,9535.9,9518.2,9523.1,1451
2025-11-19 16:15:00+00:00,9523.6,9525.9,9511.7,9515.4,1280
2025-11-19 16:30:00+00:00,9515.6,9520.6,9502.0,9507.2,1799
2025-11-19 16:45:00+00:00,9506.7,9522.2,9506.2,9522.2,1583
2025-11-19 17:00:00+00:00,9521.7,9529.1,9514.2,9517.0,1775
2025-11-19 17:15:00+00:00,9517.2,9527.2,9516.2,9525.2,1631
2025-11-19 17:30:00+00:00,9524.9,9527.4,9511.0,9525.0,1608
2025-11-19 17:45:00+00:00,9524.7,9526.4,9518.7,9522.5,1321
2025-11-19 18:00:00+00:00,9522.2,9540.9,9520.7,9539.7,1011
2025-11-19 18:15:00+00:00,9539.9,9547.1,9533.4,9538.9,1098
2025-11-19 18:30:00+00:00,9538.7,9552.1,9536.4,9538.9,1038
2025-11-19 18:45:00+00:00,9539.4,9550.4,9534.0,9546.9,742
2025-11-19 19:00:00+00:00,9548.2,9550.9,9541.2,9544.0,993
2025-11-19 19:15:00+00:00,9544.2,9545.4,9525.5,9527.3,1058
2025-11-19 19:30:00+00:00,9527.0,9531.5,9522.8,9526.3,867
2025-11-19 19:45:00+00:00,9526.6,9538.5,9523.8,9534.8,916
2025-11-19 20:00:00+00:00,9534.5,9543.0,9533.5,9542.0,878
2025-11-19 20:15:00+00:00,9542.5,9555.7,9542.5,9551.0,754
2025-11-19 20:30:00+00:00,9551.2,9558.5,9548.0,9552.0,809
2025-11-19 20:45:00+00:00,9552.3,9555.3,9544.8,9548.3,1100
2025-11-19 21:00:00+00:00,9547.5,9552.1,9538.5,9552.1,1640
2025-11-19 21:30:00+00:00,9559.4,9578.7,9559.4,9578.7,1962
2025-11-19 21:45:00+00:00,9578.2,9579.2,9564.4,9565.4,1158
2025-11-19 23:00:00+00:00,9574.2,9585.0,9571.8,9584.6,686
2025-11-19 23:15:00+00:00,9584.9,9587.4,9576.5,9581.2,1050
2025-11-19 23:30:00+00:00,9581.1,9586.4,9579.3,9583.9,777
2025-11-19 23:45:00+00:00,9583.6,9590.4,9583.4,9588.4,766
2025-11-20 00:00:00+00:00,9588.2,9589.2,9584.3,9587.2,901
2025-11-20 00:15:00+00:00,9587.3,9599.2,9587.2,9596.2,700
2025-11-20 00:30:00+00:00,9596.5,9598.0,9589.0,9593.6,694
2025-11-20 00:45:00+00:00,9593.5,9594.2,9586.2,9586.4,583
2025-11-20 01:00:00+00:00,9574.6,9575.6,9567.9,9575.2,1617
2025-11-20 01:15:00+00:00,9575.3,9581.3,9574.1,9581.2,1408
2025-11-20 01:30:00+00:00,9581.7,9582.3,9576.0,9578.2,1085
2025-11-20 01:45:00+00:00,9578.2,9582.3,9576.3,9581.2,1215
2025-11-20 02:00:00+00:00,9581.0,9582.8,9574.5,9580.5,1404
2025-11-20 02:15:00+00:00,9580.0,9580.3,9574.5,9574.6,1023
2025-11-20 02:30:00+00:00,9574.9,9579.2,9573.4,9577.8,932
2025-11-20 02:45:00+00:00,9577.9,9579.8,9572.2,9572.5,781
2025-11-20 03:00:00+00:00,9572.4,9580.6,9571.6,9575.7,1283
2025-11-20 03:15:00+00:00,9575.9,9577.0,9572.7,9576.2,804
2025-11-20 03:30:00+00:00,9576.4,9578.4,9575.1,9576.5,1001
2025-11-20 03:45:00+00:00,9576.4,9578.4,9570.4,9574.0,1623
2025-11-20 04:00:00+00:00,9573.9,9578.1,9573.9,9575.7,1134
2025-11-20 04:15:00+00:00,9575.7,9577.0,9572.4,9574.7,1117
2025-11-20 04:30:00+00:00,9574.7,9578.0,9574.4,9576.5,840
2025-11-20 04:45:00+00:00,9576.5,9578.1,9574.3,9576.9,582
2025-11-20 05:00:00+00:00,9576.8,9580.3,9575.5,9577.2,1036
2025-11-20 05:15:00+00:00,9577.3,9579.8,9575.1,9575.1,847
2025-11-20 05:30:00+00:00,9575.1,9575.1,9570.7,9572.2,898
2025-11-20 05:45:00+00:00,9572.2,9572.6,9568.3,9571.5,826
2025-11-20 06:00:00+00:00,9571.7,9572.0,9564.5,9566.0,259
2025-11-20 06:15:00+00:00,9565.0,9567.0,9560.8,9561.5,347
2025-11-20 06:30:00+00:00,9562.0,9568.8,9561.3,9568.0,266
2025-11-20 06:45:00+00:00,9567.8,9568.3,9562.0,9566.0,181
2025-11-20 07:00:00+00:00,9566.3,9568.8,9561.8,9565.0,449
2025-11-20 07:15:00+00:00,9564.5,9566.3,9561.5,9563.8,365
2025-11-20 07:30:00+00:00,9563.0,9566.5,9552.3,9553.0,382
2025-11-20 07:45:00+00:00,9553.3,9554.5,9538.0,9549.0,700
2025-11-20 08:00:00+00:00,9549.3,9579.5,9548.3,9573.5,2123
2025-11-20 08:15:00+00:00,9573.8,9575.3,9564.0,9571.3,1258
2025-11-20 08:30:00+00:00,9570.8,9581.0,9564.8,9580.3,878
2025-11-20 08:45:00+00:00,9580.8,9586.8,9578.3,9580.0,799
2025-11-20 09:00:00+00:00,9580.3,9581.0,9563.8,9569.3,1062
2025-11-20 09:15:00+00:00,9569.0,9571.5,9555.5,9555.5,877
2025-11-20 09:30:00+00:00,9555.3,9567.3,9555.3,9563.8,928
2025-11-20 09:45:00+00:00,9563.5,9568.8,9556.3,9567.0,900
2025-11-20 10:00:00+00:00,9567.3,9571.3,9564.5,9566.5,920
2025-11-20 10:15:00+00:00,9566.3,9576.8,9566.3,9575.0,559
2025-11-20 10:30:00+00:00,9574.8,9581.8,9574.8,9580.0,579
2025-11-20 10:45:00+00:00,9579.8,9584.5,9578.3,9582.5,591
2025-11-20 11:00:00+00:00,9582.0,9583.0,9567.0,9568.8,719
2025-11-20 11:15:00+00:00,9568.5,9568.5,9558.8,9559.8,621
2025-11-20 11:30:00+00:00,9559.5,9560.8,9551.8,9553.3,567
2025-11-20 11:45:00+00:00,9552.8,9554.3,9543.3,9550.8,688
2025-11-20 12:00:00+00:00,9549.3,9553.8,9540.3,9550.8,809
2025-11-20 12:15:00+00:00,9550.3,9558.6,9549.0,9557.4,541
2025-11-20 12:30:00+00:00,9557.2,9562.3,9556.6,9560.9,436
2025-11-20 12:45:00+00:00,9560.9,9570.5,9560.4,9570.3,501
2025-11-20 13:00:00+00:00,9570.5,9573.7,9566.6,9567.4,637
2025-11-20 13:15:00+00:00,9567.4,9572.0,9565.4,9567.3,601
2025-11-20 13:30:00+00:00,9566.5,9579.2,9561.1,9561.1,1495
2025-11-20 13:45:00+00:00,9561.6,9580.8,9561.1,9578.8,1044
2025-11-20 14:00:00+00:00,9579.0,9581.0,9571.1,9573.9,987
2025-11-20 14:15:00+00:00,9573.6,9578.7,9567.9,9569.6,1058
2025-11-20 14:30:00+00:00,9569.9,9574.6,9559.5,9564.0,2423
2025-11-20 14:45:00+00:00,9563.8,9584.4,9559.8,9582.8,1565
2025-11-20 15:00:00+00:00,9583.1,9583.3,9572.2,9576.7,1488
2025-11-20 15:15:00+00:00,9576.5,9593.7,9575.2,9591.6,1367
2025-11-20 15:30:00+00:00,9591.9,9594.7,9585.7,9586.2,1116
2025-11-20 15:45:00+00:00,9585.9,9587.7,9567.5,9567.9,1251
2025-11-20 16:00:00+00:00,9568.2,9570.7,9553.1,9555.6,1526
2025-11-20 16:15:00+00:00,9555.1,9555.1,9540.3,9542.5,2344
2025-11-20 16:30:00+00:00,9542.2,9542.5,9513.8,9517.1,3248
2025-11-20 16:45:00+00:00,9517.3,9525.5,9485.0,9487.7,3310
2025-11-20 17:00:00+00:00,9487.5,9502.4,9475.3,9485.0,4415
2025-11-20 17:15:00+00:00,9484.8,9485.0,9464.6,9471.6,4243
2025-11-20 17:30:00+00:00,9471.1,9479.0,9449.4,9454.2,3982
2025-11-20 17:45:00+00:00,9453.9,9463.1,9445.7,9460.1,3092
2025-11-20 18:00:00+00:00,9459.6,9511.7,9455.2,9511.2,2149
2025-11-20 18:15:00+00:00,9511.5,9513.2,9488.1,9491.0,2336
2025-11-20 18:30:00+00:00,9490.6,9494.5,9463.7,9464.2,2062
2025-11-20 18:45:00+00:00,9463.7,9464.2,9445.0,9450.7,1470
2025-11-20 19:00:00+00:00,9451.0,9457.2,9445.3,9453.5,1424
2025-11-20 19:15:00+00:00,9453.2,9477.2,9452.7,9473.7,1250
2025-11-20 19:30:00+00:00,9473.2,9473.2,9457.7,9468.5,1352
2025-11-20 19:45:00+00:00,9468.2,9476.7,9455.0,9476.2,1383
2025-11-20 20:00:00+00:00,9475.7,9476.2,9460.8,9463.7,1544
2025-11-20 20:15:00+00:00,9464.0,9472.5,9458.5,9463.8,1176
2025-11-20 20:30:00+00:00,9463.3,9464.8,9440.9,9443.8,1314
2025-11-20 20:45:00+00:00,9443.6,9449.1,9438.1,9442.1,1377
2025-11-20 21:00:00+00:00,9440.4,9445.6,9434.6,9439.9,1473
2025-11-20 21:30:00+00:00,9441.1,9441.9,9435.9,9438.4,521
2025-11-20 21:45:00+00:00,9438.6,9439.7,9434.4,9435.6,459
2025-11-20 23:00:00+00:00,9439.2,9442.7,9425.9,9441.8,844
2025-11-20 23:15:00+00:00,9441.7,9451.2,9441.2,9449.5,989
2025-11-20 23:30:00+00:00,9449.8,9454.2,9445.1,9452.3,1087
2025-11-20 23:45:00+00:00,9452.1,9457.6,9450.1,9451.6,1174
2025-11-21 00:00:00+00:00,9451.0,9460.1,9447.4,9458.1,1433
2025-11-21 00:15:00+00:00,9457.6,9463.2,9455.1,9460.9,927
2025-11-21 00:30:00+00:00,9461.1,9464.8,9458.9,9460.7,739
2025-11-21 00:45:00+00:00,9460.4,9465.7,9456.7,9461.7,864
2025-11-21 01:00:00+00:00,9466.4,9471.5,9454.0,9457.0,2215
2025-11-21 01:15:00+00:00,9456.9,9462.8,9456.7,9460.2,1698
2025-11-21 01:30:00+00:00,9460.5,9464.0,9453.7,9463.6,2205
2025-11-21 01:45:00+00:00,9463.8,9468.0,9461.9,9463.6,1799
2025-11-21 02:00:00+00:00,9463.7,9465.5,9457.3,9457.3,2022
2025-11-21 02:15:00+00:00,9457.1,9462.2,9455.5,9457.3,1831
2025-11-21 02:30:00+00:00,9457.3,9460.7,9455.7,9456.4,1759
2025-11-21 02:45:00+00:00,9456.4,9457.6,9453.9,9454.4,1550
2025-11-21 03:00:00+00:00,9454.5,9456.7,9452.5,9454.9,1599
2025-11-21 03:15:00+00:00,9454.8,9456.6,9451.9,9455.5,1414
2025-11-21 03:30:00+00:00,9455.5,9462.9,9453.0,9458.5,1969
2025-11-21 03:45:00+00:00,9458.5,9459.0,9451.9,9452.2,1625
2025-11-21 04:00:00+00:00,9452.4,9453.3,9448.3,9450.9,1636
2025-11-21 04:15:00+00:00,9450.9,9450.9,9443.9,9448.5,1956
2025-11-21 04:30:00+00:00,9448.4,9449.4,9439.0,9442.6,1788
2025-11-21 04:45:00+00:00,9442.6,9449.9,9440.0,9449.8,1672
2025-11-21 05:00:00+00:00,9449.7,9453.1,9447.0,9451.8,2026
2025-11-21 05:15:00+00:00,9451.6,9454.5,9450.0,9450.0,1581
2025-11-21 05:30:00+00:00,9450.1,9452.6,9445.2,9448.1,1822
2025-11-21 05:45:00+00:00,9448.1,9449.3,9444.9,9448.2,1571
2025-11-21 06:00:00+00:00,9448.3,9451.6,9447.1,9450.1,460
2025-11-21 06:15:00+00:00,9450.3,9452.8,9445.6,9445.6,295
2025-11-21 06:30:00+00:00,9445.4,9450.1,9441.9,9449.6,383
2025-11-21 06:45:00+00:00,9449.3,9455.6,9448.9,9449.4,290
2025-11-21 07:00:00+00:00,9449.6,9458.6,9448.1,9449.4,417
2025-11-21 07:15:00+00:00,9448.9,9452.9,9444.7,9451.4,409
2025-11-21 07:30:00+00:00,9451.1,9453.1,9436.0,9437.5,586
2025-11-21 07:45:00+00:00,9438.0,9438.9,9424.0,9434.2,890
2025-11-21 08:00:00+00:00,9434.5,9463.1,9423.8,9450.4,2539
2025-11-21 08:15:00+00:00,9450.6,9476.5,9447.6,9472.4,1731
2025-11-21 08:30:00+00:00,9469.2,9476.0,9465.3,9475.8,1640
2025-11-21 08:45:00+00:00,9475.5,9491.9,9475.3,9490.3,1248
2025-11-21 09:00:00+00:00,9490.0,9494.7,9483.6,9493.2,1093
2025-11-21 09:15:00+00:00,9492.9,9494.5,9479.1,9484.8,1205
2025-11-21 09:30:00+00:00,9485.3,9491.0,9475.7,9475.7,1255
2025-11-21 09:45:00+00:00,9475.2,9489.5,9471.3,9485.1,1175
2025-11-21 10:00:00+00:00,9485.4,9486.4,9458.6,9466.3,1994
2025-11-21 10:15:00+00:00,9466.5,9468.8,9456.9,9459.4,1684
2025-11-21 10:30:00+00:00,9459.9,9484.4,9459.9,9479.3,1606
2025-11-21 10:45:00+00:00,9479.5,9492.2,9476.2,9490.2,1280
2025-11-21 11:00:00+00:00,9490.5,9507.3,9489.2,9505.2,1217
2025-11-21 11:15:00+00:00,9505.7,9507.4,9495.7,9495.9,976
2025-11-21 11:30:00+00:00,9495.7,9503.7,9494.5,9501.9,803
2025-11-21 11:45:00+00:00,9501.7,9502.9,9483.8,9489.0,948
2025-11-21 12:00:00+00:00,9489.5,9493.0,9480.0,9491.3,1272
2025-11-21 12:15:00+00:00,9491.0,9495.5,9480.7,9483.2,1388
2025-11-21 12:30:00+00:00,9483.5,9513.8,9483.5,9511.8,2696
2025-11-21 12:45:00+00:00,9511.5,9518.5,9511.3,9516.2,1382
2025-11-21 13:00:00+00:00,9516.5,9522.7,9509.4,9521.4,1128
2025-11-21 13:15:00+00:00,9521.2,9525.2,9514.0,9517.8,935
2025-11-21 13:30:00+00:00,9518.1,9532.0,9518.1,9531.0,956
2025-11-21 13:45:00+00:00,9531.3,9534.4,9524.8,9533.9,993
2025-11-21 14:00:00+00:00,9533.6,9534.4,9515.2,9516.5,1064
2025-11-21 14:15:00+00:00,9516.2,9523.9,9514.8,9522.1,1012
2025-11-21 14:30:00+00:00,9522.6,9531.3,9511.5,9512.0,3071
2025-11-21 14:45:00+00:00,9512.2,9519.4,9505.2,9514.7,2791
2025-11-21 15:00:00+00:00,9515.4,9526.3,9509.6,9519.8,3324
2025-11-21 15:15:00+00:00,9519.5,9536.8,9512.9,9527.4,3636
2025-11-21 15:30:00+00:00,9527.1,9537.7,9516.3,9533.0,2622
2025-11-21 15:45:00+00:00,9533.3,9542.2,9525.1,9525.9,3058
2025-11-21 16:00:00+00:00,9525.4,9529.1,9514.5,9524.6,2948
2025-11-21 16:15:00+00:00,9524.3,9535.5,9516.7,9534.7,2549
2025-11-21 16:30:00+00:00,9535.0,9553.7,9533.0,9552.2,2720
2025-11-21 16:45:00+00:00,9551.9,9574.4,9547.2,9573.9,1814
2025-11-21 17:00:00+00:00,9573.7,9580.4,9567.4,9577.6,1857
2025-11-21 17:15:00+00:00,9577.9,9580.6,9572.9,9576.9,1633
2025-11-21 17:30:00+00:00,9577.1,9583.1,9575.7,9580.4,1503
2025-11-21 17:45:00+00:00,9580.6,9583.1,9569.4,9573.9,1389
2025-11-21 18:00:00+00:00,9574.2,9576.7,9555.0,9555.8,1537
2025-11-21 18:15:00+00:00,9555.3,9563.5,9552.3,9563.0,1374
2025-11-21 18:30:00+00:00,9562.7,9581.7,9560.8,9579.9,1181
2025-11-21 18:45:00+00:00,9580.2,9598.6,9577.7,9586.7,2179
2025-11-21 19:00:00+00:00,9586.4,9591.9,9584.9,9590.9,1160
2025-11-21 19:15:00+00:00,9591.2,9595.9,9589.7,9592.4,729
2025-11-21 19:30:00+00:00,9592.7,9594.4,9579.0,9581.5,1073
2025-11-21 19:45:00+00:00,9581.2,9588.2,9577.0,9582.0,1044
2025-11-21 20:00:00+00:00,9581.8,9584.7,9578.8,9581.0,827
2025-11-21 20:15:00+00:00,9580.8,9582.5,9572.6,9573.3,946
2025-11-21 20:30:00+00:00,9573.1,9583.3,9570.1,9575.1,1249
2025-11-21 20:45:00+00:00,9575.6,9584.0,9572.1,9575.8,1020
2025-11-23 23:00:00+00:00,9599.9,9603.7,9596.5,9598.6,539
2025-11-23 23:15:00+00:00,9599.1,9601.2,9593.0,9597.3,704
2025-11-23 23:30:00+00:00,9597.1,9597.2,9589.8,9593.9,616
2025-11-23 23:45:00+00:00,9593.8,9597.1,9591.3,9592.3,547
2025-11-24 00:00:00+00:00,9591.8,9592.0,9581.1,9583.7,781
2025-11-24 00:15:00+00:00,9583.3,9584.9,9576.3,9582.7,725
2025-11-24 00:30:00+00:00,9582.4,9589.6,9582.0,9588.0,619
2025-11-24 00:45:00+00:00,9587.9,9591.0,9586.7,9586.7,529
2025-11-24 01:00:00+00:00,9596.0,9598.1,9589.4,9595.8,1671
2025-11-24 01:15:00+00:00,9595.9,9597.0,9588.2,9593.4,1585
2025-11-24 01:30:00+00:00,9593.2,9594.3,9580.2,9582.5,1689
2025-11-24 01:45:00+00:00,9582.5,9586.0,9581.6,9583.5,1447
2025-11-24 02:00:00+00:00,9583.5,9586.4,9580.7,9581.3,1534
2025-11-24 02:15:00+00:00,9581.4,9591.0,9581.3,9590.3,1377
2025-11-24 02:30:00+00:00,9590.3,9596.2,9586.8,9596.1,1300
2025-11-24 02:45:00+00:00,9595.9,9597.8,9591.9,9593.6,1026
2025-11-24 03:00:00+00:00,9593.6,9594.4,9591.5,9593.6,942
2025-11-24 03:15:00+00:00,9593.6,9593.6,9588.5,9590.4,1044
2025-11-24 03:30:00+00:00,9590.3,9590.7,9586.6,9588.4,1183
2025-11-24 03:45:00+00:00,9588.5,9590.4,9586.3,9589.6,991
2025-11-24 04:00:00+00:00,9589.6,9592.2,9586.0,9586.6,1116
2025-11-24 04:15:00+00:00,9586.8,9586.8,9582.0,9583.1,1390
2025-11-24 04:30:00+00:00,9583.2,9584.7,9581.6,9583.6,1202
2025-11-24 04:45:00+00:00,9583.6,9584.2,9580.2,9580.8,1169
2025-11-24 05:00:00+00:00,9580.7,9588.2,9578.2,9587.2,1285
2025-11-24 05:15:00+00:00,9587.4,9588.7,9584.7,9588.1,889
2025-11-24 05:30:00+00:00,9588.1,9588.6,9582.1,9582.6,1131
2025-11-24 05:45:00+00:00,9582.6,9587.6,9582.4,9587.1,866
2025-11-24 06:00:00+00:00,9587.3,9587.9,9583.1,9583.1,234
2025-11-24 06:15:00+00:00,9583.4,9586.4,9582.9,9583.9,164
2025-11-24 06:30:00+00:00,9583.6,9585.1,9580.1,9580.4,176
2025-11-24 06:45:00+00:00,9580.6,9582.6,9578.4,9581.6,254
2025-11-24 07:00:00+00:00,9581.4,9586.1,9576.1,9581.9,369
2025-11-24 07:15:00+00:00,9581.6,9585.9,9580.6,9584.1,237
2025-11-24 07:30:00+00:00,9584.4,9588.6,9581.6,9588.1,293
2025-11-24 07:45:00+00:00,9588.4,9590.4,9578.9,9578.9,337
2025-11-24 08:00:00+00:00,9579.1,9583.6,9559.1,9578.4,2386
2025-11-24 08:15:00+00:00,9578.6,9592.3,9578.4,9586.2,1484
2025-11-24 08:30:00+00:00,9586.5,9590.6,9577.2,9590.6,1228
2025-11-24 08:45:00+00:00,9590.9,9592.1,9587.1,9589.2,748
2025-11-24 09:00:00+00:00,9589.0,9590.2,9577.2,9577.4,873
2025-11-24 09:15:00+00:00,9577.7,9578.4,9548.5,9551.0,1666
2025-11-24 09:30:00+00:00,9550.7,9567.4,9550.5,9566.7,1488
2025-11-24 09:45:00+00:00,9567.0,9574.0,9564.7,9565.2,979
2025-11-24 10:00:00+00:00,9565.5,9569.4,9552.8,9554.6,1040
2025-11-24 10:15:00+00:00,9554.8,9559.5,9544.8,9545.6,1113
2025-11-24 10:30:00+00:00,9545.9,9553.0,9541.1,9551.2,1203
2025-11-24 10:45:00+00:00,9551.0,9558.6,9546.5,9552.6,768
2025-11-24 11:00:00+00:00,9552.1,9558.2,9549.2,9554.2,926
2025-11-24 11:15:00+00:00,9554.0,9557.4,9544.0,9546.3,879
2025-11-24 11:30:00+00:00,9546.8,9553.8,9544.0,9552.3,802
2025-11-24 11:45:00+00:00,9552.5,9564.7,9548.3,9561.7,832
2025-11-24 12:00:00+00:00,9561.2,9565.2,9555.7,9560.5,869
2025-11-24 12:15:00+00:00,9560.8,9563.0,9555.3,9560.7,668
2025-11-24 12:30:00+00:00,9561.0,9562.7,9558.0,9561.0,705
2025-11-24 12:45:00+00:00,9561.2,9566.6,9559.6,9563.4,489
2025-11-24 13:00:00+00:00,9563.6,9570.3,9561.7,9570.2,539
2025-11-24 13:15:00+00:00,9570.5,9571.7,9564.9,9568.9,495
2025-11-24 13:30:00+00:00,9569.4,9571.5,9556.6,9556.6,548
2025-11-24 13:45:00+00:00,9556.1,9557.7,9540.8,9541.0,720
2025-11-24 14:00:00+00:00,9540.8,9553.2,9540.3,9552.7,827
2025-11-24 14:15:00+00:00,9552.4,9553.6,9543.9,9547.8,716
2025-11-24 14:30:00+00:00,9547.6,9560.6,9536.7,9536.7,2851
2025-11-24 14:45:00+00:00,9536.4,9550.8,9523.1,9550.8,2768
2025-11-24 15:00:00+00:00,9550.6,9567.6,9549.0,9567.1,1660
2025-11-24 15:15:00+00:00,9567.3,9576.2,9566.0,9575.7,1421
2025-11-24 15:30:00+00:00,9575.5,9576.0,9560.8,9566.8,1416
2025-11-24 15:45:00+00:00,9566.5,9575.3,9565.1,9565.1,1073
2025-11-24 16:00:00+00:00,9565.3,9566.3,9547.5,9549.1,1052
2025-11-24 16:15:00+00:00,9548.8,9559.6,9548.8,9552.9,1017
2025-11-24 16:30:00+00:00,9552.6,9556.4,9532.0,9532.5,1562
2025-11-24 16:45:00+00:00,9532.0,9534.7,9515.1,9516.6,704
2025-11-24 17:00:00+00:00,9516.1,9521.1,9513.1,9519.1,805
2025-11-24 17:15:00+00:00,9518.8,9530.5,9516.3,9530.3,751
2025-11-24 17:30:00+00:00,9530.5,9533.5,9527.6,9531.1,700
2025-11-24 17:45:00+00:00,9531.3,9536.5,9531.3,9534.6,477
2025-11-24 18:00:00+00:00,9535.1,9541.3,9533.6,9541.0,468
2025-11-24 18:15:00+00:00,9540.8,9544.5,9536.6,9539.8,350
2025-11-24 18:30:00+00:00,9540.1,9546.6,9537.1,9546.1,429
2025-11-24 18:45:00+00:00,9545.6,9546.3,9537.1,9538.6,330
2025-11-24 19:00:00+00:00,9538.8,9542.1,9533.1,9533.1,423
2025-11-24 19:15:00+00:00,9533.4,9534.1,9525.9,9527.4,413
2025-11-24 19:30:00+00:00,9527.7,9532.4,9523.9,9529.2,506
2025-11-24 19:45:00+00:00,9529.4,9531.2,9525.0,9525.5,557
2025-11-24 20:00:00+00:00,9525.9,9540.2,9525.7,9538.2,447
2025-11-24 20:15:00+00:00,9538.4,9542.2,9536.4,9542.2,332
2025-11-24 20:30:00+00:00,9542.4,9547.2,9539.2,9543.9,469
2025-11-24 20:45:00+00:00,9544.2,9549.7,9537.5,9543.4,956
2025-11-24 21:00:00+00:00,9542.2,9550.7,9541.7,9546.2,654
2025-11-24 21:30:00+00:00,9547.2,9549.2,9545.0,9547.7,166
2025-11-24 21:45:00+00:00,9547.4,9547.5,9546.9,9547.0,85
2025-11-24 23:00:00+00:00,9546.1,9547.5,9542.8,9545.3,354
2025-11-24 23:15:00+00:00,9544.8,9545.8,9542.6,9543.8,351
2025-11-24 23:30:00+00:00,9544.1,9546.8,9542.6,9545.6,331
2025-11-24 23:45:00+00:00,9545.4,9548.0,9542.6,9542.8,428
2025-11-25 00:00:00+00:00,9542.6,9542.6,9537.6,9539.6,701
2025-11-25 00:15:00+00:00,9539.4,9540.4,9535.4,9536.7,516
2025-11-25 00:30:00+00:00,9536.8,9540.9,9536.0,9537.8,553
2025-11-25 00:45:00+00:00,9537.7,9543.5,9537.7,9542.4,516
2025-11-25 01:00:00+00:00,9537.7,9538.0,9532.2,9534.0,1286
2025-11-25 01:15:00+00:00,9534.2,9538.9,9533.4,9534.5,1136
2025-11-25 01:30:00+00:00,9534.6,9534.8,9530.6,9532.5,939
2025-11-25 01:45:00+00:00,9531.9,9539.4,9530.6,9537.7,774
2025-11-25 02:00:00+00:00,9538.0,9543.2,9537.2,9538.2,1054
2025-11-25 02:15:00+00:00,9538.3,9541.5,9537.5,9538.0,891
2025-11-25 02:30:00+00:00,9538.2,9541.9,9537.9,9541.5,609
2025-11-25 02:45:00+00:00,9541.5,9541.9,9541.1,9541.8,626
2025-11-25 03:00:00+00:00,9541.7,9542.8,9539.2,9541.7,629
2025-11-25 03:15:00+00:00,9541.7,9542.0,9539.6,9541.1,631
2025-11-25 03:30:00+00:00,9540.5,9541.0,9532.1,9533.1,1099
2025-11-25 03:45:00+00:00,9532.9,9534.9,9531.8,9532.9,947
2025-11-25 04:00:00+00:00,9533.0,9538.7,9532.3,9538.6,711
2025-11-25 04:15:00+00:00,9538.9,9541.8,9538.3,9540.2,612
2025-11-25 04:30:00+00:00,9540.1,9543.3,9539.7,9541.9,604
2025-11-25 04:45:00+00:00,9541.9,9545.5,9541.8,9545.1,478
2025-11-25 05:00:00+00:00,9545.1,9548.2,9544.0,9548.2,692
2025-11-25 05:15:00+00:00,9548.1,9548.3,9539.5,9539.7,834
2025-11-25 05:30:00+00:00,9539.6,9546.1,9539.6,9544.4,595
2025-11-25 05:45:00+00:00,9544.4,9544.5,9542.1,9543.2,563
2025-11-25 06:00:00+00:00,9542.6,9544.7,9542.0,9542.7,108
2025-11-25 06:15:00+00:00,9542.5,9543.0,9538.5,9539.5,104
2025-11-25 06:30:00+00:00,9539.2,9540.0,9535.8,9536.3,115
2025-11-25 06:45:00+00:00,9536.0,9539.5,9534.8,9538.5,79
2025-11-25 07:00:00+00:00,9538.0,9539.5,9532.8,9538.8,254
2025-11-25 07:15:00+00:00,9538.3,9542.8,9538.3,9541.1,222
2025-11-25 07:30:00+00:00,9541.3,9543.3,9539.1,9543.1,236
2025-11-25 07:45:00+00:00,9543.3,9548.3,9541.6,9548.3,394
2025-11-25 08:00:00+00:00,9548.1,9554.5,9534.0,9537.5,2056
2025-11-25 08:15:00+00:00,9538.0,9562.3,9538.0,9560.6,1129
2025-11-25 08:30:00+00:00,9560.8,9563.0,9552.5,9553.6,1019
2025-11-25 08:45:00+00:00,9554.1,9554.3,9534.4,9539.0,902
2025-11-25 09:00:00+00:00,9539.3,9551.9,9539.3,9549.2,879
2025-11-25 09:15:00+00:00,9549.4,9549.7,9531.5,9534.1,786
2025-11-25 09:30:00+00:00,9534.1,9535.3,9520.6,9529.4,984
2025-11-25 09:45:00+00:00,9529.7,9536.9,9524.5,9536.6,695
2025-11-25 10:00:00+00:00,9536.9,9542.3,9531.6,9541.0,674
2025-11-25 10:15:00+00:00,9541.3,9542.3,9532.4,9534.2,623
2025-11-25 10:30:00+00:00,9534.0,9547.5,9525.6,9544.0,774
2025-11-25 10:45:00+00:00,9543.7,9554.1,9542.8,9549.8,653
2025-11-25 11:00:00+00:00,9550.0,9559.8,9547.3,9557.8,702
2025-11-25 11:15:00+00:00,9558.6,9562.6,9556.4,9559.5,548
2025-11-25 11:30:00+00:00,9559.8,9567.0,9555.6,9564.4,551
2025-11-25 11:45:00+00:00,9564.7,9570.2,9562.9,9569.0,682
2025-11-25 12:00:00+00:00,9568.8,9575.4,9565.3,9574.7,851
2025-11-25 12:15:00+00:00,9574.9,9574.9,9567.1,9572.7,593
2025-11-25 12:30:00+00:00,9572.2,9591.5,9566.9,9580.0,1809
2025-11-25 12:45:00+00:00,9579.8,9580.6,9563.6,9563.8,1932
2025-11-25 13:00:00+00:00,9563.6,9578.3,9563.1,9575.7,1024
2025-11-25 13:15:00+00:00,9575.5,9578.4,9571.6,9578.4,731
2025-11-25 13:30:00+00:00,9578.6,9580.8,9573.8,9576.7,876
2025-11-25 13:45:00+00:00,9577.0,9591.2,9575.2,9591.2,974
2025-11-25 14:00:00+00:00,9591.5,9593.1,9573.2,9574.9,992
2025-11-25 14:15:00+00:00,9574.6,9578.9,9571.9,9578.2,656
2025-11-25 14:30:00+00:00,9577.9,9597.5,9575.2,9580.4,2309
2025-11-25 14:45:00+00:00,9579.9,9587.2,9554.3,9586.6,2880
2025-11-25 15:00:00+00:00,9588.4,9594.4,9571.0,9589.1,2758
2025-11-25 15:15:00+00:00,9589.3,9597.2,9582.3,9589.9,2595
2025-11-25 15:30:00+00:00,9589.7,9609.8,9588.7,9608.3,1870
2025-11-25 15:45:00+00:00,9608.0,9616.4,9595.4,9604.2,1952
2025-11-25 16:00:00+00:00,9604.4,9611.6,9601.1,9608.6,1636
2025-11-25 16:15:00+00:00,9608.4,9616.7,9605.4,9613.4,1375
2025-11-25 16:30:00+00:00,9613.6,9617.3,9609.1,9611.4,1239
2025-11-25 16:45:00+00:00,9611.1,9617.9,9605.6,9616.6,824
2025-11-25 17:00:00+00:00,9616.4,9619.8,9611.9,9617.4,893
2025-11-25 17:15:00+00:00,9617.9,9620.6,9615.1,9619.4,602
2025-11-25 17:30:00+00:00,9619.6,9624.4,9619.6,9622.4,524
2025-11-25 17:45:00+00:00,9622.6,9623.9,9613.4,9615.2,551
2025-11-25 18:00:00+00:00,9615.4,9617.9,9608.4,9612.7,656
2025-11-25 18:15:00+00:00,9612.4,9615.7,9610.4,9615.4,462
2025-11-25 18:30:00+00:00,9614.9,9616.2,9609.0,9610.5,498
2025-11-25 18:45:00+00:00,9611.0,9614.5,9608.0,9608.5,301
2025-11-25 19:00:00+00:00,9608.2,9609.5,9605.5,9608.5,419
2025-11-25 19:15:00+00:00,9608.8,9609.5,9604.0,9608.8,506
2025-11-25 19:30:00+00:00,9609.0,9613.0,9607.0,9610.8,400
2025-11-25 19:45:00+00:00,9610.5,9615.5,9610.3,9612.3,286
2025-11-25 20:00:00+00:00,9612.5,9619.0,9612.5,9619.0,365
2025-11-25 20:15:00+00:00,9619.5,9628.0,9619.0,9626.5,381
2025-11-25 20:30:00+00:00,9627.0,9639.7,9625.3,9636.2,478
2025-11-25 20:45:00+00:00,9636.5,9646.5,9634.3,9636.0,860
2025-11-25 21:00:00+00:00,9634.9,9639.5,9633.9,9636.2,369
2025-11-25 21:30:00+00:00,9633.5,9635.0,9632.5,9633.5,86
2025-11-25 21:45:00+00:00,9633.0,9634.5,9633.0,9634.0,75
2025-11-25 23:00:00+00:00,9636.2,9639.0,9635.7,9637.5,258
2025-11-25 23:15:00+00:00,9637.3,9637.5,9635.3,9636.1,248
2025-11-25 23:30:00+00:00,9636.3,9636.6,9634.6,9635.0,227
2025-11-25 23:45:00+00:00,9635.1,9637.8,9631.6,9637.1,366
2025-11-26 00:00:00+00:00,9637.2,9639.1,9633.9,9636.9,718
2025-11-26 00:15:00+00:00,9637.1,9642.6,9637.1,9641.6,511
2025-11-26 00:30:00+00:00,9641.7,9642.6,9639.4,9640.9,353
2025-11-26 00:45:00+00:00,9640.6,9644.2,9640.1,9643.9,363
2025-11-26 01:00:00+00:00,9645.2,9646.3,9638.4,9641.7,1180
2025-11-26 01:15:00+00:00,9641.3,9645.6,9638.6,9638.8,1110
2025-11-26 01:30:00+00:00,9639.2,9643.0,9636.0,9642.8,1256
2025-11-26 01:45:00+00:00,9642.8,9645.5,9640.7,9644.0,803
2025-11-26 02:00:00+00:00,9643.7,9644.0,9638.1,9639.5,824
2025-11-26 02:15:00+00:00,9639.5,9639.7,9633.0,9635.0,764
2025-11-26 02:30:00+00:00,9635.1,9635.7,9632.6,9634.1,649
2025-11-26 02:45:00+00:00,9634.0,9636.0,9631.0,9632.2,651
2025-11-26 03:00:00+00:00,9632.4,9634.7,9631.4,9633.2,614
2025-11-26 03:15:00+00:00,9633.1,9633.4,9631.8,9632.8,447
2025-11-26 03:30:00+00:00,9632.9,9633.4,9629.2,9630.4,632
2025-11-26 03:45:00+00:00,9630.4,9632.9,9629.9,9630.2,618
2025-11-26 04:00:00+00:00,9630.4,9630.7,9628.1,9629.8,729
2025-11-26 04:15:00+00:00,9629.7,9631.0,9628.3,9628.9,464
2025-11-26 04:30:00+00:00,9628.9,9631.4,9627.5,9629.2,477
2025-11-26 04:45:00+00:00,9629.6,9633.1,9629.4,9631.3,481
2025-11-26 05:00:00+00:00,9631.5,9638.4,9630.7,9637.8,606
2025-11-26 05:15:00+00:00,9638.0,9641.1,9637.3,9637.8,731
2025-11-26 05:30:00+00:00,9638.0,9639.1,9636.7,9637.7,599
2025-11-26 05:45:00+00:00,9637.8,9637.8,9634.4,9636.4,468
2025-11-26 06:00:00+00:00,9635.8,9636.5,9634.0,9636.3,177
2025-11-26 06:15:00+00:00,9636.1,9636.6,9634.1,9634.3,155
2025-11-26 06:30:00+00:00,9634.6,9638.8,9634.6,9638.6,167
2025-11-26 06:45:00+00:00,9638.8,9639.6,9638.1,9638.1,72
2025-11-26 07:00:00+00:00,9637.1,9647.2,9636.9,9641.2,297
2025-11-26 07:15:00+00:00,9640.7,9647.9,9638.7,9647.2,205
2025-11-26 07:30:00+00:00,9646.9,9649.2,9643.2,9643.5,269
2025-11-26 07:45:00+00:00,9643.7,9644.2,9631.5,9635.8,382
2025-11-26 08:00:00+00:00,9636.3,9637.0,9617.1,9631.6,1977
2025-11-26 08:15:00+00:00,9631.9,9643.2,9623.3,9627.9,1078
2025-11-26 08:30:00+00:00,9628.4,9629.9,9618.4,9624.7,972
2025-11-26 08:45:00+00:00,9624.9,9633.1,9624.1,9630.3,736
2025-11-26 09:00:00+00:00,9630.1,9630.1,9606.8,9614.1,928
2025-11-26 09:15:00+00:00,9613.8,9623.4,9613.1,9622.7,674
2025-11-26 09:30:00+00:00,9622.9,9632.0,9622.7,9629.9,679
2025-11-26 09:45:00+00:00,9630.1,9633.3,9620.3,9625.3,678
2025-11-26 10:00:00+00:00,9625.8,9633.3,9622.1,9632.8,552
2025-11-26 10:15:00+00:00,9633.1,9636.1,9626.8,9627.1,420
2025-11-26 10:30:00+00:00,9626.6,9640.1,9624.4,9632.0,488
2025-11-26 10:45:00+00:00,9632.2,9634.2,9626.8,9630.7,474
2025-11-26 11:00:00+00:00,9631.2,9632.5,9625.5,9632.2,471
2025-11-26 11:15:00+00:00,9632.4,9637.5,9632.4,9636.0,446
2025-11-26 11:30:00+00:00,9635.7,9648.9,9625.2,9647.9,1357
2025-11-26 11:45:00+00:00,9648.2,9655.5,9635.9,9640.4,1847
2025-11-26 12:00:00+00:00,9639.9,9640.6,9613.7,9614.0,2182
2025-11-26 12:15:00+00:00,9614.2,9615.0,9600.4,9605.3,1434
2025-11-26 12:30:00+00:00,9605.6,9605.6,9591.9,9596.0,1146
2025-11-26 12:45:00+00:00,9596.2,9624.3,9595.3,9624.0,1260
2025-11-26 13:00:00+00:00,9624.3,9647.9,9624.0,9647.2,1289
2025-11-26 13:15:00+00:00,9647.4,9668.6,9644.8,9668.0,1189
2025-11-26 13:30:00+00:00,9667.7,9678.8,9660.1,9672.3,1386
2025-11-26 13:45:00+00:00,9672.5,9676.5,9665.6,9668.9,1044
2025-11-26 14:00:00+00:00,9669.2,9673.7,9661.0,9667.1,845
2025-11-26 14:15:00+00:00,9667.3,9677.3,9666.3,9677.1,717
2025-11-26 14:30:00+00:00,9676.8,9691.7,9675.6,9690.9,1589
2025-11-26 14:45:00+00:00,9690.7,9695.7,9677.5,9679.7,1511
2025-11-26 15:00:00+00:00,9678.5,9680.7,9670.7,9676.8,1650
2025-11-26 15:15:00+00:00,9676.3,9683.7,9671.8,9680.1,1442
2025-11-26 15:30:00+00:00,9680.4,9695.2,9679.9,9692.9,1039
2025-11-26 15:45:00+00:00,9693.1,9697.3,9687.6,9693.3,1005
2025-11-26 16:00:00+00:00,9693.5,9702.7,9692.6,9701.4,722
2025-11-26 16:15:00+00:00,9701.7,9704.4,9690.2,9692.7,906
2025-11-26 16:30:00+00:00,9693.2,9706.4,9685.2,9700.2,976
2025-11-26 16:45:00+00:00,9700.7,9700.7,9696.0,9700.2,367
2025-11-26 17:00:00+00:00,9699.9,9703.7,9697.5,9703.2,457
2025-11-26 17:15:00+00:00,9703.4,9710.2,9700.2,9705.7,505
2025-11-26 17:30:00+00:00,9706.0,9709.2,9704.0,9706.7,375
2025-11-26 17:45:00+00:00,9706.5,9708.5,9705.2,9706.5,356
2025-11-26 18:00:00+00:00,9706.7,9712.7,9700.0,9704.5,962
2025-11-26 18:15:00+00:00,9704.8,9708.8,9701.3,9706.5,454
2025-11-26 18:30:00+00:00,9706.8,9706.8,9697.1,9697.1,536
2025-11-26 18:45:00+00:00,9696.8,9703.3,9694.6,9698.8,426
2025-11-26 19:00:00+00:00,9699.1,9705.5,9698.8,9701.8,446
2025-11-26 19:15:00+00:00,9701.3,9706.8,9701.3,9706.3,251
2025-11-26 19:30:00+00:00,9706.6,9707.6,9701.9,9702.4,346
2025-11-26 19:45:00+00:00,9702.6,9705.1,9701.4,9703.9,296
2025-11-26 20:00:00+00:00,9703.6,9704.9,9701.6,9704.4,317
2025-11-26 20:15:00+00:00,9704.6,9706.1,9702.4,9703.4,249
2025-11-26 20:30:00+00:00,9703.6,9705.1,9701.4,9701.7,232
2025-11-26 20:45:00+00:00,9701.4,9701.7,9690.7,9691.2,520
2025-11-26 21:00:00+00:00,9692.5,9696.9,9692.2,9694.1,383
2025-11-26 21:30:00+00:00,9692.0,9692.5,9691.0,9691.7,48
2025-11-26 21:45:00+00:00,9691.9,9693.0,9691.5,9693.0,86
2025-11-26 23:00:00+00:00,9689.1,9693.0,9687.6,9688.4,109
2025-11-26 23:15:00+00:00,9687.9,9689.5,9687.1,9687.7,182
2025-11-26 23:30:00+00:00,9688.0,9691.7,9687.9,9689.9,213
2025-11-26 23:45:00+00:00,9689.7,9692.2,9688.0,9689.0,321
2025-11-27 00:00:00+00:00,9688.7,9691.9,9687.9,9691.4,567
2025-11-27 00:15:00+00:00,9691.5,9691.7,9689.0,9691.0,282
2025-11-27 00:30:00+00:00,9691.1,9692.0,9689.6,9690.0,198
2025-11-27 00:45:00+00:00,9689.7,9692.5,9688.7,9692.5,156
2025-11-27 01:00:00+00:00,9693.2,9693.3,9687.5,9688.2,779
2025-11-27 01:15:00+00:00,9687.7,9690.8,9685.3,9688.9,696
2025-11-27 01:30:00+00:00,9688.9,9689.2,9680.8,9682.5,704
2025-11-27 01:45:00+00:00,9682.9,9685.2,9681.5,9685.0,568
2025-11-27 02:00:00+00:00,9685.2,9686.8,9681.5,9682.2,660
2025-11-27 02:15:00+00:00,9682.0,9683.5,9677.0,9678.4,460
2025-11-27 02:30:00+00:00,9678.5,9678.7,9676.9,9677.5,452
2025-11-27 02:45:00+00:00,9677.6,9678.2,9674.8,9675.6,494
2025-11-27 03:00:00+00:00,9675.6,9676.1,9672.7,9673.8,487
2025-11-27 03:15:00+00:00,9673.9,9676.4,9673.8,9674.5,451
2025-11-27 03:30:00+00:00,9674.3,9679.0,9673.5,9678.8,464
2025-11-27 03:45:00+00:00,9678.8,9679.8,9677.3,9679.7,347
2025-11-27 04:00:00+00:00,9679.7,9680.5,9678.2,9678.7,386
2025-11-27 04:15:00+00:00,9678.7,9679.3,9676.3,9676.5,376
2025-11-27 04:30:00+00:00,9676.9,9679.6,9676.2,9678.8,344
2025-11-27 04:45:00+00:00,9678.8,9682.2,9678.4,9681.0,356
2025-11-27 05:00:00+00:00,9681.2,9683.0,9680.8,9681.8,473
2025-11-27 05:15:00+00:00,9681.8,9682.5,9680.7,9681.0,325
2025-11-27 05:30:00+00:00,9681.0,9682.7,9680.7,9681.3,335
2025-11-27 05:45:00+00:00,9681.5,9681.6,9678.5,9680.2,394
2025-11-27 06:00:00+00:00,9680.3,9680.5,9674.8,9675.8,66
2025-11-27 06:15:00+00:00,9676.0,9677.0,9673.8,9676.8,163
2025-11-27 06:30:00+00:00,9677.0,9677.5,9675.0,9676.8,141
2025-11-27 06:45:00+00:00,9677.0,9680.3,9675.8,9679.5,75
2025-11-27 07:00:00+00:00,9679.8,9684.5,9679.5,9681.0,156
2025-11-27 07:15:00+00:00,9681.3,9686.5,9680.3,9686.3,121
2025-11-27 07:30:00+00:00,9686.0,9686.3,9681.0,9681.0,194
2025-11-27 07:45:00+00:00,9681.5,9684.3,9679.5,9681.3,234
2025-11-27 08:00:00+00:00,9682.5,9687.8,9666.3,9679.5,1291
2025-11-27 08:15:00+00:00,9679.3,9697.8,9679.0,9697.3,747
2025-11-27 08:30:00+00:00,9697.5,9698.3,9689.3,9696.3,735
2025-11-27 08:45:00+00:00,9696.5,9696.5,9680.3,9680.3,658
2025-11-27 09:00:00+00:00,9680.0,9680.8,9674.8,9676.0,618
2025-11-27 09:15:00+00:00,9675.8,9676.8,9666.8,9672.8,565
2025-11-27 09:30:00+00:00,9672.5,9675.3,9669.8,9671.8,463
2025-11-27 09:45:00+00:00,9672.0,9672.0,9658.5,9658.6,559
2025-11-27 10:00:00+00:00,9658.8,9672.2,9658.1,9670.2,541
2025-11-27 10:15:00+00:00,9670.7,9674.0,9668.7,9670.4,523
2025-11-27 10:30:00+00:00,9670.6,9679.0,9670.6,9678.5,431
2025-11-27 10:45:00+00:00,9678.7,9685.1,9678.2,9681.3,461
2025-11-27 11:00:00+00:00,9681.1,9681.3,9670.7,9676.0,425
2025-11-27 11:15:00+00:00,9676.3,9677.8,9671.8,9673.4,346
2025-11-27 11:30:00+00:00,9673.1,9675.6,9670.1,9674.5,382
2025-11-27 11:45:00+00:00,9674.8,9675.5,9667.7,9671.7,366
2025-11-27 12:00:00+00:00,9672.0,9681.3,9672.0,9677.4,370
2025-11-27 12:15:00+00:00,9677.2,9680.8,9676.5,9680.5,312
2025-11-27 12:30:00+00:00,9680.5,9686.1,9680.0,9683.5,314
2025-11-27 12:45:00+00:00,9683.2,9687.7,9683.0,9684.3,332
2025-11-27 13:00:00+00:00,9684.5,9685.0,9677.0,9677.4,412
2025-11-27 13:15:00+00:00,9677.9,9682.9,9677.9,9682.9,317
2025-11-27 13:30:00+00:00,9682.7,9689.6,9682.7,9689.1,646
2025-11-27 13:45:00+00:00,9689.3,9689.3,9682.1,9684.1,395
2025-11-27 14:00:00+00:00,9684.4,9692.6,9684.3,9692.0,394
2025-11-27 14:15:00+00:00,9691.5,9694.0,9689.6,9690.1,347
2025-11-27 14:30:00+00:00,9689.9,9694.5,9688.2,9692.9,391
2025-11-27 14:45:00+00:00,9692.7,9693.2,9685.1,9690.0,410
2025-11-27 15:00:00+00:00,9690.3,9690.7,9683.5,9690.2,375
2025-11-27 15:15:00+00:00,9690.5,9694.2,9688.7,9692.4,368
2025-11-27 15:30:00+00:00,9692.7,9693.2,9686.4,9687.9,387
2025-11-27 15:45:00+00:00,9687.9,9691.0,9686.3,9688.9,334
2025-11-27 16:00:00+00:00,9688.7,9690.6,9683.8,9687.0,394
2025-11-27 16:15:00+00:00,9687.5,9689.5,9683.8,9685.9,432
2025-11-27 16:30:00+00:00,9686.2,9693.6,9684.4,9689.5,473
2025-11-27 16:45:00+00:00,9689.2,9689.2,9684.0,9685.2,130
2025-11-27 17:00:00+00:00,9685.5,9687.7,9684.8,9685.0,78
2025-11-27 17:15:00+00:00,9685.3,9690.3,9685.3,9690.0,75
2025-11-27 17:30:00+00:00,9690.3,9695.5,9690.3,9695.5,55
2025-11-27 17:45:00+00:00,9695.8,9698.0,9695.5,9696.3,104
2025-11-27 18:00:00+00:00,9696.8,9697.3,9696.3,9696.5,60
2025-11-27 18:15:00+00:00,9696.8,9699.3,9695.8,9697.8,45
2025-11-27 18:30:00+00:00,9698.0,9699.0,9697.5,9698.8,25
2025-11-27 18:45:00+00:00,9699.1,9699.1,9697.6,9698.3,29
2025-11-27 19:00:00+00:00,9697.2,9699.8,9697.2,9699.6,53
2025-11-27 19:15:00+00:00,9699.3,9699.8,9698.8,9699.1,59
2025-11-27 19:30:00+00:00,9698.8,9699.3,9696.2,9697.4,49
2025-11-27 19:45:00+00:00,9697.1,9699.4,9696.4,9698.4,122
2025-11-27 20:00:00+00:00,9698.9,9699.1,9698.1,9698.9,50
2025-11-27 20:15:00+00:00,9699.4,9699.9,9699.4,9699.9,17
2025-11-27 20:30:00+00:00,9700.1,9700.1,9697.4,9699.9,40
2025-11-27 20:45:00+00:00,9699.6,9705.9,9698.9,9705.4,129
2025-11-27 23:00:00+00:00,9708.1,9709.4,9705.8,9706.0,155
2025-11-27 23:15:00+00:00,9705.8,9708.0,9704.7,9707.8,246
2025-11-27 23:30:00+00:00,9707.6,9707.8,9706.0,9707.1,131
2025-11-27 23:45:00+00:00,9707.0,9709.4,9706.8,9709.1,168
2025-11-28 00:00:00+00:00,9709.3,9711.0,9708.2,9710.6,184
2025-11-28 00:15:00+00:00,9710.7,9711.6,9709.6,9709.8,369
2025-11-28 00:30:00+00:00,9709.9,9711.0,9709.6,9710.2,186
2025-11-28 00:45:00+00:00,9710.1,9711.4,9709.2,9711.3,141
2025-11-28 01:00:00+00:00,9711.3,9715.3,9709.0,9710.1,464
2025-11-28 01:15:00+00:00,9710.2,9710.6,9706.2,9706.3,371
2025-11-28 01:30:00+00:00,9706.3,9706.3,9703.6,9705.2,410
2025-11-28 01:45:00+00:00,9705.2,9708.0,9703.4,9704.4,423
2025-11-28 02:00:00+00:00,9704.4,9705.4,9699.2,9700.4,412
2025-11-28 02:15:00+00:00,9700.6,9701.8,9699.3,9699.8,366
2025-11-28 02:30:00+00:00,9699.8,9701.1,9698.1,9700.2,300
2025-11-28 02:45:00+00:00,9699.3,9704.5,9699.3,9703.0,30
2025-11-28 03:00:00+00:00,9702.7,9706.3,9702.0,9705.8,56
2025-11-28 03:15:00+00:00,9706.0,9707.5,9704.2,9704.5,43
2025-11-28 03:30:00+00:00,9704.7,9705.3,9702.0,9702.0,47
2025-11-28 03:45:00+00:00,9702.3,9702.8,9698.5,9700.3,136
2025-11-28 04:00:00+00:00,9700.7,9701.3,9698.5,9700.3,114
2025-11-28 04:15:00+00:00,9700.0,9700.0,9694.5,9695.8,200
2025-11-28 04:30:00+00:00,9695.5,9698.2,9695.0,9697.8,27
2025-11-28 04:45:00+00:00,9698.0,9698.0,9696.3,9696.3,32
2025-11-28 05:00:00+00:00,9696.0,9698.0,9696.0,9698.0,75
2025-11-28 05:15:00+00:00,9698.3,9703.3,9698.3,9703.3,176
2025-11-28 05:30:00+00:00,9703.5,9706.0,9702.8,9705.0,65
2025-11-28 05:45:00+00:00,9705.2,9706.5,9704.2,9705.2,163
2025-11-28 06:00:00+00:00,9705.0,9705.5,9702.9,9703.9,131
2025-11-28 06:15:00+00:00,9703.4,9704.9,9703.4,9704.9,31
2025-11-28 06:30:00+00:00,9704.6,9704.6,9699.2,9702.1,98
2025-11-28 06:45:00+00:00,9702.4,9704.7,9702.4,9704.4,257
2025-11-28 07:00:00+00:00,9704.2,9711.1,9702.4,9706.4,239
2025-11-28 07:15:00+00:00,9706.9,9708.9,9705.2,9708.9,156
2025-11-28 07:30:00+00:00,9708.7,9712.4,9708.2,9710.9,153
2025-11-28 07:45:00+00:00,9711.2,9720.7,9708.9,9718.2,363
2025-11-28 08:00:00+00:00,9717.4,9718.4,9701.0,9702.8,1172
2025-11-28 08:15:00+00:00,9702.5,9708.7,9699.1,9702.5,682
2025-11-28 08:30:00+00:00,9703.0,9709.5,9703.0,9707.7,527
2025-11-28 08:45:00+00:00,9707.5,9708.9,9703.8,9705.2,544
2025-11-28 09:00:00+00:00,9705.0,9713.1,9703.5,9704.7,549
2025-11-28 09:15:00+00:00,9705.0,9708.4,9699.6,9706.8,445
2025-11-28 09:30:00+00:00,9706.6,9709.5,9697.0,9701.5,460
2025-11-28 09:45:00+00:00,9701.5,9708.4,9700.2,9707.6,505
2025-11-28 10:00:00+00:00,9707.9,9713.5,9707.9,9711.8,427
2025-11-28 10:15:00+00:00,9712.1,9712.3,9704.2,9708.3,394
2025-11-28 10:30:00+00:00,9708.5,9715.4,9707.3,9713.6,398
2025-11-28 10:45:00+00:00,9713.9,9715.4,9706.0,9707.6,437
2025-11-28 11:00:00+00:00,9707.8,9707.8,9697.9,9698.4,360
2025-11-28 11:15:00+00:00,9698.9,9704.2,9698.6,9700.1,325
2025-11-28 11:30:00+00:00,9700.3,9703.5,9699.1,9703.0,323
2025-11-28 11:45:00+00:00,9703.2,9707.4,9701.5,9705.4,302
2025-11-28 12:00:00+00:00,9705.9,9719.5,9705.9,9717.5,427
2025-11-28 12:15:00+00:00,9717.8,9723.6,9715.1,9715.9,388
2025-11-28 12:30:00+00:00,9715.7,9715.7,9708.2,9708.8,308
2025-11-28 12:45:00+00:00,9708.5,9710.9,9705.8,9708.1,341
2025-11-28 13:00:00+00:00,9708.1,9711.9,9705.8,9709.9,381
2025-11-28 13:15:00+00:00,9709.9,9713.6,9707.4,9707.9,298
2025-11-28 13:30:00+00:00,9708.4,9708.4,9702.1,9705.6,566
2025-11-28 13:45:00+00:00,9705.8,9713.1,9705.6,9712.1,412
2025-11-28 14:00:00+00:00,9712.4,9719.0,9712.1,9715.0,370
2025-11-28 14:15:00+00:00,9714.5,9720.4,9714.0,9715.2,404
2025-11-28 14:30:00+00:00,9714.9,9717.8,9708.2,9715.7,942
2025-11-28 14:45:00+00:00,9716.0,9722.3,9709.2,9722.0,641
2025-11-28 15:00:00+00:00,9722.5,9730.2,9719.8,9725.4,827
2025-11-28 15:15:00+00:00,9725.4,9741.1,9723.5,9738.8,621
2025-11-28 15:30:00+00:00,9739.1,9741.5,9731.7,9733.2,835
2025-11-28 15:45:00+00:00,9733.4,9733.7,9712.6,9714.3,711
2025-11-28 16:00:00+00:00,9714.5,9734.2,9713.5,9733.1,872
2025-11-28 16:15:00+00:00,9732.9,9733.2,9718.2,9719.0,870
2025-11-28 16:30:00+00:00,9719.2,9726.5,9715.3,9722.0,886
2025-11-28 16:45:00+00:00,9721.8,9725.0,9721.0,9723.8,295
2025-11-28 17:00:00+00:00,9724.3,9732.8,9720.8,9730.8,312
2025-11-28 17:15:00+00:00,9730.5,9731.3,9726.3,9726.5,283
2025-11-28 17:30:00+00:00,9726.3,9731.3,9725.3,9727.0,337
2025-11-28 17:45:00+00:00,9726.8,9731.8,9722.8,9726.1,582
2025-11-28 18:00:00+00:00,9726.3,9728.8,9723.1,9725.6,298
2025-11-28 18:15:00+00:00,9724.1,9728.1,9723.8,9724.3,78
2025-11-28 18:30:00+00:00,9723.6,9727.3,9723.6,9725.9,70
2025-11-28 18:45:00+00:00,9726.1,9727.1,9725.6,9726.6,21
2025-11-28 19:00:00+00:00,9726.4,9728.4,9725.9,9727.1,44
2025-11-28 19:15:00+00:00,9727.6,9728.1,9725.1,9726.4,31
2025-11-28 19:30:00+00:00,9726.2,9727.7,9726.2,9727.7,5
2025-11-28 19:45:00+00:00,9727.3,9727.4,9725.2,9725.4,53
2025-11-28 20:00:00+00:00,9724.9,9725.9,9724.9,9725.7,37
2025-11-28 20:15:00+00:00,9725.7,9726.4,9725.0,9725.2,70
2025-11-28 20:30:00+00:00,9725.5,9726.0,9722.2,9722.7,67
2025-11-28 20:45:00+00:00,9722.5,9722.5,9710.3,9713.0,313
2025-11-30 23:00:00+00:00,9712.4,9717.2,9712.4,9716.5,316
2025-11-30 23:15:00+00:00,9716.7,9722.9,9715.7,9719.0,397
2025-11-30 23:30:00+00:00,9719.2,9719.2,9707.5,9707.5,665
2025-11-30 23:45:00+00:00,9707.3,9712.2,9707.3,9711.5,595
2025-12-01 00:00:00+00:00,9712.1,9713.0,9701.1,9707.5,1026
2025-12-01 00:15:00+00:00,9707.4,9709.8,9698.1,9702.8,903
2025-12-01 00:30:00+00:00,9702.6,9703.8,9695.3,9696.8,780
2025-12-01 00:45:00+00:00,9697.1,9697.1,9691.1,9694.4,924
2025-12-01 01:00:00+00:00,9697.6,9700.4,9692.2,9692.6,2395
2025-12-01 01:15:00+00:00,9692.4,9700.0,9692.0,9696.8,1591
2025-12-01 01:30:00+00:00,9696.7,9703.2,9695.8,9702.6,1729
2025-12-01 01:45:00+00:00,9702.8,9710.1,9702.3,9708.3,1202
2025-12-01 02:00:00+00:00,9708.3,9709.7,9706.4,9706.8,1081
2025-12-01 02:15:00+00:00,9706.9,9707.0,9704.0,9704.8,1070
2025-12-01 02:30:00+00:00,9704.8,9705.7,9701.3,9701.8,1082
2025-12-01 02:45:00+00:00,9702.0,9704.9,9699.5,9703.3,967
2025-12-01 03:00:00+00:00,9703.2,9703.5,9699.0,9699.0,914
2025-12-01 03:15:00+00:00,9699.0,9700.7,9697.8,9700.7,821
2025-12-01 03:30:00+00:00,9700.7,9701.6,9699.2,9701.6,824
2025-12-01 03:45:00+00:00,9701.6,9704.0,9701.5,9703.3,735
2025-12-01 04:00:00+00:00,9703.2,9703.6,9700.2,9700.5,680
2025-12-01 04:15:00+00:00,9700.5,9703.1,9700.4,9701.9,686
2025-12-01 04:30:00+00:00,9701.9,9703.3,9701.1,9701.3,690
2025-12-01 04:45:00+00:00,9701.5,9701.9,9696.7,9697.6,678
2025-12-01 05:00:00+00:00,9697.6,9697.8,9690.6,9692.1,1022
2025-12-01 05:15:00+00:00,9692.0,9693.8,9691.4,9691.8,795
2025-12-01 05:30:00+00:00,9692.0,9695.9,9691.7,9695.1,854
2025-12-01 05:45:00+00:00,9695.3,9701.1,9695.1,9700.7,746
2025-12-01 06:00:00+00:00,9700.4,9708.6,9700.3,9708.1,225
2025-12-01 06:15:00+00:00,9708.3,9710.3,9706.3,9709.6,144
2025-12-01 06:30:00+00:00,9709.8,9710.3,9706.6,9709.6,128
2025-12-01 06:45:00+00:00,9709.3,9710.3,9708.1,9708.3,115
2025-12-01 07:00:00+00:00,9707.8,9710.1,9701.6,9702.1,327
2025-12-01 07:15:00+00:00,9702.6,9705.6,9698.3,9704.6,347
2025-12-01 07:30:00+00:00,9704.1,9706.1,9701.8,9703.8,308
2025-12-01 07:45:00+00:00,9703.6,9711.1,9701.8,9702.6,404
2025-12-01 08:00:00+00:00,9702.3,9705.3,9683.8,9702.8,1960
2025-12-01 08:15:00+00:00,9703.1,9714.6,9703.1,9710.6,1194
2025-12-01 08:30:00+00:00,9711.1,9722.0,9704.5,9721.8,799
2025-12-01 08:45:00+00:00,9722.0,9722.8,9707.5,9711.1,773
2025-12-01 09:00:00+00:00,9711.6,9721.0,9709.1,9719.1,930
2025-12-01 09:15:00+00:00,9719.4,9719.6,9706.7,9717.8,837
2025-12-01 09:30:00+00:00,9718.1,9718.1,9710.2,9714.3,714
2025-12-01 09:45:00+00:00,9714.1,9714.6,9701.4,9703.4,774
2025-12-01 10:00:00+00:00,9703.4,9726.3,9702.1,9725.8,655
2025-12-01 10:15:00+00:00,9726.3,9727.5,9719.3,9722.2,524
2025-12-01 10:30:00+00:00,9721.7,9723.5,9716.8,9721.7,668
2025-12-01 10:45:00+00:00,9722.2,9723.9,9709.1,9710.9,595
2025-12-01 11:00:00+00:00,9709.9,9712.2,9704.8,9709.4,726
2025-12-01 11:15:00+00:00,9709.7,9716.7,9707.3,9716.7,520
2025-12-01 11:30:00+00:00,9716.5,9720.7,9707.5,9708.2,711
2025-12-01 11:45:00+00:00,9708.0,9719.9,9707.7,9718.4,657
2025-12-01 12:00:00+00:00,9718.7,9729.1,9714.3,9719.5,903
2025-12-01 12:15:00+00:00,9719.3,9719.5,9707.4,9709.7,774
2025-12-01 12:30:00+00:00,9709.9,9711.2,9701.4,9702.7,713
2025-12-01 12:45:00+00:00,9702.2,9704.9,9697.3,9700.4,750
2025-12-01 13:00:00+00:00,9700.7,9706.5,9695.1,9706.5,791
2025-12-01 13:15:00+00:00,9706.7,9708.1,9701.9,9702.9,614
2025-12-01 13:30:00+00:00,9702.4,9711.9,9701.1,9710.6,561
2025-12-01 13:45:00+00:00,9710.3,9717.0,9707.2,9715.7,565
2025-12-01 14:00:00+00:00,9715.2,9721.9,9714.1,9720.4,540
2025-12-01 14:15:00+00:00,9720.7,9720.7,9709.7,9715.3,553
2025-12-01 14:30:00+00:00,9715.5,9726.7,9714.0,9725.4,1754
2025-12-01 14:45:00+00:00,9725.9,9735.4,9722.3,9731.4,1107
2025-12-01 15:00:00+00:00,9730.6,9731.4,9716.0,9721.1,1227
2025-12-01 15:15:00+00:00,9720.9,9722.3,9710.5,9713.2,1081
2025-12-01 15:30:00+00:00,9712.9,9713.2,9701.5,9703.3,1451
2025-12-01 15:45:00+00:00,9703.5,9707.9,9699.5,9705.9,882
2025-12-01 16:00:00+00:00,9706.2,9709.4,9698.8,9707.6,976
2025-12-01 16:15:00+00:00,9707.1,9709.5,9703.5,9708.5,988
2025-12-01 16:30:00+00:00,9708.0,9710.2,9700.3,9707.8,871
2025-12-01 16:45:00+00:00,9708.3,9714.7,9708.3,9713.3,620
2025-12-01 17:00:00+00:00,9713.5,9718.3,9712.3,9713.8,428
2025-12-01 17:15:00+00:00,9713.5,9713.5,9707.8,9710.0,596
2025-12-01 17:30:00+00:00,9709.8,9711.8,9705.8,9710.3,367
2025-12-01 17:45:00+00:00,9710.1,9714.1,9708.1,9712.3,442
2025-12-01 18:00:00+00:00,9712.6,9716.6,9712.6,9715.8,313
2025-12-01 18:15:00+00:00,9715.6,9725.1,9715.3,9722.3,386
2025-12-01 18:30:00+00:00,9722.6,9725.6,9721.8,9725.1,249
2025-12-01 18:45:00+00:00,9725.3,9727.6,9723.1,9725.3,266
2025-12-01 19:00:00+00:00,9725.6,9726.1,9716.4,9719.4,398
2025-12-01 19:15:00+00:00,9719.1,9719.4,9705.4,9706.2,482
2025-12-01 19:30:00+00:00,9705.9,9706.2,9698.5,9702.5,641
2025-12-01 19:45:00+00:00,9702.7,9704.2,9696.0,9697.0,568
2025-12-01 20:00:00+00:00,9696.7,9702.2,9695.2,9700.5,442
2025-12-01 20:15:00+00:00,9700.2,9704.0,9697.8,9703.5,285
2025-12-01 20:30:00+00:00,9703.7,9705.0,9698.0,9701.5,316
2025-12-01 20:45:00+00:00,9701.3,9701.5,9687.8,9693.3,628
2025-12-01 21:00:00+00:00,9690.8,9693.3,9688.4,9690.6,436
2025-12-01 21:30:00+00:00,9692.7,9692.9,9691.9,9692.4,76
2025-12-01 21:45:00+00:00,9692.6,9693.4,9691.6,9691.9,53
2025-12-01 23:00:00+00:00,9693.8,9694.3,9687.2,9688.7,256
2025-12-01 23:15:00+00:00,9688.9,9695.5,9688.5,9694.2,334
2025-12-01 23:30:00+00:00,9694.5,9696.2,9692.7,9693.4,296
2025-12-01 23:45:00+00:00,9693.5,9694.2,9689.6,9690.0,317
2025-12-02 00:00:00+00:00,9689.8,9693.3,9687.4,9691.8,678
2025-12-02 00:15:00+00:00,9691.7,9693.0,9690.1,9692.5,317
2025-12-02 00:30:00+00:00,9692.4,9695.5,9692.1,9694.1,298
2025-12-02 00:45:00+00:00,9693.8,9694.2,9692.6,9693.1,145
2025-12-02 01:00:00+00:00,9692.2,9699.3,9689.7,9698.3,992
2025-12-02 01:15:00+00:00,9698.3,9703.0,9697.5,9701.6,767
2025-12-02 01:30:00+00:00,9701.4,9701.5,9697.6,9697.9,1023
2025-12-02 01:45:00+00:00,9697.9,9701.8,9697.7,9700.6,656
2025-12-02 02:00:00+00:00,9700.6,9700.6,9695.6,9699.7,962
2025-12-02 02:15:00+00:00,9699.7,9700.7,9694.4,9694.4,588
2025-12-02 02:30:00+00:00,9694.4,9698.7,9693.8,9698.7,521
2025-12-02 02:45:00+00:00,9698.5,9699.9,9697.2,9697.7,470
2025-12-02 03:00:00+00:00,9697.9,9699.2,9696.1,9696.4,461
2025-12-02 03:15:00+00:00,9696.4,9696.7,9692.9,9693.5,934
2025-12-02 03:30:00+00:00,9693.4,9694.0,9690.3,9693.5,1074
2025-12-02 03:45:00+00:00,9693.4,9699.0,9692.5,9696.5,1036
2025-12-02 04:00:00+00:00,9696.5,9699.3,9696.0,9699.3,547
2025-12-02 04:15:00+00:00,9699.3,9699.5,9697.9,9698.8,444
2025-12-02 04:30:00+00:00,9698.7,9700.3,9697.5,9698.0,481
2025-12-02 04:45:00+00:00,9697.8,9698.1,9695.5,9696.1,670
2025-12-02 05:00:00+00:00,9696.1,9698.4,9695.2,9697.3,626
2025-12-02 05:15:00+00:00,9697.3,9699.3,9696.5,9697.1,757
2025-12-02 05:30:00+00:00,9697.2,9698.1,9696.6,9696.9,484
2025-12-02 05:45:00+00:00,9696.9,9698.6,9696.6,9697.1,353
2025-12-02 06:00:00+00:00,9696.7,9697.9,9694.6,9695.4,59
2025-12-02 06:15:00+00:00,9694.9,9696.1,9688.9,9689.4,71
2025-12-02 06:30:00+00:00,9689.7,9693.7,9689.4,9693.7,100
2025-12-02 06:45:00+00:00,9694.2,9696.4,9690.4,9695.4,108
2025-12-02 07:00:00+00:00,9694.7,9700.9,9694.7,9698.9,157
2025-12-02 07:15:00+00:00,9698.4,9702.9,9696.7,9702.7,145
2025-12-02 07:30:00+00:00,9702.9,9704.7,9699.2,9701.4,228
2025-12-02 07:45:00+00:00,9701.2,9708.2,9701.2,9703.0,303
2025-12-02 08:00:00+00:00,9702.7,9707.9,9693.3,9705.4,2105
2025-12-02 08:15:00+00:00,9705.9,9713.0,9705.1,9711.2,1005
2025-12-02 08:30:00+00:00,9710.7,9720.2,9707.8,9714.1,808
2025-12-02 08:45:00+00:00,9714.4,9718.9,9708.0,9718.5,714
2025-12-02 09:00:00+00:00,9718.0,9720.0,9709.3,9711.9,677
2025-12-02 09:15:00+00:00,9712.1,9716.4,9708.2,9714.0,561
2025-12-02 09:30:00+00:00,9713.5,9713.5,9706.3,9711.2,711
2025-12-02 09:45:00+00:00,9710.7,9721.6,9709.2,9720.7,549
2025-12-02 10:00:00+00:00,9720.7,9724.7,9717.5,9724.2,513
2025-12-02 10:15:00+00:00,9723.9,9727.8,9721.0,9726.8,523
2025-12-02 10:30:00+00:00,9726.6,9729.1,9724.7,9728.8,378
2025-12-02 10:45:00+00:00,9729.0,9738.8,9729.0,9738.1,430
2025-12-02 11:00:00+00:00,9738.3,9742.6,9735.6,9739.7,381
2025-12-02 11:15:00+00:00,9739.9,9741.6,9737.7,9740.6,312
2025-12-02 11:30:00+00:00,9740.1,9745.6,9737.9,9739.4,402
2025-12-02 11:45:00+00:00,9739.7,9739.7,9735.5,9738.8,331
2025-12-02 12:00:00+00:00,9739.0,9739.0,9725.0,9725.5,462
2025-12-02 12:15:00+00:00,9726.0,9732.1,9724.0,9730.3,454
2025-12-02 12:30:00+00:00,9730.1,9730.9,9720.0,9724.3,609
2025-12-02 12:45:00+00:00,9724.5,9725.4,9721.0,9724.2,516
2025-12-02 13:00:00+00:00,9723.9,9725.9,9719.1,9721.2,407
2025-12-02 13:15:00+00:00,9720.7,9721.2,9715.5,9716.4,459
2025-12-02 13:30:00+00:00,9716.6,9721.7,9714.6,9721.4,541
2025-12-02 13:45:00+00:00,9721.1,9729.9,9719.9,9726.0,473
2025-12-02 14:00:00+00:00,9725.5,9729.0,9718.6,9722.2,604
2025-12-02 14:15:00+00:00,9721.9,9722.9,9706.1,9707.8,738
2025-12-02 14:30:00+00:00,9708.1,9709.5,9682.4,9688.1,1747
2025-12-02 14:45:00+00:00,9688.3,9695.9,9685.7,9693.2,1453
2025-12-02 15:00:00+00:00,9694.2,9702.6,9691.0,9701.1,1392
2025-12-02 15:15:00+00:00,9701.4,9715.6,9701.4,9710.6,1477
2025-12-02 15:30:00+00:00,9710.9,9715.6,9699.6,9701.8,1442
2025-12-02 15:45:00+00:00,9702.0,9711.7,9700.7,9711.5,855
2025-12-02 16:00:00+00:00,9711.0,9719.9,9706.1,9708.4,1155
2025-12-02 16:15:00+00:00,9708.1,9711.1,9697.7,9699.2,1363
2025-12-02 16:30:00+00:00,9698.7,9708.4,9697.7,9701.7,1245
2025-12-02 16:45:00+00:00,9702.0,9710.5,9699.7,9705.7,1120
2025-12-02 17:00:00+00:00,9706.0,9710.2,9701.7,9706.7,825
2025-12-02 17:15:00+00:00,9707.0,9716.7,9706.5,9714.2,615
2025-12-02 17:30:00+00:00,9714.5,9716.0,9707.8,9710.7,505
2025-12-02 17:45:00+00:00,9710.5,9712.0,9694.3,9694.3,664
2025-12-02 18:00:00+00:00,9694.1,9703.3,9692.6,9697.3,752
2025-12-02 18:15:00+00:00,9697.6,9700.8,9694.3,9697.3,528
2025-12-02 18:30:00+00:00,9697.1,9699.8,9692.6,9694.6,583
2025-12-02 18:45:00+00:00,9694.4,9697.4,9692.9,9695.6,591
2025-12-02 19:00:00+00:00,9695.4,9702.9,9695.1,9700.6,418
2025-12-02 19:15:00+00:00,9700.9,9701.9,9692.9,9696.6,383
2025-12-02 19:30:00+00:00,9696.4,9699.9,9695.4,9696.4,358
2025-12-02 19:45:00+00:00,9696.9,9702.7,9694.7,9700.7,408
2025-12-02 20:00:00+00:00,9700.4,9703.9,9698.9,9702.9,358
2025-12-02 20:15:00+00:00,9703.4,9707.7,9703.4,9707.4,331
2025-12-02 20:30:00+00:00,9707.2,9714.4,9707.2,9713.4,405
2025-12-02 20:45:00+00:00,9713.9,9717.4,9705.2,9705.2,661
2025-12-02 21:00:00+00:00,9705.2,9708.6,9704.8,9706.6,263
2025-12-02 21:30:00+00:00,9709.1,9709.1,9707.1,9707.1,66
2025-12-02 21:45:00+00:00,9707.0,9709.1,9706.7,9708.9,122
2025-12-02 23:00:00+00:00,9709.8,9710.4,9708.4,9709.2,147
2025-12-02 23:15:00+00:00,9708.9,9713.2,9708.7,9712.2,207
2025-12-02 23:30:00+00:00,9712.3,9712.9,9711.0,9712.1,167
2025-12-02 23:45:00+00:00,9712.2,9714.2,9710.7,9712.3,251
2025-12-03 00:00:00+00:00,9712.6,9715.2,9711.7,9712.7,439
2025-12-03 00:15:00+00:00,9712.6,9713.7,9704.0,9705.0,455
2025-12-03 00:30:00+00:00,9704.8,9710.5,9704.5,9710.3,471
2025-12-03 00:45:00+00:00,9710.5,9717.2,9710.3,9715.0,339
2025-12-03 01:00:00+00:00,9707.9,9712.2,9707.3,9710.5,750
2025-12-03 01:15:00+00:00,9710.3,9710.8,9707.2,9708.3,572
2025-12-03 01:30:00+00:00,9708.2,9708.7,9704.0,9704.7,784
2025-12-03 01:45:00+00:00,9704.9,9705.0,9699.8,9700.8,570
2025-12-03 02:00:00+00:00,9700.8,9703.6,9698.3,9703.6,550
2025-12-03 02:15:00+00:00,9703.8,9705.8,9703.4,9705.3,523
2025-12-03 02:30:00+00:00,9705.3,9705.4,9700.2,9701.6,546
2025-12-03 02:45:00+00:00,9701.6,9703.7,9701.1,9703.6,447
2025-12-03 03:00:00+00:00,9703.4,9705.4,9701.4,9704.6,439
2025-12-03 03:15:00+00:00,9704.6,9707.6,9704.6,9707.6,528
2025-12-03 03:30:00+00:00,9707.6,9710.3,9707.4,9708.2,556
2025-12-03 03:45:00+00:00,9708.2,9709.2,9707.6,9708.6,459
2025-12-03 04:00:00+00:00,9708.8,9710.0,9707.9,9708.6,367
2025-12-03 04:15:00+00:00,9708.7,9709.2,9708.0,9708.4,363
2025-12-03 04:30:00+00:00,9708.2,9708.7,9707.7,9708.4,350
2025-12-03 04:45:00+00:00,9708.2,9708.8,9707.5,9708.0,279
2025-12-03 05:00:00+00:00,9707.9,9711.0,9707.3,9710.0,490
2025-12-03 05:15:00+00:00,9710.0,9711.2,9709.9,9711.2,404
2025-12-03 05:30:00+00:00,9711.0,9711.7,9707.8,9708.0,325
2025-12-03 05:45:00+00:00,9707.8,9708.2,9702.7,9704.0,402
2025-12-03 06:00:00+00:00,9703.6,9703.8,9702.1,9702.3,94
2025-12-03 06:15:00+00:00,9702.1,9702.1,9698.3,9699.3,104
2025-12-03 06:30:00+00:00,9699.6,9701.3,9696.6,9701.3,80
2025-12-03 06:45:00+00:00,9701.1,9705.6,9700.3,9705.1,108
2025-12-03 07:00:00+00:00,9704.8,9708.1,9703.1,9706.4,182
2025-12-03 07:15:00+00:00,9706.6,9711.9,9705.9,9711.9,156
2025-12-03 07:30:00+00:00,9711.6,9711.6,9706.6,9708.6,173
2025-12-03 07:45:00+00:00,9709.1,9715.1,9702.7,9702.9,388
2025-12-03 08:00:00+00:00,9703.9,9706.2,9686.6,9690.2,1884
2025-12-03 08:15:00+00:00,9689.7,9697.7,9682.8,9691.3,989
2025-12-03 08:30:00+00:00,9691.5,9705.0,9691.5,9703.7,850
2025-12-03 08:45:00+00:00,9704.2,9705.8,9698.1,9705.1,753
2025-12-03 09:00:00+00:00,9704.8,9705.1,9695.7,9700.6,729
2025-12-03 09:15:00+00:00,9701.1,9703.0,9697.2,9700.6,617
2025-12-03 09:30:00+00:00,9700.7,9705.2,9694.2,9694.2,691
2025-12-03 09:45:00+00:00,9693.7,9695.5,9685.6,9685.9,550
2025-12-03 10:00:00+00:00,9686.1,9694.6,9685.9,9690.7,484
2025-12-03 10:15:00+00:00,9691.0,9691.8,9686.4,9687.8,419
2025-12-03 10:30:00+00:00,9687.3,9687.8,9681.0,9684.7,428
2025-12-03 10:45:00+00:00,9684.2,9687.6,9677.3,9682.7,452
2025-12-03 11:00:00+00:00,9682.2,9685.0,9678.2,9683.7,495
2025-12-03 11:15:00+00:00,9683.5,9689.7,9682.3,9686.3,361
2025-12-03 11:30:00+00:00,9685.8,9690.7,9682.9,9690.7,430
2025-12-03 11:45:00+00:00,9690.2,9693.0,9684.9,9685.9,387
2025-12-03 12:00:00+00:00,9685.7,9690.0,9681.5,9689.7,606
2025-12-03 12:15:00+00:00,9689.5,9691.2,9684.5,9688.7,474
2025-12-03 12:30:00+00:00,9689.2,9696.3,9689.2,9696.1,359
2025-12-03 12:45:00+00:00,9695.6,9696.5,9688.5,9689.4,387
2025-12-03 13:00:00+00:00,9689.7,9698.0,9689.7,9692.5,492
2025-12-03 13:15:00+00:00,9692.3,9692.3,9686.9,9689.0,608
2025-12-03 13:30:00+00:00,9689.0,9691.7,9685.5,9685.8,480
2025-12-03 13:45:00+00:00,9685.3,9692.8,9684.8,9690.4,522
2025-12-03 14:00:00+00:00,9689.9,9691.4,9676.5,9683.0,1941
2025-12-03 14:15:00+00:00,9683.2,9696.2,9679.7,9690.6,909
2025-12-03 14:30:00+00:00,9690.4,9711.9,9690.4,9704.4,1851
2025-12-03 14:45:00+00:00,9704.7,9705.2,9690.7,9695.1,1466
2025-12-03 15:00:00+00:00,9695.3,9704.7,9695.3,9702.2,1290
2025-12-03 15:15:00+00:00,9702.4,9704.4,9698.1,9700.2,950
2025-12-03 15:30:00+00:00,9699.7,9706.8,9698.2,9704.8,1208
2025-12-03 15:45:00+00:00,9704.3,9709.9,9703.3,9707.7,579
2025-12-03 16:00:00+00:00,9707.5,9709.9,9695.1,9695.9,753
2025-12-03 16:15:00+00:00,9696.4,9700.6,9689.7,9691.8,808
2025-12-03 16:30:00+00:00,9692.3,9697.0,9686.8,9688.8,979
2025-12-03 16:45:00+00:00,9689.3,9691.5,9676.1,9679.3,632
2025-12-03 17:00:00+00:00,9679.1,9686.1,9678.6,9684.3,744
2025-12-03 17:15:00+00:00,9684.6,9692.6,9682.6,9690.3,488
2025-12-03 17:30:00+00:00,9690.6,9691.8,9688.1,9690.8,362
2025-12-03 17:45:00+00:00,9691.3,9692.4,9687.9,9692.4,316
2025-12-03 18:00:00+00:00,9692.9,9694.9,9691.4,9693.9,251
2025-12-03 18:15:00+00:00,9694.4,9694.4,9690.9,9692.6,202
2025-12-03 18:30:00+00:00,9692.9,9696.4,9690.4,9694.4,212
2025-12-03 18:45:00+00:00,9694.9,9696.1,9693.2,9693.2,194
2025-12-03 19:00:00+00:00,9692.9,9697.4,9692.7,9696.7,244
2025-12-03 19:15:00+00:00,9696.9,9699.4,9694.9,9698.4,161
2025-12-03 19:30:00+00:00,9698.9,9701.4,9696.9,9701.4,186
2025-12-03 19:45:00+00:00,9700.9,9702.2,9699.9,9700.5,170
2025-12-03 20:00:00+00:00,9700.7,9702.0,9698.0,9698.0,195
2025-12-03 20:15:00+00:00,9698.2,9700.5,9695.2,9696.2,159
2025-12-03 20:30:00+00:00,9696.0,9704.5,9696.0,9702.5,225
2025-12-03 20:45:00+00:00,9703.0,9709.0,9702.7,9705.8,451
2025-12-03 21:00:00+00:00,9705.5,9707.7,9704.5,9707.0,277
2025-12-03 21:30:00+00:00,9705.3,9707.2,9705.3,9705.5,57
2025-12-03 21:45:00+00:00,9705.8,9706.5,9704.5,9706.3,41
2025-12-03 23:00:00+00:00,9707.0,9708.6,9705.2,9706.5,157
2025-12-03 23:15:00+00:00,9706.7,9709.0,9706.7,9707.8,149
2025-12-03 23:30:00+00:00,9707.7,9709.0,9707.5,9708.5,123
2025-12-03 23:45:00+00:00,9708.6,9708.6,9706.0,9707.6,171
2025-12-04 00:00:00+00:00,9707.5,9710.7,9706.2,9708.2,438
2025-12-04 00:15:00+00:00,9708.0,9709.0,9706.8,9707.2,188
2025-12-04 00:30:00+00:00,9707.5,9708.2,9707.1,9707.2,139
2025-12-04 00:45:00+00:00,9707.1,9707.2,9701.0,9702.8,246
2025-12-04 01:00:00+00:00,9701.9,9717.8,9701.9,9716.3,917
2025-12-04 01:15:00+00:00,9716.5,9718.7,9715.8,9718.7,577
2025-12-04 01:30:00+00:00,9718.8,9719.2,9713.7,9714.0,640
2025-12-04 01:45:00+00:00,9714.0,9714.1,9711.7,9712.6,575
2025-12-04 02:00:00+00:00,9712.5,9714.5,9711.6,9712.7,658
2025-12-04 02:15:00+00:00,9712.7,9718.5,9711.3,9717.3,558
2025-12-04 02:30:00+00:00,9717.2,9721.0,9717.2,9719.8,381
2025-12-04 02:45:00+00:00,9720.0,9725.4,9719.7,9722.5,527
2025-12-04 03:00:00+00:00,9722.7,9722.7,9718.6,9721.5,542
2025-12-04 03:15:00+00:00,9721.5,9721.5,9718.0,9718.0,432
2025-12-04 03:30:00+00:00,9717.8,9719.3,9716.4,9718.0,487
2025-12-04 03:45:00+00:00,9718.0,9721.0,9717.9,9720.0,360
2025-12-04 04:00:00+00:00,9720.2,9720.3,9717.5,9719.0,321
2025-12-04 04:15:00+00:00,9719.0,9720.7,9718.7,9720.1,448
2025-12-04 04:30:00+00:00,9720.0,9723.3,9720.0,9722.8,406
2025-12-04 04:45:00+00:00,9722.8,9724.1,9722.0,9723.0,368
2025-12-04 05:00:00+00:00,9723.2,9727.6,9722.5,9727.5,471
2025-12-04 05:15:00+00:00,9727.5,9727.8,9723.4,9723.6,514
2025-12-04 05:30:00+00:00,9723.6,9724.2,9720.4,9720.8,451
2025-12-04 05:45:00+00:00,9720.6,9722.2,9719.0,9720.5,403
2025-12-04 06:00:00+00:00,9720.5,9722.5,9718.5,9719.8,40
2025-12-04 06:15:00+00:00,9719.5,9719.5,9717.5,9719.5,57
2025-12-04 06:30:00+00:00,9719.3,9726.0,9719.3,9723.5,101
2025-12-04 06:45:00+00:00,9723.8,9725.3,9721.5,9723.3,50
2025-12-04 07:00:00+00:00,9722.5,9727.5,9719.3,9724.3,216
2025-12-04 07:15:00+00:00,9724.5,9726.0,9723.8,9724.3,134
2025-12-04 07:30:00+00:00,9724.0,9724.3,9718.8,9720.8,162
2025-12-04 07:45:00+00:00,9721.0,9726.3,9719.3,9720.0,222
2025-12-04 08:00:00+00:00,9720.5,9721.0,9688.5,9688.5,1946
2025-12-04 08:15:00+00:00,9688.8,9696.5,9681.5,9687.3,983
2025-12-04 08:30:00+00:00,9686.8,9693.0,9680.8,9681.0,822
2025-12-04 08:45:00+00:00,9681.3,9682.5,9674.0,9681.1,824
2025-12-04 09:00:00+00:00,9681.3,9685.7,9678.4,9682.2,829
2025-12-04 09:15:00+00:00,9682.7,9692.5,9679.7,9691.0,519
2025-12-04 09:30:00+00:00,9691.8,9698.1,9685.0,9697.8,712
2025-12-04 09:45:00+00:00,9698.1,9698.6,9694.1,9697.1,537
2025-12-04 10:00:00+00:00,9697.6,9698.8,9691.2,9696.0,480
2025-12-04 10:15:00+00:00,9695.5,9695.5,9690.1,9691.2,404
2025-12-04 10:30:00+00:00,9691.4,9696.3,9689.8,9695.3,412
2025-12-04 10:45:00+00:00,9695.5,9705.6,9693.8,9702.8,408
2025-12-04 11:00:00+00:00,9703.1,9708.2,9702.2,9705.1,424
2025-12-04 11:15:00+00:00,9704.9,9710.8,9702.2,9708.9,389
2025-12-04 11:30:00+00:00,9708.4,9711.2,9705.5,9711.2,367
2025-12-04 11:45:00+00:00,9711.5,9715.8,9710.4,9714.3,397
2025-12-04 12:00:00+00:00,9714.6,9718.8,9710.2,9710.7,473
2025-12-04 12:15:00+00:00,9710.7,9710.7,9702.1,9703.5,337
2025-12-04 12:30:00+00:00,9703.8,9705.9,9701.0,9704.2,459
2025-12-04 12:45:00+00:00,9703.7,9706.3,9698.9,9701.0,467
2025-12-04 13:00:00+00:00,9700.7,9703.4,9696.0,9701.9,439
2025-12-04 13:15:00+00:00,9702.2,9714.3,9702.2,9710.3,381
2025-12-04 13:30:00+00:00,9710.5,9720.3,9708.3,9718.8,680
2025-12-04 13:45:00+00:00,9718.6,9718.8,9710.1,9714.1,520
2025-12-04 14:00:00+00:00,9714.3,9714.3,9703.0,9705.5,567
2025-12-04 14:15:00+00:00,9705.8,9707.1,9696.9,9697.4,670
2025-12-04 14:30:00+00:00,9697.2,9714.7,9696.7,9712.7,1606
2025-12-04 14:45:00+00:00,9712.9,9714.9,9704.2,9711.3,1158
2025-12-04 15:00:00+00:00,9712.1,9713.1,9706.4,9711.9,1042
2025-12-04 15:15:00+00:00,9712.1,9719.9,9709.4,9718.7,1010
2025-12-04 15:30:00+00:00,9718.9,9720.2,9712.8,9719.0,803
2025-12-04 15:45:00+00:00,9718.7,9724.2,9714.4,9720.6,807
2025-12-04 16:00:00+00:00,9721.1,9727.0,9720.6,9724.4,808
2025-12-04 16:15:00+00:00,9724.7,9727.6,9719.5,9721.0,625
2025-12-04 16:30:00+00:00,9721.5,9722.5,9709.7,9712.0,1089
2025-12-04 16:45:00+00:00,9712.5,9721.0,9710.5,9720.7,523
2025-12-04 17:00:00+00:00,9720.5,9722.0,9715.0,9718.0,504
2025-12-04 17:15:00+00:00,9718.3,9721.0,9715.0,9718.3,362
2025-12-04 17:30:00+00:00,9718.0,9719.0,9713.6,9716.3,294
2025-12-04 17:45:00+00:00,9716.5,9719.6,9715.3,9717.8,232
2025-12-04 18:00:00+00:00,9718.1,9722.1,9716.6,9721.8,231
2025-12-04 18:15:00+00:00,9722.1,9722.8,9718.6,9722.1,200
2025-12-04 18:30:00+00:00,9721.8,9722.3,9714.6,9715.4,279
2025-12-04 18:45:00+00:00,9715.6,9718.9,9715.4,9717.1,305
2025-12-04 19:00:00+00:00,9717.4,9718.4,9713.9,9714.9,225
2025-12-04 19:15:00+00:00,9714.6,9714.6,9693.4,9698.9,749
2025-12-04 19:30:00+00:00,9698.7,9714.4,9697.9,9709.9,423
2025-12-04 19:45:00+00:00,9709.7,9712.9,9707.9,9709.2,394
2025-12-04 20:00:00+00:00,9708.9,9709.7,9701.7,9705.7,443
2025-12-04 20:15:00+00:00,9705.5,9707.7,9701.7,9702.0,397
2025-12-04 20:30:00+00:00,9701.7,9704.2,9700.7,9701.3,314
2025-12-04 20:45:00+00:00,9701.0,9709.5,9700.0,9707.8,423
2025-12-04 21:00:00+00:00,9708.3,9708.3,9704.5,9706.0,263
2025-12-04 21:30:00+00:00,9707.5,9708.0,9706.8,9707.3,56
2025-12-04 21:45:00+00:00,9707.4,9707.4,9705.6,9706.3,44
2025-12-04 23:00:00+00:00,9710.6,9715.6,9708.1,9713.2,171
2025-12-04 23:15:00+00:00,9713.4,9714.0,9712.2,9713.4,126
2025-12-04 23:30:00+00:00,9713.7,9713.9,9710.1,9710.7,162
2025-12-04 23:45:00+00:00,9710.5,9712.7,9709.0,9711.5,184
2025-12-05 00:00:00+00:00,9711.3,9712.7,9709.5,9711.0,459
2025-12-05 00:15:00+00:00,9711.2,9716.7,9711.0,9715.6,255
2025-12-05 00:30:00+00:00,9715.7,9718.9,9713.0,9714.9,304
2025-12-05 00:45:00+00:00,9715.1,9715.2,9712.5,9713.5,192
2025-12-05 01:00:00+00:00,9710.9,9717.9,9710.8,9715.8,819
2025-12-05 01:15:00+00:00,9715.8,9717.6,9714.7,9716.7,609
2025-12-05 01:30:00+00:00,9716.7,9719.3,9716.2,9717.0,578
2025-12-05 01:45:00+00:00,9716.5,9721.0,9716.3,9719.0,545
2025-12-05 02:00:00+00:00,9719.0,9719.8,9717.0,9719.8,343
2025-12-05 02:15:00+00:00,9720.3,9724.4,9719.8,9723.8,544
2025-12-05 02:30:00+00:00,9723.6,9724.5,9721.9,9723.1,562
2025-12-05 02:45:00+00:00,9723.1,9723.4,9718.5,9718.9,399
2025-12-05 03:00:00+00:00,9718.9,9719.9,9718.5,9719.1,353
2025-12-05 03:15:00+00:00,9719.1,9720.6,9717.1,9717.6,440
2025-12-05 03:30:00+00:00,9717.6,9719.9,9716.6,9719.9,470
2025-12-05 03:45:00+00:00,9719.8,9722.1,9719.8,9721.9,429
2025-12-05 04:00:00+00:00,9721.8,9723.7,9721.4,9723.3,408
2025-12-05 04:15:00+00:00,9723.4,9723.5,9722.1,9722.9,419
2025-12-05 04:30:00+00:00,9722.8,9723.2,9722.1,9722.2,305
2025-12-05 04:45:00+00:00,9722.1,9723.9,9722.1,9722.2,311
2025-12-05 05:00:00+00:00,9722.4,9726.4,9722.2,9725.5,466
2025-12-05 05:15:00+00:00,9725.2,9725.9,9723.2,9723.7,340
2025-12-05 05:30:00+00:00,9723.7,9724.7,9722.8,9724.3,365
2025-12-05 05:45:00+00:00,9724.3,9724.8,9723.0,9723.2,298
2025-12-05 06:00:00+00:00,9723.2,9727.5,9722.8,9726.0,78
2025-12-05 06:15:00+00:00,9726.3,9727.0,9725.5,9725.5,38
2025-12-05 06:30:00+00:00,9725.3,9725.5,9721.5,9723.3,73
2025-12-05 06:45:00+00:00,9723.5,9724.5,9722.8,9724.3,43
2025-12-05 07:00:00+00:00,9724.6,9729.6,9723.8,9724.3,176
2025-12-05 07:15:00+00:00,9724.1,9725.8,9722.8,9725.1,130
2025-12-05 07:30:00+00:00,9725.3,9725.8,9721.8,9724.8,167
2025-12-05 07:45:00+00:00,9725.1,9731.8,9722.9,9723.6,246
2025-12-05 08:00:00+00:00,9723.4,9730.9,9713.4,9729.6,1649
2025-12-05 08:15:00+00:00,9729.4,9737.4,9725.5,9735.4,1096
2025-12-05 08:30:00+00:00,9734.7,9734.9,9725.0,9730.2,824
2025-12-05 08:45:00+00:00,9729.9,9732.0,9725.4,9727.4,777
2025-12-05 09:00:00+00:00,9727.1,9736.6,9726.6,9728.4,662
2025-12-05 09:15:00+00:00,9728.1,9733.4,9727.4,9731.7,594
2025-12-05 09:30:00+00:00,9731.2,9731.7,9722.7,9727.4,480
2025-12-05 09:45:00+00:00,9727.7,9733.5,9727.6,9731.8,432
2025-12-05 10:00:00+00:00,9731.6,9732.1,9723.1,9728.6,429
2025-12-05 10:15:00+00:00,9728.3,9728.6,9722.4,9725.8,423
2025-12-05 10:30:00+00:00,9726.0,9730.8,9724.5,9727.3,393
2025-12-05 10:45:00+00:00,9727.6,9729.6,9723.9,9726.6,356
2025-12-05 11:00:00+00:00,9726.1,9735.9,9726.1,9729.5,308
2025-12-05 11:15:00+00:00,9729.2,9729.2,9721.0,9724.5,351
2025-12-05 11:30:00+00:00,9724.8,9725.8,9718.2,9722.4,323
2025-12-05 11:45:00+00:00,9722.1,9722.7,9716.8,9719.6,268
2025-12-05 12:00:00+00:00,9719.9,9723.7,9717.5,9719.0,312
2025-12-05 12:15:00+00:00,9719.3,9721.0,9714.3,9716.7,422
2025-12-05 12:30:00+00:00,9716.5,9722.3,9716.5,9717.8,234
2025-12-05 12:45:00+00:00,9717.6,9717.9,9715.0,9717.0,229
2025-12-05 13:00:00+00:00,9717.5,9721.8,9715.0,9717.2,339
2025-12-05 13:15:00+00:00,9716.7,9717.2,9712.8,9716.7,213
2025-12-05 13:30:00+00:00,9716.2,9718.2,9706.2,9708.2,526
2025-12-05 13:45:00+00:00,9708.1,9708.5,9701.8,9704.6,484
2025-12-05 14:00:00+00:00,9704.1,9707.0,9698.7,9699.2,359
2025-12-05 14:15:00+00:00,9699.7,9700.0,9694.0,9695.6,405
2025-12-05 14:30:00+00:00,9697.0,9701.7,9687.7,9699.9,1450
2025-12-05 14:45:00+00:00,9700.2,9705.6,9697.4,9703.4,884
2025-12-05 15:00:00+00:00,9703.6,9711.3,9703.6,9706.6,856
2025-12-05 15:15:00+00:00,9706.3,9707.0,9693.9,9696.1,815
2025-12-05 15:30:00+00:00,9696.3,9697.3,9685.9,9688.9,770
2025-12-05 15:45:00+00:00,9689.1,9690.4,9681.1,9682.3,1056
2025-12-05 16:00:00+00:00,9682.5,9683.5,9673.5,9675.4,976
2025-12-05 16:15:00+00:00,9675.2,9679.3,9667.9,9669.2,1132
2025-12-05 16:30:00+00:00,9669.7,9671.4,9662.2,9667.2,1432
2025-12-05 16:45:00+00:00,9667.5,9675.7,9667.5,9673.0,661
2025-12-05 17:00:00+00:00,9673.2,9678.7,9669.7,9669.7,725
2025-12-05 17:15:00+00:00,9670.0,9674.2,9669.2,9673.2,460
2025-12-05 17:30:00+00:00,9673.5,9674.7,9666.3,9668.8,506
2025-12-05 17:45:00+00:00,9668.5,9679.0,9668.3,9677.5,360
2025-12-05 18:00:00+00:00,9677.3,9681.5,9676.8,9677.0,350
2025-12-05 18:15:00+00:00,9677.3,9677.3,9671.0,9675.5,423
2025-12-05 18:30:00+00:00,9675.3,9678.5,9671.1,9673.1,317
2025-12-05 18:45:00+00:00,9673.3,9674.3,9670.1,9672.1,284
2025-12-05 19:00:00+00:00,9672.3,9672.8,9669.1,9669.1,366
2025-12-05 19:15:00+00:00,9669.3,9669.8,9664.9,9666.4,371
2025-12-05 19:30:00+00:00,9666.9,9668.1,9663.6,9666.4,269
2025-12-05 19:45:00+00:00,9666.9,9671.4,9665.9,9671.4,190
2025-12-05 20:00:00+00:00,9671.1,9671.1,9666.9,9669.2,230
2025-12-05 20:15:00+00:00,9669.4,9669.9,9664.4,9664.4,213
2025-12-05 20:30:00+00:00,9664.2,9665.4,9660.9,9664.9,228
2025-12-05 20:45:00+00:00,9665.2,9665.7,9657.0,9659.7,482
2025-12-07 23:00:00+00:00,9661.0,9664.7,9660.5,9662.0,241
2025-12-07 23:15:00+00:00,9662.2,9666.2,9661.5,9665.2,383
2025-12-07 23:30:00+00:00,9665.4,9668.4,9664.7,9666.7,286
2025-12-07 23:45:00+00:00,9666.4,9667.7,9665.7,9666.0,226
2025-12-08 00:00:00+00:00,9666.1,9666.4,9658.1,9659.8,842
2025-12-08 00:15:00+00:00,9660.0,9664.0,9659.5,9663.2,429
2025-12-08 00:30:00+00:00,9663.0,9664.7,9662.0,9664.2,218
2025-12-08 00:45:00+00:00,9664.5,9666.9,9663.6,9666.0,222
2025-12-08 01:00:00+00:00,9663.0,9663.0,9658.2,9658.7,740
2025-12-08 01:15:00+00:00,9658.7,9658.9,9655.3,9656.7,610
2025-12-08 01:30:00+00:00,9656.7,9660.8,9656.3,9660.2,592
2025-12-08 01:45:00+00:00,9660.2,9660.6,9657.5,9658.0,371
2025-12-08 02:00:00+00:00,9658.0,9658.0,9655.3,9657.5,447
2025-12-08 02:15:00+00:00,9657.3,9657.9,9656.8,9657.3,570
2025-12-08 02:30:00+00:00,9657.2,9657.8,9655.3,9655.8,358
2025-12-08 02:45:00+00:00,9655.8,9658.0,9654.5,9657.6,361
2025-12-08 03:00:00+00:00,9657.6,9658.8,9656.2,9656.5,394
2025-12-08 03:15:00+00:00,9656.5,9658.7,9656.3,9657.0,301
2025-12-08 03:30:00+00:00,9657.0,9657.0,9654.2,9654.8,304
2025-12-08 03:45:00+00:00,9654.4,9655.6,9653.2,9653.3,341
2025-12-08 04:00:00+00:00,9653.3,9656.0,9653.3,9655.2,277
2025-12-08 04:15:00+00:00,9655.3,9658.3,9654.9,9657.9,271
2025-12-08 04:30:00+00:00,9657.9,9659.9,9656.7,9658.3,380
2025-12-08 04:45:00+00:00,9658.3,9659.3,9657.7,9658.0,286
2025-12-08 05:00:00+00:00,9657.8,9658.4,9655.9,9656.0,382
2025-12-08 05:15:00+00:00,9656.0,9658.2,9655.1,9657.5,333
2025-12-08 05:30:00+00:00,9657.6,9658.8,9656.7,9658.8,312
2025-12-08 05:45:00+00:00,9658.8,9658.8,9655.2,9656.7,332
2025-12-08 06:00:00+00:00,9656.8,9656.8,9648.0,9654.8,160
2025-12-08 06:15:00+00:00,9655.0,9657.3,9654.5,9655.5,109
2025-12-08 06:30:00+00:00,9655.3,9655.8,9652.5,9653.0,92
2025-12-08 06:45:00+00:00,9653.8,9655.3,9652.5,9655.3,69
2025-12-08 07:00:00+00:00,9655.0,9663.0,9650.0,9659.5,214
2025-12-08 07:15:00+00:00,9660.0,9668.3,9660.0,9668.3,186
2025-12-08 07:30:00+00:00,9668.0,9669.0,9664.5,9667.5,204
2025-12-08 07:45:00+00:00,9667.0,9668.5,9658.5,9659.0,211
2025-12-08 08:00:00+00:00,9661.0,9675.5,9659.3,9670.5,1626
2025-12-08 08:15:00+00:00,9670.3,9676.3,9663.3,9674.8,783
2025-12-08 08:30:00+00:00,9674.5,9677.5,9669.0,9676.3,676
2025-12-08 08:45:00+00:00,9676.8,9677.8,9657.3,9661.8,592
2025-12-08 09:00:00+00:00,9662.0,9665.3,9658.8,9661.5,570
2025-12-08 09:15:00+00:00,9661.3,9666.0,9654.8,9663.8,468
2025-12-08 09:30:00+00:00,9663.3,9669.8,9661.8,9669.3,496
2025-12-08 09:45:00+00:00,9669.1,9677.1,9667.5,9676.8,379
2025-12-08 10:00:00+00:00,9676.6,9677.1,9665.4,9665.6,569
2025-12-08 10:15:00+00:00,9665.6,9666.7,9661.8,9664.3,394
2025-12-08 10:30:00+00:00,9664.3,9664.8,9657.5,9659.5,270
2025-12-08 10:45:00+00:00,9659.0,9664.9,9657.6,9662.9,315
2025-12-08 11:00:00+00:00,9662.6,9666.3,9659.6,9664.5,418
2025-12-08 11:15:00+00:00,9664.8,9665.0,9660.8,9663.3,312
2025-12-08 11:30:00+00:00,9663.8,9670.9,9661.5,9670.7,383
2025-12-08 11:45:00+00:00,9670.9,9671.1,9661.4,9662.1,353
2025-12-08 12:00:00+00:00,9662.4,9666.4,9658.4,9662.3,410
2025-12-08 12:15:00+00:00,9662.5,9669.1,9661.8,9667.5,280
2025-12-08 12:30:00+00:00,9667.2,9670.1,9665.3,9668.1,326
2025-12-08 12:45:00+00:00,9668.3,9668.8,9663.0,9664.5,258
2025-12-08 13:00:00+00:00,9664.3,9669.5,9662.1,9669.0,340
2025-12-08 13:15:00+00:00,9669.5,9670.0,9658.1,9660.6,429
2025-12-08 13:30:00+00:00,9660.8,9662.0,9653.0,9653.0,448
2025-12-08 13:45:00+00:00,9652.8,9655.8,9649.2,9652.6,458
2025-12-08 14:00:00+00:00,9652.4,9655.5,9651.7,9653.6,336
2025-12-08 14:15:00+00:00,9653.1,9654.6,9641.9,9642.4,447
2025-12-08 14:30:00+00:00,9642.6,9646.8,9635.7,9640.6,1431
2025-12-08 14:45:00+00:00,9640.9,9651.9,9639.9,9644.9,1110
2025-12-08 15:00:00+00:00,9645.2,9646.4,9628.4,9628.4,967
2025-12-08 15:15:00+00:00,9628.6,9640.8,9628.6,9637.5,920
2025-12-08 15:30:00+00:00,9637.8,9649.2,9637.3,9644.0,1050
2025-12-08 15:45:00+00:00,9644.3,9646.5,9636.4,9636.4,833
2025-12-08 16:00:00+00:00,9636.1,9638.0,9629.6,9634.7,990
2025-12-08 16:15:00+00:00,9634.5,9643.0,9632.5,9642.1,779
2025-12-08 16:30:00+00:00,9642.4,9646.1,9633.6,9636.9,718
2025-12-08 16:45:00+00:00,9636.6,9641.1,9635.9,9639.2,405
2025-12-08 17:00:00+00:00,9638.9,9640.2,9632.7,9634.4,630
2025-12-08 17:15:00+00:00,9634.2,9635.7,9629.0,9630.2,410
2025-12-08 17:30:00+00:00,9630.7,9632.2,9628.5,9629.5,430
2025-12-08 17:45:00+00:00,9629.7,9641.7,9628.5,9641.2,506
2025-12-08 18:00:00+00:00,9641.0,9641.7,9630.8,9631.5,406
2025-12-08 18:15:00+00:00,9631.8,9635.3,9627.3,9627.8,358
2025-12-08 18:30:00+00:00,9627.5,9630.6,9622.1,9630.1,469
2025-12-08 18:45:00+00:00,9630.3,9632.6,9621.1,9624.1,415
2025-12-08 19:00:00+00:00,9623.8,9627.3,9622.6,9623.6,434
2025-12-08 19:15:00+00:00,9623.4,9628.4,9623.4,9626.1,262
2025-12-08 19:30:00+00:00,9625.9,9631.9,9625.9,9630.9,239
2025-12-08 19:45:00+00:00,9631.1,9632.1,9628.4,9630.9,258
2025-12-08 20:00:00+00:00,9631.4,9633.4,9629.2,9632.9,283
2025-12-08 20:15:00+00:00,9632.7,9633.9,9629.9,9631.7,235
2025-12-08 20:30:00+00:00,9631.9,9638.2,9628.9,9636.9,255
2025-12-08 20:45:00+00:00,9637.2,9640.9,9632.0,9640.9,335
2025-12-08 21:00:00+00:00,9641.3,9641.5,9637.6,9639.1,300
2025-12-08 21:30:00+00:00,9644.4,9647.1,9642.9,9646.7,435
2025-12-08 21:45:00+00:00,9647.0,9649.0,9644.5,9648.7,162
2025-12-08 23:00:00+00:00,9649.5,9650.5,9646.8,9646.8,255
2025-12-08 23:15:00+00:00,9647.1,9648.1,9645.8,9646.6,208
2025-12-08 23:30:00+00:00,9646.7,9648.1,9644.6,9647.1,210
2025-12-08 23:45:00+00:00,9647.4,9653.0,9646.9,9652.8,269
2025-12-09 00:00:00+00:00,9652.7,9652.8,9650.3,9651.1,297
2025-12-09 00:15:00+00:00,9650.8,9651.3,9645.6,9646.1,190
2025-12-09 00:30:00+00:00,9645.9,9646.9,9644.9,9645.4,112
2025-12-09 00:45:00+00:00,9645.4,9647.1,9644.4,9646.6,184
2025-12-09 01:00:00+00:00,9645.2,9648.6,9642.7,9648.6,856
2025-12-09 01:15:00+00:00,9649.6,9650.7,9645.5,9648.5,695
2025-12-09 01:30:00+00:00,9648.5,9648.6,9643.4,9645.2,874
2025-12-09 01:45:00+00:00,9645.2,9645.6,9643.0,9643.0,610
2025-12-09 02:00:00+00:00,9643.2,9644.1,9639.8,9642.3,600
2025-12-09 02:15:00+00:00,9642.5,9644.5,9641.7,9641.9,690
2025-12-09 02:30:00+00:00,9641.7,9642.3,9639.6,9641.1,498
2025-12-09 02:45:00+00:00,9641.2,9642.2,9638.7,9640.3,493
2025-12-09 03:00:00+00:00,9640.3,9641.1,9639.1,9639.9,485
2025-12-09 03:15:00+00:00,9639.7,9640.9,9637.8,9638.7,398
2025-12-09 03:30:00+00:00,9638.5,9641.5,9638.2,9638.4,660
2025-12-09 03:45:00+00:00,9638.4,9640.0,9636.7,9639.7,474
2025-12-09 04:00:00+00:00,9639.7,9639.8,9637.7,9639.4,338
2025-12-09 04:15:00+00:00,9639.4,9639.7,9638.2,9639.7,326
2025-12-09 04:30:00+00:00,9639.7,9640.6,9638.3,9640.2,413
2025-12-09 04:45:00+00:00,9640.2,9641.0,9640.0,9640.0,219
2025-12-09 05:00:00+00:00,9640.1,9641.5,9637.5,9638.3,509
2025-12-09 05:15:00+00:00,9638.2,9638.8,9636.3,9638.0,388
2025-12-09 05:30:00+00:00,9637.7,9638.3,9636.5,9636.8,341
2025-12-09 05:45:00+00:00,9636.8,9638.6,9636.5,9637.1,364
2025-12-09 06:00:00+00:00,9636.9,9637.1,9634.8,9635.8,79
2025-12-09 06:15:00+00:00,9635.6,9637.9,9635.4,9636.6,55
2025-12-09 06:30:00+00:00,9636.9,9642.1,9636.1,9642.1,89
2025-12-09 06:45:00+00:00,9641.9,9642.4,9640.4,9641.6,52
2025-12-09 07:00:00+00:00,9641.1,9644.9,9640.7,9642.2,160
2025-12-09 07:15:00+00:00,9641.9,9643.7,9640.2,9640.7,123
2025-12-09 07:30:00+00:00,9640.2,9642.7,9637.7,9641.7,139
2025-12-09 07:45:00+00:00,9641.2,9646.2,9638.2,9646.0,226
2025-12-09 08:00:00+00:00,9646.9,9648.4,9633.2,9640.1,1520
2025-12-09 08:15:00+00:00,9640.3,9649.0,9634.4,9634.4,988
2025-12-09 08:30:00+00:00,9634.1,9640.2,9633.6,9636.7,914
2025-12-09 08:45:00+00:00,9636.4,9639.2,9630.1,9633.4,676
2025-12-09 09:00:00+00:00,9633.9,9639.8,9631.2,9637.1,885
2025-12-09 09:15:00+00:00,9637.6,9644.8,9637.4,9641.4,701
2025-12-09 09:30:00+00:00,9641.2,9643.5,9636.7,9643.0,608
2025-12-09 09:45:00+00:00,9642.5,9650.4,9640.0,9646.8,470
2025-12-09 10:00:00+00:00,9646.5,9646.8,9638.2,9641.9,507
2025-12-09 10:15:00+00:00,9641.9,9653.6,9640.6,9653.0,556
2025-12-09 10:30:00+00:00,9652.8,9658.7,9646.2,9657.5,816
2025-12-09 10:45:00+00:00,9657.7,9658.5,9653.5,9657.3,605
2025-12-09 11:00:00+00:00,9657.8,9659.9,9650.1,9651.9,720
2025-12-09 11:15:00+00:00,9651.6,9659.7,9648.7,9658.4,664
2025-12-09 11:30:00+00:00,9658.7,9658.7,9651.8,9654.2,458
2025-12-09 11:45:00+00:00,9654.0,9659.4,9653.5,9659.0,400
2025-12-09 12:00:00+00:00,9658.7,9661.2,9655.3,9655.9,355
2025-12-09 12:15:00+00:00,9656.4,9657.1,9650.0,9651.9,257
2025-12-09 12:30:00+00:00,9651.6,9652.4,9644.4,9644.9,316
2025-12-09 12:45:00+00:00,9644.4,9645.8,9639.3,9642.3,492
2025-12-09 13:00:00+00:00,9641.8,9647.0,9640.4,9643.2,382
2025-12-09 13:15:00+00:00,9643.2,9643.5,9633.8,9635.3,464
2025-12-09 13:30:00+00:00,9635.0,9645.2,9633.7,9645.0,492
2025-12-09 13:45:00+00:00,9644.7,9648.1,9642.6,9647.2,416
2025-12-09 14:00:00+00:00,9647.7,9650.4,9644.8,9649.8,436
2025-12-09 14:15:00+00:00,9649.3,9657.5,9649.3,9650.7,543
2025-12-09 14:30:00+00:00,9651.2,9669.6,9650.5,9664.7,1381
2025-12-09 14:45:00+00:00,9664.2,9672.2,9660.0,9666.9,631
2025-12-09 15:00:00+00:00,9667.6,9673.4,9666.7,9669.0,693
2025-12-09 15:15:00+00:00,9669.0,9669.5,9647.2,9651.0,733
2025-12-09 15:30:00+00:00,9650.7,9655.8,9642.4,9644.4,756
2025-12-09 15:45:00+00:00,9643.9,9646.4,9639.4,9645.7,661
2025-12-09 16:00:00+00:00,9646.2,9652.7,9643.2,9646.2,541
2025-12-09 16:15:00+00:00,9646.7,9651.7,9644.8,9644.8,574
2025-12-09 16:30:00+00:00,9644.6,9649.3,9638.1,9639.3,711
2025-12-09 16:45:00+00:00,9639.6,9644.8,9635.9,9636.4,309
2025-12-09 17:00:00+00:00,9636.1,9638.4,9628.6,9628.6,420
2025-12-09 17:15:00+00:00,9628.4,9630.4,9622.4,9629.9,392
2025-12-09 17:30:00+00:00,9630.2,9632.4,9620.7,9622.9,473
2025-12-09 17:45:00+00:00,9623.2,9628.4,9620.7,9628.2,403
2025-12-09 18:00:00+00:00,9627.9,9631.7,9627.4,9631.7,288
2025-12-09 18:15:00+00:00,9631.9,9633.5,9628.0,9628.7,277
2025-12-09 18:30:00+00:00,9628.5,9630.0,9622.5,9622.5,281
2025-12-09 18:45:00+00:00,9622.2,9626.5,9621.0,9624.3,346
2025-12-09 19:00:00+00:00,9624.5,9626.0,9621.5,9623.5,306
2025-12-09 19:15:00+00:00,9623.3,9626.5,9623.0,9623.3,244
2025-12-09 19:30:00+00:00,9623.0,9624.0,9619.1,9620.1,293
2025-12-09 19:45:00+00:00,9619.8,9625.3,9619.6,9622.1,184
2025-12-09 20:00:00+00:00,9621.6,9623.3,9619.3,9620.3,239
2025-12-09 20:15:00+00:00,9620.1,9620.8,9617.1,9618.9,217
2025-12-09 20:30:00+00:00,9618.6,9619.9,9614.9,9617.6,253
2025-12-09 20:45:00+00:00,9617.9,9620.4,9607.9,9612.7,385
2025-12-09 21:00:00+00:00,9612.2,9612.7,9609.0,9610.2,245
2025-12-09 21:30:00+00:00,9609.9,9611.7,9609.5,9610.5,95
2025-12-09 21:45:00+00:00,9610.3,9612.2,9610.3,9611.3,70
2025-12-09 23:00:00+00:00,9611.9,9612.5,9611.1,9611.3,107
2025-12-09 23:15:00+00:00,9611.6,9611.8,9610.3,9611.6,134
2025-12-09 23:30:00+00:00,9611.5,9611.6,9610.6,9611.6,93
2025-12-09 23:45:00+00:00,9611.4,9612.1,9610.1,9611.9,95
2025-12-10 00:00:00+00:00,9611.8,9617.1,9611.4,9615.4,176
2025-12-10 00:15:00+00:00,9615.1,9615.6,9611.7,9613.7,168
2025-12-10 00:30:00+00:00,9613.9,9614.2,9612.9,9613.4,121
2025-12-10 00:45:00+00:00,9613.2,9613.2,9608.5,9608.5,120
2025-12-10 01:00:00+00:00,9609.1,9615.2,9608.7,9613.2,789
2025-12-10 01:15:00+00:00,9613.2,9613.7,9611.2,9611.4,513
2025-12-10 01:30:00+00:00,9611.2,9612.3,9609.9,9611.0,580
2025-12-10 01:45:00+00:00,9611.0,9612.3,9610.7,9612.0,484
2025-12-10 02:00:00+00:00,9611.9,9616.0,9611.9,9613.3,380
2025-12-10 02:15:00+00:00,9613.3,9613.7,9611.0,9611.0,395
2025-12-10 02:30:00+00:00,9610.8,9612.9,9610.3,9612.8,369
2025-12-10 02:45:00+00:00,9612.8,9616.1,9611.9,9613.3,341
2025-12-10 03:00:00+00:00,9613.3,9615.2,9613.1,9614.5,384
2025-12-10 03:15:00+00:00,9614.5,9616.3,9614.4,9616.0,316
2025-12-10 03:30:00+00:00,9616.0,9617.3,9614.4,9615.9,375
2025-12-10 03:45:00+00:00,9615.9,9615.9,9611.1,9613.6,397
2025-12-10 04:00:00+00:00,9613.6,9615.4,9613.6,9615.3,324
2025-12-10 04:15:00+00:00,9615.1,9615.4,9613.2,9615.1,298
2025-12-10 04:30:00+00:00,9615.3,9617.4,9613.6,9613.6,373
2025-12-10 04:45:00+00:00,9613.6,9616.0,9613.0,9616.0,379
2025-12-10 05:00:00+00:00,9615.9,9615.9,9609.1,9610.4,556
2025-12-10 05:15:00+00:00,9610.4,9612.5,9610.2,9611.2,385
2025-12-10 05:30:00+00:00,9611.1,9612.5,9609.7,9612.2,447
2025-12-10 05:45:00+00:00,9612.1,9613.5,9611.9,9613.5,325
2025-12-10 06:00:00+00:00,9613.5,9620.0,9613.5,9619.0,65
2025-12-10 06:15:00+00:00,9619.2,9620.2,9618.0,9619.0,82
2025-12-10 06:30:00+00:00,9619.2,9622.7,9619.0,9619.5,102
2025-12-10 06:45:00+00:00,9619.3,9619.3,9617.3,9618.0,53
2025-12-10 07:00:00+00:00,9617.8,9617.8,9607.5,9608.1,192
2025-12-10 07:15:00+00:00,9608.3,9610.8,9607.3,9609.3,82
2025-12-10 07:30:00+00:00,9609.6,9613.8,9608.8,9612.1,151
2025-12-10 07:45:00+00:00,9611.8,9615.3,9608.1,9612.6,219
2025-12-10 08:00:00+00:00,9612.8,9653.4,9612.8,9653.2,1606
2025-12-10 08:15:00+00:00,9653.4,9665.2,9648.4,9661.1,882
2025-12-10 08:30:00+00:00,9661.3,9664.1,9644.2,9645.2,850
2025-12-10 08:45:00+00:00,9645.4,9649.8,9638.3,9649.0,840
2025-12-10 09:00:00+00:00,9649.8,9656.4,9645.5,9646.8,750
2025-12-10 09:15:00+00:00,9646.5,9655.1,9640.8,9654.5,773
2025-12-10 09:30:00+00:00,9654.4,9657.1,9649.0,9655.6,575
2025-12-10 09:45:00+00:00,9656.1,9657.8,9650.5,9652.1,516
2025-12-10 10:00:00+00:00,9652.6,9657.6,9646.9,9655.4,714
2025-12-10 10:15:00+00:00,9655.2,9661.4,9653.0,9654.3,612
2025-12-10 10:30:00+00:00,9654.5,9657.0,9650.8,9653.9,620
2025-12-10 10:45:00+00:00,9654.2,9657.1,9648.8,9653.0,655
2025-12-10 11:00:00+00:00,9652.7,9663.5,9652.2,9663.5,689
2025-12-10 11:15:00+00:00,9663.5,9668.4,9661.0,9667.6,396
2025-12-10 11:30:00+00:00,9667.3,9670.1,9661.3,9661.8,405
2025-12-10 11:45:00+00:00,9662.1,9670.5,9662.1,9668.3,421
2025-12-10 12:00:00+00:00,9668.8,9675.0,9667.5,9670.5,519
2025-12-10 12:15:00+00:00,9670.7,9672.2,9666.6,9671.9,381
2025-12-10 12:30:00+00:00,9671.4,9673.3,9667.6,9668.4,337
2025-12-10 12:45:00+00:00,9669.1,9671.3,9666.4,9670.6,368
2025-12-10 13:00:00+00:00,9670.3,9674.2,9667.4,9673.2,478
2025-12-10 13:15:00+00:00,9673.5,9686.8,9672.4,9686.0,894
2025-12-10 13:30:00+00:00,9686.3,9689.1,9680.3,9683.0,644
2025-12-10 13:45:00+00:00,9682.8,9683.0,9674.9,9675.4,499
2025-12-10 14:00:00+00:00,9675.6,9676.4,9667.8,9670.7,470
2025-12-10 14:15:00+00:00,9670.2,9671.0,9660.4,9662.2,610
2025-12-10 14:30:00+00:00,9662.5,9670.4,9660.7,9666.1,1520
2025-12-10 14:45:00+00:00,9666.4,9672.3,9662.8,9667.0,1101
2025-12-10 15:00:00+00:00,9666.8,9673.4,9663.5,9664.4,1024
2025-12-10 15:15:00+00:00,9664.7,9665.6,9651.5,9655.0,939
2025-12-10 15:30:00+00:00,9655.2,9660.9,9652.6,9658.8,955
2025-12-10 15:45:00+00:00,9658.6,9664.6,9657.6,9662.9,783
2025-12-10 16:00:00+00:00,9662.7,9670.1,9661.5,9666.0,705
2025-12-10 16:15:00+00:00,9665.8,9665.8,9652.9,9655.7,933
2025-12-10 16:30:00+00:00,9655.9,9657.2,9650.2,9654.2,840
2025-12-10 16:45:00+00:00,9654.7,9657.5,9651.4,9654.5,318
2025-12-10 17:00:00+00:00,9654.2,9654.7,9641.7,9643.0,374
2025-12-10 17:15:00+00:00,9642.2,9644.2,9638.5,9640.3,384
2025-12-10 17:30:00+00:00,9640.0,9643.3,9638.3,9640.0,307
2025-12-10 17:45:00+00:00,9639.8,9648.5,9639.5,9646.0,295
2025-12-10 18:00:00+00:00,9646.3,9653.3,9645.3,9652.3,278
2025-12-10 18:15:00+00:00,9652.0,9654.8,9649.1,9649.6,289
2025-12-10 18:30:00+00:00,9649.3,9655.8,9648.3,9653.1,392
2025-12-10 18:45:00+00:00,9652.8,9653.3,9647.3,9650.3,384
2025-12-10 19:00:00+00:00,9648.6,9660.8,9648.3,9656.1,1662
2025-12-10 19:15:00+00:00,9656.4,9662.6,9652.6,9659.6,900
2025-12-10 19:30:00+00:00,9659.1,9675.1,9653.1,9659.6,2168
2025-12-10 19:45:00+00:00,9659.4,9679.1,9658.9,9677.1,1694
2025-12-10 20:00:00+00:00,9677.6,9686.1,9671.9,9686.1,961
2025-12-10 20:15:00+00:00,9685.9,9690.1,9682.4,9683.6,813
2025-12-10 20:30:00+00:00,9683.4,9690.9,9682.1,9688.2,653
2025-12-10 20:45:00+00:00,9688.4,9691.4,9679.7,9681.7,592
2025-12-10 21:00:00+00:00,9680.9,9683.4,9673.6,9679.7,663
2025-12-10 21:30:00+00:00,9680.4,9681.7,9678.8,9681.5,144
2025-12-10 21:45:00+00:00,9681.7,9684.2,9680.0,9681.5,156
2025-12-10 23:00:00+00:00,9678.6,9681.3,9676.1,9676.6,203
2025-12-10 23:15:00+00:00,9676.4,9676.6,9672.5,9673.4,442
2025-12-10 23:30:00+00:00,9673.7,9674.3,9672.7,9673.2,170
2025-12-10 23:45:00+00:00,9672.9,9676.1,9672.9,9674.7,189
2025-12-11 00:00:00+00:00,9674.5,9674.7,9670.0,9672.7,447
2025-12-11 00:15:00+00:00,9672.9,9674.2,9671.2,9673.2,234
2025-12-11 00:30:00+00:00,9672.9,9672.9,9668.0,9668.8,324
2025-12-11 00:45:00+00:00,9668.5,9671.3,9663.8,9670.8,300
2025-12-11 01:00:00+00:00,9678.9,9687.2,9677.4,9683.0,1077
2025-12-11 01:15:00+00:00,9683.2,9687.7,9682.3,9686.8,806
2025-12-11 01:30:00+00:00,9686.6,9688.3,9685.1,9685.1,695
2025-12-11 01:45:00+00:00,9685.0,9685.8,9680.6,9681.3,667
2025-12-11 02:00:00+00:00,9681.2,9682.1,9676.9,9679.3,808
2025-12-11 02:15:00+00:00,9679.3,9681.3,9677.7,9677.8,979
2025-12-11 02:30:00+00:00,9677.8,9679.2,9672.8,9676.8,1324
2025-12-11 02:45:00+00:00,9676.7,9677.1,9669.5,9671.0,1395
2025-12-11 03:00:00+00:00,9671.0,9671.1,9646.4,9653.0,3189
2025-12-11 03:15:00+00:00,9653.1,9659.4,9652.9,9658.7,1819
2025-12-11 03:30:00+00:00,9659.0,9659.0,9651.5,9654.0,1683
2025-12-11 03:45:00+00:00,9653.9,9659.5,9652.6,9654.7,1223
2025-12-11 04:00:00+00:00,9654.7,9655.0,9649.8,9653.3,1148
2025-12-11 04:15:00+00:00,9653.4,9655.5,9652.9,9653.8,1002
2025-12-11 04:30:00+00:00,9653.8,9654.1,9649.1,9651.5,841
2025-12-11 04:45:00+00:00,9651.3,9653.1,9650.2,9651.0,733
2025-12-11 05:00:00+00:00,9650.6,9652.1,9647.0,9648.2,850
2025-12-11 05:15:00+00:00,9648.3,9650.1,9647.7,9648.0,844
2025-12-11 05:30:00+00:00,9648.0,9651.4,9647.5,9650.8,803
2025-12-11 05:45:00+00:00,9650.8,9656.0,9650.7,9654.0,829
2025-12-11 06:00:00+00:00,9654.0,9654.5,9648.5,9648.5,194
2025-12-11 06:15:00+00:00,9648.8,9648.8,9639.8,9643.5,200
2025-12-11 06:30:00+00:00,9643.8,9651.8,9643.5,9650.0,181
2025-12-11 06:45:00+00:00,9650.8,9653.8,9649.8,9653.3,166
2025-12-11 07:00:00+00:00,9653.5,9654.0,9646.3,9651.5,225
2025-12-11 07:15:00+00:00,9652.0,9654.0,9649.5,9651.3,259
2025-12-11 07:30:00+00:00,9651.0,9660.0,9650.8,9653.5,298
2025-12-11 07:45:00+00:00,9653.8,9656.5,9645.8,9646.8,369
2025-12-11 08:00:00+00:00,9646.0,9657.5,9634.3,9646.5,2303
2025-12-11 08:15:00+00:00,9646.3,9664.0,9646.3,9655.0,1206
2025-12-11 08:30:00+00:00,9656.0,9662.3,9650.5,9655.3,943
2025-12-11 08:45:00+00:00,9655.0,9665.5,9654.3,9664.8,904
2025-12-11 09:00:00+00:00,9664.5,9666.5,9657.6,9659.9,890
2025-12-11 09:15:00+00:00,9659.7,9668.6,9658.2,9664.1,747
2025-12-11 09:30:00+00:00,9663.8,9669.7,9662.2,9664.8,809
2025-12-11 09:45:00+00:00,9664.6,9674.7,9664.6,9673.5,720
2025-12-11 10:00:00+00:00,9673.7,9674.2,9665.7,9666.0,695
2025-12-11 10:15:00+00:00,9666.2,9666.2,9658.5,9665.0,598
2025-12-11 10:30:00+00:00,9665.2,9666.5,9660.1,9660.1,503
2025-12-11 10:45:00+00:00,9660.4,9667.5,9659.9,9667.4,528
2025-12-11 11:00:00+00:00,9666.9,9674.4,9663.7,9673.9,517
2025-12-11 11:15:00+00:00,9673.7,9676.2,9671.2,9674.7,420
2025-12-11 11:30:00+00:00,9674.4,9675.8,9669.9,9672.4,418
2025-12-11 11:45:00+00:00,9672.1,9674.8,9667.0,9668.7,444
2025-12-11 12:00:00+00:00,9669.0,9675.9,9664.6,9664.6,488
2025-12-11 12:15:00+00:00,9664.4,9669.1,9662.7,9664.3,360
2025-12-11 12:30:00+00:00,9664.0,9665.5,9659.6,9664.4,400
2025-12-11 12:45:00+00:00,9664.7,9666.1,9660.8,9662.7,389
2025-12-11 13:00:00+00:00,9662.4,9665.5,9656.8,9658.8,569
2025-12-11 13:15:00+00:00,9658.6,9659.8,9655.8,9658.3,315
2025-12-11 13:30:00+00:00,9658.5,9665.6,9655.5,9665.6,485
2025-12-11 13:45:00+00:00,9665.3,9666.9,9662.3,9665.6,532
2025-12-11 14:00:00+00:00,9665.4,9667.1,9661.6,9664.4,512
2025-12-11 14:15:00+00:00,9664.4,9667.0,9660.5,9662.8,492
2025-12-11 14:30:00+00:00,9662.3,9687.9,9660.5,9687.4,1593
2025-12-11 14:45:00+00:00,9687.1,9691.2,9678.0,9686.6,1464
2025-12-11 15:00:00+00:00,9686.9,9700.2,9685.9,9693.7,1396
2025-12-11 15:15:00+00:00,9694.0,9709.0,9692.2,9709.0,937
2025-12-11 15:30:00+00:00,9708.8,9714.4,9707.5,9712.9,938
2025-12-11 15:45:00+00:00,9712.7,9715.9,9708.5,9710.9,844
2025-12-11 16:00:00+00:00,9710.4,9712.4,9700.9,9704.4,1113
2025-12-11 16:15:00+00:00,9704.2,9704.2,9688.9,9691.2,908
2025-12-11 16:30:00+00:00,9691.0,9714.5,9686.5,9713.7,1119
2025-12-11 16:45:00+00:00,9714.0,9714.0,9700.5,9707.0,1019
2025-12-11 17:00:00+00:00,9706.7,9719.0,9706.5,9716.7,906
2025-12-11 17:15:00+00:00,9716.5,9721.5,9714.3,9718.5,736
2025-12-11 17:30:00+00:00,9719.0,9721.8,9717.0,9719.0,514
2025-12-11 17:45:00+00:00,9718.5,9718.5,9712.0,9718.0,459
2025-12-11 18:00:00+00:00,9717.8,9722.8,9717.3,9721.0,354
2025-12-11 18:15:00+00:00,9721.3,9723.1,9717.6,9718.3,388
2025-12-11 18:30:00+00:00,9718.6,9722.1,9715.3,9718.6,492
2025-12-11 18:45:00+00:00,9718.3,9718.3,9714.6,9716.3,323
2025-12-11 19:00:00+00:00,9716.6,9721.1,9716.1,9721.1,370
2025-12-11 19:15:00+00:00,9720.6,9723.1,9720.1,9721.6,231
2025-12-11 19:30:00+00:00,9721.4,9726.6,9720.6,9726.6,238
2025-12-11 19:45:00+00:00,9726.1,9733.1,9724.6,9732.1,257
2025-12-11 20:00:00+00:00,9731.9,9735.1,9730.1,9733.6,395
2025-12-11 20:15:00+00:00,9733.9,9734.7,9731.7,9732.4,300
2025-12-11 20:30:00+00:00,9732.7,9734.2,9728.7,9730.2,313
2025-12-11 20:45:00+00:00,9729.7,9729.9,9719.7,9723.0,441
2025-12-11 21:00:00+00:00,9723.4,9729.4,9722.2,9727.4,516
2025-12-11 21:30:00+00:00,9731.3,9732.0,9723.9,9725.6,260
2025-12-11 21:45:00+00:00,9725.8,9735.4,9725.6,9731.5,385
2025-12-11 23:00:00+00:00,9723.3,9726.0,9718.9,9720.1,436
2025-12-11 23:15:00+00:00,9720.2,9722.3,9718.5,9720.2,436
2025-12-11 23:30:00+00:00,9719.9,9724.9,9719.9,9724.6,195
2025-12-11 23:45:00+00:00,9724.8,9725.6,9722.7,9722.9,290
2025-12-12 00:00:00+00:00,9722.7,9722.9,9717.8,9719.5,732
2025-12-12 00:15:00+00:00,9719.3,9723.9,9719.0,9723.0,350
2025-12-12 00:30:00+00:00,9723.2,9726.7,9722.4,9722.5,368
2025-12-12 00:45:00+00:00,9722.7,9724.0,9719.3,9720.5,443
2025-12-12 01:00:00+00:00,9722.6,9726.6,9719.4,9722.7,1058
2025-12-12 01:15:00+00:00,9722.7,9729.1,9722.7,9728.7,944
2025-12-12 01:30:00+00:00,9728.7,9728.9,9724.4,9726.8,753
2025-12-12 01:45:00+00:00,9726.8,9730.8,9726.5,9730.7,503
2025-12-12 02:00:00+00:00,9730.6,9734.6,9730.0,9733.0,698
2025-12-12 02:15:00+00:00,9732.9,9734.0,9729.7,9730.3,685
2025-12-12 02:30:00+00:00,9730.5,9735.3,9730.3,9735.1,530
2025-12-12 02:45:00+00:00,9735.0,9735.6,9733.1,9735.5,558
2025-12-12 03:00:00+00:00,9735.7,9736.4,9733.5,9734.5,472
2025-12-12 03:15:00+00:00,9734.4,9734.6,9731.6,9733.0,544
2025-12-12 03:30:00+00:00,9733.0,9735.9,9731.6,9735.8,573
2025-12-12 03:45:00+00:00,9735.9,9737.6,9735.2,9735.6,451
2025-12-12 04:00:00+00:00,9735.6,9735.6,9732.2,9732.6,470
2025-12-12 04:15:00+00:00,9732.6,9734.3,9729.8,9730.4,486
2025-12-12 04:30:00+00:00,9730.6,9732.9,9730.4,9732.2,462
2025-12-12 04:45:00+00:00,9732.6,9734.7,9731.9,9733.2,506
2025-12-12 05:00:00+00:00,9733.1,9736.9,9733.1,9735.1,692
2025-12-12 05:15:00+00:00,9735.1,9737.9,9733.6,9737.5,539
2025-12-12 05:30:00+00:00,9737.5,9740.2,9737.2,9740.2,466
2025-12-12 05:45:00+00:00,9740.1,9741.0,9737.9,9738.4,454
2025-12-12 06:00:00+00:00,9738.7,9739.4,9735.7,9737.0,215
2025-12-12 06:15:00+00:00,9737.5,9739.5,9736.5,9738.5,144
2025-12-12 06:30:00+00:00,9738.2,9739.0,9731.7,9732.0,142
2025-12-12 06:45:00+00:00,9732.2,9733.5,9731.0,9731.5,87
2025-12-12 07:00:00+00:00,9731.8,9746.0,9731.8,9739.3,218
2025-12-12 07:15:00+00:00,9739.8,9742.3,9737.0,9738.5,185
2025-12-12 07:30:00+00:00,9738.3,9749.5,9738.3,9749.0,266
2025-12-12 07:45:00+00:00,9749.5,9749.8,9735.1,9735.1,303
2025-12-12 08:00:00+00:00,9734.3,9752.2,9726.4,9744.4,2024
2025-12-12 08:15:00+00:00,9744.7,9753.6,9741.3,9748.8,980
2025-12-12 08:30:00+00:00,9749.1,9762.3,9745.3,9752.2,723
2025-12-12 08:45:00+00:00,9752.2,9757.1,9744.4,9747.9,709
2025-12-12 09:00:00+00:00,9747.6,9753.4,9737.2,9747.3,891
2025-12-12 09:15:00+00:00,9747.6,9749.1,9736.3,9736.3,797
2025-12-12 09:30:00+00:00,9736.6,9739.2,9730.5,9731.0,835
2025-12-12 09:45:00+00:00,9731.2,9736.2,9728.3,9730.7,714
2025-12-12 10:00:00+00:00,9730.5,9735.8,9729.5,9735.4,571
2025-12-12 10:15:00+00:00,9734.9,9735.9,9725.5,9725.7,582
2025-12-12 10:30:00+00:00,9726.2,9728.5,9721.0,9726.3,625
2025-12-12 10:45:00+00:00,9726.1,9732.3,9724.8,9730.8,424
2025-12-12 11:00:00+00:00,9730.5,9734.2,9728.1,9733.9,410
2025-12-12 11:15:00+00:00,9734.1,9739.4,9732.6,9732.6,337
2025-12-12 11:30:00+00:00,9732.6,9736.1,9727.7,9727.9,372
2025-12-12 11:45:00+00:00,9728.2,9731.2,9724.8,9731.1,331
2025-12-12 12:00:00+00:00,9730.4,9730.4,9712.9,9712.9,274
2025-12-12 12:15:00+00:00,9713.4,9714.9,9708.2,9708.7,239
2025-12-12 12:30:00+00:00,9708.2,9711.9,9707.2,9709.1,240
2025-12-12 12:45:00+00:00,9709.3,9711.3,9705.8,9706.8,457
2025-12-12 13:00:00+00:00,9706.3,9706.8,9698.2,9701.2,473
2025-12-12 13:15:00+00:00,9700.9,9704.9,9700.2,9703.4,372
2025-12-12 13:30:00+00:00,9703.4,9705.8,9693.6,9693.8,485
2025-12-12 13:45:00+00:00,9694.1,9697.1,9690.2,9694.8,458
2025-12-12 14:00:00+00:00,9695.1,9702.4,9693.6,9696.4,448
2025-12-12 14:15:00+00:00,9697.1,9699.4,9693.9,9697.6,521
2025-12-12 14:30:00+00:00,9697.8,9703.0,9695.6,9701.0,1255
2025-12-12 14:45:00+00:00,9701.5,9704.3,9694.0,9694.0,1062
2025-12-12 15:00:00+00:00,9693.5,9695.2,9683.1,9685.6,1078
2025-12-12 15:15:00+00:00,9685.1,9685.1,9663.9,9664.7,1468
2025-12-12 15:30:00+00:00,9664.5,9678.9,9662.0,9677.3,1718
2025-12-12 15:45:00+00:00,9677.0,9680.5,9651.0,9656.0,1900
2025-12-12 16:00:00+00:00,9655.7,9661.2,9645.8,9646.6,3166
2025-12-12 16:15:00+00:00,9646.3,9653.4,9639.5,9652.4,2443
2025-12-12 16:30:00+00:00,9652.6,9653.1,9634.4,9646.4,1889
2025-12-12 16:45:00+00:00,9645.9,9647.1,9637.4,9645.4,1488
2025-12-12 17:00:00+00:00,9645.2,9659.9,9644.2,9654.9,1446
2025-12-12 17:15:00+00:00,9654.7,9664.2,9649.2,9650.4,1116
2025-12-12 17:30:00+00:00,9650.2,9658.9,9646.2,9655.9,1424
2025-12-12 17:45:00+00:00,9655.7,9662.7,9654.7,9659.4,830
2025-12-12 18:00:00+00:00,9659.7,9668.7,9656.4,9666.2,1001
2025-12-12 18:15:00+00:00,9666.4,9670.9,9663.7,9669.0,644
2025-12-12 18:30:00+00:00,9668.7,9671.7,9665.0,9666.0,535
2025-12-12 18:45:00+00:00,9666.2,9671.2,9664.7,9666.2,501
2025-12-12 19:00:00+00:00,9666.7,9670.2,9662.2,9667.7,762
2025-12-12 19:15:00+00:00,9667.5,9670.2,9663.5,9666.0,564
2025-12-12 19:30:00+00:00,9665.8,9667.8,9662.0,9664.3,622
2025-12-12 19:45:00+00:00,9664.8,9668.5,9663.5,9664.8,559
2025-12-12 20:00:00+00:00,9665.0,9666.3,9658.8,9665.5,528
2025-12-12 20:15:00+00:00,9665.8,9667.5,9660.3,9662.3,399
2025-12-12 20:30:00+00:00,9662.6,9664.3,9653.8,9662.1,668
2025-12-12 20:45:00+00:00,9661.8,9671.1,9660.1,9667.1,733
2025-12-14 23:00:00+00:00,9659.5,9664.7,9654.1,9662.7,427
2025-12-14 23:15:00+00:00,9662.5,9667.4,9661.9,9666.4,478
2025-12-14 23:30:00+00:00,9666.6,9670.2,9666.2,9669.3,379
2025-12-14 23:45:00+00:00,9669.2,9672.6,9667.4,9671.4,397
2025-12-15 00:00:00+00:00,9671.1,9674.4,9669.7,9673.1,666
2025-12-15 00:15:00+00:00,9673.5,9676.6,9671.6,9676.1,474
2025-12-15 00:30:00+00:00,9676.3,9679.2,9676.3,9679.1,255
2025-12-15 00:45:00+00:00,9679.0,9680.4,9676.6,9677.6,283
2025-12-15 01:00:00+00:00,9674.7,9675.2,9669.7,9675.2,1079
2025-12-15 01:15:00+00:00,9675.1,9676.9,9674.2,9676.1,873
2025-12-15 01:30:00+00:00,9676.0,9681.2,9675.6,9679.6,990
2025-12-15 01:45:00+00:00,9679.6,9682.7,9679.4,9682.3,709
2025-12-15 02:00:00+00:00,9682.4,9685.1,9681.1,9684.4,676
2025-12-15 02:15:00+00:00,9684.2,9686.2,9680.7,9683.4,599
2025-12-15 02:30:00+00:00,9683.2,9686.4,9683.0,9685.5,568
2025-12-15 02:45:00+00:00,9685.4,9685.4,9679.9,9680.4,641
2025-12-15 03:00:00+00:00,9680.4,9681.0,9678.7,9679.7,669
2025-12-15 03:15:00+00:00,9679.6,9680.9,9679.2,9680.6,441
2025-12-15 03:30:00+00:00,9680.6,9681.9,9679.9,9681.2,445
2025-12-15 03:45:00+00:00,9681.1,9682.4,9680.8,9682.2,467
2025-12-15 04:00:00+00:00,9682.0,9684.5,9681.5,9683.6,461
2025-12-15 04:15:00+00:00,9683.6,9685.5,9681.7,9685.4,548
2025-12-15 04:30:00+00:00,9685.4,9685.7,9683.4,9685.2,411
2025-12-15 04:45:00+00:00,9685.2,9685.9,9684.9,9685.9,422
2025-12-15 05:00:00+00:00,9685.9,9687.7,9685.0,9687.1,534
2025-12-15 05:15:00+00:00,9687.1,9687.1,9684.9,9686.1,614
2025-12-15 05:30:00+00:00,9686.1,9688.2,9685.4,9687.9,444
2025-12-15 05:45:00+00:00,9688.0,9688.9,9685.9,9686.2,445
2025-12-15 06:00:00+00:00,9686.4,9686.4,9683.7,9684.9,107
2025-12-15 06:15:00+00:00,9684.7,9688.2,9684.7,9685.7,101
2025-12-15 06:30:00+00:00,9685.4,9686.4,9682.4,9685.9,93
2025-12-15 06:45:00+00:00,9685.7,9688.2,9683.9,9683.9,57
2025-12-15 07:00:00+00:00,9684.4,9688.7,9681.9,9688.4,198
2025-12-15 07:15:00+00:00,9688.2,9689.9,9686.7,9689.2,182
2025-12-15 07:30:00+00:00,9688.9,9693.7,9688.9,9690.2,237
2025-12-15 07:45:00+00:00,9690.7,9697.4,9687.9,9688.9,380
2025-12-15 08:00:00+00:00,9689.9,9704.5,9686.2,9695.5,1937
2025-12-15 08:15:00+00:00,9695.3,9702.5,9689.7,9692.9,1113
2025-12-15 08:30:00+00:00,9693.1,9708.2,9693.1,9707.4,836
2025-12-15 08:45:00+00:00,9707.1,9710.5,9699.5,9700.5,1212
2025-12-15 09:00:00+00:00,9700.8,9709.8,9697.1,9709.3,1779
2025-12-15 09:15:00+00:00,9709.5,9712.8,9706.0,9710.6,1674
2025-12-15 09:30:00+00:00,9710.8,9714.3,9708.1,9713.4,1359
2025-12-15 09:45:00+00:00,9713.6,9722.2,9713.6,9721.0,1032
2025-12-15 10:00:00+00:00,9720.7,9730.4,9719.5,9726.2,1275
2025-12-15 10:15:00+00:00,9725.7,9733.2,9725.7,9731.5,1230
2025-12-15 10:30:00+00:00,9731.2,9735.4,9728.1,9734.4,1002
2025-12-15 10:45:00+00:00,9734.2,9739.4,9733.9,9736.6,906
2025-12-15 11:00:00+00:00,9737.1,9737.1,9733.6,9735.3,855
2025-12-15 11:15:00+00:00,9735.1,9735.2,9732.1,9733.6,828
2025-12-15 11:30:00+00:00,9734.1,9737.4,9733.6,9736.6,522
2025-12-15 11:45:00+00:00,9736.1,9740.2,9734.7,9739.7,663
2025-12-15 12:00:00+00:00,9740.2,9742.4,9735.9,9738.2,897
2025-12-15 12:15:00+00:00,9738.4,9739.2,9727.6,9732.4,1134
2025-12-15 12:30:00+00:00,9732.6,9745.0,9731.9,9742.2,1017
2025-12-15 12:45:00+00:00,9742.0,9746.9,9740.4,9746.4,858
2025-12-15 13:00:00+00:00,9746.6,9748.6,9742.9,9743.5,957
2025-12-15 13:15:00+00:00,9743.2,9743.2,9739.3,9742.2,930
2025-12-15 13:30:00+00:00,9742.2,9745.9,9739.9,9744.2,1122
2025-12-15 13:45:00+00:00,9744.7,9745.7,9738.9,9741.4,903
2025-12-15 14:00:00+00:00,9740.9,9747.2,9739.1,9745.5,1218
2025-12-15 14:15:00+00:00,9745.2,9746.8,9737.8,9739.6,1377
2025-12-15 14:30:00+00:00,9739.8,9751.5,9737.9,9747.9,4425
2025-12-15 14:45:00+00:00,9748.4,9750.9,9741.0,9745.5,3405
2025-12-15 15:00:00+00:00,9745.3,9761.3,9743.8,9759.8,4116
2025-12-15 15:15:00+00:00,9759.5,9764.3,9751.7,9754.4,4458
2025-12-15 15:30:00+00:00,9754.2,9767.5,9753.8,9765.3,4134
2025-12-15 15:45:00+00:00,9765.6,9767.5,9755.6,9757.1,3261
2025-12-15 16:00:00+00:00,9757.3,9762.3,9754.6,9758.0,3399
2025-12-15 16:15:00+00:00,9758.3,9770.1,9757.0,9768.1,3198
2025-12-15 16:30:00+00:00,9768.8,9769.1,9744.1,9746.4,3858
2025-12-15 16:45:00+00:00,9746.6,9750.9,9740.9,9742.4,2985
2025-12-15 17:00:00+00:00,9742.7,9748.4,9740.9,9744.7,3339
2025-12-15 17:15:00+00:00,9744.5,9744.7,9735.2,9735.7,2421
2025-12-15 17:30:00+00:00,9736.0,9745.5,9730.8,9744.5,2622
2025-12-15 17:45:00+00:00,9744.8,9746.8,9729.8,9734.3,3246
2025-12-15 18:00:00+00:00,9734.1,9738.6,9730.1,9737.8,2151
2025-12-15 18:15:00+00:00,9738.1,9738.8,9728.4,9732.4,1956
2025-12-15 18:30:00+00:00,9732.1,9735.6,9729.4,9735.6,1938
2025-12-15 18:45:00+00:00,9735.9,9743.2,9733.1,9740.9,1377
2025-12-15 19:00:00+00:00,9740.7,9745.4,9738.4,9738.9,1629
2025-12-15 19:15:00+00:00,9739.2,9742.7,9738.4,9742.0,1365
2025-12-15 19:30:00+00:00,9742.5,9743.5,9739.5,9739.8,1302
2025-12-15 19:45:00+00:00,9739.5,9748.8,9739.3,9748.0,1374
2025-12-15 20:00:00+00:00,9747.8,9752.5,9744.8,9750.0,1287
2025-12-15 20:15:00+00:00,9750.3,9752.5,9746.6,9750.6,1188
2025-12-15 20:30:00+00:00,9750.8,9753.8,9747.6,9751.1,1311
2025-12-15 20:45:00+00:00,9750.9,9756.6,9750.1,9752.6,1620
2025-12-15 21:00:00+00:00,9752.6,9757.1,9750.9,9754.6,1293
2025-12-15 21:30:00+00:00,9750.4,9753.4,9750.4,9753.2,423
2025-12-15 21:45:00+00:00,9753.4,9754.0,9752.5,9753.2,360
2025-12-15 23:00:00+00:00,9756.6,9757.1,9754.9,9755.4,345
2025-12-15 23:15:00+00:00,9755.1,9755.9,9751.2,9752.2,543
2025-12-15 23:30:00+00:00,9752.4,9752.9,9745.5,9749.2,1185
2025-12-15 23:45:00+00:00,9749.0,9750.0,9742.3,9750.0,1269
2025-12-16 00:00:00+00:00,9749.9,9752.2,9740.2,9743.2,2658
2025-12-16 00:15:00+00:00,9743.1,9748.7,9738.1,9747.6,2283
2025-12-16 00:30:00+00:00,9747.7,9749.6,9741.7,9744.1,1716
2025-12-16 00:45:00+00:00,9743.9,9746.6,9740.9,9744.7,1599
2025-12-16 01:00:00+00:00,9750.2,9754.6,9747.2,9751.3,4263
2025-12-16 01:15:00+00:00,9751.1,9754.4,9750.3,9751.1,3615
2025-12-16 01:30:00+00:00,9751.3,9753.2,9733.1,9734.7,9540
2025-12-16 01:45:00+00:00,9734.6,9738.3,9731.9,9734.6,6393
2025-12-16 02:00:00+00:00,9734.6,9735.4,9728.5,9735.0,5127
2025-12-16 02:15:00+00:00,9735.0,9737.8,9731.1,9736.6,4044
2025-12-16 02:30:00+00:00,9736.5,9736.6,9728.0,9731.4,4617
2025-12-16 02:45:00+00:00,9731.8,9733.8,9727.7,9728.9,3507
2025-12-16 03:00:00+00:00,9728.9,9732.7,9726.9,9729.7,3774
2025-12-16 03:15:00+00:00,9729.7,9732.1,9727.7,9728.9,2364
2025-12-16 03:30:00+00:00,9729.6,9732.7,9725.9,9730.8,3645
2025-12-16 03:45:00+00:00,9730.5,9734.8,9730.2,9733.6,2832
2025-12-16 04:00:00+00:00,9733.1,9733.7,9727.1,9727.7,2760
2025-12-16 04:15:00+00:00,9727.7,9730.0,9725.6,9729.0,2514
2025-12-16 04:30:00+00:00,9729.1,9737.3,9729.0,9735.8,2403
2025-12-16 04:45:00+00:00,9735.8,9737.6,9734.6,9735.0,2181
2025-12-16 05:00:00+00:00,9734.8,9735.9,9733.2,9733.9,2913
2025-12-16 05:15:00+00:00,9733.7,9735.6,9732.7,9733.4,3234
2025-12-16 05:30:00+00:00,9733.6,9735.0,9731.1,9733.6,2946
2025-12-16 05:45:00+00:00,9733.7,9735.3,9727.0,9728.4,2949
2025-12-16 06:00:00+00:00,9728.6,9733.2,9727.2,9731.2,690
2025-12-16 06:15:00+00:00,9731.0,9735.0,9729.7,9734.3,588
2025-12-16 06:30:00+00:00,9734.8,9737.3,9732.0,9736.0,699
2025-12-16 06:45:00+00:00,9735.8,9738.1,9734.5,9738.1,411
2025-12-16 07:00:00+00:00,9738.3,9741.1,9732.8,9737.1,798
2025-12-16 07:15:00+00:00,9736.8,9738.8,9735.4,9735.6,501
2025-12-16 07:30:00+00:00,9735.4,9735.4,9727.2,9727.4,1017
2025-12-16 07:45:00+00:00,9727.2,9736.9,9727.2,9736.9,1317
2025-12-16 08:00:00+00:00,9738.2,9753.7,9736.5,9736.5,4647
2025-12-16 08:15:00+00:00,9736.3,9738.9,9729.4,9734.1,2634
2025-12-16 08:30:00+00:00,9734.3,9735.0,9727.7,9732.4,2460
2025-12-16 08:45:00+00:00,9732.6,9747.0,9732.4,9746.8,1623
2025-12-16 09:00:00+00:00,9747.1,9757.3,9742.2,9757.0,1629
2025-12-16 09:15:00+00:00,9757.3,9761.4,9747.1,9747.1,1599
2025-12-16 09:30:00+00:00,9746.1,9746.1,9727.3,9730.4,2256
2025-12-16 09:45:00+00:00,9730.1,9731.3,9721.8,9721.8,2067
2025-12-16 10:00:00+00:00,9721.5,9726.0,9716.7,9725.7,1992
2025-12-16 10:15:00+00:00,9725.5,9725.7,9721.0,9722.9,1260
2025-12-16 10:30:00+00:00,9723.1,9724.1,9716.0,9722.9,1653
2025-12-16 10:45:00+00:00,9722.7,9723.1,9711.0,9711.0,1380
2025-12-16 11:00:00+00:00,9710.8,9713.8,9704.7,9709.5,1434
2025-12-16 11:15:00+00:00,9709.2,9714.0,9709.2,9714.0,1035
2025-12-16 11:30:00+00:00,9714.0,9714.0,9707.5,9711.3,1263
2025-12-16 11:45:00+00:00,9711.5,9712.3,9702.2,9702.5,1125
2025-12-16 12:00:00+00:00,9702.0,9702.5,9696.5,9699.7,1464
2025-12-16 12:15:00+00:00,9700.2,9707.2,9700.2,9706.0,1119
2025-12-16 12:30:00+00:00,9706.0,9710.5,9705.1,9706.1,1056
2025-12-16 12:45:00+00:00,9706.3,9707.5,9701.4,9703.6,1101
2025-12-16 13:00:00+00:00,9703.9,9707.1,9701.2,9705.4,1089
2025-12-16 13:15:00+00:00,9705.1,9705.4,9699.3,9700.8,1476
2025-12-16 13:30:00+00:00,9702.0,9706.1,9687.9,9688.7,3327
2025-12-16 13:45:00+00:00,9688.9,9697.7,9685.0,9686.7,2574
2025-12-16 14:00:00+00:00,9686.4,9690.1,9683.0,9687.0,2268
2025-12-16 14:15:00+00:00,9687.2,9689.5,9680.4,9682.0,2169
2025-12-16 14:30:00+00:00,9682.2,9688.5,9665.7,9668.2,5817
2025-12-16 14:45:00+00:00,9668.4,9680.2,9666.9,9673.5,5265
2025-12-16 15:00:00+00:00,9673.8,9681.0,9665.9,9667.5,5118
2025-12-16 15:15:00+00:00,9667.2,9668.2,9654.7,9659.1,5058
2025-12-16 15:30:00+00:00,9658.9,9666.9,9655.9,9664.6,5022
2025-12-16 15:45:00+00:00,9664.9,9677.8,9661.5,9677.6,4347
2025-12-16 16:00:00+00:00,9677.8,9682.7,9673.1,9675.5,4341
2025-12-16 16:15:00+00:00,9675.8,9684.6,9672.7,9680.2,4272
2025-12-16 16:30:00+00:00,9680.7,9687.4,9677.7,9683.9,5739
2025-12-16 16:45:00+00:00,9684.2,9693.9,9680.7,9691.0,4155
2025-12-16 17:00:00+00:00,9691.2,9693.0,9684.2,9688.5,3510
2025-12-16 17:15:00+00:00,9688.7,9693.0,9680.5,9683.5,2976
2025-12-16 17:30:00+00:00,9683.3,9689.3,9675.3,9678.1,3330
2025-12-16 17:45:00+00:00,9678.3,9682.3,9668.1,9670.6,2994
2025-12-16 18:00:00+00:00,9670.3,9671.8,9660.9,9669.9,3810
2025-12-16 18:15:00+00:00,9669.6,9673.4,9663.9,9669.9,1935
2025-12-16 18:30:00+00:00,9670.2,9684.9,9669.9,9684.2,2145
2025-12-16 18:45:00+00:00,9684.4,9690.2,9681.5,9682.0,2589
2025-12-16 19:00:00+00:00,9681.7,9681.7,9669.7,9671.0,2868
2025-12-16 19:15:00+00:00,9670.7,9675.0,9666.3,9674.0,3018
2025-12-16 19:30:00+00:00,9673.8,9679.6,9672.5,9678.8,2355
2025-12-16 19:45:00+00:00,9679.1,9683.1,9677.8,9681.1,2001
2025-12-16 20:00:00+00:00,9680.8,9685.9,9679.8,9682.9,1977
2025-12-16 20:15:00+00:00,9683.1,9691.1,9682.6,9689.6,1533
2025-12-16 20:30:00+00:00,9689.4,9698.4,9689.4,9692.7,1983
2025-12-16 20:45:00+00:00,9692.4,9692.9,9680.0,9681.7,2436
2025-12-16 21:00:00+00:00,9680.0,9683.2,9677.0,9679.0,2112
2025-12-16 21:30:00+00:00,9675.5,9678.8,9674.5,9678.1,831
2025-12-16 21:45:00+00:00,9677.8,9678.4,9673.3,9674.4,741
2025-12-16 23:00:00+00:00,9672.9,9677.6,9669.1,9677.6,969
2025-12-16 23:15:00+00:00,9677.8,9680.6,9675.6,9680.1,885
2025-12-16 23:30:00+00:00,9680.3,9684.8,9678.6,9684.3,1482
2025-12-16 23:45:00+00:00,9684.2,9684.3,9674.7,9675.4,1659
2025-12-17 00:00:00+00:00,9675.2,9675.3,9665.5,9670.5,3375
2025-12-17 00:15:00+00:00,9670.3,9676.0,9668.9,9673.3,2709
2025-12-17 00:30:00+00:00,9673.2,9677.3,9669.2,9673.9,2331
2025-12-17 00:45:00+00:00,9674.1,9678.3,9671.9,9676.3,2019
2025-12-17 01:00:00+00:00,9673.6,9682.6,9673.2,9681.3,4434
2025-12-17 01:15:00+00:00,9681.3,9683.6,9675.5,9679.7,4605
2025-12-17 01:30:00+00:00,9679.7,9685.5,9677.8,9683.6,5061
2025-12-17 01:45:00+00:00,9683.5,9690.3,9680.7,9689.6,3822
2025-12-17 02:00:00+00:00,9689.7,9690.3,9679.1,9682.2,3921
2025-12-17 02:15:00+00:00,9682.2,9687.9,9682.2,9687.7,3324
2025-12-17 02:30:00+00:00,9687.6,9690.6,9685.4,9688.9,3168
2025-12-17 02:45:00+00:00,9688.9,9690.0,9686.4,9687.5,2001
2025-12-17 03:00:00+00:00,9687.7,9689.2,9686.7,9686.7,2283
2025-12-17 03:15:00+00:00,9686.9,9687.9,9684.9,9686.2,2049
2025-12-17 03:30:00+00:00,9686.2,9688.2,9684.4,9686.8,2598
2025-12-17 03:45:00+00:00,9687.0,9687.7,9682.0,9684.6,2373
2025-12-17 04:00:00+00:00,9684.6,9690.1,9684.5,9687.6,2031
2025-12-17 04:15:00+00:00,9687.6,9687.6,9681.3,9682.2,1974
2025-12-17 04:30:00+00:00,9682.2,9684.2,9681.8,9682.1,2427
2025-12-17 04:45:00+00:00,9682.2,9684.7,9681.9,9682.2,2190
2025-12-17 05:00:00+00:00,9682.3,9683.5,9680.9,9683.5,4053
2025-12-17 05:15:00+00:00,9683.5,9684.1,9681.8,9682.3,2826
2025-12-17 05:30:00+00:00,9682.3,9689.9,9682.3,9689.1,2439
2025-12-17 05:45:00+00:00,9689.7,9700.8,9688.8,9700.3,2286
2025-12-17 06:00:00+00:00,9700.6,9706.1,9700.3,9706.1,609
2025-12-17 06:15:00+00:00,9706.6,9706.6,9701.6,9703.9,588
2025-12-17 06:30:00+00:00,9703.6,9707.4,9701.1,9706.4,738
2025-12-17 06:45:00+00:00,9706.6,9707.9,9705.9,9707.7,435
2025-12-17 07:00:00+00:00,9711.9,9742.2,9711.9,9740.9,1683
2025-12-17 07:15:00+00:00,9741.2,9749.2,9740.9,9747.0,1230
2025-12-17 07:30:00+00:00,9747.2,9754.5,9747.0,9749.2,1074
2025-12-17 07:45:00+00:00,9749.5,9765.3,9748.2,9749.5,1407
2025-12-17 08:00:00+00:00,9749.0,9781.0,9744.3,9778.6,6117
2025-12-17 08:15:00+00:00,9778.4,9788.1,9771.1,9782.4,3837
2025-12-17 08:30:00+00:00,9782.6,9804.2,9782.3,9804.2,2622
2025-12-17 08:45:00+00:00,9804.4,9812.1,9792.1,9812.1,2598
2025-12-17 09:00:00+00:00,9811.8,9815.9,9804.3,9813.0,2628
2025-12-17 09:15:00+00:00,9813.2,9817.9,9807.4,9815.7,1998
2025-12-17 09:30:00+00:00,9816.2,9834.5,9815.0,9834.0,1689
2025-12-17 09:45:00+00:00,9833.5,9840.9,9827.3,9830.9,1947
2025-12-17 10:00:00+00:00,9830.6,9845.1,9829.1,9842.9,1659
2025-12-17 10:15:00+00:00,9843.1,9851.1,9842.9,9848.7,1509
2025-12-17 10:30:00+00:00,9849.0,9850.7,9841.2,9842.4,1203
2025-12-17 10:45:00+00:00,9842.7,9853.5,9839.5,9848.6,1326
2025-12-17 11:00:00+00:00,9848.8,9851.7,9842.4,9842.7,1254
2025-12-17 11:15:00+00:00,9843.0,9844.7,9830.1,9832.5,1227
2025-12-17 11:30:00+00:00,9832.8,9834.4,9825.3,9830.5,1086
2025-12-17 11:45:00+00:00,9830.7,9838.8,9827.3,9828.1,1005
2025-12-17 12:00:00+00:00,9828.8,9839.2,9828.1,9838.2,1230
2025-12-17 12:15:00+00:00,9837.9,9841.2,9832.9,9838.0,987
2025-12-17 12:30:00+00:00,9838.3,9845.9,9833.7,9833.7,948
2025-12-17 12:45:00+00:00,9833.8,9836.0,9827.3,9830.9,711
2025-12-17 13:00:00+00:00,9831.2,9842.7,9826.7,9838.4,1425
2025-12-17 13:15:00+00:00,9838.2,9843.1,9828.9,9841.1,1965
2025-12-17 13:30:00+00:00,9840.9,9846.3,9837.5,9844.1,1341
2025-12-17 13:45:00+00:00,9844.3,9845.5,9833.5,9837.9,1656
2025-12-17 14:00:00+00:00,9837.9,9843.4,9831.1,9834.5,1860
2025-12-17 14:15:00+00:00,9834.8,9836.5,9829.9,9831.6,1239
2025-12-17 14:30:00+00:00,9831.8,9845.3,9831.1,9833.5,4464
2025-12-17 14:45:00+00:00,9833.8,9842.4,9827.7,9842.4,3819
2025-12-17 15:00:00+00:00,9842.1,9847.9,9829.1,9829.1,3339
2025-12-17 15:15:00+00:00,9828.9,9830.1,9819.2,9820.1,3444
2025-12-17 15:30:00+00:00,9819.8,9821.1,9802.9,9806.1,3951
2025-12-17 15:45:00+00:00,9805.6,9809.8,9791.1,9793.3,4548
2025-12-17 16:00:00+00:00,9793.1,9797.0,9778.8,9779.3,4182
2025-12-17 16:15:00+00:00,9779.0,9787.4,9772.5,9773.7,4356
2025-12-17 16:30:00+00:00,9774.2,9780.1,9765.8,9775.7,4923
2025-12-17 16:45:00+00:00,9775.2,9782.4,9769.3,9782.1,3702
2025-12-17 17:00:00+00:00,9782.4,9786.3,9772.3,9780.2,3966
2025-12-17 17:15:00+00:00,9780.4,9788.1,9778.9,9781.7,2418
2025-12-17 17:30:00+00:00,9781.2,9784.4,9775.8,9775.8,2286
2025-12-17 17:45:00+00:00,9776.0,9778.0,9772.5,9775.3,2769
2025-12-17 18:00:00+00:00,9775.5,9782.2,9764.2,9764.9,2124
2025-12-17 18:15:00+00:00,9764.7,9768.6,9761.5,9762.2,1890
2025-12-17 18:30:00+00:00,9762.0,9766.2,9754.1,9758.3,1809
2025-12-17 18:45:00+00:00,9758.5,9760.0,9751.6,9757.0,2403
2025-12-17 19:00:00+00:00,9757.3,9759.3,9752.1,9756.1,2232
2025-12-17 19:15:00+00:00,9756.3,9760.0,9752.9,9754.4,1821
2025-12-17 19:30:00+00:00,9754.1,9757.1,9751.9,9756.1,1692
2025-12-17 19:45:00+00:00,9756.3,9761.0,9755.4,9758.6,1881
2025-12-17 20:00:00+00:00,9758.8,9763.0,9757.3,9762.1,1260
2025-12-17 20:15:00+00:00,9761.8,9766.3,9759.6,9761.6,975
2025-12-17 20:30:00+00:00,9761.8,9762.8,9755.2,9760.6,1509
2025-12-17 20:45:00+00:00,9760.8,9762.3,9752.2,9753.4,2241
2025-12-17 21:00:00+00:00,9756.4,9770.8,9755.7,9769.6,2016
2025-12-17 21:30:00+00:00,9764.1,9765.9,9760.4,9762.1,855
2025-12-17 21:45:00+00:00,9762.2,9766.4,9761.5,9761.5,1056
2025-12-17 23:00:00+00:00,9766.3,9766.7,9761.5,9763.4,693
2025-12-17 23:15:00+00:00,9763.6,9764.1,9758.1,9763.6,948
2025-12-17 23:30:00+00:00,9763.4,9767.7,9761.1,9766.4,981
2025-12-17 23:45:00+00:00,9766.3,9766.3,9756.6,9758.3,1485
2025-12-18 00:00:00+00:00,9758.1,9762.1,9752.0,9760.3,3243
2025-12-18 00:15:00+00:00,9760.6,9766.9,9759.2,9760.5,2844
2025-12-18 00:30:00+00:00,9760.3,9764.3,9758.1,9759.6,2016
2025-12-18 00:45:00+00:00,9759.8,9768.9,9759.6,9767.9,1689
2025-12-18 01:00:00+00:00,9767.6,9769.9,9760.1,9762.5,4551
2025-12-18 01:15:00+00:00,9762.5,9771.5,9762.0,9769.2,3828
2025-12-18 01:30:00+00:00,9769.5,9773.9,9765.2,9773.3,4518
2025-12-18 01:45:00+00:00,9773.3,9782.1,9772.3,9780.6,4425
2025-12-18 02:00:00+00:00,9780.7,9786.6,9775.3,9782.9,4953
2025-12-18 02:15:00+00:00,9782.8,9792.1,9782.3,9783.7,4686
2025-12-18 02:30:00+00:00,9783.7,9784.4,9777.1,9779.2,3516
2025-12-18 02:45:00+00:00,9779.0,9783.8,9777.9,9781.2,2646
2025-12-18 03:00:00+00:00,9781.0,9781.7,9776.2,9776.5,3108
2025-12-18 03:15:00+00:00,9776.5,9776.9,9760.0,9760.0,3879
2025-12-18 03:30:00+00:00,9760.0,9765.2,9759.1,9759.1,3429
2025-12-18 03:45:00+00:00,9759.1,9765.2,9759.1,9761.0,3027
2025-12-18 04:00:00+00:00,9760.8,9767.0,9759.0,9759.3,2730
2025-12-18 04:15:00+00:00,9759.2,9764.9,9759.2,9764.7,2349
2025-12-18 04:30:00+00:00,9764.7,9770.6,9763.7,9770.5,2136
2025-12-18 04:45:00+00:00,9770.5,9770.9,9767.4,9768.5,2175
2025-12-18 05:00:00+00:00,9768.4,9777.6,9767.3,9775.0,3138
2025-12-18 05:15:00+00:00,9775.1,9777.5,9770.3,9772.7,2583
2025-12-18 05:30:00+00:00,9772.7,9774.4,9766.9,9769.0,2901
2025-12-18 05:45:00+00:00,9768.8,9769.5,9765.3,9765.3,2673
2025-12-18 06:00:00+00:00,9765.2,9770.5,9763.8,9768.8,513
2025-12-18 06:15:00+00:00,9769.0,9771.0,9767.8,9769.0,531
2025-12-18 06:30:00+00:00,9768.8,9774.8,9768.0,9772.8,456
2025-12-18 06:45:00+00:00,9773.8,9775.8,9768.5,9775.3,423
2025-12-18 07:00:00+00:00,9774.8,9775.0,9768.8,9773.8,963
2025-12-18 07:15:00+00:00,9774.5,9782.0,9773.8,9779.0,1002
2025-12-18 07:30:00+00:00,9778.8,9789.3,9778.8,9788.5,591
2025-12-18 07:45:00+00:00,9788.8,9790.8,9784.0,9786.0,771
2025-12-18 08:00:00+00:00,9787.0,9793.5,9774.0,9777.0,4119
2025-12-18 08:15:00+00:00,9776.8,9782.3,9768.8,9773.3,2100
2025-12-18 08:30:00+00:00,9773.0,9777.5,9767.8,9768.4,2337
2025-12-18 08:45:00+00:00,9768.6,9775.0,9768.6,9773.6,1938
2025-12-18 09:00:00+00:00,9773.4,9781.3,9772.7,9778.6,1983
2025-12-18 09:15:00+00:00,9778.8,9783.4,9775.9,9782.1,1584
2025-12-18 09:30:00+00:00,9782.4,9799.8,9782.1,9798.3,1659
2025-12-18 09:45:00+00:00,9798.6,9805.2,9798.4,9801.3,1350
2025-12-18 10:00:00+00:00,9801.8,9806.1,9801.3,9802.5,1086
2025-12-18 10:15:00+00:00,9802.5,9802.5,9793.8,9796.1,1131
2025-12-18 10:30:00+00:00,9796.6,9800.1,9795.5,9797.3,1092
2025-12-18 10:45:00+00:00,9797.3,9798.0,9790.2,9791.2,924
2025-12-18 11:00:00+00:00,9791.5,9802.2,9790.2,9802.2,990
2025-12-18 11:15:00+00:00,9802.4,9804.8,9794.5,9797.8,858
2025-12-18 11:30:00+00:00,9798.1,9802.2,9797.0,9799.0,879
2025-12-18 11:45:00+00:00,9798.3,9799.5,9791.9,9793.1,1179
2025-12-18 12:00:00+00:00,9795.3,9795.3,9764.8,9771.0,3348
2025-12-18 12:15:00+00:00,9770.8,9773.5,9765.4,9772.7,1533
2025-12-18 12:30:00+00:00,9772.7,9777.9,9770.1,9775.9,1359
2025-12-18 12:45:00+00:00,9776.2,9776.2,9769.1,9771.1,1395
2025-12-18 13:00:00+00:00,9770.6,9771.8,9755.5,9757.8,1743
2025-12-18 13:15:00+00:00,9757.1,9759.6,9745.7,9749.1,2064
2025-12-18 13:30:00+00:00,9749.6,9762.2,9746.3,9760.0,4272
2025-12-18 13:45:00+00:00,9760.3,9762.4,9754.1,9754.1,2994
2025-12-18 14:00:00+00:00,9754.3,9775.1,9753.1,9775.1,2874
2025-12-18 14:15:00+00:00,9775.4,9785.4,9771.8,9781.7,2211
2025-12-18 14:30:00+00:00,9781.4,9794.6,9778.9,9786.1,5091
2025-12-18 14:45:00+00:00,9786.3,9796.8,9783.4,9789.5,4050
2025-12-18 15:00:00+00:00,9789.3,9805.3,9786.8,9801.9,3642
2025-12-18 15:15:00+00:00,9802.1,9812.7,9798.3,9811.9,3933
2025-12-18 15:30:00+00:00,9811.7,9820.4,9805.9,9820.3,3705
2025-12-18 15:45:00+00:00,9820.0,9833.9,9816.3,9833.9,2670
2025-12-18 16:00:00+00:00,9833.4,9837.9,9829.1,9833.5,2586
2025-12-18 16:15:00+00:00,9834.0,9844.7,9833.8,9840.0,2673
2025-12-18 16:30:00+00:00,9839.5,9849.1,9834.8,9839.9,3576
2025-12-18 16:45:00+00:00,9840.1,9840.6,9831.0,9834.5,2253
2025-12-18 17:00:00+00:00,9834.7,9837.7,9806.0,9807.5,4314
2025-12-18 17:15:00+00:00,9807.2,9809.2,9797.4,9803.8,5112
2025-12-18 17:30:00+00:00,9803.3,9822.1,9801.3,9821.6,3972
2025-12-18 17:45:00+00:00,9821.9,9825.3,9815.9,9822.6,3537
2025-12-18 18:00:00+00:00,9822.4,9828.1,9817.4,9824.6,2013
2025-12-18 18:15:00+00:00,9824.8,9826.3,9822.4,9824.4,1533
2025-12-18 18:30:00+00:00,9824.6,9831.3,9824.1,9824.9,1350
2025-12-18 18:45:00+00:00,9824.4,9824.6,9816.7,9819.7,2139
2025-12-18 19:00:00+00:00,9819.9,9820.4,9812.0,9818.2,3444
2025-12-18 19:15:00+00:00,9818.0,9818.2,9814.5,9816.7,2400
2025-12-18 19:30:00+00:00,9817.0,9818.7,9810.8,9811.6,1713
2025-12-18 19:45:00+00:00,9811.8,9816.3,9803.9,9807.9,2064
2025-12-18 20:00:00+00:00,9809.1,9819.0,9808.1,9818.3,2076
2025-12-18 20:15:00+00:00,9818.5,9826.9,9815.3,9826.4,1341
2025-12-18 20:30:00+00:00,9826.2,9827.7,9819.0,9819.8,1695
2025-12-18 20:45:00+00:00,9819.5,9823.0,9798.8,9801.7,2316
2025-12-18 21:00:00+00:00,9801.5,9802.4,9795.7,9795.9,1578
2025-12-18 21:30:00+00:00,9799.4,9800.2,9796.2,9796.7,435
2025-12-18 21:45:00+00:00,9796.6,9800.7,9796.5,9800.0,300
2025-12-18 23:00:00+00:00,9804.8,9804.8,9799.5,9803.3,594
2025-12-18 23:15:00+00:00,9803.5,9806.3,9800.0,9802.0,837
2025-12-18 23:30:00+00:00,9802.2,9804.9,9801.1,9803.3,816
2025-12-18 23:45:00+00:00,9803.5,9809.3,9803.0,9809.3,1014
2025-12-19 00:00:00+00:00,9809.0,9810.5,9803.1,9803.8,2532
2025-12-19 00:15:00+00:00,9803.7,9808.1,9802.6,9806.8,1512
2025-12-19 00:30:00+00:00,9807.0,9807.8,9803.8,9805.3,1482
2025-12-19 00:45:00+00:00,9805.1,9810.6,9804.1,9809.8,741
2025-12-19 01:00:00+00:00,9802.7,9804.1,9793.9,9801.8,3327
2025-12-19 01:15:00+00:00,9801.8,9806.0,9801.8,9805.2,2814
2025-12-19 01:30:00+00:00,9805.2,9809.7,9802.1,9805.4,3837
2025-12-19 01:45:00+00:00,9805.4,9811.7,9805.3,9808.4,3420
2025-12-19 02:00:00+00:00,9808.0,9812.7,9805.5,9811.4,3504
2025-12-19 02:15:00+00:00,9811.4,9814.4,9811.3,9813.4,2787
2025-12-19 02:30:00+00:00,9813.5,9815.9,9809.8,9813.9,2997
2025-12-19 02:45:00+00:00,9814.3,9814.4,9809.7,9810.2,3204
2025-12-19 03:00:00+00:00,9810.2,9810.5,9804.8,9806.7,2670
2025-12-19 03:15:00+00:00,9806.7,9816.3,9803.2,9810.4,4587
2025-12-19 03:30:00+00:00,9810.4,9816.1,9809.0,9815.7,4119
2025-12-19 03:45:00+00:00,9815.7,9817.8,9814.4,9815.7,2736
2025-12-19 04:00:00+00:00,9815.8,9819.2,9815.2,9818.0,2592
2025-12-19 04:15:00+00:00,9818.1,9819.7,9815.4,9817.7,2325
2025-12-19 04:30:00+00:00,9817.7,9819.6,9817.1,9818.0,2331
2025-12-19 04:45:00+00:00,9818.0,9819.3,9817.6,9818.7,1917
2025-12-19 05:00:00+00:00,9818.7,9819.4,9813.3,9814.8,2382
2025-12-19 05:15:00+00:00,9814.8,9816.0,9813.8,9815.8,1704
2025-12-19 05:30:00+00:00,9815.8,9817.9,9815.1,9815.8,2064
2025-12-19 05:45:00+00:00,9815.8,9816.3,9807.3,9807.9,2169
2025-12-19 06:00:00+00:00,9807.6,9807.9,9804.2,9806.9,540
2025-12-19 06:15:00+00:00,9807.2,9812.6,9806.7,9809.1,429
2025-12-19 06:30:00+00:00,9810.4,9810.4,9803.7,9804.5,693
2025-12-19 06:45:00+00:00,9804.2,9805.7,9799.5,9805.5,555
2025-12-19 07:00:00+00:00,9805.7,9815.1,9805.7,9813.6,921
2025-12-19 07:15:00+00:00,9814.1,9815.6,9809.4,9809.4,711
2025-12-19 07:30:00+00:00,9809.2,9813.2,9804.0,9805.3,735
2025-12-19 07:45:00+00:00,9805.5,9823.8,9802.3,9823.6,1503
2025-12-19 08:00:00+00:00,9822.8,9839.8,9816.0,9839.8,6207
2025-12-19 08:15:00+00:00,9840.3,9852.6,9838.9,9845.4,3300
2025-12-19 08:30:00+00:00,9845.1,9847.9,9839.6,9845.4,2286
2025-12-19 08:45:00+00:00,9844.9,9844.9,9835.4,9840.4,1881
2025-12-19 09:00:00+00:00,9840.1,9840.4,9826.9,9829.9,2679
2025-12-19 09:15:00+00:00,9829.6,9843.4,9828.2,9838.8,1659
2025-12-19 09:30:00+00:00,9839.0,9841.8,9836.6,9838.6,1521
2025-12-19 09:45:00+00:00,9838.9,9842.8,9838.6,9839.7,1482
2025-12-19 10:00:00+00:00,9839.4,9840.2,9823.2,9832.5,2649
2025-12-19 10:15:00+00:00,9831.6,9844.5,9830.6,9838.8,1722
2025-12-19 10:30:00+00:00,9839.0,9841.6,9835.2,9841.5,1338
2025-12-19 10:45:00+00:00,9841.5,9849.5,9836.5,9836.7,2655
2025-12-19 11:00:00+00:00,9836.5,9839.5,9825.9,9829.0,1881
2025-12-19 11:15:00+00:00,9828.7,9840.7,9828.5,9838.9,1569
2025-12-19 11:30:00+00:00,9839.4,9843.7,9834.3,9843.6,1512
2025-12-19 11:45:00+00:00,9843.1,9844.2,9838.2,9844.2,1350
2025-12-19 12:00:00+00:00,9844.4,9848.6,9836.3,9837.7,1956
2025-12-19 12:15:00+00:00,9837.9,9841.6,9832.6,9837.7,1245
2025-12-19 12:30:00+00:00,9838.0,9838.2,9833.0,9833.0,1083
2025-12-19 12:45:00+00:00,9832.8,9840.0,9832.8,9837.5,1164
2025-12-19 13:00:00+00:00,9837.7,9848.4,9837.7,9839.2,1605
2025-12-19 13:15:00+00:00,9839.0,9845.3,9838.5,9841.8,1242
2025-12-19 13:30:00+00:00,9842.0,9845.0,9840.4,9841.4,1563
2025-12-19 13:45:00+00:00,9841.6,9842.4,9835.7,9835.7,957
2025-12-19 14:00:00+00:00,9836.2,9842.3,9834.0,9841.8,1371
2025-12-19 14:15:00+00:00,9842.3,9843.9,9837.8,9842.9,1446
2025-12-19 14:30:00+00:00,9843.2,9860.4,9840.9,9858.4,3747
2025-12-19 14:45:00+00:00,9857.9,9871.2,9855.9,9871.0,3018
2025-12-19 15:00:00+00:00,9871.5,9887.1,9871.0,9886.6,3414
2025-12-19 15:15:00+00:00,9886.9,9890.9,9884.3,9888.8,2925
2025-12-19 15:30:00+00:00,9888.6,9889.2,9880.4,9882.1,2673
2025-12-19 15:45:00+00:00,9882.4,9892.4,9880.8,9890.4,2586
2025-12-19 16:00:00+00:00,9890.2,9900.8,9888.9,9900.0,2700
2025-12-19 16:15:00+00:00,9900.3,9903.7,9895.8,9896.2,2328
2025-12-19 16:30:00+00:00,9895.9,9901.6,9891.0,9893.4,3600
2025-12-19 16:45:00+00:00,9893.9,9899.9,9892.5,9899.9,1050
2025-12-19 17:00:00+00:00,9900.4,9906.3,9899.9,9905.3,1125
2025-12-19 17:15:00+00:00,9905.5,9910.7,9902.3,9908.3,933
2025-12-19 17:30:00+00:00,9908.5,9909.3,9904.8,9906.3,858
2025-12-19 17:45:00+00:00,9906.8,9914.7,9905.1,9911.3,999
2025-12-19 18:00:00+00:00,9911.5,9913.7,9909.5,9909.8,795
2025-12-19 18:15:00+00:00,9909.3,9915.0,9908.8,9913.5,705
2025-12-19 18:30:00+00:00,9913.3,9914.7,9906.1,9906.6,951
2025-12-19 18:45:00+00:00,9906.4,9906.4,9898.5,9899.2,819
2025-12-19 19:00:00+00:00,9899.0,9903.4,9899.0,9903.4,771
2025-12-19 19:15:00+00:00,9903.7,9904.9,9901.9,9902.7,660
2025-12-19 19:30:00+00:00,9902.4,9903.7,9900.5,9902.5,636
2025-12-19 19:45:00+00:00,9902.2,9905.4,9901.7,9903.7,771
2025-12-19 20:00:00+00:00,9903.9,9905.4,9896.5,9897.0,825
2025-12-19 20:15:00+00:00,9897.5,9901.5,9897.0,9897.1,627
2025-12-19 20:30:00+00:00,9896.6,9897.1,9881.2,9883.0,1152
2025-12-19 20:45:00+00:00,9882.7,9884.0,9868.2,9872.9,2703
2025-12-21 23:00:00+00:00,9889.5,9891.7,9888.5,9890.2,765
2025-12-21 23:15:00+00:00,9890.0,9892.0,9888.2,9890.0,750
2025-12-21 23:30:00+00:00,9890.2,9894.0,9889.7,9893.0,600
2025-12-21 23:45:00+00:00,9892.7,9894.7,9891.7,9893.5,651
2025-12-22 00:00:00+00:00,9893.7,9895.1,9889.7,9891.7,1449
2025-12-22 00:15:00+00:00,9891.5,9892.2,9888.8,9889.7,753
2025-12-22 00:30:00+00:00,9889.8,9891.5,9889.7,9890.0,633
2025-12-22 00:45:00+00:00,9890.1,9892.0,9887.7,9887.9,504
2025-12-22 01:00:00+00:00,9880.6,9894.9,9878.8,9893.2,3135
2025-12-22 01:15:00+00:00,9893.2,9898.7,9892.5,9897.0,2010
2025-12-22 01:30:00+00:00,9897.1,9897.6,9889.9,9893.7,2061
2025-12-22 01:45:00+00:00,9893.7,9895.6,9892.2,9892.6,1230
2025-12-22 02:00:00+00:00,9892.8,9894.3,9891.2,9891.4,1638
2025-12-22 02:15:00+00:00,9891.4,9891.7,9888.1,9890.4,1389
2025-12-22 02:30:00+00:00,9890.6,9892.1,9887.6,9887.9,1275
2025-12-22 02:45:00+00:00,9888.1,9888.3,9885.4,9887.4,1089
2025-12-22 03:00:00+00:00,9887.4,9893.7,9887.4,9893.3,1440
2025-12-22 03:15:00+00:00,9893.4,9893.4,9889.1,9889.6,1110
2025-12-22 03:30:00+00:00,9889.4,9890.6,9887.8,9888.9,1608
2025-12-22 03:45:00+00:00,9888.9,9890.6,9886.9,9890.2,1137
2025-12-22 04:00:00+00:00,9890.2,9891.3,9887.3,9889.4,1338
2025-12-22 04:15:00+00:00,9889.2,9890.6,9888.1,9889.4,1143
2025-12-22 04:30:00+00:00,9889.4,9894.4,9889.2,9893.4,1347
2025-12-22 04:45:00+00:00,9893.5,9894.3,9891.9,9892.4,1251
2025-12-22 05:00:00+00:00,9892.2,9893.6,9883.5,9883.7,1662
2025-12-22 05:15:00+00:00,9883.9,9884.5,9879.5,9879.6,1704
2025-12-22 05:30:00+00:00,9879.6,9885.6,9879.4,9885.4,1233
2025-12-22 05:45:00+00:00,9885.6,9886.6,9884.0,9884.4,900
2025-12-22 06:00:00+00:00,9884.2,9888.9,9883.8,9887.9,285
2025-12-22 06:15:00+00:00,9887.6,9889.4,9886.1,9887.4,246
2025-12-22 06:30:00+00:00,9887.6,9889.6,9885.9,9887.9,195
2025-12-22 06:45:00+00:00,9887.6,9890.6,9887.6,9890.4,99
2025-12-22 07:00:00+00:00,9889.6,9889.6,9876.6,9883.9,636
2025-12-22 07:15:00+00:00,9884.1,9888.4,9877.9,9877.9,558
2025-12-22 07:30:00+00:00,9878.1,9878.1,9869.4,9872.1,891
2025-12-22 07:45:00+00:00,9872.4,9876.6,9867.1,9867.9,1104
2025-12-22 08:00:00+00:00,9868.4,9868.6,9853.9,9860.6,5007
2025-12-22 08:15:00+00:00,9860.9,9874.8,9859.1,9873.8,2214
2025-12-22 08:30:00+00:00,9874.0,9874.8,9859.3,9862.3,2211
2025-12-22 08:45:00+00:00,9862.0,9862.8,9854.8,9858.3,2082
2025-12-22 09:00:00+00:00,9858.1,9865.5,9851.5,9853.0,1887
2025-12-22 09:15:00+00:00,9852.8,9861.4,9851.1,9857.4,1356
2025-12-22 09:30:00+00:00,9857.4,9857.9,9849.6,9850.9,1311
2025-12-22 09:45:00+00:00,9850.6,9859.2,9850.1,9856.7,1536
2025-12-22 10:00:00+00:00,9857.0,9861.8,9852.7,9859.1,1338
2025-12-22 10:15:00+00:00,9859.3,9861.2,9854.7,9858.9,1152
2025-12-22 10:30:00+00:00,9858.4,9860.5,9855.5,9856.0,1170
2025-12-22 10:45:00+00:00,9856.5,9865.0,9855.4,9863.0,1191
2025-12-22 11:00:00+00:00,9863.2,9863.2,9854.7,9854.7,1047
2025-12-22 11:15:00+00:00,9855.0,9857.6,9851.6,9856.4,909
2025-12-22 11:30:00+00:00,9856.1,9856.1,9846.0,9853.6,1287
2025-12-22 11:45:00+00:00,9853.1,9854.1,9850.5,9853.0,816
2025-12-22 12:00:00+00:00,9853.7,9856.0,9851.4,9853.4,915
2025-12-22 12:15:00+00:00,9853.2,9856.4,9850.1,9856.4,726
2025-12-22 12:30:00+00:00,9856.9,9858.6,9854.7,9856.9,783
2025-12-22 12:45:00+00:00,9856.4,9860.2,9853.6,9854.2,849
2025-12-22 13:00:00+00:00,9854.5,9857.2,9853.1,9855.8,885
2025-12-22 13:15:00+00:00,9856.1,9857.3,9848.1,9851.4,843
2025-12-22 13:30:00+00:00,9851.4,9851.4,9840.0,9843.9,1047
2025-12-22 13:45:00+00:00,9843.6,9847.6,9837.8,9838.8,1038
2025-12-22 14:00:00+00:00,9839.3,9840.7,9832.2,9832.8,1338
2025-12-22 14:15:00+00:00,9833.1,9837.8,9831.1,9834.4,1290
2025-12-22 14:30:00+00:00,9834.1,9853.0,9828.5,9849.3,4950
2025-12-22 14:45:00+00:00,9849.6,9851.6,9837.5,9838.5,3210
2025-12-22 15:00:00+00:00,9838.8,9854.6,9838.8,9852.5,2922
2025-12-22 15:15:00+00:00,9852.0,9858.5,9849.0,9858.5,1767
2025-12-22 15:30:00+00:00,9859.0,9861.6,9852.2,9852.4,2553
2025-12-22 15:45:00+00:00,9852.7,9862.0,9851.2,9860.7,1722
2025-12-22 16:00:00+00:00,9860.5,9869.9,9860.2,9868.6,1707
2025-12-22 16:15:00+00:00,9868.4,9871.1,9864.6,9869.5,2145
2025-12-22 16:30:00+00:00,9869.8,9871.8,9856.7,9857.7,2355
2025-12-22 16:45:00+00:00,9858.2,9863.1,9857.7,9859.2,765
2025-12-22 17:00:00+00:00,9858.9,9864.9,9853.8,9864.1,1080
2025-12-22 17:15:00+00:00,9863.9,9866.9,9856.3,9857.2,726
2025-12-22 17:30:00+00:00,9857.5,9860.0,9853.8,9858.2,726
2025-12-22 17:45:00+00:00,9858.0,9863.7,9857.3,9863.4,621
2025-12-22 18:00:00+00:00,9863.2,9864.2,9860.2,9861.7,531
2025-12-22 18:15:00+00:00,9862.2,9862.7,9858.5,9862.0,615
2025-12-22 18:30:00+00:00,9862.2,9865.0,9861.0,9863.7,573
2025-12-22 18:45:00+00:00,9863.5,9863.7,9857.3,9858.1,621
2025-12-22 19:00:00+00:00,9858.3,9859.0,9853.9,9856.3,606
2025-12-22 19:15:00+00:00,9856.6,9859.6,9855.4,9858.8,552
2025-12-22 19:30:00+00:00,9859.3,9861.8,9858.3,9859.1,504
2025-12-22 19:45:00+00:00,9859.3,9860.8,9856.9,9860.6,465
2025-12-22 20:00:00+00:00,9860.8,9866.2,9860.8,9864.5,501
2025-12-22 20:15:00+00:00,9864.7,9866.0,9862.7,9866.0,549
2025-12-22 20:30:00+00:00,9865.5,9871.2,9865.5,9867.2,471
2025-12-22 20:45:00+00:00,9867.5,9869.5,9863.5,9864.5,1203
2025-12-22 21:00:00+00:00,9865.3,9867.0,9865.0,9866.0,510
2025-12-22 21:30:00+00:00,9864.5,9865.3,9864.3,9864.8,108
2025-12-22 21:45:00+00:00,9864.9,9865.6,9863.6,9865.3,150
2025-12-22 23:00:00+00:00,9865.9,9868.1,9865.6,9866.1,399
2025-12-22 23:15:00+00:00,9866.4,9867.4,9865.6,9866.4,252
2025-12-22 23:30:00+00:00,9865.9,9868.1,9865.6,9866.6,393
2025-12-22 23:45:00+00:00,9866.1,9866.9,9864.8,9865.7,357
2025-12-23 00:00:00+00:00,9865.9,9866.9,9864.4,9865.7,654
2025-12-23 00:15:00+00:00,9865.5,9866.2,9864.7,9865.4,423
2025-12-23 00:30:00+00:00,9865.2,9866.9,9864.5,9865.9,336
2025-12-23 00:45:00+00:00,9866.1,9869.2,9865.7,9868.9,183
2025-12-23 01:00:00+00:00,9865.8,9869.8,9861.5,9864.0,2202
2025-12-23 01:15:00+00:00,9864.0,9867.4,9863.5,9866.4,1608
2025-12-23 01:30:00+00:00,9866.5,9870.4,9864.0,9870.2,1752
2025-12-23 01:45:00+00:00,9870.2,9870.7,9866.7,9870.0,1470
2025-12-23 02:00:00+00:00,9869.9,9870.4,9866.0,9868.0,1590
2025-12-23 02:15:00+00:00,9868.0,9869.7,9861.8,9863.4,1713
2025-12-23 02:30:00+00:00,9863.3,9865.0,9863.0,9864.1,1314
2025-12-23 02:45:00+00:00,9864.1,9865.1,9861.6,9865.1,1224
2025-12-23 03:00:00+00:00,9865.1,9867.3,9863.4,9865.1,1293
2025-12-23 03:15:00+00:00,9865.1,9866.4,9864.0,9865.1,1065
2025-12-23 03:30:00+00:00,9865.1,9865.4,9863.8,9863.9,879
2025-12-23 03:45:00+00:00,9863.9,9863.9,9860.9,9861.7,930
2025-12-23 04:00:00+00:00,9861.6,9864.1,9860.2,9863.2,1311
2025-12-23 04:15:00+00:00,9863.2,9864.5,9862.6,9862.9,963
2025-12-23 04:30:00+00:00,9863.0,9863.3,9858.8,9859.0,1278
2025-12-23 04:45:00+00:00,9859.0,9860.5,9858.5,9860.3,1023
2025-12-23 05:00:00+00:00,9860.2,9860.8,9857.5,9857.5,1335
2025-12-23 05:15:00+00:00,9857.5,9859.5,9857.5,9859.0,984
2025-12-23 05:30:00+00:00,9859.0,9859.5,9857.5,9858.3,1083
2025-12-23 05:45:00+00:00,9858.5,9859.2,9853.8,9853.9,1110
2025-12-23 06:00:00+00:00,9853.8,9855.1,9852.9,9855.1,201
2025-12-23 06:15:00+00:00,9854.0,9857.6,9852.3,9857.6,327
2025-12-23 06:30:00+00:00,9857.3,9859.1,9855.0,9857.8,354
2025-12-23 06:45:00+00:00,9857.8,9861.1,9856.4,9859.6,447
2025-12-23 07:00:00+00:00,9860.6,9861.8,9856.4,9861.8,576
2025-12-23 07:15:00+00:00,9862.3,9862.6,9860.1,9860.4,411
2025-12-23 07:30:00+00:00,9860.9,9860.9,9855.2,9858.2,429
2025-12-23 07:45:00+00:00,9858.9,9864.1,9855.4,9855.9,843
2025-12-23 08:00:00+00:00,9854.7,9876.1,9842.7,9875.2,4266
2025-12-23 08:15:00+00:00,9874.7,9883.7,9873.2,9877.1,2352
2025-12-23 08:30:00+00:00,9876.9,9880.9,9873.4,9875.4,1956
2025-12-23 08:45:00+00:00,9875.1,9877.9,9870.9,9874.7,1806
2025-12-23 09:00:00+00:00,9874.5,9878.3,9868.4,9869.4,1491
2025-12-23 09:15:00+00:00,9868.9,9878.1,9868.4,9870.5,1476
2025-12-23 09:30:00+00:00,9870.8,9877.9,9869.8,9877.4,1383
2025-12-23 09:45:00+00:00,9877.1,9877.6,9871.8,9874.0,1050
2025-12-23 10:00:00+00:00,9874.2,9882.5,9872.5,9881.8,1374
2025-12-23 10:15:00+00:00,9881.6,9881.6,9866.8,9871.6,1293
2025-12-23 10:30:00+00:00,9871.1,9872.5,9867.0,9870.5,966
2025-12-23 10:45:00+00:00,9870.3,9872.7,9863.9,9863.9,1353
2025-12-23 11:00:00+00:00,9864.1,9865.7,9859.3,9864.6,1035
2025-12-23 11:15:00+00:00,9864.4,9866.2,9861.8,9864.9,738
2025-12-23 11:30:00+00:00,9865.1,9867.2,9863.0,9864.6,777
2025-12-23 11:45:00+00:00,9864.9,9870.5,9864.4,9870.3,585
2025-12-23 12:00:00+00:00,9869.8,9871.5,9859.9,9862.1,1212
2025-12-23 12:15:00+00:00,9862.6,9864.1,9859.9,9861.6,735
2025-12-23 12:30:00+00:00,9861.1,9871.8,9861.1,9869.4,726
2025-12-23 12:45:00+00:00,9869.2,9873.4,9867.6,9868.7,897
2025-12-23 13:00:00+00:00,9868.9,9872.0,9866.3,9871.5,1122
2025-12-23 13:15:00+00:00,9872.0,9872.2,9862.0,9862.0,1011
2025-12-23 13:30:00+00:00,9862.5,9864.1,9846.2,9847.7,2205
2025-12-23 13:45:00+00:00,9847.5,9850.8,9845.0,9848.0,2265
2025-12-23 14:00:00+00:00,9848.3,9859.0,9846.0,9858.5,1599
2025-12-23 14:15:00+00:00,9858.8,9868.0,9856.5,9867.3,1305
2025-12-23 14:30:00+00:00,9867.5,9897.8,9864.1,9897.8,4467
2025-12-23 14:45:00+00:00,9898.0,9901.0,9886.9,9889.1,3201
2025-12-23 15:00:00+00:00,9890.1,9895.4,9883.1,9895.4,3159
2025-12-23 15:15:00+00:00,9895.1,9901.2,9891.7,9892.4,2667
2025-12-23 15:30:00+00:00,9891.9,9900.2,9891.9,9894.2,1779
2025-12-23 15:45:00+00:00,9894.0,9899.6,9890.9,9898.3,2019
2025-12-23 16:00:00+00:00,9898.8,9901.6,9892.7,9893.7,1701
2025-12-23 16:15:00+00:00,9894.0,9898.2,9891.0,9893.0,2127
2025-12-23 16:30:00+00:00,9893.2,9897.4,9883.6,9884.1,2868
2025-12-23 16:45:00+00:00,9883.9,9885.8,9879.1,9880.6,1005
2025-12-23 17:00:00+00:00,9880.4,9883.9,9875.4,9883.1,870
2025-12-23 17:15:00+00:00,9882.9,9884.9,9881.2,9884.4,681
2025-12-23 17:30:00+00:00,9884.1,9886.6,9881.4,9883.2,525
2025-12-23 17:45:00+00:00,9883.4,9883.6,9881.4,9881.9,570
2025-12-23 18:00:00+00:00,9882.2,9883.4,9879.0,9883.2,435
2025-12-23 18:15:00+00:00,9883.4,9887.1,9882.9,9884.7,573
2025-12-23 18:30:00+00:00,9884.4,9884.7,9881.5,9883.5,411
2025-12-23 18:45:00+00:00,9883.7,9884.4,9880.0,9881.2,498
2025-12-23 19:00:00+00:00,9881.0,9883.5,9879.5,9880.5,468
2025-12-23 19:15:00+00:00,9880.5,9881.5,9879.0,9881.0,387
2025-12-23 19:30:00+00:00,9880.5,9882.8,9878.1,9878.1,324
2025-12-23 19:45:00+00:00,9878.3,9880.0,9876.6,9877.1,381
2025-12-23 20:00:00+00:00,9876.6,9881.4,9876.1,9881.4,468
2025-12-23 20:15:00+00:00,9881.2,9882.9,9877.0,9879.0,405
2025-12-23 20:30:00+00:00,9878.7,9880.7,9876.0,9878.7,516
2025-12-23 20:45:00+00:00,9879.0,9884.9,9875.3,9880.0,1554
2025-12-23 21:00:00+00:00,9880.0,9882.0,9876.8,9876.8,762
2025-12-23 21:30:00+00:00,9877.5,9878.3,9876.3,9877.3,153
2025-12-23 21:45:00+00:00,9877.1,9877.8,9876.8,9877.8,114
2025-12-23 23:00:00+00:00,9874.4,9875.6,9872.9,9874.1,417
2025-12-23 23:15:00+00:00,9874.4,9874.6,9872.9,9873.4,312
2025-12-23 23:30:00+00:00,9873.2,9874.4,9872.7,9873.2,438
2025-12-23 23:45:00+00:00,9873.1,9874.2,9872.4,9873.9,354
2025-12-24 00:00:00+00:00,9873.8,9876.2,9873.7,9874.9,1050
2025-12-24 00:15:00+00:00,9874.7,9875.2,9874.1,9874.2,504
2025-12-24 00:30:00+00:00,9874.3,9875.4,9873.7,9875.0,387
2025-12-24 00:45:00+00:00,9874.7,9876.5,9874.0,9876.5,321
2025-12-24 01:00:00+00:00,9881.8,9882.3,9873.1,9881.0,1395
2025-12-24 01:15:00+00:00,9880.9,9884.0,9870.1,9882.9,1605
2025-12-24 01:30:00+00:00,9882.9,9883.0,9872.6,9877.8,1896
2025-12-24 01:45:00+00:00,9877.4,9879.1,9874.9,9878.5,1428
2025-12-24 02:00:00+00:00,9878.5,9878.9,9871.4,9873.9,1590
2025-12-24 02:15:00+00:00,9872.7,9880.2,9872.3,9880.2,1335
2025-12-24 02:30:00+00:00,9880.2,9880.4,9878.7,9879.1,1194
2025-12-24 02:45:00+00:00,9879.1,9886.0,9878.7,9881.7,1347
2025-12-24 03:00:00+00:00,9881.6,9883.8,9880.2,9882.3,1266
2025-12-24 03:15:00+00:00,9881.7,9882.2,9879.8,9880.6,945
2025-12-24 03:30:00+00:00,9880.6,9886.8,9880.5,9886.8,1287
2025-12-24 03:45:00+00:00,9886.4,9886.8,9886.2,9886.5,870
2025-12-24 04:00:00+00:00,9886.5,9892.5,9885.7,9892.5,1113
2025-12-24 04:15:00+00:00,9892.1,9892.5,9889.9,9892.0,831
2025-12-24 04:30:00+00:00,9892.0,9892.5,9891.1,9892.0,915
2025-12-24 04:45:00+00:00,9891.8,9892.2,9891.2,9892.0,771
2025-12-24 05:00:00+00:00,9891.8,9892.3,9891.3,9892.0,1065
2025-12-24 05:15:00+00:00,9891.8,9892.2,9889.8,9891.7,990
2025-12-24 05:30:00+00:00,9891.7,9895.0,9886.6,9886.6,1083
2025-12-24 05:45:00+00:00,9886.7,9886.8,9883.6,9886.6,816
2025-12-24 06:00:00+00:00,9886.6,9886.6,9885.4,9886.6,117
2025-12-24 06:15:00+00:00,9886.4,9886.7,9885.2,9886.2,174
2025-12-24 06:30:00+00:00,9885.9,9893.1,9884.9,9890.1,189
2025-12-24 06:45:00+00:00,9889.9,9894.8,9888.9,9891.9,147
2025-12-24 07:00:00+00:00,9890.6,9890.6,9884.7,9885.7,114
2025-12-24 07:15:00+00:00,9885.2,9885.2,9872.4,9873.4,207
2025-12-24 07:30:00+00:00,9873.6,9885.5,9873.4,9880.8,297
2025-12-24 07:45:00+00:00,9880.5,9891.2,9880.0,9883.5,294
2025-12-24 08:00:00+00:00,9883.3,9892.9,9874.6,9882.4,1815
2025-12-24 08:15:00+00:00,9881.9,9886.2,9878.6,9881.5,720
2025-12-24 08:30:00+00:00,9881.0,9881.3,9871.8,9871.9,858
2025-12-24 08:45:00+00:00,9871.9,9874.4,9865.8,9866.3,663
2025-12-24 09:00:00+00:00,9866.8,9872.3,9866.0,9867.5,804
2025-12-24 09:15:00+00:00,9867.5,9882.7,9867.5,9881.4,798
2025-12-24 09:30:00+00:00,9880.9,9880.9,9874.9,9877.8,582
2025-12-24 09:45:00+00:00,9878.0,9879.2,9872.3,9873.5,525
2025-12-24 10:00:00+00:00,9873.7,9877.6,9873.0,9877.3,531
2025-12-24 10:15:00+00:00,9877.3,9878.8,9875.7,9877.6,450
2025-12-24 10:30:00+00:00,9878.1,9885.7,9876.1,9883.2,519
2025-12-24 10:45:00+00:00,9883.5,9885.3,9882.2,9884.6,495
2025-12-24 11:00:00+00:00,9884.1,9886.0,9882.6,9882.6,447
2025-12-24 11:15:00+00:00,9882.4,9885.2,9880.6,9883.9,420
2025-12-24 11:30:00+00:00,9883.7,9886.4,9882.0,9882.0,534
2025-12-24 11:45:00+00:00,9882.0,9883.2,9878.8,9880.3,519
2025-12-24 12:00:00+00:00,9880.1,9883.0,9872.3,9873.4,783
2025-12-24 12:15:00+00:00,9873.4,9873.9,9858.1,9863.0,1722
2025-12-24 12:30:00+00:00,9863.7,9883.7,9862.3,9865.3,1680
2025-12-24 12:45:00+00:00,9865.3,9868.9,9865.2,9867.8,225
2025-12-28 23:00:00+00:00,9881.6,9882.9,9879.2,9881.1,438
2025-12-28 23:15:00+00:00,9881.3,9886.9,9880.6,9885.1,576
2025-12-28 23:30:00+00:00,9885.0,9888.1,9884.9,9887.4,573
2025-12-28 23:45:00+00:00,9887.3,9887.6,9884.9,9885.1,393
2025-12-29 00:00:00+00:00,9884.9,9885.9,9882.7,9883.7,1404
2025-12-29 00:15:00+00:00,9883.8,9885.4,9882.7,9884.7,663
2025-12-29 00:30:00+00:00,9884.9,9887.5,9884.2,9887.1,474
2025-12-29 00:45:00+00:00,9887.4,9890.1,9886.6,9890.1,492
2025-12-29 01:00:00+00:00,9903.2,9903.9,9893.4,9898.4,2199
2025-12-29 01:15:00+00:00,9898.5,9900.6,9896.0,9896.8,1959
2025-12-29 01:30:00+00:00,9896.7,9898.9,9891.4,9891.7,2082
2025-12-29 01:45:00+00:00,9891.8,9892.2,9883.8,9884.4,1758
2025-12-29 02:00:00+00:00,9884.4,9890.7,9883.5,9890.4,1791
2025-12-29 02:15:00+00:00,9890.2,9900.0,9890.0,9900.0,1341
2025-12-29 02:30:00+00:00,9899.9,9900.2,9895.1,9895.7,1230
2025-12-29 02:45:00+00:00,9895.7,9896.0,9892.7,9892.8,897
2025-12-29 03:00:00+00:00,9892.7,9893.5,9891.9,9892.0,882
2025-12-29 03:15:00+00:00,9892.0,9892.1,9890.0,9890.7,1191
2025-12-29 03:30:00+00:00,9890.8,9891.5,9888.5,9888.5,1242
2025-12-29 03:45:00+00:00,9888.5,9888.7,9886.6,9888.5,1089
2025-12-29 04:00:00+00:00,9888.7,9891.0,9888.7,9890.4,1140
2025-12-29 04:15:00+00:00,9890.4,9890.4,9889.7,9890.3,624
2025-12-29 04:30:00+00:00,9890.3,9890.6,9888.1,9888.5,978
2025-12-29 04:45:00+00:00,9888.3,9889.2,9885.9,9885.9,1056
2025-12-29 05:00:00+00:00,9885.9,9885.9,9879.7,9880.5,1944
2025-12-29 05:15:00+00:00,9880.5,9881.0,9879.8,9880.8,1488
2025-12-29 05:30:00+00:00,9880.8,9882.5,9880.8,9881.3,1128
2025-12-29 05:45:00+00:00,9881.3,9883.3,9881.3,9882.5,1116
2025-12-29 06:00:00+00:00,9882.3,9886.0,9882.0,9885.8,171
2025-12-29 06:15:00+00:00,9886.0,9889.5,9886.0,9886.8,108
2025-12-29 06:30:00+00:00,9887.0,9890.0,9881.3,9882.5,381
2025-12-29 06:45:00+00:00,9883.0,9886.5,9882.5,9885.0,225
2025-12-29 07:00:00+00:00,9884.5,9893.8,9883.5,9888.5,690
2025-12-29 07:15:00+00:00,9889.3,9890.8,9884.0,9888.3,729
2025-12-29 07:30:00+00:00,9888.0,9891.3,9877.5,9877.5,735
2025-12-29 07:45:00+00:00,9877.8,9880.0,9873.0,9877.8,822
2025-12-29 08:00:00+00:00,9878.0,9890.0,9866.5,9883.5,4797
2025-12-29 08:15:00+00:00,9883.8,9889.3,9862.5,9864.0,3021
2025-12-29 08:30:00+00:00,9863.5,9876.5,9862.3,9866.8,3036
2025-12-29 08:45:00+00:00,9867.3,9873.2,9857.6,9868.4,2601
2025-12-29 09:00:00+00:00,9869.1,9873.8,9862.9,9870.9,2337
2025-12-29 09:15:00+00:00,9871.1,9876.7,9863.7,9874.7,1722
2025-12-29 09:30:00+00:00,9874.4,9882.5,9867.5,9882.2,1983
2025-12-29 09:45:00+00:00,9882.4,9882.9,9873.8,9874.0,1911
2025-12-29 10:00:00+00:00,9874.1,9878.3,9865.8,9870.5,1536
2025-12-29 10:15:00+00:00,9870.5,9878.4,9870.5,9877.7,1467
2025-12-29 10:30:00+00:00,9877.7,9879.1,9870.4,9870.7,1278
2025-12-29 10:45:00+00:00,9870.7,9871.5,9866.6,9870.3,1056
2025-12-29 11:00:00+00:00,9870.5,9881.5,9870.5,9880.0,1323
2025-12-29 11:15:00+00:00,9879.8,9880.0,9874.9,9875.9,849
2025-12-29 11:30:00+00:00,9876.2,9878.6,9872.5,9878.3,993
2025-12-29 11:45:00+00:00,9878.1,9885.6,9878.1,9884.1,894
2025-12-29 12:00:00+00:00,9884.6,9893.7,9882.6,9891.4,1173
2025-12-29 12:15:00+00:00,9891.2,9893.1,9877.5,9878.0,1071
2025-12-29 12:30:00+00:00,9878.5,9880.2,9871.0,9871.5,903
2025-12-29 12:45:00+00:00,9871.3,9872.1,9861.5,9869.6,1263
2025-12-29 13:00:00+00:00,9869.9,9878.5,9869.6,9875.4,1287
2025-12-29 13:15:00+00:00,9875.2,9883.2,9875.2,9883.2,888
2025-12-29 13:30:00+00:00,9883.0,9884.0,9880.0,9880.1,882
2025-12-29 13:45:00+00:00,9879.8,9880.2,9868.9,9873.8,1668
2025-12-29 14:00:00+00:00,9873.5,9877.3,9870.5,9873.7,1224
2025-12-29 14:15:00+00:00,9872.5,9877.7,9872.5,9875.6,1362
2025-12-29 14:30:00+00:00,9875.8,9885.5,9870.2,9874.9,3720
2025-12-29 14:45:00+00:00,9875.1,9875.7,9867.8,9873.0,3270
2025-12-29 15:00:00+00:00,9873.3,9877.1,9867.9,9877.1,3099
2025-12-29 15:15:00+00:00,9877.4,9883.1,9875.4,9881.8,2457
2025-12-29 15:30:00+00:00,9882.3,9883.5,9872.6,9875.2,2709
2025-12-29 15:45:00+00:00,9874.9,9886.1,9863.1,9883.3,2913
2025-12-29 16:00:00+00:00,9883.6,9886.6,9882.1,9882.1,1806
2025-12-29 16:15:00+00:00,9881.9,9883.1,9857.5,9860.1,3711
2025-12-29 16:30:00+00:00,9860.3,9870.2,9855.6,9862.1,2820
2025-12-29 16:45:00+00:00,9862.3,9869.5,9860.6,9866.8,1134
2025-12-29 17:00:00+00:00,9866.5,9869.5,9863.1,9865.3,597
2025-12-29 17:15:00+00:00,9865.1,9867.1,9861.9,9862.6,885
2025-12-29 17:30:00+00:00,9862.9,9867.3,9861.4,9867.1,855
2025-12-29 17:45:00+00:00,9867.3,9874.8,9867.3,9873.8,870
2025-12-29 18:00:00+00:00,9874.0,9876.0,9871.5,9873.3,777
2025-12-29 18:15:00+00:00,9873.0,9877.7,9872.8,9876.0,771
2025-12-29 18:30:00+00:00,9875.8,9881.2,9875.8,9877.8,666
2025-12-29 18:45:00+00:00,9877.5,9879.0,9875.0,9875.8,579
2025-12-29 19:00:00+00:00,9875.5,9876.8,9873.6,9875.6,696
2025-12-29 19:15:00+00:00,9875.8,9877.0,9873.6,9876.1,555
2025-12-29 19:30:00+00:00,9876.3,9880.8,9875.6,9879.3,711
2025-12-29 19:45:00+00:00,9879.1,9881.3,9878.6,9878.8,507
2025-12-29 20:00:00+00:00,9879.1,9884.3,9877.1,9884.1,462
2025-12-29 20:15:00+00:00,9883.8,9884.3,9879.4,9879.6,564
2025-12-29 20:30:00+00:00,9879.4,9881.4,9877.2,9877.9,579
2025-12-29 20:45:00+00:00,9877.7,9880.6,9872.5,9875.4,1008
2025-12-29 21:00:00+00:00,9875.4,9875.7,9872.0,9873.0,480
2025-12-29 21:30:00+00:00,9874.7,9874.8,9873.5,9874.8,111
2025-12-29 21:45:00+00:00,9874.6,9875.3,9874.5,9875.3,177
2025-12-29 23:00:00+00:00,9872.7,9873.1,9871.6,9871.9,369
2025-12-29 23:15:00+00:00,9872.1,9872.4,9868.9,9868.9,495
2025-12-29 23:30:00+00:00,9869.1,9872.9,9869.1,9870.9,609
2025-12-29 23:45:00+00:00,9870.8,9870.8,9869.4,9869.5,417
2025-12-30 00:00:00+00:00,9869.7,9871.2,9869.0,9870.7,504
2025-12-30 00:15:00+00:00,9870.5,9872.4,9870.0,9872.4,354
2025-12-30 00:30:00+00:00,9872.3,9872.7,9870.2,9871.7,423
2025-12-30 00:45:00+00:00,9871.5,9872.9,9869.1,9869.8,420
2025-12-30 01:00:00+00:00,9866.0,9870.7,9862.8,9870.4,2490
2025-12-30 01:15:00+00:00,9870.2,9870.2,9865.8,9868.0,1461
2025-12-30 01:30:00+00:00,9868.0,9868.5,9865.3,9866.8,1650
2025-12-30 01:45:00+00:00,9866.8,9867.6,9864.6,9866.1,1419
2025-12-30 02:00:00+00:00,9866.4,9866.4,9862.6,9863.6,1485
2025-12-30 02:15:00+00:00,9863.8,9865.2,9856.2,9856.2,1347
2025-12-30 02:30:00+00:00,9856.2,9861.0,9855.8,9860.7,1398
2025-12-30 02:45:00+00:00,9860.5,9862.2,9858.9,9862.0,1323
2025-12-30 03:00:00+00:00,9862.0,9865.4,9861.7,9864.7,1116
2025-12-30 03:15:00+00:00,9864.7,9867.3,9864.4,9866.4,1032
2025-12-30 03:30:00+00:00,9866.6,9868.7,9866.4,9867.4,1551
2025-12-30 03:45:00+00:00,9867.4,9873.5,9866.8,9872.7,1419
2025-12-30 04:00:00+00:00,9872.6,9873.9,9871.4,9872.4,1245
2025-12-30 04:15:00+00:00,9872.4,9874.1,9870.7,9872.5,1122
2025-12-30 04:30:00+00:00,9872.5,9874.9,9872.1,9873.4,921
2025-12-30 04:45:00+00:00,9873.2,9873.5,9871.7,9871.9,951
2025-12-30 05:00:00+00:00,9871.7,9872.0,9867.8,9869.2,1053
2025-12-30 05:15:00+00:00,9869.4,9869.8,9864.8,9867.9,1380
2025-12-30 05:30:00+00:00,9867.9,9867.9,9865.7,9866.8,1200
2025-12-30 05:45:00+00:00,9866.8,9870.0,9866.8,9869.8,1104
2025-12-30 06:00:00+00:00,9870.0,9871.7,9865.3,9871.5,222
2025-12-30 06:15:00+00:00,9871.7,9871.7,9866.3,9866.6,282
2025-12-30 06:30:00+00:00,9867.6,9871.8,9866.8,9869.3,342
2025-12-30 06:45:00+00:00,9869.1,9870.3,9869.1,9869.3,186
2025-12-30 07:00:00+00:00,9869.1,9874.0,9867.3,9872.0,405
2025-12-30 07:15:00+00:00,9872.3,9874.3,9868.6,9868.6,357
2025-12-30 07:30:00+00:00,9867.9,9872.1,9867.6,9871.3,372
2025-12-30 07:45:00+00:00,9870.8,9874.1,9863.2,9874.1,816
2025-12-30 08:00:00+00:00,9876.5,9883.5,9860.0,9875.3,3480
2025-12-30 08:15:00+00:00,9874.8,9879.1,9870.9,9870.9,2232
2025-12-30 08:30:00+00:00,9870.6,9879.8,9870.6,9878.1,1689
2025-12-30 08:45:00+00:00,9878.3,9883.1,9875.2,9877.0,1302
2025-12-30 09:00:00+00:00,9876.5,9885.3,9875.1,9885.2,1305
2025-12-30 09:15:00+00:00,9885.0,9885.2,9876.5,9882.6,1233
2025-12-30 09:30:00+00:00,9882.1,9888.5,9881.8,9887.0,921
2025-12-30 09:45:00+00:00,9887.3,9888.3,9882.7,9887.5,948
2025-12-30 10:00:00+00:00,9888.0,9900.9,9888.0,9900.1,1050
2025-12-30 10:15:00+00:00,9900.4,9902.8,9898.7,9900.5,996
2025-12-30 10:30:00+00:00,9900.8,9904.9,9900.0,9904.4,843
2025-12-30 10:45:00+00:00,9904.2,9908.7,9902.5,9906.9,867
2025-12-30 11:00:00+00:00,9907.2,9909.1,9899.6,9901.4,1053
2025-12-30 11:15:00+00:00,9901.1,9901.2,9897.6,9899.3,873
2025-12-30 11:30:00+00:00,9899.5,9912.4,9899.5,9909.8,783
2025-12-30 11:45:00+00:00,9910.0,9912.8,9907.1,9909.6,795
2025-12-30 12:00:00+00:00,9909.8,9909.8,9904.9,9905.4,1176
2025-12-30 12:15:00+00:00,9905.6,9908.0,9902.7,9905.4,900
2025-12-30 12:30:00+00:00,9906.4,9912.6,9906.3,9912.0,897
2025-12-30 12:45:00+00:00,9912.0,9915.9,9910.0,9914.9,999
2025-12-30 13:00:00+00:00,9915.1,9919.2,9912.1,9917.2,1218
2025-12-30 13:15:00+00:00,9916.7,9932.8,9914.5,9931.1,2121
2025-12-30 13:30:00+00:00,9930.6,9933.8,9920.9,9920.9,1383
2025-12-30 13:45:00+00:00,9920.9,9922.0,9916.4,9917.1,1071
2025-12-30 14:00:00+00:00,9917.4,9923.7,9916.6,9922.2,888
2025-12-30 14:15:00+00:00,9922.0,9925.5,9919.3,9924.6,1230
2025-12-30 14:30:00+00:00,9924.4,9931.3,9922.0,9926.1,3246
2025-12-30 14:45:00+00:00,9925.8,9930.2,9922.3,9923.6,2373
2025-12-30 15:00:00+00:00,9923.9,9932.0,9923.4,9929.4,2127
2025-12-30 15:15:00+00:00,9929.7,9941.3,9929.4,9939.0,1713
2025-12-30 15:30:00+00:00,9939.3,9947.0,9938.3,9946.0,1848
2025-12-30 15:45:00+00:00,9945.7,9949.5,9943.0,9944.6,2238
2025-12-30 16:00:00+00:00,9944.4,9948.5,9940.4,9948.5,1533
2025-12-30 16:15:00+00:00,9948.3,9956.0,9945.9,9952.0,2088
2025-12-30 16:30:00+00:00,9951.8,9951.8,9938.4,9943.4,2778
2025-12-30 16:45:00+00:00,9943.6,9944.6,9935.7,9939.5,969
2025-12-30 17:00:00+00:00,9939.9,9941.9,9937.7,9940.9,849
2025-12-30 17:15:00+00:00,9941.2,9944.9,9940.2,9943.4,696
2025-12-30 17:30:00+00:00,9943.2,9944.9,9941.4,9942.9,567
2025-12-30 17:45:00+00:00,9942.7,9946.9,9940.7,9944.4,624
2025-12-30 18:00:00+00:00,9944.9,9946.9,9942.5,9946.7,627
2025-12-30 18:15:00+00:00,9946.4,9950.4,9945.9,9947.4,723
2025-12-30 18:30:00+00:00,9947.2,9949.4,9945.5,9946.5,630
2025-12-30 18:45:00+00:00,9946.2,9948.2,9941.3,9944.2,561
2025-12-30 19:00:00+00:00,9944.7,9944.7,9940.3,9943.0,645
2025-12-30 19:15:00+00:00,9942.8,9944.3,9938.1,9944.0,537
2025-12-30 19:30:00+00:00,9944.3,9947.0,9943.5,9944.8,519
2025-12-30 19:45:00+00:00,9944.3,9946.0,9941.6,9944.0,684
2025-12-30 20:00:00+00:00,9943.5,9945.6,9940.4,9944.4,891
2025-12-30 20:15:00+00:00,9944.1,9949.1,9943.9,9947.1,597
2025-12-30 20:30:00+00:00,9946.9,9949.6,9946.1,9949.1,642
2025-12-30 20:45:00+00:00,9948.9,9952.1,9942.2,9943.4,1434
2025-12-30 21:00:00+00:00,9943.0,9945.0,9941.3,9944.0,702
2025-12-30 21:30:00+00:00,9944.0,9944.8,9943.3,9944.5,138
2025-12-30 21:45:00+00:00,9944.3,9944.8,9943.6,9944.0,198
2025-12-30 23:00:00+00:00,9947.7,9948.8,9943.1,9943.8,474
2025-12-30 23:15:00+00:00,9943.6,9944.8,9942.8,9943.8,462
2025-12-30 23:30:00+00:00,9943.6,9944.6,9940.1,9943.3,417
2025-12-30 23:45:00+00:00,9943.1,9943.6,9941.8,9943.3,237
2025-12-31 00:00:00+00:00,9943.1,9943.2,9938.8,9941.1,585
2025-12-31 00:15:00+00:00,9941.2,9942.3,9940.3,9941.8,414
2025-12-31 00:30:00+00:00,9941.7,9941.7,9938.8,9939.3,387
2025-12-31 00:45:00+00:00,9939.2,9939.8,9933.3,9939.5,930
2025-12-31 01:00:00+00:00,9939.5,9939.9,9922.3,9926.2,2883
2025-12-31 01:15:00+00:00,9926.2,9928.8,9924.5,9925.2,1908
2025-12-31 01:30:00+00:00,9925.2,9929.3,9925.1,9928.3,1692
2025-12-31 01:45:00+00:00,9928.2,9930.8,9925.2,9928.6,1419
2025-12-31 02:00:00+00:00,9928.2,9928.5,9925.6,9925.7,1311
2025-12-31 02:15:00+00:00,9925.7,9926.1,9924.5,9926.0,1305
2025-12-31 02:30:00+00:00,9926.1,9926.6,9925.7,9926.0,1293
2025-12-31 02:45:00+00:00,9926.0,9929.1,9925.1,9929.0,1635
2025-12-31 03:00:00+00:00,9929.0,9931.7,9928.9,9931.7,957
2025-12-31 03:15:00+00:00,9931.5,9931.6,9928.9,9929.7,1098
2025-12-31 03:30:00+00:00,9929.3,9929.3,9928.5,9929.2,1107
2025-12-31 03:45:00+00:00,9928.8,9930.7,9928.3,9930.5,822
2025-12-31 04:00:00+00:00,9930.6,9931.7,9930.4,9931.7,837
2025-12-31 04:15:00+00:00,9931.5,9934.0,9931.3,9933.6,879
2025-12-31 04:30:00+00:00,9933.6,9938.6,9933.5,9938.5,840
2025-12-31 04:45:00+00:00,9938.5,9938.5,9937.7,9937.7,786
2025-12-31 05:00:00+00:00,9937.8,9938.1,9935.4,9936.2,903
2025-12-31 05:15:00+00:00,9936.2,9936.6,9934.6,9935.0,1014
2025-12-31 05:30:00+00:00,9934.8,9935.2,9933.6,9935.0,1131
2025-12-31 05:45:00+00:00,9934.8,9937.1,9930.4,9930.8,1221
2025-12-31 06:00:00+00:00,9930.5,9932.0,9928.0,9932.0,231
2025-12-31 06:15:00+00:00,9931.5,9932.3,9927.8,9932.0,237
2025-12-31 06:30:00+00:00,9931.5,9931.5,9927.3,9928.1,198
2025-12-31 06:45:00+00:00,9928.3,9937.0,9928.1,9933.5,126
2025-12-31 07:00:00+00:00,9933.8,9935.5,9927.5,9935.0,252
2025-12-31 07:15:00+00:00,9934.5,9953.5,9934.5,9948.8,306
2025-12-31 07:30:00+00:00,9948.5,9958.5,9946.5,9957.0,297
2025-12-31 07:45:00+00:00,9956.5,9961.0,9945.8,9948.5,498
2025-12-31 08:00:00+00:00,9949.0,9957.5,9939.5,9947.3,2193
2025-12-31 08:15:00+00:00,9947.5,9949.5,9927.5,9929.3,1125
2025-12-31 08:30:00+00:00,9929.5,9930.3,9914.0,9922.3,1491
2025-12-31 08:45:00+00:00,9922.5,9934.8,9920.3,9931.5,1437
2025-12-31 09:00:00+00:00,9931.8,9938.8,9925.0,9932.8,1149
2025-12-31 09:15:00+00:00,9933.3,9940.5,9931.5,9937.3,972
2025-12-31 09:30:00+00:00,9937.0,9944.0,9936.3,9941.5,609
2025-12-31 09:45:00+00:00,9941.0,9941.0,9929.8,9934.8,498
2025-12-31 10:00:00+00:00,9935.0,9935.0,9928.0,9928.5,396
2025-12-31 10:15:00+00:00,9929.0,9931.5,9927.0,9927.0,198
2025-12-31 10:30:00+00:00,9927.3,9930.0,9925.5,9929.0,381
2025-12-31 10:45:00+00:00,9928.0,9928.0,9918.0,9919.3,426
2025-12-31 11:00:00+00:00,9918.8,9922.3,9915.5,9918.0,597
2025-12-31 11:15:00+00:00,9918.3,9918.8,9914.5,9915.5,225
2025-12-31 11:30:00+00:00,9915.3,9919.0,9914.3,9915.0,321
2025-12-31 11:45:00+00:00,9915.3,9921.0,9915.0,9921.0,453
2025-12-31 12:00:00+00:00,9920.8,9936.5,9917.5,9936.5,594
2025-12-31 12:15:00+00:00,9936.0,9936.5,9914.8,9920.0,1509
2025-12-31 12:30:00+00:00,9920.5,9955.5,9919.0,9948.5,2607
2025-12-31 12:45:00+00:00,9948.3,9955.8,9948.3,9951.3,504
2026-01-02 01:00:00+00:00,9915.1,9935.6,9897.7,9931.9,2853
2026-01-02 01:15:00+00:00,9932.1,9937.6,9927.7,9929.3,2397
2026-01-02 01:30:00+00:00,9929.3,9934.9,9929.1,9934.1,1947
2026-01-02 01:45:00+00:00,9934.1,9934.2,9927.3,9929.6,1854
2026-01-02 02:00:00+00:00,9929.6,9937.5,9929.6,9936.2,1704
2026-01-02 02:15:00+00:00,9936.2,9943.7,9931.4,9943.3,1923
2026-01-02 02:30:00+00:00,9943.3,9943.5,9939.4,9942.0,1524
2026-01-02 02:45:00+00:00,9942.1,9942.9,9941.1,9942.9,1260
2026-01-02 03:00:00+00:00,9942.8,9945.7,9941.1,9944.6,1356
2026-01-02 03:15:00+00:00,9944.6,9945.4,9943.5,9944.9,1041
2026-01-02 03:30:00+00:00,9945.3,9948.9,9943.8,9948.3,1518
2026-01-02 03:45:00+00:00,9948.7,9950.3,9948.1,9950.1,1332
2026-01-02 04:00:00+00:00,9950.0,9954.3,9948.2,9953.2,1179
2026-01-02 04:15:00+00:00,9953.2,9953.9,9951.9,9953.6,1026
2026-01-02 04:30:00+00:00,9953.6,9955.4,9953.0,9953.7,1110
2026-01-02 04:45:00+00:00,9954.1,9954.6,9952.3,9953.6,843
2026-01-02 05:00:00+00:00,9953.7,9954.7,9952.3,9952.9,1239
2026-01-02 05:15:00+00:00,9952.9,9954.7,9952.8,9953.6,909
2026-01-02 05:30:00+00:00,9953.4,9953.7,9952.4,9953.1,660
2026-01-02 05:45:00+00:00,9953.1,9954.4,9952.1,9952.6,741
2026-01-02 06:00:00+00:00,9952.9,9955.6,9950.9,9952.6,225
2026-01-02 06:15:00+00:00,9952.9,9953.1,9950.6,9950.6,210
2026-01-02 06:30:00+00:00,9950.9,9952.1,9948.9,9948.9,285
2026-01-02 06:45:00+00:00,9949.1,9949.1,9941.6,9941.6,240
2026-01-02 07:00:00+00:00,9943.1,9947.9,9940.1,9941.4,612
2026-01-02 07:15:00+00:00,9941.6,9945.9,9937.4,9945.9,648
2026-01-02 07:30:00+00:00,9946.6,9951.1,9945.9,9949.6,738
2026-01-02 07:45:00+00:00,9949.9,9950.6,9941.1,9944.9,807
2026-01-02 08:00:00+00:00,9945.1,9979.1,9926.6,9969.6,4962
2026-01-02 08:15:00+00:00,9970.6,10011.0,9965.9,10009.3,3006
2026-01-02 08:30:00+00:00,10009.8,10026.5,10004.3,10024.0,3501
2026-01-02 08:45:00+00:00,10024.5,10044.8,10017.0,10043.3,3162
2026-01-02 09:00:00+00:00,10043.5,10049.8,10028.6,10035.6,3429
2026-01-02 09:15:00+00:00,10037.3,10038.0,10010.6,10011.4,2982
2026-01-02 09:30:00+00:00,10011.2,10011.2,9992.1,9999.0,2682
2026-01-02 09:45:00+00:00,9999.0,10000.2,9987.3,9995.2,2235
2026-01-02 10:00:00+00:00,9996.0,9996.0,9981.7,9985.0,2229
2026-01-02 10:15:00+00:00,9985.5,9986.4,9979.5,9980.5,1623
2026-01-02 10:30:00+00:00,9980.8,9981.3,9966.4,9966.4,1371
2026-01-02 10:45:00+00:00,9966.5,9973.5,9965.0,9972.8,1179
2026-01-02 11:00:00+00:00,9973.3,9976.7,9970.7,9974.6,1059
2026-01-02 11:15:00+00:00,9974.1,9983.2,9968.4,9982.9,1152
2026-01-02 11:30:00+00:00,9983.4,9984.9,9975.3,9978.8,1119
2026-01-02 11:45:00+00:00,9979.1,9985.0,9978.8,9984.0,945
2026-01-02 12:00:00+00:00,9984.5,9989.2,9978.8,9988.6,1548
2026-01-02 12:15:00+00:00,9988.6,9989.1,9975.0,9976.1,1293
2026-01-02 12:30:00+00:00,9976.1,9976.1,9967.7,9972.6,1116
2026-01-02 12:45:00+00:00,9971.6,9977.2,9971.1,9972.2,855
2026-01-02 13:00:00+00:00,9971.9,9975.0,9964.0,9965.0,1131
2026-01-02 13:15:00+00:00,9964.7,9970.3,9962.2,9969.8,1401
2026-01-02 13:30:00+00:00,9969.6,9980.5,9966.3,9980.5,1581
2026-01-02 13:45:00+00:00,9980.7,9987.3,9977.1,9986.8,1602
2026-01-02 14:00:00+00:00,9987.0,9993.8,9977.6,9993.3,1731
2026-01-02 14:15:00+00:00,9993.1,9996.5,9987.8,9988.6,1368
2026-01-02 14:30:00+00:00,9988.8,9988.8,9968.4,9978.0,5973
2026-01-02 14:45:00+00:00,9977.8,9977.8,9957.1,9957.1,3585
2026-01-02 15:00:00+00:00,9956.9,9964.1,9952.6,9956.1,4239
2026-01-02 15:15:00+00:00,9955.9,9967.6,9950.4,9967.1,5469
2026-01-02 15:30:00+00:00,9967.4,9971.5,9962.6,9965.0,4248
2026-01-02 15:45:00+00:00,9965.2,9978.6,9961.1,9969.2,4848
2026-01-02 16:00:00+00:00,9969.4,9969.4,9951.7,9958.2,5895
2026-01-02 16:15:00+00:00,9957.9,9964.7,9950.5,9955.2,4212
2026-01-02 16:30:00+00:00,9955.7,9959.1,9946.0,9950.7,4764
2026-01-02 16:45:00+00:00,9950.5,9963.6,9944.8,9962.9,4584
2026-01-02 17:00:00+00:00,9963.1,9970.5,9958.4,9969.5,3276
2026-01-02 17:15:00+00:00,9969.3,9972.5,9966.1,9969.5,2709
2026-01-02 17:30:00+00:00,9969.8,9972.0,9962.4,9966.3,2745
2026-01-02 17:45:00+00:00,9966.6,9968.1,9959.2,9964.6,2592
2026-01-02 18:00:00+00:00,9964.4,9964.6,9951.0,9951.3,2073
2026-01-02 18:15:00+00:00,9951.0,9962.9,9950.0,9958.2,1941
2026-01-02 18:30:00+00:00,9958.0,9961.7,9956.7,9960.9,1707
2026-01-02 18:45:00+00:00,9961.2,9967.4,9957.0,9966.2,2421
2026-01-02 19:00:00+00:00,9966.4,9982.3,9965.2,9981.5,2427
2026-01-02 19:15:00+00:00,9981.3,9988.7,9978.3,9988.5,2364
2026-01-02 19:30:00+00:00,9988.2,9994.4,9987.7,9992.9,2052
2026-01-02 19:45:00+00:00,9992.7,9997.2,9991.0,9995.7,1680
2026-01-02 20:00:00+00:00,9995.4,9997.4,9990.3,9991.1,1551
2026-01-02 20:15:00+00:00,9990.8,9994.8,9988.6,9990.6,1353
2026-01-02 20:30:00+00:00,9990.3,9992.6,9987.4,9987.9,1116
2026-01-02 20:45:00+00:00,9987.6,9998.8,9982.9,9997.8,1926
2026-01-04 23:00:00+00:00,10004.6,10004.7,9994.4,9997.3,1125
2026-01-04 23:15:00+00:00,9997.4,10003.3,9997.0,10001.9,1182
2026-01-04 23:30:00+00:00,10001.8,10001.9,9996.6,9996.8,1593
2026-01-04 23:45:00+00:00,9997.1,10001.4,9994.3,10000.9,1878
2026-01-05 00:00:00+00:00,10001.1,10003.5,9997.3,9998.6,2406
2026-01-05 00:15:00+00:00,9998.7,10004.2,9998.3,10002.6,1338
2026-01-05 00:30:00+00:00,10002.9,10003.2,9996.3,9999.1,1386
2026-01-05 00:45:00+00:00,9999.0,10002.4,9998.8,10001.9,1116
2026-01-05 01:00:00+00:00,10012.0,10012.0,10001.6,10009.8,4860
2026-01-05 01:15:00+00:00,10010.2,10015.2,10008.1,10015.1,3057
2026-01-05 01:30:00+00:00,10015.2,10022.2,10015.1,10020.0,2787
2026-01-05 01:45:00+00:00,10019.4,10021.3,10015.5,10016.0,3051
2026-01-05 02:00:00+00:00,10016.0,10018.3,10014.0,10015.0,2016
2026-01-05 02:15:00+00:00,10015.0,10017.8,10010.4,10012.0,1854
2026-01-05 02:30:00+00:00,10012.2,10016.7,10011.9,10014.8,1965
2026-01-05 02:45:00+00:00,10014.6,10017.0,10013.2,10014.1,1668
2026-01-05 03:00:00+00:00,10014.1,10015.5,10011.5,10012.0,1308
2026-01-05 03:15:00+00:00,10012.4,10013.2,10010.4,10012.0,1377
2026-01-05 03:30:00+00:00,10011.9,10016.5,10011.0,10014.8,1641
2026-01-05 03:45:00+00:00,10014.5,10016.7,10013.4,10015.2,1215
2026-01-05 04:00:00+00:00,10015.2,10018.1,10015.0,10018.0,978
2026-01-05 04:15:00+00:00,10017.9,10019.1,10016.0,10017.5,1356
2026-01-05 04:30:00+00:00,10017.5,10019.1,10016.6,10018.1,1158
2026-01-05 04:45:00+00:00,10018.1,10018.8,10015.2,10015.3,1125
2026-01-05 05:00:00+00:00,10015.3,10017.2,10013.5,10016.5,1794
2026-01-05 05:15:00+00:00,10016.5,10017.3,10013.9,10016.5,1539
2026-01-05 05:30:00+00:00,10016.6,10019.0,10015.5,10019.0,1245
2026-01-05 05:45:00+00:00,10019.2,10020.0,10015.3,10015.5,1335
2026-01-05 06:00:00+00:00,10015.5,10018.5,10014.8,10018.5,285
2026-01-05 06:15:00+00:00,10018.8,10019.5,10007.3,10007.3,381
2026-01-05 06:30:00+00:00,10006.5,10012.3,10006.0,10012.3,456
2026-01-05 06:45:00+00:00,10012.0,10013.5,10009.3,10013.3,498
2026-01-05 07:00:00+00:00,10012.8,10021.3,10009.8,10016.5,1008
2026-01-05 07:15:00+00:00,10016.3,10017.8,10010.5,10011.5,660
2026-01-05 07:30:00+00:00,10011.3,10015.8,10007.3,10009.0,819
2026-01-05 07:45:00+00:00,10008.8,10023.5,10002.0,10020.5,1419
2026-01-05 08:00:00+00:00,10016.5,10021.3,9962.5,9987.5,8199
2026-01-05 08:15:00+00:00,9987.3,9995.3,9974.0,9983.8,5163
2026-01-05 08:30:00+00:00,9984.0,9987.0,9973.3,9976.1,4545
2026-01-05 08:45:00+00:00,9975.6,9980.1,9967.1,9972.0,3651
2026-01-05 09:00:00+00:00,9972.3,9978.1,9964.5,9977.1,3501
2026-01-05 09:15:00+00:00,9977.6,9984.0,9969.9,9974.9,2385
2026-01-05 09:30:00+00:00,9974.4,9984.3,9965.2,9983.8,2712
2026-01-05 09:45:00+00:00,9984.3,9988.4,9981.5,9982.0,2307
2026-01-05 10:00:00+00:00,9981.8,9982.0,9968.6,9970.5,2421
2026-01-05 10:15:00+00:00,9971.0,9975.7,9959.2,9960.4,2070
2026-01-05 10:30:00+00:00,9959.9,9966.4,9958.8,9961.7,2334
2026-01-05 10:45:00+00:00,9961.5,9966.6,9955.4,9966.1,1908
2026-01-05 11:00:00+00:00,9966.1,9974.1,9966.1,9970.2,1932
2026-01-05 11:15:00+00:00,9969.7,9972.3,9963.0,9968.7,1752
2026-01-05 11:30:00+00:00,9968.9,9970.4,9959.5,9964.0,1767
2026-01-05 11:45:00+00:00,9963.7,9969.5,9959.8,9966.2,1578
2026-01-05 12:00:00+00:00,9966.5,9975.9,9962.1,9964.6,1848
2026-01-05 12:15:00+00:00,9965.1,9967.4,9960.5,9966.2,1512
2026-01-05 12:30:00+00:00,9965.9,9976.6,9963.5,9967.9,1734
2026-01-05 12:45:00+00:00,9968.2,9977.1,9963.4,9976.7,1527
2026-01-05 13:00:00+00:00,9977.0,9979.9,9972.0,9978.8,1857
2026-01-05 13:15:00+00:00,9978.8,9984.5,9975.7,9981.3,1491
2026-01-05 13:30:00+00:00,9981.8,9985.0,9978.3,9984.0,1851
2026-01-05 13:45:00+00:00,9984.7,9989.6,9974.1,9974.7,1821
2026-01-05 14:00:00+00:00,9974.3,9982.7,9970.4,9982.4,2334
2026-01-05 14:15:00+00:00,9982.7,9989.1,9976.4,9987.9,2352
2026-01-05 14:30:00+00:00,9987.7,9998.2,9980.9,9983.0,7344
2026-01-05 14:45:00+00:00,9983.2,9987.1,9963.8,9965.9,5256
2026-01-05 15:00:00+00:00,9965.7,9968.4,9959.3,9965.4,5070
2026-01-05 15:15:00+00:00,9965.4,9971.9,9957.9,9966.4,4494
2026-01-05 15:30:00+00:00,9966.7,9982.4,9959.6,9980.9,4830
2026-01-05 15:45:00+00:00,9981.2,10000.7,9980.4,9999.0,3255
2026-01-05 16:00:00+00:00,9999.3,10004.8,9994.3,10003.3,2742
2026-01-05 16:15:00+00:00,10003.8,10009.5,10001.8,10008.5,2544
2026-01-05 16:30:00+00:00,10009.0,10011.0,10000.1,10009.7,3405
2026-01-05 16:45:00+00:00,10009.5,10016.9,10006.8,10013.5,1704
2026-01-05 17:00:00+00:00,10013.7,10021.6,10013.0,10020.9,1653
2026-01-05 17:15:00+00:00,10020.7,10021.4,10014.0,10016.2,1449
2026-01-05 17:30:00+00:00,10016.0,10024.1,10015.0,10022.9,1194
2026-01-05 17:45:00+00:00,10022.7,10023.9,10018.0,10023.2,1164
2026-01-05 18:00:00+00:00,10023.4,10026.9,10020.9,10026.4,960
2026-01-05 18:15:00+00:00,10025.9,10026.2,10019.7,10023.4,1284
2026-01-05 18:30:00+00:00,10023.7,10025.2,10021.5,10023.9,654
2026-01-05 18:45:00+00:00,10024.4,10025.9,10022.5,10024.2,639
2026-01-05 19:00:00+00:00,10024.0,10026.7,10024.0,10026.5,876
2026-01-05 19:15:00+00:00,10026.2,10028.9,10024.2,10027.7,696
2026-01-05 19:30:00+00:00,10028.0,10030.4,10024.5,10028.0,897
2026-01-05 19:45:00+00:00,10027.7,10030.4,10025.2,10026.7,978
2026-01-05 20:00:00+00:00,10026.5,10030.0,10024.5,10028.0,843
2026-01-05 20:15:00+00:00,10028.2,10028.2,10024.0,10027.8,807
2026-01-05 20:30:00+00:00,10027.5,10028.0,10021.1,10021.6,711
2026-01-05 20:45:00+00:00,10021.3,10028.8,10018.9,10027.5,1227
2026-01-05 21:00:00+00:00,10026.8,10027.4,10024.0,10025.7,498
2026-01-05 21:30:00+00:00,10027.4,10027.7,10024.9,10025.0,105
2026-01-05 21:45:00+00:00,10025.2,10025.5,10024.7,10025.0,168
2026-01-05 23:00:00+00:00,10028.0,10029.0,10027.0,10027.8,438
2026-01-05 23:15:00+00:00,10027.5,10027.8,10025.5,10027.4,498
2026-01-05 23:30:00+00:00,10027.5,10027.5,10022.8,10024.1,756
2026-01-05 23:45:00+00:00,10024.2,10024.6,10022.8,10023.1,585
2026-01-06 00:00:00+00:00,10023.3,10026.1,10021.8,10022.1,1293
2026-01-06 00:15:00+00:00,10022.3,10024.8,10021.9,10024.7,558
2026-01-06 00:30:00+00:00,10024.8,10025.1,10020.8,10022.1,489
2026-01-06 00:45:00+00:00,10022.3,10023.1,10021.9,10023.1,399
2026-01-06 01:00:00+00:00,10025.3,10030.4,10023.6,10029.9,2151
2026-01-06 01:15:00+00:00,10029.7,10035.1,10029.7,10034.7,2283
2026-01-06 01:30:00+00:00,10034.4,10034.8,10030.9,10033.6,1881
2026-01-06 01:45:00+00:00,10033.7,10039.6,10033.7,10039.1,1608
2026-01-06 02:00:00+00:00,10039.1,10040.9,10038.2,10040.1,1398
2026-01-06 02:15:00+00:00,10040.1,10043.9,10039.8,10043.8,1167
2026-01-06 02:30:00+00:00,10043.8,10044.1,10040.4,10041.3,1263
2026-01-06 02:45:00+00:00,10041.4,10042.8,10040.2,10042.6,1173
2026-01-06 03:00:00+00:00,10042.9,10042.9,10041.2,10042.6,1032
2026-01-06 03:15:00+00:00,10042.5,10044.6,10042.4,10044.1,1014
2026-01-06 03:30:00+00:00,10044.2,10046.3,10043.9,10045.8,1380
2026-01-06 03:45:00+00:00,10045.9,10045.9,10042.9,10044.7,1002
2026-01-06 04:00:00+00:00,10044.7,10046.8,10042.5,10042.9,1353
2026-01-06 04:15:00+00:00,10042.9,10045.1,10042.6,10045.1,1053
2026-01-06 04:30:00+00:00,10045.2,10045.8,10042.8,10044.4,1167
2026-01-06 04:45:00+00:00,10044.1,10047.8,10043.5,10047.0,1185
2026-01-06 05:00:00+00:00,10046.8,10048.1,10045.9,10047.4,1230
2026-01-06 05:15:00+00:00,10047.1,10047.9,10045.5,10045.9,1002
2026-01-06 05:30:00+00:00,10045.7,10046.3,10043.3,10043.9,1023
2026-01-06 05:45:00+00:00,10043.9,10046.5,10042.9,10045.9,1125
2026-01-06 06:00:00+00:00,10045.7,10045.7,10042.5,10042.5,222
2026-01-06 06:15:00+00:00,10042.8,10044.3,10042.5,10044.0,183
2026-01-06 06:30:00+00:00,10044.3,10049.0,10044.0,10049.0,231
2026-01-06 06:45:00+00:00,10048.7,10050.7,10047.5,10048.0,186
2026-01-06 07:00:00+00:00,10048.6,10048.6,10037.9,10044.9,456
2026-01-06 07:15:00+00:00,10044.6,10047.4,10042.4,10043.4,288
2026-01-06 07:30:00+00:00,10043.1,10044.9,10034.5,10035.7,342
2026-01-06 07:45:00+00:00,10036.0,10047.9,10034.0,10045.4,933
2026-01-06 08:00:00+00:00,10045.9,10058.7,10040.9,10048.9,6075
2026-01-06 08:15:00+00:00,10048.6,10062.6,10048.4,10057.3,3918
2026-01-06 08:30:00+00:00,10057.6,10064.6,10051.7,10063.1,2970
2026-01-06 08:45:00+00:00,10062.9,10066.3,10058.1,10061.0,2241
2026-01-06 09:00:00+00:00,10060.7,10068.3,10056.3,10062.2,2556
2026-01-06 09:15:00+00:00,10061.9,10065.1,10053.9,10056.1,2187
2026-01-06 09:30:00+00:00,10056.6,10064.4,10052.7,10063.2,2121
2026-01-06 09:45:00+00:00,10062.9,10063.9,10043.2,10044.4,2937
2026-01-06 10:00:00+00:00,10044.7,10063.2,10044.4,10062.4,2181
2026-01-06 10:15:00+00:00,10062.4,10063.1,10050.8,10052.5,1590
2026-01-06 10:30:00+00:00,10052.8,10059.3,10052.8,10057.5,1488
2026-01-06 10:45:00+00:00,10057.2,10063.1,10052.4,10062.1,1296
2026-01-06 11:00:00+00:00,10061.9,10076.3,10061.9,10071.9,1269
2026-01-06 11:15:00+00:00,10072.2,10077.4,10069.3,10077.2,1116
2026-01-06 11:30:00+00:00,10077.4,10078.6,10068.8,10069.4,1362
2026-01-06 11:45:00+00:00,10069.9,10074.3,10068.9,10071.6,1125
2026-01-06 12:00:00+00:00,10071.9,10077.6,10071.6,10073.7,1272
2026-01-06 12:15:00+00:00,10073.9,10074.9,10066.2,10073.0,1119
2026-01-06 12:30:00+00:00,10072.5,10083.2,10072.5,10081.5,1464
2026-01-06 12:45:00+00:00,10081.0,10091.4,10081.0,10085.7,1374
2026-01-06 13:00:00+00:00,10087.7,10114.9,10086.7,10112.9,3252
2026-01-06 13:15:00+00:00,10113.1,10114.6,10101.6,10108.2,2292
2026-01-06 13:30:00+00:00,10108.5,10113.8,10106.0,10110.4,1884
2026-01-06 13:45:00+00:00,10110.2,10114.6,10106.6,10113.1,1941
2026-01-06 14:00:00+00:00,10113.6,10118.7,10104.5,10115.0,1911
2026-01-06 14:15:00+00:00,10115.5,10127.5,10115.4,10119.3,2331
2026-01-06 14:30:00+00:00,10119.0,10136.3,10117.4,10135.6,6417
2026-01-06 14:45:00+00:00,10134.6,10136.4,10113.5,10118.6,4980
2026-01-06 15:00:00+00:00,10119.1,10128.5,10116.8,10123.8,4482
2026-01-06 15:15:00+00:00,10124.3,10136.6,10118.8,10133.2,3930
2026-01-06 15:30:00+00:00,10132.9,10152.9,10131.2,10151.9,3861
2026-01-06 15:45:00+00:00,10151.7,10158.9,10145.0,10150.7,3681
2026-01-06 16:00:00+00:00,10150.4,10154.7,10139.7,10145.6,3900
2026-01-06 16:15:00+00:00,10145.8,10151.0,10129.8,10131.5,3246
2026-01-06 16:30:00+00:00,10131.0,10136.2,10116.9,10118.2,4422
2026-01-06 16:45:00+00:00,10118.4,10120.4,10109.0,10110.8,1782
2026-01-06 17:00:00+00:00,10111.0,10122.6,10109.5,10119.0,1221
2026-01-06 17:15:00+00:00,10118.7,10121.9,10114.5,10114.5,954
2026-01-06 17:30:00+00:00,10114.8,10117.5,10112.3,10113.5,942
2026-01-06 17:45:00+00:00,10113.8,10118.7,10112.5,10115.5,672
2026-01-06 18:00:00+00:00,10116.0,10122.7,10112.6,10120.5,759
2026-01-06 18:15:00+00:00,10120.0,10120.0,10113.3,10114.6,639
2026-01-06 18:30:00+00:00,10114.3,10115.3,10110.6,10111.4,822
2026-01-06 18:45:00+00:00,10111.6,10117.8,10110.6,10117.3,639
2026-01-06 19:00:00+00:00,10117.6,10126.2,10117.6,10125.7,693
2026-01-06 19:15:00+00:00,10126.0,10126.5,10122.3,10123.8,561
2026-01-06 19:30:00+00:00,10123.5,10124.3,10116.6,10119.1,705
2026-01-06 19:45:00+00:00,10118.8,10119.6,10114.6,10116.4,651
2026-01-06 20:00:00+00:00,10116.1,10119.4,10115.6,10117.4,483
2026-01-06 20:15:00+00:00,10117.6,10117.6,10113.7,10114.9,546
2026-01-06 20:30:00+00:00,10114.7,10115.9,10111.9,10112.4,654
2026-01-06 20:45:00+00:00,10112.2,10112.4,10104.3,10106.8,1320
2026-01-06 21:00:00+00:00,10107.3,10109.3,10106.8,10107.3,669
2026-01-06 21:30:00+00:00,10105.9,10107.2,10105.4,10106.6,105
2026-01-06 21:45:00+00:00,10106.4,10107.4,10106.4,10106.9,42
2026-01-06 23:00:00+00:00,10108.6,10108.7,10106.5,10107.0,270
2026-01-06 23:15:00+00:00,10107.2,10107.5,10105.5,10106.5,306
2026-01-06 23:30:00+00:00,10106.2,10106.5,10104.7,10105.0,297
2026-01-06 23:45:00+00:00,10105.2,10106.7,10105.0,10105.2,537
2026-01-07 00:00:00+00:00,10105.5,10110.3,10104.7,10109.0,1155
2026-01-07 00:15:00+00:00,10109.3,10109.8,10108.3,10109.5,390
2026-01-07 00:30:00+00:00,10109.3,10109.5,10107.3,10108.0,606
2026-01-07 00:45:00+00:00,10107.8,10110.8,10107.8,10109.5,360
2026-01-07 01:00:00+00:00,10110.2,10111.2,10104.1,10110.5,2724
2026-01-07 01:15:00+00:00,10110.4,10110.4,10106.3,10108.6,2007
2026-01-07 01:30:00+00:00,10109.0,10110.2,10104.0,10104.3,1950
2026-01-07 01:45:00+00:00,10104.3,10107.6,10103.3,10106.6,1869
2026-01-07 02:00:00+00:00,10106.5,10108.3,10104.6,10108.1,584
2026-01-07 02:15:00+00:00,10108.1,10110.5,10107.8,10109.8,412
2026-01-07 02:30:00+00:00,10109.7,10110.5,10108.8,10109.1,424
2026-01-07 02:45:00+00:00,10109.1,10109.5,10107.6,10109.4,331
2026-01-07 03:00:00+00:00,10109.4,10111.8,10109.3,10111.6,840
2026-01-07 03:15:00+00:00,10111.7,10115.1,10111.6,10114.1,1296
2026-01-07 03:30:00+00:00,10114.3,10114.3,10110.5,10112.8,1098
2026-01-07 03:45:00+00:00,10112.9,10115.1,10111.3,10112.2,1473
2026-01-07 04:00:00+00:00,10112.1,10112.4,10108.0,10111.9,1737
2026-01-07 04:15:00+00:00,10111.9,10112.8,10110.3,10111.7,1314
2026-01-07 04:30:00+00:00,10112.1,10116.0,10112.0,10115.7,1089
2026-01-07 04:45:00+00:00,10115.9,10116.6,10114.0,10114.7,1164
2026-01-07 05:00:00+00:00,10114.5,10114.5,10110.6,10111.7,1644
2026-01-07 05:15:00+00:00,10112.1,10113.4,10111.4,10111.5,1101
2026-01-07 05:30:00+00:00,10111.5,10112.1,10108.6,10109.5,1212
2026-01-07 05:45:00+00:00,10109.5,10109.5,10104.3,10105.8,1431
2026-01-07 06:00:00+00:00,10106.3,10112.3,10106.3,10112.0,438
2026-01-07 06:15:00+00:00,10112.3,10113.8,10110.8,10111.3,339
2026-01-07 06:30:00+00:00,10111.0,10112.0,10106.8,10107.8,225
2026-01-07 06:45:00+00:00,10107.8,10109.3,10107.3,10107.6,240
2026-01-07 07:00:00+00:00,10107.3,10109.6,10098.9,10100.9,633
2026-01-07 07:15:00+00:00,10100.4,10105.4,10099.9,10103.9,417
2026-01-07 07:30:00+00:00,10104.4,10107.9,10102.4,10103.7,678
2026-01-07 07:45:00+00:00,10103.9,10108.9,10100.2,10104.2,783
2026-01-07 08:00:00+00:00,10103.2,10108.0,10093.1,10095.0,6228
2026-01-07 08:15:00+00:00,10094.8,10097.0,10083.5,10083.5,3153
2026-01-07 08:30:00+00:00,10083.1,10086.9,10072.8,10072.8,2865
2026-01-07 08:45:00+00:00,10072.6,10080.8,10071.3,10073.7,2550
2026-01-07 09:00:00+00:00,10073.2,10074.2,10063.9,10067.7,2856
2026-01-07 09:15:00+00:00,10068.2,10078.9,10066.1,10073.2,2097
2026-01-07 09:30:00+00:00,10072.9,10076.2,10067.0,10069.8,2166
2026-01-07 09:45:00+00:00,10069.5,10077.0,10063.4,10073.3,1914
2026-01-07 10:00:00+00:00,10073.3,10075.8,10066.8,10069.7,2391
2026-01-07 10:15:00+00:00,10069.5,10075.2,10057.9,10058.4,2355
2026-01-07 10:30:00+00:00,10057.9,10057.9,10048.7,10055.8,2418
2026-01-07 10:45:00+00:00,10055.6,10065.5,10055.1,10061.5,1950
2026-01-07 11:00:00+00:00,10062.2,10066.6,10057.8,10063.4,1743
2026-01-07 11:15:00+00:00,10063.1,10070.3,10061.1,10067.7,1512
2026-01-07 11:30:00+00:00,10067.4,10070.6,10059.9,10065.5,1551
2026-01-07 11:45:00+00:00,10065.8,10068.2,10059.3,10062.3,1461
2026-01-07 12:00:00+00:00,10062.5,10067.2,10052.7,10055.6,1641
2026-01-07 12:15:00+00:00,10055.1,10062.5,10055.1,10059.6,1524
2026-01-07 12:30:00+00:00,10060.1,10061.1,10053.6,10057.9,1713
2026-01-07 12:45:00+00:00,10057.6,10062.2,10055.2,10056.4,1410
2026-01-07 13:00:00+00:00,10056.1,10058.8,10052.4,10053.2,1365
2026-01-07 13:15:00+00:00,10053.5,10063.8,10053.2,10057.4,1911
2026-01-07 13:30:00+00:00,10057.6,10064.2,10055.7,10062.1,1629
2026-01-07 13:45:00+00:00,10062.4,10065.8,10057.2,10059.7,1668
2026-01-07 14:00:00+00:00,10059.2,10063.8,10052.5,10054.0,2268
2026-01-07 14:15:00+00:00,10053.5,10053.5,10042.8,10045.3,2388
2026-01-07 14:30:00+00:00,10045.1,10051.3,10032.5,10042.3,7371
2026-01-07 14:45:00+00:00,10042.0,10052.1,10039.4,10051.4,4701
2026-01-07 15:00:00+00:00,10051.9,10053.1,10039.3,10041.4,5346
2026-01-07 15:15:00+00:00,10040.9,10044.1,10034.8,10035.0,3858
2026-01-07 15:30:00+00:00,10035.3,10043.3,10031.6,10040.3,4317
2026-01-07 15:45:00+00:00,10040.1,10045.0,10037.2,10042.0,3036
2026-01-07 16:00:00+00:00,10042.2,10052.2,10040.1,10051.5,2685
2026-01-07 16:15:00+00:00,10051.0,10063.6,10050.0,10058.1,3057
2026-01-07 16:30:00+00:00,10058.3,10059.3,10044.0,10048.4,3018
2026-01-07 16:45:00+00:00,10048.9,10048.9,10042.0,10044.2,1422
2026-01-07 17:00:00+00:00,10044.5,10045.0,10037.6,10038.5,1083
2026-01-07 17:15:00+00:00,10038.8,10041.0,10037.0,10039.0,981
2026-01-07 17:30:00+00:00,10039.3,10040.0,10034.8,10036.6,759
2026-01-07 17:45:00+00:00,10036.3,10037.1,10025.4,10026.4,1275
2026-01-07 18:00:00+00:00,10026.2,10027.4,10023.4,10024.7,978
2026-01-07 18:15:00+00:00,10024.5,10026.7,10022.2,10025.7,912
2026-01-07 18:30:00+00:00,10026.0,10028.7,10025.2,10025.7,543
2026-01-07 18:45:00+00:00,10026.0,10033.7,10025.5,10033.2,486
2026-01-07 19:00:00+00:00,10032.9,10033.7,10025.7,10026.7,990
2026-01-07 19:15:00+00:00,10026.5,10029.2,10023.8,10027.0,1020
2026-01-07 19:30:00+00:00,10027.5,10034.2,10027.0,10032.0,735
2026-01-07 19:45:00+00:00,10032.2,10033.5,10029.5,10032.7,783
2026-01-07 20:00:00+00:00,10033.0,10034.9,10024.3,10024.8,1125
2026-01-07 20:15:00+00:00,10024.3,10026.8,10019.1,10021.1,1113
2026-01-07 20:30:00+00:00,10020.8,10024.8,10019.1,10023.3,1161
2026-01-07 20:45:00+00:00,10023.6,10032.0,10023.6,10031.0,1731
2026-01-07 21:00:00+00:00,10030.5,10031.5,10027.9,10028.6,645
2026-01-07 21:30:00+00:00,10029.9,10032.4,10029.7,10031.9,174
2026-01-07 21:45:00+00:00,10032.2,10035.9,10031.9,10035.7,228
2026-01-07 23:00:00+00:00,10037.1,10038.6,10034.5,10034.5,417
2026-01-07 23:15:00+00:00,10034.8,10036.5,10034.0,10034.9,327
2026-01-07 23:30:00+00:00,10035.0,10036.0,10034.3,10035.7,330
2026-01-07 23:45:00+00:00,10035.5,10036.0,10033.3,10034.3,381
2026-01-08 00:00:00+00:00,10034.0,10035.3,10033.3,10034.8,693
2026-01-08 00:15:00+00:00,10035.0,10035.3,10030.5,10031.3,381
2026-01-08 00:30:00+00:00,10031.1,10035.3,10031.0,10035.0,516
2026-01-08 00:45:00+00:00,10035.3,10036.8,10035.0,10036.6,384
2026-01-08 01:00:00+00:00,10036.8,10037.1,10030.3,10036.7,2319
2026-01-08 01:15:00+00:00,10036.7,10038.7,10035.5,10036.0,1506
2026-01-08 01:30:00+00:00,10035.9,10038.0,10032.1,10036.0,2010
2026-01-08 01:45:00+00:00,10036.2,10039.9,10035.9,10039.7,1554
2026-01-08 02:00:00+00:00,10039.9,10042.2,10035.0,10035.3,2250
2026-01-08 02:15:00+00:00,10035.3,10036.5,10031.5,10034.2,1887
2026-01-08 02:30:00+00:00,10034.4,10034.4,10027.7,10029.3,2022
2026-01-08 02:45:00+00:00,10029.5,10030.0,10025.8,10028.7,2439
2026-01-08 03:00:00+00:00,10028.8,10030.0,10028.0,10028.3,1782
2026-01-08 03:15:00+00:00,10028.3,10029.2,10026.9,10027.8,1635
2026-01-08 03:30:00+00:00,10027.6,10028.1,10024.6,10024.9,1494
2026-01-08 03:45:00+00:00,10024.9,10025.3,10023.1,10024.3,1233
2026-01-08 04:00:00+00:00,10024.3,10026.6,10023.9,10026.5,1296
2026-01-08 04:15:00+00:00,10026.5,10027.7,10024.7,10026.3,1578
2026-01-08 04:30:00+00:00,10026.3,10027.3,10026.0,10027.0,1227
2026-01-08 04:45:00+00:00,10027.0,10028.0,10026.2,10027.2,1365
2026-01-08 05:00:00+00:00,10027.3,10028.9,10022.7,10023.0,1587
2026-01-08 05:15:00+00:00,10023.0,10026.2,10022.7,10024.5,1452
2026-01-08 05:30:00+00:00,10024.4,10024.5,10017.8,10018.3,1755
2026-01-08 05:45:00+00:00,10018.5,10019.2,10014.7,10015.0,1536
2026-01-08 06:00:00+00:00,10015.5,10015.5,10004.0,10005.0,894
2026-01-08 06:15:00+00:00,10004.8,10008.8,10001.8,10006.5,753
2026-01-08 06:30:00+00:00,10006.8,10012.8,10006.3,10011.8,603
2026-01-08 06:45:00+00:00,10011.0,10012.8,10009.5,10010.3,315
2026-01-08 07:00:00+00:00,10005.5,10017.0,10005.5,10012.3,726
2026-01-08 07:15:00+00:00,10012.0,10023.3,10008.3,10017.0,1302
2026-01-08 07:30:00+00:00,10017.3,10021.5,10014.8,10018.8,780
2026-01-08 07:45:00+00:00,10018.3,10018.8,10007.3,10012.5,1005
2026-01-08 08:00:00+00:00,10012.8,10028.5,9998.3,10028.0,7074
2026-01-08 08:15:00+00:00,10027.8,10034.3,10022.3,10026.3,3474
2026-01-08 08:30:00+00:00,10026.5,10031.9,10020.5,10024.7,3330
2026-01-08 08:45:00+00:00,10024.4,10027.9,10016.5,10021.0,2883
2026-01-08 09:00:00+00:00,10021.4,10028.0,10021.4,10026.0,2481
2026-01-08 09:15:00+00:00,10026.5,10028.2,10021.0,10027.7,1941
2026-01-08 09:30:00+00:00,10027.5,10033.9,10026.7,10032.0,1956
2026-01-08 09:45:00+00:00,10032.3,10033.8,10026.5,10026.5,1752
2026-01-08 10:00:00+00:00,10026.3,10026.3,10012.8,10012.8,2181
2026-01-08 10:15:00+00:00,10012.6,10025.9,10012.1,10018.8,2058
2026-01-08 10:30:00+00:00,10019.0,10022.5,10014.7,10021.2,1773
2026-01-08 10:45:00+00:00,10021.7,10024.5,10019.1,10023.5,1548
2026-01-08 11:00:00+00:00,10023.8,10030.5,10021.1,10027.3,1635
2026-01-08 11:15:00+00:00,10027.1,10027.3,10022.1,10026.0,1473
2026-01-08 11:30:00+00:00,10025.7,10032.8,10021.5,10028.7,2007
2026-01-08 11:45:00+00:00,10028.7,10032.7,10022.6,10031.0,1458
2026-01-08 12:00:00+00:00,10030.2,10030.2,10015.3,10018.8,2043
2026-01-08 12:15:00+00:00,10019.1,10021.9,10014.8,10020.6,1470
2026-01-08 12:30:00+00:00,10020.9,10023.6,10016.5,10019.0,1317
2026-01-08 12:45:00+00:00,10019.0,10024.0,10016.2,10017.0,1458
2026-01-08 13:00:00+00:00,10016.8,10018.1,10009.0,10011.2,1704
2026-01-08 13:15:00+00:00,10011.5,10023.7,10011.2,10021.8,1635
2026-01-08 13:30:00+00:00,10021.1,10026.9,10019.6,10025.1,1581
2026-01-08 13:45:00+00:00,10025.6,10027.1,10016.5,10018.0,1686
2026-01-08 14:00:00+00:00,10018.2,10024.8,10017.2,10018.5,2001
2026-01-08 14:15:00+00:00,10018.0,10027.7,10018.0,10025.8,2043
2026-01-08 14:30:00+00:00,10025.5,10040.4,10023.1,10036.2,6702
2026-01-08 14:45:00+00:00,10035.9,10042.4,10033.7,10036.7,3969
2026-01-08 15:00:00+00:00,10036.9,10052.4,10033.7,10052.1,3624
2026-01-08 15:15:00+00:00,10052.6,10059.6,10043.5,10045.0,3153
2026-01-08 15:30:00+00:00,10044.7,10050.8,10042.0,10050.6,3153
2026-01-08 15:45:00+00:00,10050.8,10056.5,10047.3,10054.0,2919
2026-01-08 16:00:00+00:00,10054.3,10054.6,10038.4,10038.7,2832
2026-01-08 16:15:00+00:00,10038.4,10045.0,10036.1,10042.9,3375
2026-01-08 16:30:00+00:00,10043.2,10053.4,10041.7,10051.2,3639
2026-01-08 16:45:00+00:00,10051.4,10052.9,10040.7,10047.4,1590
2026-01-08 17:00:00+00:00,10047.9,10050.7,10043.0,10048.5,1368
2026-01-08 17:15:00+00:00,10049.0,10052.7,10048.0,10051.2,1338
2026-01-08 17:30:00+00:00,10051.0,10057.4,10051.0,10054.2,1170
2026-01-08 17:45:00+00:00,10054.0,10054.9,10049.7,10051.5,996
2026-01-08 18:00:00+00:00,10051.2,10056.0,10048.5,10049.5,1269
2026-01-08 18:15:00+00:00,10049.3,10052.7,10044.1,10044.1,1428
2026-01-08 18:30:00+00:00,10043.8,10046.8,10039.6,10041.6,1203
2026-01-08 18:45:00+00:00,10042.1,10051.0,10041.1,10050.3,1098
2026-01-08 19:00:00+00:00,10050.5,10056.2,10049.5,10051.3,1029
2026-01-08 19:15:00+00:00,10051.5,10055.5,10048.6,10053.8,1119
2026-01-08 19:30:00+00:00,10054.3,10055.3,10045.4,10049.6,1119
2026-01-08 19:45:00+00:00,10049.1,10060.3,10049.1,10056.8,1329
2026-01-08 20:00:00+00:00,10056.5,10064.7,10055.5,10064.7,1278
2026-01-08 20:15:00+00:00,10064.5,10070.5,10062.3,10070.0,1077
2026-01-08 20:30:00+00:00,10070.2,10075.2,10070.0,10075.2,1284
2026-01-08 20:45:00+00:00,10075.4,10081.1,10073.7,10079.4,1548
2026-01-08 21:00:00+00:00,10079.4,10084.7,10079.4,10083.4,624
2026-01-08 21:30:00+00:00,10086.7,10094.3,10086.7,10092.3,498
2026-01-08 21:45:00+00:00,10092.0,10092.5,10087.6,10087.8,417
2026-01-08 23:00:00+00:00,10087.7,10089.3,10086.3,10086.6,426
2026-01-08 23:15:00+00:00,10086.3,10087.1,10082.8,10082.9,393
2026-01-08 23:30:00+00:00,10083.1,10083.6,10080.8,10081.3,492
2026-01-08 23:45:00+00:00,10081.1,10082.6,10078.8,10079.8,774
2026-01-09 00:00:00+00:00,10079.7,10081.8,10079.2,10081.8,1140
2026-01-09 00:15:00+00:00,10081.6,10083.1,10079.1,10081.1,591
2026-01-09 00:30:00+00:00,10081.4,10082.4,10078.1,10079.9,561
2026-01-09 00:45:00+00:00,10079.7,10079.9,10074.5,10074.6,546
2026-01-09 01:00:00+00:00,10079.7,10080.1,10070.9,10072.8,2961
2026-01-09 01:15:00+00:00,10072.6,10075.4,10066.7,10067.9,2640
2026-01-09 01:30:00+00:00,10067.7,10070.7,10062.2,10065.0,2808
2026-01-09 01:45:00+00:00,10065.0,10066.0,10062.9,10063.8,1839
2026-01-09 02:00:00+00:00,10063.8,10070.0,10063.7,10066.7,2088
2026-01-09 02:15:00+00:00,10066.5,10068.4,10064.7,10068.0,2007
2026-01-09 02:30:00+00:00,10067.9,10069.4,10065.5,10069.4,1788
2026-01-09 02:45:00+00:00,10069.4,10070.2,10065.0,10066.7,1434
2026-01-09 03:00:00+00:00,10066.7,10066.7,10063.2,10064.5,1599
2026-01-09 03:15:00+00:00,10064.5,10066.0,10060.3,10060.8,1413
2026-01-09 03:30:00+00:00,10060.6,10061.7,10059.2,10060.1,1677
2026-01-09 03:45:00+00:00,10060.1,10062.7,10058.6,10060.8,1449
2026-01-09 04:00:00+00:00,10060.9,10062.3,10060.5,10061.8,1326
2026-01-09 04:15:00+00:00,10061.9,10063.3,10060.9,10063.3,1269
2026-01-09 04:30:00+00:00,10063.0,10064.6,10063.0,10064.1,1254
2026-01-09 04:45:00+00:00,10064.1,10066.9,10063.3,10065.3,1242
2026-01-09 05:00:00+00:00,10065.1,10067.5,10063.4,10065.6,1893
2026-01-09 05:15:00+00:00,10065.5,10066.9,10064.3,10065.6,1560
2026-01-09 05:30:00+00:00,10066.1,10066.9,10064.7,10065.9,1542
2026-01-09 05:45:00+00:00,10065.7,10068.3,10065.3,10067.4,1371
2026-01-09 06:00:00+00:00,10067.2,10068.8,10064.4,10065.1,468
2026-01-09 06:15:00+00:00,10064.9,10066.6,10064.1,10064.9,303
2026-01-09 06:30:00+00:00,10065.1,10069.6,10064.4,10068.6,261
2026-01-09 06:45:00+00:00,10068.4,10068.9,10062.7,10064.4,237
2026-01-09 07:00:00+00:00,10065.2,10066.2,10062.2,10063.5,600
2026-01-09 07:15:00+00:00,10063.7,10063.7,10059.0,10059.7,450
2026-01-09 07:30:00+00:00,10059.5,10063.5,10057.0,10060.7,555
2026-01-09 07:45:00+00:00,10060.2,10068.9,10057.3,10067.9,915
2026-01-09 08:00:00+00:00,10067.5,10077.6,10059.2,10066.3,6963
2026-01-09 08:15:00+00:00,10066.8,10072.6,10065.1,10067.2,3207
2026-01-09 08:30:00+00:00,10067.5,10080.7,10066.5,10076.8,2244
2026-01-09 08:45:00+00:00,10077.0,10081.0,10069.8,10077.8,2052
2026-01-09 09:00:00+00:00,10078.3,10089.4,10076.6,10088.4,2208
2026-01-09 09:15:00+00:00,10088.7,10089.7,10082.3,10083.7,1644
2026-01-09 09:30:00+00:00,10083.9,10088.0,10076.8,10080.5,1824
2026-01-09 09:45:00+00:00,10080.2,10084.3,10079.5,10084.1,1290
2026-01-09 10:00:00+00:00,10084.3,10088.5,10080.6,10088.0,1527
2026-01-09 10:15:00+00:00,10088.5,10088.5,10077.8,10079.7,1323
2026-01-09 10:30:00+00:00,10080.0,10091.2,10078.3,10091.2,1440
2026-01-09 10:45:00+00:00,10091.4,10098.5,10089.6,10092.2,2163
2026-01-09 11:00:00+00:00,10091.9,10094.1,10086.7,10090.5,1308
2026-01-09 11:15:00+00:00,10090.3,10095.1,10086.8,10086.8,1116
2026-01-09 11:30:00+00:00,10087.0,10091.6,10085.8,10090.0,1179
2026-01-09 11:45:00+00:00,10090.0,10098.8,10089.5,10097.7,1194
2026-01-09 12:00:00+00:00,10098.5,10102.2,10093.9,10095.2,1491
2026-01-09 12:15:00+00:00,10095.4,10100.1,10092.3,10094.8,1425
2026-01-09 12:30:00+00:00,10094.3,10100.6,10092.1,10098.2,1170
2026-01-09 12:45:00+00:00,10098.7,10104.2,10095.9,10101.7,1323
2026-01-09 13:00:00+00:00,10102.2,10114.8,10101.7,10109.9,1794
2026-01-09 13:15:00+00:00,10110.2,10125.1,10108.0,10124.8,1800
2026-01-09 13:30:00+00:00,10125.3,10134.7,10112.4,10114.7,3120
2026-01-09 13:45:00+00:00,10114.9,10115.7,10097.9,10097.9,2046
2026-01-09 14:00:00+00:00,10098.4,10108.8,10091.5,10107.3,2154
2026-01-09 14:15:00+00:00,10107.0,10109.7,10100.2,10100.5,2733
2026-01-09 14:30:00+00:00,10100.7,10117.7,10099.5,10113.9,5847
2026-01-09 14:45:00+00:00,10114.1,10129.6,10110.9,10127.8,4281
2026-01-09 15:00:00+00:00,10130.2,10132.2,10113.5,10121.0,5628
2026-01-09 15:15:00+00:00,10121.2,10127.3,10113.9,10121.5,3474
2026-01-09 15:30:00+00:00,10121.7,10123.3,10116.5,10122.2,3210
2026-01-09 15:45:00+00:00,10122.5,10128.6,10116.4,10126.7,3003
2026-01-09 16:00:00+00:00,10126.2,10135.9,10123.2,10130.9,2487
2026-01-09 16:15:00+00:00,10130.4,10136.1,10126.6,10128.8,2289
2026-01-09 16:30:00+00:00,10128.5,10128.8,10119.8,10126.3,2886
2026-01-09 16:45:00+00:00,10126.6,10132.8,10125.6,10132.8,1050
2026-01-09 17:00:00+00:00,10133.1,10138.5,10131.8,10134.8,1209
2026-01-09 17:15:00+00:00,10134.6,10141.3,10133.3,10141.3,981
2026-01-09 17:30:00+00:00,10141.0,10141.8,10135.1,10135.8,711
2026-01-09 17:45:00+00:00,10136.1,10136.8,10128.4,10129.4,777
2026-01-09 18:00:00+00:00,10129.2,10131.4,10126.4,10131.2,759
2026-01-09 18:15:00+00:00,10131.4,10132.9,10127.9,10130.4,699
2026-01-09 18:30:00+00:00,10130.4,10140.6,10130.4,10138.9,798
2026-01-09 18:45:00+00:00,10138.6,10139.4,10133.2,10133.2,726
2026-01-09 19:00:00+00:00,10133.4,10133.9,10126.0,10126.0,507
2026-01-09 19:15:00+00:00,10126.2,10131.7,10125.7,10131.2,603
2026-01-09 19:30:00+00:00,10131.0,10133.2,10130.2,10131.5,558
2026-01-09 19:45:00+00:00,10131.2,10136.9,10131.0,10136.7,576
2026-01-09 20:00:00+00:00,10136.4,10136.4,10132.5,10134.2,537
2026-01-09 20:15:00+00:00,10134.0,10138.0,10133.5,10136.7,540
2026-01-09 20:30:00+00:00,10137.0,10137.5,10129.0,10130.8,645
2026-01-09 20:45:00+00:00,10130.5,10140.5,10128.3,10139.0,1332
2026-01-11 23:00:00+00:00,10128.7,10136.0,10128.6,10133.9,1005
2026-01-11 23:15:00+00:00,10134.1,10135.6,10128.4,10134.2,891
2026-01-11 23:30:00+00:00,10134.4,10136.2,10133.4,10134.4,594
2026-01-11 23:45:00+00:00,10134.3,10136.0,10132.7,10132.8,702
2026-01-12 00:00:00+00:00,10132.7,10133.7,10126.7,10127.1,2382
2026-01-12 00:15:00+00:00,10127.3,10132.9,10126.3,10131.6,1086
2026-01-12 00:30:00+00:00,10131.3,10131.6,10114.3,10123.9,2934
2026-01-12 00:45:00+00:00,10124.2,10125.7,10119.9,10121.0,1572
2026-01-12 01:00:00+00:00,10125.7,10126.2,10113.6,10115.5,5529
2026-01-12 01:15:00+00:00,10115.5,10116.0,10105.3,10106.9,4746
2026-01-12 01:30:00+00:00,10106.9,10109.4,10104.6,10109.3,4512
2026-01-12 01:45:00+00:00,10109.3,10115.8,10109.3,10113.5,3282
2026-01-12 02:00:00+00:00,10113.3,10113.3,10106.8,10107.7,3348
2026-01-12 02:15:00+00:00,10107.5,10111.8,10107.0,10108.3,2436
2026-01-12 02:30:00+00:00,10108.1,10110.5,10107.1,10108.7,1980
2026-01-12 02:45:00+00:00,10108.5,10113.2,10108.5,10111.7,2271
2026-01-12 03:00:00+00:00,10111.8,10112.1,10109.9,10112.0,1950
2026-01-12 03:15:00+00:00,10112.0,10116.5,10111.9,10116.2,1428
2026-01-12 03:30:00+00:00,10116.0,10116.8,10113.3,10116.7,1563
2026-01-12 03:45:00+00:00,10116.9,10118.1,10113.4,10118.0,2658
2026-01-12 04:00:00+00:00,10118.1,10119.1,10114.1,10116.1,1899
2026-01-12 04:15:00+00:00,10116.1,10117.8,10115.1,10117.6,1473
2026-01-12 04:30:00+00:00,10117.6,10118.8,10116.0,10117.0,1668
2026-01-12 04:45:00+00:00,10117.2,10118.7,10115.7,10116.2,1212
2026-01-12 05:00:00+00:00,10116.3,10118.4,10114.8,10116.2,2022
2026-01-12 05:15:00+00:00,10116.2,10117.3,10111.7,10113.1,2175
2026-01-12 05:30:00+00:00,10113.1,10113.6,10111.6,10112.0,2043
2026-01-12 05:45:00+00:00,10111.8,10113.6,10110.7,10112.5,1986
2026-01-12 06:00:00+00:00,10112.0,10119.0,10112.0,10117.0,555
2026-01-12 06:15:00+00:00,10117.3,10118.0,10114.8,10117.0,297
2026-01-12 06:30:00+00:00,10116.3,10117.3,10114.8,10117.3,255
2026-01-12 06:45:00+00:00,10117.8,10118.5,10114.8,10115.0,207
2026-01-12 07:00:00+00:00,10115.3,10118.3,10112.0,10116.8,522
2026-01-12 07:15:00+00:00,10116.3,10116.5,10110.3,10110.8,396
2026-01-12 07:30:00+00:00,10110.5,10113.3,10106.3,10106.5,477
2026-01-12 07:45:00+00:00,10106.3,10109.3,10102.0,10106.0,948
2026-01-12 08:00:00+00:00,10105.5,10107.3,10092.5,10104.8,5229
2026-01-12 08:15:00+00:00,10104.5,10114.5,10101.3,10111.8,2676
2026-01-12 08:30:00+00:00,10112.0,10115.8,10104.0,10114.0,2796
2026-01-12 08:45:00+00:00,10114.3,10117.2,10109.0,10115.0,1902
2026-01-12 09:00:00+00:00,10115.3,10122.8,10112.2,10120.0,2130
2026-01-12 09:15:00+00:00,10119.8,10128.4,10116.8,10124.7,1785
2026-01-12 09:30:00+00:00,10123.9,10134.1,10121.6,10132.6,1404
2026-01-12 09:45:00+00:00,10132.6,10133.3,10127.9,10130.1,1482
2026-01-12 10:00:00+00:00,10130.6,10131.6,10113.8,10116.3,1491
2026-01-12 10:15:00+00:00,10116.8,10118.0,10112.3,10113.9,1464
2026-01-12 10:30:00+00:00,10113.9,10120.8,10113.2,10118.6,1404
2026-01-12 10:45:00+00:00,10118.9,10125.9,10118.1,10123.7,1329
2026-01-12 11:00:00+00:00,10123.9,10126.0,10120.3,10125.8,1452
2026-01-12 11:15:00+00:00,10126.0,10128.8,10119.6,10123.1,1134
2026-01-12 11:30:00+00:00,10123.4,10126.8,10119.9,10119.9,1110
2026-01-12 11:45:00+00:00,10119.7,10125.0,10118.7,10123.0,933
2026-01-12 12:00:00+00:00,10123.2,10126.3,10120.8,10124.1,1269
2026-01-12 12:15:00+00:00,10124.4,10129.4,10123.4,10128.5,921
2026-01-12 12:30:00+00:00,10128.8,10134.2,10127.4,10129.4,987
2026-01-12 12:45:00+00:00,10129.7,10138.9,10129.4,10138.1,1020
2026-01-12 13:00:00+00:00,10138.1,10141.1,10133.4,10140.1,1260
2026-01-12 13:15:00+00:00,10140.4,10140.6,10127.6,10128.6,1440
2026-01-12 13:30:00+00:00,10128.8,10130.0,10123.1,10127.7,1413
2026-01-12 13:45:00+00:00,10127.4,10136.6,10125.4,10133.9,1245
2026-01-12 14:00:00+00:00,10134.1,10134.4,10124.5,10133.8,1677
2026-01-12 14:15:00+00:00,10133.8,10138.8,10130.8,10133.6,1842
2026-01-12 14:30:00+00:00,10133.9,10136.6,10118.1,10130.3,6411
2026-01-12 14:45:00+00:00,10130.3,10146.5,10127.8,10144.0,3501
2026-01-12 15:00:00+00:00,10144.5,10147.3,10138.5,10141.6,3138
2026-01-12 15:15:00+00:00,10141.4,10146.8,10139.1,10141.9,2502
2026-01-12 15:30:00+00:00,10141.4,10144.2,10138.8,10143.1,2448
2026-01-12 15:45:00+00:00,10143.4,10146.0,10138.2,10145.5,2046
2026-01-12 16:00:00+00:00,10145.8,10149.7,10141.6,10144.5,2475
2026-01-12 16:15:00+00:00,10144.3,10146.2,10140.0,10140.5,1917
2026-01-12 16:30:00+00:00,10140.8,10142.5,10134.6,10140.1,1971
2026-01-12 16:45:00+00:00,10139.6,10143.5,10135.1,10136.1,612
2026-01-12 17:00:00+00:00,10136.1,10136.1,10125.7,10129.2,801
2026-01-12 17:15:00+00:00,10129.4,10131.7,10126.2,10130.2,930
2026-01-12 17:30:00+00:00,10129.7,10130.2,10126.2,10127.2,600
2026-01-12 17:45:00+00:00,10127.0,10130.0,10124.8,10124.8,501
2026-01-12 18:00:00+00:00,10125.3,10129.7,10124.8,10127.8,528
2026-01-12 18:15:00+00:00,10128.3,10131.5,10126.8,10129.8,462
2026-01-12 18:30:00+00:00,10129.3,10129.3,10125.3,10126.0,402
2026-01-12 18:45:00+00:00,10126.3,10131.0,10125.8,10130.5,480
2026-01-12 19:00:00+00:00,10130.8,10135.7,10129.8,10134.3,339
2026-01-12 19:15:00+00:00,10134.0,10135.7,10132.3,10133.8,387
2026-01-12 19:30:00+00:00,10134.3,10138.2,10134.0,10137.3,540
2026-01-12 19:45:00+00:00,10137.5,10139.7,10136.8,10138.3,270
2026-01-12 20:00:00+00:00,10138.8,10139.3,10131.8,10132.3,573
2026-01-12 20:15:00+00:00,10132.1,10133.8,10130.3,10131.1,462
2026-01-12 20:30:00+00:00,10130.8,10136.6,10130.3,10136.6,414
2026-01-12 20:45:00+00:00,10136.3,10148.2,10135.3,10148.0,1017
2026-01-12 21:00:00+00:00,10148.0,10149.4,10147.2,10148.4,426
2026-01-12 21:30:00+00:00,10148.9,10148.9,10146.9,10147.9,120
2026-01-12 21:45:00+00:00,10147.3,10147.3,10139.9,10141.4,618
2026-01-12 23:00:00+00:00,10138.2,10140.7,10137.0,10140.2,402
2026-01-12 23:15:00+00:00,10140.0,10142.5,10140.0,10140.3,348
2026-01-12 23:30:00+00:00,10140.0,10141.5,10138.6,10139.8,441
2026-01-12 23:45:00+00:00,10139.5,10139.8,10135.8,10136.0,606
2026-01-13 00:00:00+00:00,10135.8,10138.0,10134.2,10136.3,951
2026-01-13 00:15:00+00:00,10136.5,10139.0,10135.8,10136.0,564
2026-01-13 00:30:00+00:00,10135.8,10137.3,10134.5,10134.5,675
2026-01-13 00:45:00+00:00,10134.7,10136.5,10134.3,10136.3,336
2026-01-13 01:00:00+00:00,10135.9,10139.5,10135.3,10136.8,2274
2026-01-13 01:15:00+00:00,10136.7,10138.7,10136.1,10136.6,1590
2026-01-13 01:30:00+00:00,10136.1,10137.4,10130.4,10134.1,2337
2026-01-13 01:45:00+00:00,10134.7,10138.9,10134.0,10135.7,3222
2026-01-13 02:00:00+00:00,10135.7,10145.3,10135.4,10143.5,2277
2026-01-13 02:15:00+00:00,10143.6,10145.2,10141.1,10143.3,1821
2026-01-13 02:30:00+00:00,10143.3,10144.7,10141.8,10141.8,1773
2026-01-13 02:45:00+00:00,10142.0,10142.9,10137.9,10138.2,1251
2026-01-13 03:00:00+00:00,10138.1,10139.5,10137.3,10138.2,1356
2026-01-13 03:15:00+00:00,10138.1,10139.4,10135.9,10136.9,1275
2026-01-13 03:30:00+00:00,10136.9,10139.3,10134.6,10137.7,1614
2026-01-13 03:45:00+00:00,10137.7,10139.9,10135.9,10139.7,1293
2026-01-13 04:00:00+00:00,10139.9,10142.3,10139.9,10141.4,1203
2026-01-13 04:15:00+00:00,10141.4,10143.9,10138.9,10139.9,1263
2026-01-13 04:30:00+00:00,10140.0,10140.0,10136.7,10137.0,1008
2026-01-13 04:45:00+00:00,10137.0,10141.8,10136.9,10141.0,888
2026-01-13 05:00:00+00:00,10141.2,10141.4,10135.0,10136.8,1362
2026-01-13 05:15:00+00:00,10136.8,10140.8,10136.3,10140.8,1527
2026-01-13 05:30:00+00:00,10140.8,10146.1,10138.7,10145.7,1557
2026-01-13 05:45:00+00:00,10145.7,10148.3,10144.8,10147.5,1080
2026-01-13 06:00:00+00:00,10147.7,10147.7,10139.5,10140.5,255
2026-01-13 06:15:00+00:00,10140.3,10140.3,10134.6,10135.6,498
2026-01-13 06:30:00+00:00,10136.1,10136.3,10133.6,10135.3,456
2026-01-13 06:45:00+00:00,10135.1,10137.6,10134.9,10135.6,270
2026-01-13 07:00:00+00:00,10135.9,10140.6,10131.9,10139.9,441
2026-01-13 07:15:00+00:00,10140.4,10141.6,10135.9,10140.1,426
2026-01-13 07:30:00+00:00,10139.9,10140.1,10136.2,10138.2,360
2026-01-13 07:45:00+00:00,10138.4,10142.6,10135.7,10138.4,780
2026-01-13 08:00:00+00:00,10138.7,10150.5,10132.4,10146.7,4566
2026-01-13 08:15:00+00:00,10146.5,10148.9,10136.8,10144.1,2523
2026-01-13 08:30:00+00:00,10144.6,10147.1,10133.9,10139.3,1893
2026-01-13 08:45:00+00:00,10139.6,10147.0,10139.3,10144.7,1554
2026-01-13 09:00:00+00:00,10144.4,10148.6,10137.3,10138.8,1800
2026-01-13 09:15:00+00:00,10138.5,10139.6,10131.8,10131.8,1482
2026-01-13 09:30:00+00:00,10131.3,10141.9,10131.3,10140.4,1326
2026-01-13 09:45:00+00:00,10140.1,10148.4,10138.9,10147.1,1146
2026-01-13 10:00:00+00:00,10146.7,10146.7,10133.0,10135.5,1320
2026-01-13 10:15:00+00:00,10135.3,10136.6,10132.6,10134.6,1209
2026-01-13 10:30:00+00:00,10134.1,10143.1,10133.8,10141.1,1305
2026-01-13 10:45:00+00:00,10140.6,10144.5,10138.7,10142.7,906
2026-01-13 11:00:00+00:00,10143.2,10147.7,10140.4,10140.7,1086
2026-01-13 11:15:00+00:00,10140.5,10142.1,10135.4,10136.4,915
2026-01-13 11:30:00+00:00,10135.9,10138.1,10133.3,10134.2,1017
2026-01-13 11:45:00+00:00,10134.4,10137.9,10129.6,10130.8,1119
2026-01-13 12:00:00+00:00,10131.3,10134.7,10130.3,10132.7,858
2026-01-13 12:15:00+00:00,10132.4,10135.9,10131.0,10133.7,1059
2026-01-13 12:30:00+00:00,10133.7,10138.7,10133.4,10137.6,879
2026-01-13 12:45:00+00:00,10137.6,10142.3,10136.6,10142.1,912
2026-01-13 13:00:00+00:00,10141.8,10142.1,10134.8,10136.0,1404
2026-01-13 13:15:00+00:00,10135.7,10140.3,10134.7,10137.3,1143
2026-01-13 13:30:00+00:00,10139.3,10143.7,10128.0,10136.8,3114
2026-01-13 13:45:00+00:00,10136.7,10136.7,10119.3,10120.6,1509
2026-01-13 14:00:00+00:00,10120.6,10130.1,10119.1,10128.6,1821
2026-01-13 14:15:00+00:00,10128.9,10132.5,10123.2,10132.5,1710
2026-01-13 14:30:00+00:00,10132.2,10134.0,10118.3,10121.1,5979
2026-01-13 14:45:00+00:00,10121.1,10123.4,10113.7,10116.4,3705
2026-01-13 15:00:00+00:00,10115.9,10115.9,10095.5,10099.5,4434
2026-01-13 15:15:00+00:00,10099.2,10108.9,10099.2,10104.6,2814
2026-01-13 15:30:00+00:00,10104.1,10132.6,10104.1,10130.2,3561
2026-01-13 15:45:00+00:00,10130.0,10144.8,10127.3,10143.6,2556
2026-01-13 16:00:00+00:00,10143.9,10144.6,10137.3,10141.7,2541
2026-01-13 16:15:00+00:00,10141.5,10142.0,10127.8,10134.1,2499
2026-01-13 16:30:00+00:00,10133.6,10139.6,10127.7,10138.1,3120
2026-01-13 16:45:00+00:00,10137.6,10147.8,10136.1,10147.1,999
2026-01-13 17:00:00+00:00,10147.5,10150.3,10143.6,10150.0,747
2026-01-13 17:15:00+00:00,10150.5,10154.7,10147.5,10152.0,1098
2026-01-13 17:30:00+00:00,10152.3,10152.5,10142.8,10150.5,2019
2026-01-13 17:45:00+00:00,10150.3,10151.0,10141.4,10143.4,1341
2026-01-13 18:00:00+00:00,10143.6,10145.9,10139.2,10144.6,1668
2026-01-13 18:15:00+00:00,10144.9,10146.6,10138.7,10139.2,942
2026-01-13 18:30:00+00:00,10138.9,10149.1,10138.7,10145.1,765
2026-01-13 18:45:00+00:00,10144.6,10147.1,10141.2,10141.7,1071
2026-01-13 19:00:00+00:00,10141.4,10142.2,10136.2,10138.2,1380
2026-01-13 19:15:00+00:00,10138.5,10148.2,10138.5,10148.2,1488
2026-01-13 19:30:00+00:00,10147.9,10149.6,10143.2,10146.9,795
2026-01-13 19:45:00+00:00,10147.4,10150.2,10145.2,10149.7,858
2026-01-13 20:00:00+00:00,10149.9,10149.9,10143.6,10145.9,564
2026-01-13 20:15:00+00:00,10145.6,10147.4,10141.9,10143.4,579
2026-01-13 20:30:00+00:00,10142.9,10145.1,10137.0,10143.2,813
2026-01-13 20:45:00+00:00,10142.9,10151.4,10140.9,10147.4,1479
2026-01-13 21:00:00+00:00,10149.4,10150.9,10146.9,10147.7,705
2026-01-13 21:30:00+00:00,10148.4,10148.4,10145.4,10145.4,177
2026-01-13 21:45:00+00:00,10145.2,10146.4,10145.2,10145.9,228
2026-01-13 23:00:00+00:00,10148.0,10149.0,10145.2,10147.3,405
2026-01-13 23:15:00+00:00,10147.5,10147.5,10144.2,10144.8,456
2026-01-13 23:30:00+00:00,10144.9,10147.3,10144.8,10146.3,390
2026-01-13 23:45:00+00:00,10146.0,10146.0,10144.5,10145.2,519
2026-01-14 00:00:00+00:00,10145.0,10149.8,10143.8,10148.8,1623
2026-01-14 00:15:00+00:00,10148.6,10149.8,10147.8,10149.6,585
2026-01-14 00:30:00+00:00,10149.8,10149.8,10146.6,10147.3,498
2026-01-14 00:45:00+00:00,10147.2,10148.6,10147.1,10147.3,282
2026-01-14 01:00:00+00:00,10147.7,10155.3,10147.4,10152.1,2565
2026-01-14 01:15:00+00:00,10152.2,10154.7,10152.2,10154.4,2133
2026-01-14 01:30:00+00:00,10154.3,10155.5,10150.8,10151.1,2049
2026-01-14 01:45:00+00:00,10151.1,10151.1,10147.6,10149.9,2025
2026-01-14 02:00:00+00:00,10150.1,10150.8,10144.8,10148.4,1992
2026-01-14 02:15:00+00:00,10148.4,10151.7,10146.8,10151.2,1797
2026-01-14 02:30:00+00:00,10151.2,10152.6,10149.1,10149.7,1776
2026-01-14 02:45:00+00:00,10149.7,10150.0,10148.0,10149.9,1263
2026-01-14 03:00:00+00:00,10150.2,10154.7,10149.2,10154.0,1539
2026-01-14 03:15:00+00:00,10153.9,10154.2,10152.4,10153.7,1380
2026-01-14 03:30:00+00:00,10153.5,10155.0,10153.0,10154.4,1305
2026-01-14 03:45:00+00:00,10154.4,10155.0,10152.2,10154.5,1473
2026-01-14 04:00:00+00:00,10154.4,10155.0,10150.9,10151.0,1257
2026-01-14 04:15:00+00:00,10150.9,10152.8,10150.7,10152.5,1002
2026-01-14 04:30:00+00:00,10152.7,10153.8,10151.5,10151.5,1023
2026-01-14 04:45:00+00:00,10151.5,10151.8,10147.0,10149.4,1905
2026-01-14 05:00:00+00:00,10149.4,10150.1,10145.2,10147.6,2292
2026-01-14 05:15:00+00:00,10147.6,10148.3,10143.4,10144.1,1974
2026-01-14 05:30:00+00:00,10144.1,10146.9,10143.6,10145.6,1527
2026-01-14 05:45:00+00:00,10145.4,10145.6,10141.9,10142.1,1362
2026-01-14 06:00:00+00:00,10142.2,10142.7,10137.0,10141.9,558
2026-01-14 06:15:00+00:00,10142.4,10145.7,10140.4,10144.4,732
2026-01-14 06:30:00+00:00,10144.7,10146.7,10142.9,10144.9,780
2026-01-14 06:45:00+00:00,10145.2,10147.7,10143.9,10147.4,462
2026-01-14 07:00:00+00:00,10147.7,10150.6,10147.7,10148.7,489
2026-01-14 07:15:00+00:00,10149.2,10152.9,10148.7,10152.4,318
2026-01-14 07:30:00+00:00,10152.2,10155.4,10150.9,10154.4,294
2026-01-14 07:45:00+00:00,10153.9,10161.6,10151.9,10158.6,642
2026-01-14 08:00:00+00:00,10160.1,10171.9,10150.7,10169.7,4632
2026-01-14 08:15:00+00:00,10169.5,10171.5,10161.7,10167.9,2892
2026-01-14 08:30:00+00:00,10167.9,10170.7,10160.9,10170.4,2157
2026-01-14 08:45:00+00:00,10170.6,10172.6,10164.1,10166.0,2004
2026-01-14 09:00:00+00:00,10165.8,10167.2,10160.0,10164.9,1947
2026-01-14 09:15:00+00:00,10164.6,10164.9,10157.6,10163.0,1341
2026-01-14 09:30:00+00:00,10163.0,10163.6,10157.3,10161.9,1464
2026-01-14 09:45:00+00:00,10161.9,10164.9,10159.9,10164.1,975
2026-01-14 10:00:00+00:00,10163.6,10171.3,10162.6,10168.9,1827
2026-01-14 10:15:00+00:00,10168.6,10170.5,10161.7,10167.6,1854
2026-01-14 10:30:00+00:00,10167.4,10172.6,10166.1,10171.4,1923
2026-01-14 10:45:00+00:00,10171.2,10176.0,10168.5,10169.3,1845
2026-01-14 11:00:00+00:00,10169.5,10169.5,10161.6,10163.9,1779
2026-01-14 11:15:00+00:00,10163.9,10165.5,10158.4,10164.2,1437
2026-01-14 11:30:00+00:00,10164.5,10169.3,10164.1,10164.9,1446
2026-01-14 11:45:00+00:00,10165.2,10171.6,10164.2,10168.6,1566
2026-01-14 12:00:00+00:00,10168.4,10173.1,10160.9,10171.1,2166
2026-01-14 12:15:00+00:00,10171.1,10174.3,10167.6,10173.2,1233
2026-01-14 12:30:00+00:00,10173.0,10177.3,10173.0,10174.1,1584
2026-01-14 12:45:00+00:00,10174.6,10177.1,10171.7,10176.3,1269
2026-01-14 13:00:00+00:00,10176.6,10177.1,10167.2,10170.9,1656
2026-01-14 13:15:00+00:00,10171.4,10177.3,10169.8,10172.5,1806
2026-01-14 13:30:00+00:00,10172.7,10175.5,10167.0,10173.7,2133
2026-01-14 13:45:00+00:00,10173.2,10173.9,10161.9,10163.0,1953
2026-01-14 14:00:00+00:00,10162.5,10165.0,10159.1,10164.6,1533
2026-01-14 14:15:00+00:00,10164.3,10166.9,10161.9,10165.6,2028
2026-01-14 14:30:00+00:00,10166.1,10176.2,10160.8,10170.7,5709
2026-01-14 14:45:00+00:00,10170.5,10171.5,10157.6,10163.2,4719
2026-01-14 15:00:00+00:00,10162.7,10167.7,10157.1,10166.4,4395
2026-01-14 15:15:00+00:00,10166.1,10167.1,10160.4,10161.9,3828
2026-01-14 15:30:00+00:00,10162.2,10166.2,10154.3,10162.8,3732
2026-01-14 15:45:00+00:00,10162.5,10173.2,10159.0,10172.0,2892
2026-01-14 16:00:00+00:00,10172.3,10175.2,10166.5,10168.8,2706
2026-01-14 16:15:00+00:00,10168.5,10169.7,10164.1,10167.7,2487
2026-01-14 16:30:00+00:00,10167.4,10181.1,10167.4,10170.7,3774
2026-01-14 16:45:00+00:00,10170.2,10172.7,10164.7,10172.2,2421
2026-01-14 17:00:00+00:00,10172.5,10182.2,10171.0,10179.7,2010
2026-01-14 17:15:00+00:00,10179.5,10182.7,10173.3,10181.5,2082
2026-01-14 17:30:00+00:00,10181.2,10181.2,10174.8,10178.7,1779
2026-01-14 17:45:00+00:00,10179.2,10182.7,10175.3,10178.8,1953
2026-01-14 18:00:00+00:00,10178.3,10188.9,10177.3,10187.7,1734
2026-01-14 18:15:00+00:00,10187.9,10191.4,10184.7,10190.7,2007
2026-01-14 18:30:00+00:00,10190.9,10192.7,10184.7,10188.7,1932
2026-01-14 18:45:00+00:00,10189.0,10208.1,10189.0,10207.8,1830
2026-01-14 19:00:00+00:00,10207.6,10211.1,10206.1,10210.3,1716
2026-01-14 19:15:00+00:00,10210.6,10214.1,10207.1,10213.1,1347
2026-01-14 19:30:00+00:00,10213.3,10215.8,10210.1,10215.1,1443
2026-01-14 19:45:00+00:00,10214.6,10219.0,10214.1,10217.6,1152
2026-01-14 20:00:00+00:00,10217.1,10222.3,10205.2,10208.9,3936
2026-01-14 20:15:00+00:00,10209.1,10211.1,10204.7,10210.6,1509
2026-01-14 20:30:00+00:00,10210.9,10217.8,10210.1,10210.2,1590
2026-01-14 20:45:00+00:00,10210.4,10222.8,10203.5,10222.3,2340
2026-01-14 21:00:00+00:00,10222.1,10224.5,10214.1,10217.4,1296
2026-01-14 21:30:00+00:00,10214.1,10214.9,10211.1,10212.9,417
2026-01-14 21:45:00+00:00,10213.1,10216.2,10197.6,10213.4,1830
2026-01-14 23:00:00+00:00,10213.8,10214.8,10207.0,10210.7,891
2026-01-14 23:15:00+00:00,10210.9,10213.8,10203.0,10211.5,1224
2026-01-14 23:30:00+00:00,10211.6,10213.8,10209.5,10210.8,1176
2026-01-14 23:45:00+00:00,10210.7,10214.8,10210.4,10213.8,876
2026-01-15 00:00:00+00:00,10213.6,10213.8,10211.7,10212.5,987
2026-01-15 00:15:00+00:00,10212.2,10213.3,10209.4,10210.9,771
2026-01-15 00:30:00+00:00,10211.2,10212.5,10210.9,10212.5,426
2026-01-15 00:45:00+00:00,10213.3,10213.8,10209.9,10210.4,501
2026-01-15 01:00:00+00:00,10214.0,10223.5,10213.9,10220.5,4107
2026-01-15 01:15:00+00:00,10220.5,10223.1,10219.6,10219.8,3210
2026-01-15 01:30:00+00:00,10219.5,10225.3,10214.2,10222.0,5058
2026-01-15 01:45:00+00:00,10222.1,10229.9,10221.9,10229.5,2526
2026-01-15 02:00:00+00:00,10229.7,10230.4,10226.8,10228.7,2787
2026-01-15 02:15:00+00:00,10228.9,10229.0,10221.8,10222.7,2301
2026-01-15 02:30:00+00:00,10222.7,10223.3,10220.3,10220.7,2070
2026-01-15 02:45:00+00:00,10220.7,10224.6,10219.7,10223.3,1953
2026-01-15 03:00:00+00:00,10223.7,10226.6,10223.1,10224.7,1665
2026-01-15 03:15:00+00:00,10224.7,10225.8,10218.9,10219.0,2283
2026-01-15 03:30:00+00:00,10219.0,10220.6,10215.4,10215.6,3201
2026-01-15 03:45:00+00:00,10215.7,10219.6,10214.8,10218.7,2154
2026-01-15 04:00:00+00:00,10218.5,10223.0,10217.8,10222.7,1758
2026-01-15 04:15:00+00:00,10222.7,10225.9,10222.5,10223.0,1602
2026-01-15 04:30:00+00:00,10223.0,10225.8,10221.8,10225.7,1908
2026-01-15 04:45:00+00:00,10225.7,10226.2,10223.9,10224.1,1476
2026-01-15 05:00:00+00:00,10224.0,10228.9,10220.8,10227.5,2451
2026-01-15 05:15:00+00:00,10227.7,10231.3,10227.3,10230.5,1854
2026-01-15 05:30:00+00:00,10230.1,10231.9,10226.2,10231.0,3240
2026-01-15 05:45:00+00:00,10231.0,10231.5,10220.7,10222.1,2568
2026-01-15 06:00:00+00:00,10221.9,10222.0,10213.0,10217.3,960
2026-01-15 06:15:00+00:00,10217.0,10228.3,10216.3,10219.0,2016
2026-01-15 06:30:00+00:00,10218.8,10219.3,10210.8,10218.8,1062
2026-01-15 06:45:00+00:00,10219.0,10226.5,10216.3,10221.3,741
2026-01-15 07:00:00+00:00,10221.5,10221.8,10205.8,10211.8,1368
2026-01-15 07:15:00+00:00,10212.3,10214.5,10209.3,10209.3,783
2026-01-15 07:30:00+00:00,10209.8,10211.8,10205.8,10210.3,912
2026-01-15 07:45:00+00:00,10210.0,10217.5,10205.8,10206.0,1581
2026-01-15 08:00:00+00:00,10205.8,10206.0,10179.8,10182.3,6333
2026-01-15 08:15:00+00:00,10182.5,10186.3,10173.0,10181.3,3285
2026-01-15 08:30:00+00:00,10181.5,10189.0,10178.8,10188.0,2415
2026-01-15 08:45:00+00:00,10187.8,10196.6,10184.7,10194.9,2049
2026-01-15 09:00:00+00:00,10194.7,10205.0,10194.2,10202.8,2088
2026-01-15 09:15:00+00:00,10202.5,10219.0,10201.5,10217.8,2076
2026-01-15 09:30:00+00:00,10218.0,10227.1,10216.8,10226.8,1905
2026-01-15 09:45:00+00:00,10226.6,10227.5,10219.4,10223.1,1872
2026-01-15 10:00:00+00:00,10222.9,10231.5,10218.4,10230.3,1731
2026-01-15 10:15:00+00:00,10229.8,10232.8,10227.4,10232.3,1302
2026-01-15 10:30:00+00:00,10232.3,10241.5,10229.6,10240.2,1608
2026-01-15 10:45:00+00:00,10240.5,10243.0,10233.9,10233.9,1404
2026-01-15 11:00:00+00:00,10234.2,10235.4,10227.4,10228.7,1404
2026-01-15 11:15:00+00:00,10229.2,10230.1,10222.8,10230.0,1377
2026-01-15 11:30:00+00:00,10229.8,10232.5,10224.2,10228.6,1278
2026-01-15 11:45:00+00:00,10228.1,10230.6,10224.9,10229.6,1302
2026-01-15 12:00:00+00:00,10229.1,10232.3,10223.6,10229.8,1104
2026-01-15 12:15:00+00:00,10230.1,10238.3,10226.2,10236.4,1185
2026-01-15 12:30:00+00:00,10236.6,10237.9,10232.7,10234.2,762
2026-01-15 12:45:00+00:00,10234.4,10235.8,10227.6,10230.3,1503
2026-01-15 13:00:00+00:00,10230.6,10230.6,10223.7,10228.6,1266
2026-01-15 13:15:00+00:00,10228.4,10232.1,10224.4,10231.0,1485
2026-01-15 13:30:00+00:00,10230.8,10236.2,10225.3,10227.3,2238
2026-01-15 13:45:00+00:00,10227.0,10235.8,10224.0,10235.5,1854
2026-01-15 14:00:00+00:00,10235.3,10236.7,10229.2,10230.8,1572
2026-01-15 14:15:00+00:00,10231.0,10233.6,10221.7,10233.6,2073
2026-01-15 14:30:00+00:00,10233.4,10236.0,10223.4,10226.2,6885
2026-01-15 14:45:00+00:00,10226.0,10246.0,10225.2,10245.8,4008
2026-01-15 15:00:00+00:00,10246.0,10252.8,10238.9,10239.3,4194
2026-01-15 15:15:00+00:00,10239.5,10242.1,10230.2,10230.7,2955
2026-01-15 15:30:00+00:00,10231.0,10244.5,10230.3,10241.0,2835
2026-01-15 15:45:00+00:00,10241.5,10248.2,10235.1,10245.8,2769
2026-01-15 16:00:00+00:00,10246.0,10250.0,10243.7,10245.2,1830
2026-01-15 16:15:00+00:00,10244.9,10247.7,10238.7,10239.5,2571
2026-01-15 16:30:00+00:00,10239.2,10242.0,10229.5,10237.0,2838
2026-01-15 16:45:00+00:00,10237.2,10238.5,10231.0,10232.5,1062
2026-01-15 17:00:00+00:00,10232.3,10237.0,10227.8,10228.3,774
2026-01-15 17:15:00+00:00,10228.6,10228.6,10222.9,10222.9,723
2026-01-15 17:30:00+00:00,10222.6,10227.8,10221.9,10227.8,1188
2026-01-15 17:45:00+00:00,10228.1,10229.6,10222.6,10223.9,678
2026-01-15 18:00:00+00:00,10223.4,10229.8,10222.4,10227.9,711
2026-01-15 18:15:00+00:00,10227.6,10231.1,10226.6,10230.1,594
2026-01-15 18:30:00+00:00,10229.6,10241.0,10229.6,10235.6,729
2026-01-15 18:45:00+00:00,10235.8,10236.8,10232.1,10234.9,609
2026-01-15 19:00:00+00:00,10235.1,10241.6,10232.9,10241.3,1164
2026-01-15 19:15:00+00:00,10241.6,10242.6,10238.6,10239.3,1041
2026-01-15 19:30:00+00:00,10239.6,10239.6,10231.7,10234.9,1554
2026-01-15 19:45:00+00:00,10235.1,10237.9,10231.9,10232.2,1113
2026-01-15 20:00:00+00:00,10231.9,10232.2,10224.5,10226.0,1176
2026-01-15 20:15:00+00:00,10225.7,10226.0,10219.3,10224.0,1539
2026-01-15 20:30:00+00:00,10223.8,10226.8,10220.3,10220.3,1011
2026-01-15 20:45:00+00:00,10220.1,10225.3,10218.8,10223.8,1557
2026-01-15 21:00:00+00:00,10224.7,10225.6,10221.0,10221.3,813
2026-01-15 21:30:00+00:00,10222.0,10223.6,10221.0,10223.1,207
2026-01-15 21:45:00+00:00,10223.3,10223.8,10222.6,10223.6,141
2026-01-15 23:00:00+00:00,10225.7,10227.6,10223.3,10227.5,435
2026-01-15 23:15:00+00:00,10227.2,10229.5,10227.0,10229.3,396
2026-01-15 23:30:00+00:00,10229.0,10229.8,10226.5,10227.7,414
2026-01-15 23:45:00+00:00,10228.0,10231.1,10227.1,10229.8,486
2026-01-16 00:00:00+00:00,10230.0,10231.8,10227.8,10229.5,1380
2026-01-16 00:15:00+00:00,10229.3,10230.6,10229.3,10230.6,633
2026-01-16 00:30:00+00:00,10230.7,10232.1,10230.3,10232.1,465
2026-01-16 00:45:00+00:00,10231.9,10232.6,10230.8,10232.1,405
2026-01-16 01:00:00+00:00,10226.1,10230.2,10220.9,10226.1,2223
2026-01-16 01:15:00+00:00,10226.2,10230.8,10225.5,10229.5,2295
2026-01-16 01:30:00+00:00,10229.5,10235.3,10229.2,10232.3,2400
2026-01-16 01:45:00+00:00,10232.5,10233.0,10229.8,10230.0,1515
2026-01-16 02:00:00+00:00,10230.0,10230.4,10226.7,10227.0,1491
2026-01-16 02:15:00+00:00,10227.0,10228.1,10226.1,10228.0,1260
2026-01-16 02:30:00+00:00,10228.0,10229.5,10227.7,10228.1,1299
2026-01-16 02:45:00+00:00,10228.1,10229.3,10226.0,10226.0,1020
2026-01-16 03:00:00+00:00,10226.2,10228.4,10226.0,10226.2,1041
2026-01-16 03:15:00+00:00,10226.2,10230.2,10225.4,10230.1,1155
2026-01-16 03:30:00+00:00,10230.1,10233.9,10230.0,10232.8,1158
2026-01-16 03:45:00+00:00,10232.8,10232.8,10228.3,10228.4,915
2026-01-16 04:00:00+00:00,10228.4,10231.3,10226.4,10230.9,1002
2026-01-16 04:15:00+00:00,10230.9,10232.7,10230.3,10232.3,1353
2026-01-16 04:30:00+00:00,10232.3,10234.1,10231.9,10232.4,1074
2026-01-16 04:45:00+00:00,10232.5,10234.6,10232.3,10234.1,888
2026-01-16 05:00:00+00:00,10234.1,10235.4,10232.9,10233.2,1218
2026-01-16 05:15:00+00:00,10233.2,10236.2,10232.5,10234.4,1236
2026-01-16 05:30:00+00:00,10234.5,10235.0,10232.9,10234.9,1248
2026-01-16 05:45:00+00:00,10234.9,10236.6,10233.4,10233.6,1044
2026-01-16 06:00:00+00:00,10233.4,10234.2,10229.0,10229.5,312
2026-01-16 06:15:00+00:00,10229.2,10231.0,10227.5,10228.8,297
2026-01-16 06:30:00+00:00,10229.0,10234.7,10228.7,10233.2,321
2026-01-16 06:45:00+00:00,10232.7,10234.7,10232.5,10233.7,210
2026-01-16 07:00:00+00:00,10234.0,10237.5,10231.8,10231.8,306
2026-01-16 07:15:00+00:00,10231.5,10233.8,10227.3,10228.8,267
2026-01-16 07:30:00+00:00,10228.6,10228.6,10223.1,10225.1,456
2026-01-16 07:45:00+00:00,10224.9,10225.6,10216.7,10222.4,654
2026-01-16 08:00:00+00:00,10222.9,10226.1,10210.9,10218.0,4305
2026-01-16 08:15:00+00:00,10217.7,10222.8,10213.8,10219.3,2484
2026-01-16 08:30:00+00:00,10218.9,10223.6,10216.1,10219.1,1830
2026-01-16 08:45:00+00:00,10220.1,10220.6,10212.8,10217.0,1662
2026-01-16 09:00:00+00:00,10217.3,10233.6,10217.3,10231.6,1704
2026-01-16 09:15:00+00:00,10231.3,10238.2,10225.2,10236.0,1545
2026-01-16 09:30:00+00:00,10235.7,10238.6,10229.6,10238.6,1734
2026-01-16 09:45:00+00:00,10238.4,10240.1,10233.0,10238.1,1647
2026-01-16 10:00:00+00:00,10237.6,10259.5,10235.8,10254.8,2154
2026-01-16 10:15:00+00:00,10255.3,10258.2,10244.8,10244.9,1950
2026-01-16 10:30:00+00:00,10245.4,10253.0,10245.3,10248.7,1353
2026-01-16 10:45:00+00:00,10249.0,10249.8,10243.7,10244.9,1755
2026-01-16 11:00:00+00:00,10245.2,10249.9,10239.2,10249.1,1374
2026-01-16 11:15:00+00:00,10248.8,10255.4,10247.7,10252.9,942
2026-01-16 11:30:00+00:00,10252.4,10252.9,10237.7,10239.0,948
2026-01-16 11:45:00+00:00,10238.8,10239.0,10233.5,10234.8,1083
2026-01-16 12:00:00+00:00,10235.0,10239.5,10231.0,10238.2,1431
2026-01-16 12:15:00+00:00,10238.4,10241.9,10232.1,10232.7,1317
2026-01-16 12:30:00+00:00,10232.7,10239.0,10231.9,10236.0,1074
2026-01-16 12:45:00+00:00,10236.3,10238.6,10231.7,10233.2,1416
2026-01-16 13:00:00+00:00,10233.4,10234.4,10229.2,10230.7,1362
2026-01-16 13:15:00+00:00,10230.9,10233.6,10227.2,10228.2,1239
2026-01-16 13:30:00+00:00,10228.5,10235.1,10228.2,10229.7,1254
2026-01-16 13:45:00+00:00,10229.4,10229.4,10220.9,10222.1,1815
2026-01-16 14:00:00+00:00,10222.6,10225.9,10219.3,10224.0,1575
2026-01-16 14:15:00+00:00,10224.2,10236.2,10224.2,10233.7,1464
2026-01-16 14:30:00+00:00,10233.2,10236.2,10222.4,10222.9,5097
2026-01-16 14:45:00+00:00,10223.1,10227.7,10218.0,10218.0,3420
2026-01-16 15:00:00+00:00,10218.3,10229.4,10217.3,10226.4,2736
2026-01-16 15:15:00+00:00,10226.9,10228.8,10219.9,10223.5,3174
2026-01-16 15:30:00+00:00,10223.0,10227.8,10217.6,10219.4,3534
2026-01-16 15:45:00+00:00,10219.6,10224.9,10217.1,10223.7,2856
2026-01-16 16:00:00+00:00,10223.4,10226.8,10219.0,10222.6,2340
2026-01-16 16:15:00+00:00,10222.8,10225.6,10220.6,10224.2,2130
2026-01-16 16:30:00+00:00,10224.7,10241.3,10222.9,10239.1,2643
2026-01-16 16:45:00+00:00,10238.8,10244.8,10237.6,10241.3,1320
2026-01-16 17:00:00+00:00,10241.6,10242.1,10234.9,10236.6,1209
2026-01-16 17:15:00+00:00,10236.4,10239.1,10234.9,10237.2,885
2026-01-16 17:30:00+00:00,10236.9,10244.4,10235.7,10244.1,846
2026-01-16 17:45:00+00:00,10243.9,10243.9,10237.9,10242.6,1140
2026-01-16 18:00:00+00:00,10242.4,10247.4,10241.4,10246.4,762
2026-01-16 18:15:00+00:00,10246.6,10253.8,10246.4,10252.8,585
2026-01-16 18:30:00+00:00,10253.3,10254.8,10249.9,10250.9,567
2026-01-16 18:45:00+00:00,10250.6,10253.1,10249.1,10251.1,570
2026-01-16 19:00:00+00:00,10251.4,10256.8,10248.9,10250.9,729
2026-01-16 19:15:00+00:00,10250.6,10251.6,10242.7,10242.7,465
2026-01-16 19:30:00+00:00,10243.2,10253.9,10242.0,10252.7,855
2026-01-16 19:45:00+00:00,10252.9,10256.4,10251.2,10253.7,666
2026-01-16 20:00:00+00:00,10253.4,10257.2,10252.7,10255.9,510
2026-01-16 20:15:00+00:00,10256.2,10256.4,10249.5,10249.7,459
2026-01-16 20:30:00+00:00,10249.5,10250.7,10246.8,10247.8,762
2026-01-16 20:45:00+00:00,10247.5,10255.2,10246.3,10255.2,972
2026-01-18 23:00:00+00:00,10212.4,10215.0,10203.6,10205.7,2544
2026-01-18 23:15:00+00:00,10205.8,10210.3,10197.5,10208.6,3159
2026-01-18 23:30:00+00:00,10208.8,10211.6,10205.9,10208.0,1878
2026-01-18 23:45:00+00:00,10208.1,10210.7,10201.7,10210.4,2673
2026-01-19 00:00:00+00:00,10210.1,10210.7,10198.8,10201.1,2667
2026-01-19 00:15:00+00:00,10201.0,10201.0,10182.4,10184.5,3159
2026-01-19 00:30:00+00:00,10184.2,10191.8,10182.4,10189.9,2049
2026-01-19 00:45:00+00:00,10189.6,10191.9,10186.1,10186.7,1431
2026-01-19 01:00:00+00:00,10155.5,10175.2,10150.4,10172.6,6276
2026-01-19 01:15:00+00:00,10172.9,10176.7,10167.7,10169.0,5388
2026-01-19 01:30:00+00:00,10169.1,10171.0,10161.5,10164.7,4041
2026-01-19 01:45:00+00:00,10164.9,10168.4,10161.8,10166.0,4464
2026-01-19 02:00:00+00:00,10166.3,10181.8,10166.3,10180.9,4470
2026-01-19 02:15:00+00:00,10180.9,10185.4,10180.8,10183.7,2862
2026-01-19 02:30:00+00:00,10183.7,10184.4,10180.7,10181.0,2043
2026-01-19 02:45:00+00:00,10181.1,10188.0,10181.1,10187.9,2292
2026-01-19 03:00:00+00:00,10187.9,10189.1,10185.6,10187.0,1845
2026-01-19 03:15:00+00:00,10187.2,10187.6,10181.3,10184.5,2970
2026-01-19 03:30:00+00:00,10184.6,10190.0,10184.3,10188.5,2790
2026-01-19 03:45:00+00:00,10188.7,10192.5,10184.6,10190.3,2382
2026-01-19 04:00:00+00:00,10190.5,10190.8,10185.4,10187.4,2211
2026-01-19 04:15:00+00:00,10187.5,10189.0,10185.4,10188.3,1866
2026-01-19 04:30:00+00:00,10188.5,10191.2,10185.8,10186.2,1839
2026-01-19 04:45:00+00:00,10186.4,10188.0,10183.7,10186.3,1794
2026-01-19 05:00:00+00:00,10186.9,10186.9,10176.6,10180.1,2832
2026-01-19 05:15:00+00:00,10180.3,10183.8,10173.2,10183.8,2796
2026-01-19 05:30:00+00:00,10183.8,10187.5,10182.6,10186.0,1950
2026-01-19 05:45:00+00:00,10186.1,10187.0,10185.0,10185.6,1740
2026-01-19 06:00:00+00:00,10185.6,10190.0,10184.5,10186.0,672
2026-01-19 06:15:00+00:00,10186.3,10186.5,10182.8,10183.0,558
2026-01-19 06:30:00+00:00,10183.3,10186.0,10180.8,10186.0,774
2026-01-19 06:45:00+00:00,10185.8,10188.5,10174.8,10175.8,1062
2026-01-19 07:00:00+00:00,10176.0,10177.5,10158.8,10164.8,1707
2026-01-19 07:15:00+00:00,10165.3,10176.0,10161.3,10171.8,1038
2026-01-19 07:30:00+00:00,10172.0,10184.8,10172.0,10178.3,1089
2026-01-19 07:45:00+00:00,10178.0,10182.0,10167.8,10179.8,1866
2026-01-19 08:00:00+00:00,10180.3,10213.5,10176.5,10206.8,8013
2026-01-19 08:15:00+00:00,10207.0,10227.3,10206.5,10221.3,4188
2026-01-19 08:30:00+00:00,10221.5,10231.3,10216.5,10217.8,3351
2026-01-19 08:45:00+00:00,10218.0,10220.0,10210.3,10216.0,3090
2026-01-19 09:00:00+00:00,10215.8,10220.7,10196.3,10199.8,2784
2026-01-19 09:15:00+00:00,10200.3,10204.4,10181.7,10185.2,3384
2026-01-19 09:30:00+00:00,10185.5,10187.4,10172.8,10179.3,3303
2026-01-19 09:45:00+00:00,10179.6,10189.0,10178.0,10181.5,2481
2026-01-19 10:00:00+00:00,10181.2,10186.5,10179.5,10185.5,2346
2026-01-19 10:15:00+00:00,10185.7,10190.0,10182.0,10186.7,1881
2026-01-19 10:30:00+00:00,10187.0,10187.5,10170.2,10170.2,2073
2026-01-19 10:45:00+00:00,10169.9,10177.4,10166.0,10168.1,1950
2026-01-19 11:00:00+00:00,10167.6,10173.9,10165.4,10171.3,2034
2026-01-19 11:15:00+00:00,10171.5,10180.1,10171.0,10177.1,1806
2026-01-19 11:30:00+00:00,10177.4,10180.1,10174.5,10178.2,1557
2026-01-19 11:45:00+00:00,10178.4,10189.7,10177.7,10184.0,1431
2026-01-19 12:00:00+00:00,10183.8,10184.7,10172.2,10183.0,1743
2026-01-19 12:15:00+00:00,10182.8,10187.1,10180.1,10183.5,1659
2026-01-19 12:30:00+00:00,10183.8,10191.1,10183.3,10188.1,1344
2026-01-19 12:45:00+00:00,10188.1,10192.5,10186.1,10191.0,1521
2026-01-19 13:00:00+00:00,10190.8,10193.0,10186.6,10190.6,1575
2026-01-19 13:15:00+00:00,10190.8,10196.7,10190.4,10195.3,1434
2026-01-19 13:30:00+00:00,10195.8,10204.4,10195.1,10199.0,1479
2026-01-19 13:45:00+00:00,10198.7,10201.2,10196.6,10199.2,1281
2026-01-19 14:00:00+00:00,10199.4,10199.9,10192.2,10193.8,1578
2026-01-19 14:15:00+00:00,10193.5,10200.9,10188.6,10200.1,1761
2026-01-19 14:30:00+00:00,10200.6,10207.3,10192.7,10198.5,2142
2026-01-19 14:45:00+00:00,10198.0,10205.8,10194.8,10203.1,1740
2026-01-19 15:00:00+00:00,10202.1,10203.1,10196.8,10198.3,1965
2026-01-19 15:15:00+00:00,10198.1,10203.7,10194.7,10198.4,1854
2026-01-19 15:30:00+00:00,10197.9,10205.4,10194.8,10204.9,1953
2026-01-19 15:45:00+00:00,10204.2,10206.9,10197.4,10199.4,2181
2026-01-19 16:00:00+00:00,10199.4,10206.1,10197.2,10198.1,2022
2026-01-19 16:15:00+00:00,10197.9,10199.9,10185.9,10190.0,2916
2026-01-19 16:30:00+00:00,10189.7,10193.7,10187.2,10191.2,2108
2026-01-19 16:45:00+00:00,10191.4,10191.7,10187.3,10187.5,956
2026-01-19 17:00:00+00:00,10187.8,10191.7,10184.8,10186.3,968
2026-01-19 17:15:00+00:00,10186.5,10189.3,10186.3,10189.3,520
2026-01-19 17:30:00+00:00,10189.5,10190.5,10186.3,10190.5,580
2026-01-19 17:45:00+00:00,10190.3,10191.5,10183.8,10187.6,820
2026-01-19 18:00:00+00:00,10187.8,10188.1,10185.1,10185.6,384
2026-01-19 18:15:00+00:00,10185.3,10188.0,10184.3,10184.9,152
2026-01-19 18:30:00+00:00,10185.1,10187.3,10184.1,10185.9,136
2026-01-19 18:45:00+00:00,10187.3,10190.6,10185.9,10187.1,412
2026-01-19 19:00:00+00:00,10186.9,10187.1,10183.6,10184.1,284
2026-01-19 19:15:00+00:00,10183.9,10185.9,10183.7,10185.4,236
2026-01-19 19:30:00+00:00,10185.2,10187.0,10183.9,10184.2,344
2026-01-19 19:45:00+00:00,10184.7,10185.7,10182.7,10182.9,224
2026-01-19 20:00:00+00:00,10182.7,10183.7,10182.0,10182.7,84
2026-01-19 20:15:00+00:00,10182.5,10183.2,10181.5,10182.5,272
2026-01-19 20:30:00+00:00,10182.2,10183.2,10181.2,10182.5,312
2026-01-19 20:45:00+00:00,10182.0,10182.3,10180.3,10181.3,704
2026-01-19 23:00:00+00:00,10185.3,10185.3,10181.3,10182.3,228
2026-01-19 23:15:00+00:00,10183.0,10186.0,10181.5,10183.8,120
2026-01-19 23:30:00+00:00,10183.0,10184.5,10179.3,10180.0,92
2026-01-19 23:45:00+00:00,10180.8,10183.0,10177.0,10179.3,152
2026-01-20 00:00:00+00:00,10178.5,10180.0,10170.3,10171.8,288
2026-01-20 00:15:00+00:00,10172.5,10172.5,10154.5,10164.3,224
2026-01-20 00:30:00+00:00,10165.0,10181.5,10164.3,10179.3,156
2026-01-20 00:45:00+00:00,10180.0,10181.5,10174.8,10174.8,92
2026-01-20 01:00:00+00:00,10174.8,10188.2,10174.8,10184.0,6072
2026-01-20 01:15:00+00:00,10184.1,10188.7,10181.5,10186.1,4864
2026-01-20 01:30:00+00:00,10186.5,10188.5,10183.4,10184.8,3988
2026-01-20 01:45:00+00:00,10185.0,10188.2,10182.9,10184.1,3212
2026-01-20 02:00:00+00:00,10184.3,10186.0,10175.9,10175.9,3400
2026-01-20 02:15:00+00:00,10175.9,10176.0,10169.7,10171.0,3476
2026-01-20 02:30:00+00:00,10171.1,10177.3,10171.1,10177.1,3240
2026-01-20 02:45:00+00:00,10177.1,10179.4,10175.9,10176.4,2408
2026-01-20 03:00:00+00:00,10176.5,10176.5,10171.1,10173.8,2572
2026-01-20 03:15:00+00:00,10174.2,10175.8,10173.2,10173.2,2180
2026-01-20 03:30:00+00:00,10172.8,10174.7,10171.6,10174.2,2640
2026-01-20 03:45:00+00:00,10174.3,10177.1,10173.9,10176.2,1972
2026-01-20 04:00:00+00:00,10175.8,10176.9,10172.8,10173.7,2472
2026-01-20 04:15:00+00:00,10173.8,10175.8,10172.8,10174.8,1932
2026-01-20 04:30:00+00:00,10174.7,10176.1,10173.2,10173.3,1828
2026-01-20 04:45:00+00:00,10173.4,10175.3,10170.8,10172.6,2452
2026-01-20 05:00:00+00:00,10172.4,10175.3,10170.2,10173.5,3964
2026-01-20 05:15:00+00:00,10173.6,10176.6,10172.0,10175.8,3120
2026-01-20 05:30:00+00:00,10175.8,10176.4,10171.7,10173.9,3072
2026-01-20 05:45:00+00:00,10173.2,10174.7,10171.8,10172.0,3236
2026-01-20 06:00:00+00:00,10172.0,10172.0,10164.9,10165.7,940
2026-01-20 06:15:00+00:00,10165.2,10166.2,10151.3,10154.5,1496
2026-01-20 06:30:00+00:00,10154.8,10155.3,10137.2,10143.1,1832
2026-01-20 06:45:00+00:00,10143.6,10149.3,10140.9,10148.8,1260
2026-01-20 07:00:00+00:00,10148.6,10153.1,10137.7,10137.7,1672
2026-01-20 07:15:00+00:00,10137.5,10139.2,10132.3,10133.3,1164
2026-01-20 07:30:00+00:00,10133.0,10133.3,10123.6,10127.1,1676
2026-01-20 07:45:00+00:00,10126.3,10132.3,10121.6,10132.3,2400
2026-01-20 08:00:00+00:00,10133.8,10134.8,10110.4,10116.4,10236
2026-01-20 08:15:00+00:00,10116.6,10122.3,10106.5,10108.3,6220
2026-01-20 08:30:00+00:00,10108.5,10108.5,10079.1,10088.4,6528
2026-01-20 08:45:00+00:00,10088.9,10093.7,10077.6,10081.5,5944
2026-01-20 09:00:00+00:00,10082.0,10084.2,10056.2,10062.1,7444
2026-01-20 09:15:00+00:00,10062.6,10075.5,10057.9,10068.4,5524
2026-01-20 09:30:00+00:00,10068.1,10068.2,10054.5,10061.1,5212
2026-01-20 09:45:00+00:00,10061.4,10061.4,10050.1,10054.7,4252
2026-01-20 10:00:00+00:00,10054.5,10069.1,10049.8,10067.6,3984
2026-01-20 10:15:00+00:00,10067.8,10084.8,10065.0,10083.3,4604
2026-01-20 10:30:00+00:00,10083.0,10084.5,10070.0,10076.9,3508
2026-01-20 10:45:00+00:00,10077.1,10079.8,10070.7,10073.0,2880
2026-01-20 11:00:00+00:00,10072.7,10086.1,10071.5,10085.8,3276
2026-01-20 11:15:00+00:00,10086.1,10091.6,10079.5,10086.2,3464
2026-01-20 11:30:00+00:00,10085.9,10087.9,10076.7,10078.3,3268
2026-01-20 11:45:00+00:00,10078.8,10090.1,10078.3,10086.9,2760
2026-01-20 12:00:00+00:00,10086.7,10094.9,10080.5,10093.9,3180
2026-01-20 12:15:00+00:00,10094.1,10094.6,10080.2,10087.1,3060
2026-01-20 12:30:00+00:00,10086.6,10102.4,10086.6,10101.6,3040
2026-01-20 12:45:00+00:00,10101.8,10108.8,10100.0,10104.9,2956
2026-01-20 13:00:00+00:00,10105.2,10108.9,10100.9,10101.5,2920
2026-01-20 13:15:00+00:00,10101.5,10106.8,10097.5,10100.7,3608
2026-01-20 13:30:00+00:00,10100.5,10101.2,10079.3,10091.0,7472
2026-01-20 13:45:00+00:00,10091.3,10092.3,10078.8,10080.6,3464
2026-01-20 14:00:00+00:00,10080.3,10088.0,10078.5,10084.9,4256
2026-01-20 14:15:00+00:00,10085.2,10091.0,10082.0,10090.6,3484
2026-01-20 14:30:00+00:00,10090.8,10104.7,10089.0,10102.0,11404
2026-01-20 14:45:00+00:00,10101.5,10102.0,10087.5,10089.4,8852
2026-01-20 15:00:00+00:00,10089.9,10099.6,10085.5,10092.5,8880
2026-01-20 15:15:00+00:00,10092.2,10109.6,10088.7,10108.8,5612
2026-01-20 15:30:00+00:00,10108.6,10116.6,10107.3,10110.9,4736
2026-01-20 15:45:00+00:00,10111.4,10117.3,10104.0,10112.1,5428
2026-01-20 16:00:00+00:00,10112.5,10117.7,10107.2,10114.8,5492
2026-01-20 16:15:00+00:00,10115.3,10122.2,10112.5,10120.8,5360
2026-01-20 16:30:00+00:00,10121.3,10131.0,10113.8,10122.0,6528
2026-01-20 16:45:00+00:00,10122.3,10131.5,10116.6,10128.8,4996
2026-01-20 17:00:00+00:00,10128.3,10130.3,10119.9,10121.8,4912
2026-01-20 17:15:00+00:00,10122.1,10124.6,10117.1,10120.6,4976
2026-01-20 17:30:00+00:00,10120.4,10120.4,10109.4,10112.9,4552
2026-01-20 17:45:00+00:00,10112.7,10112.9,10105.0,10110.5,3408
2026-01-20 18:00:00+00:00,10110.2,10122.1,10108.7,10121.1,2900
2026-01-20 18:15:00+00:00,10120.9,10124.4,10117.4,10118.2,1984
2026-01-20 18:30:00+00:00,10117.9,10121.4,10106.3,10106.8,2912
2026-01-20 18:45:00+00:00,10106.5,10108.3,10100.1,10105.8,3684
2026-01-20 19:00:00+00:00,10106.0,10110.5,10104.6,10107.5,3260
2026-01-20 19:15:00+00:00,10107.3,10107.8,10100.1,10104.6,2956
2026-01-20 19:30:00+00:00,10104.3,10105.6,10094.2,10100.4,4068
2026-01-20 19:45:00+00:00,10100.1,10108.3,10099.6,10105.3,3652
2026-01-20 20:00:00+00:00,10105.1,10105.3,10097.0,10098.8,3088
2026-01-20 20:15:00+00:00,10099.5,10105.5,10093.8,10099.8,3960
2026-01-20 20:30:00+00:00,10100.0,10107.2,10098.6,10102.0,2676
2026-01-20 20:45:00+00:00,10102.5,10106.8,10096.3,10102.1,2872
2026-01-20 21:00:00+00:00,10102.3,10110.3,10099.1,10109.5,2252
2026-01-20 21:30:00+00:00,10103.0,10103.2,10098.3,10099.9,744
2026-01-20 21:45:00+00:00,10100.4,10104.0,10100.1,10103.2,872
2026-01-20 23:00:00+00:00,10108.2,10108.2,10104.1,10105.7,1024
2026-01-20 23:15:00+00:00,10105.6,10106.6,10103.8,10104.3,1076
2026-01-20 23:30:00+00:00,10104.6,10106.7,10103.8,10105.8,632
2026-01-20 23:45:00+00:00,10105.6,10105.8,10095.4,10098.2,2396
2026-01-21 00:00:00+00:00,10098.5,10104.9,10098.5,10103.4,2768
2026-01-21 00:15:00+00:00,10103.5,10106.7,10102.3,10106.3,1604
2026-01-21 00:30:00+00:00,10106.4,10110.3,10105.7,10108.5,1196
2026-01-21 00:45:00+00:00,10108.6,10111.3,10108.0,10110.1,728
2026-01-21 01:00:00+00:00,10107.6,10115.4,10107.6,10115.3,2980
2026-01-21 01:15:00+00:00,10115.2,10116.0,10112.0,10113.5,3304
2026-01-21 01:30:00+00:00,10113.6,10116.1,10110.3,10114.9,4128
2026-01-21 01:45:00+00:00,10115.1,10117.9,10112.7,10112.9,2952
2026-01-21 02:00:00+00:00,10113.1,10113.9,10110.0,10113.3,2776
2026-01-21 02:15:00+00:00,10113.5,10113.9,10110.7,10112.4,3568
2026-01-21 02:30:00+00:00,10112.4,10113.3,10108.2,10111.4,4848
2026-01-21 02:45:00+00:00,10111.3,10113.6,10110.0,10111.8,3148
2026-01-21 03:00:00+00:00,10111.7,10116.1,10110.1,10113.9,3200
2026-01-21 03:15:00+00:00,10113.8,10122.7,10112.4,10122.7,4160
2026-01-21 03:30:00+00:00,10122.7,10123.3,10118.6,10121.0,3172
2026-01-21 03:45:00+00:00,10120.9,10121.1,10116.5,10118.7,4016
2026-01-21 04:00:00+00:00,10118.5,10120.8,10117.5,10118.5,3056
2026-01-21 04:15:00+00:00,10118.5,10119.2,10115.1,10116.3,3696
2026-01-21 04:30:00+00:00,10116.3,10117.9,10114.5,10116.1,2564
2026-01-21 04:45:00+00:00,10116.4,10116.4,10113.5,10113.6,2192
2026-01-21 05:00:00+00:00,10113.5,10121.2,10112.6,10120.9,3332
2026-01-21 05:15:00+00:00,10121.1,10121.3,10116.2,10118.6,2812
2026-01-21 05:30:00+00:00,10118.8,10120.5,10117.3,10120.1,2268
2026-01-21 05:45:00+00:00,10120.0,10121.3,10115.2,10115.4,2220
2026-01-21 06:00:00+00:00,10115.2,10117.4,10113.9,10116.9,668
2026-01-21 06:15:00+00:00,10117.2,10117.4,10106.8,10107.7,736
2026-01-21 06:30:00+00:00,10108.5,10116.4,10106.8,10115.0,876
2026-01-21 06:45:00+00:00,10115.2,10116.0,10108.0,10109.5,860
2026-01-21 07:00:00+00:00,10110.0,10136.6,10110.0,10136.1,1492
2026-01-21 07:15:00+00:00,10136.3,10138.6,10122.7,10122.7,1028
2026-01-21 07:30:00+00:00,10122.4,10129.7,10121.0,10126.9,1020
2026-01-21 07:45:00+00:00,10126.7,10130.9,10113.3,10120.5,2036
2026-01-21 08:00:00+00:00,10119.7,10138.4,10116.3,10125.1,7216
2026-01-21 08:15:00+00:00,10124.9,10132.1,10119.3,10120.6,6148
2026-01-21 08:30:00+00:00,10119.8,10126.8,10113.4,10118.1,4584
2026-01-21 08:45:00+00:00,10118.4,10125.7,10117.6,10124.7,3156
2026-01-21 09:00:00+00:00,10124.5,10133.7,10123.3,10132.7,3592
2026-01-21 09:15:00+00:00,10132.4,10137.5,10122.7,10122.9,3040
2026-01-21 09:30:00+00:00,10123.2,10131.3,10117.3,10129.6,3364
2026-01-21 09:45:00+00:00,10129.4,10129.9,10110.7,10112.9,3544
2026-01-21 10:00:00+00:00,10114.4,10115.8,10103.9,10112.2,3208
2026-01-21 10:15:00+00:00,10112.7,10123.5,10110.4,10123.0,2284
2026-01-21 10:30:00+00:00,10123.3,10125.7,10119.5,10120.7,2416
2026-01-21 10:45:00+00:00,10121.0,10125.5,10113.2,10113.4,1708
2026-01-21 11:00:00+00:00,10113.7,10118.7,10109.8,10112.6,2044
2026-01-21 11:15:00+00:00,10112.4,10115.4,10109.0,10110.4,2320
2026-01-21 11:30:00+00:00,10110.9,10114.6,10098.0,10099.5,2720
2026-01-21 11:45:00+00:00,10100.0,10100.5,10092.2,10095.0,3136
2026-01-21 12:00:00+00:00,10094.7,10109.6,10092.7,10109.3,3200
2026-01-21 12:15:00+00:00,10110.1,10110.8,10103.7,10103.7,2520
2026-01-21 12:30:00+00:00,10104.2,10108.7,10095.0,10097.1,2852
2026-01-21 12:45:00+00:00,10097.4,10109.3,10093.4,10107.2,2528
2026-01-21 13:00:00+00:00,10106.7,10116.3,10106.0,10113.9,2928
2026-01-21 13:15:00+00:00,10114.4,10115.1,10106.4,10112.1,2368
2026-01-21 13:30:00+00:00,10111.4,10112.3,10103.4,10107.8,3388
2026-01-21 13:45:00+00:00,10108.3,10123.2,10105.9,10120.2,4576
2026-01-21 14:00:00+00:00,10120.0,10154.2,10113.4,10148.9,13840
2026-01-21 14:15:00+00:00,10148.6,10150.5,10134.8,10140.6,8660
2026-01-21 14:30:00+00:00,10140.4,10160.8,10133.7,10156.1,10100
2026-01-21 14:45:00+00:00,10156.4,10162.2,10148.8,10156.9,6496
2026-01-21 15:00:00+00:00,10157.4,10158.4,10149.2,10153.6,6060
2026-01-21 15:15:00+00:00,10153.3,10160.4,10140.0,10145.9,5992
2026-01-21 15:30:00+00:00,10146.1,10161.2,10145.4,10153.6,4764
2026-01-21 15:45:00+00:00,10154.1,10158.0,10148.9,10149.6,4280
2026-01-21 16:00:00+00:00,10149.4,10149.4,10137.4,10139.1,4152
2026-01-21 16:15:00+00:00,10139.3,10144.0,10136.6,10140.5,3636
2026-01-21 16:30:00+00:00,10140.7,10145.0,10123.6,10125.7,7384
2026-01-21 16:45:00+00:00,10125.4,10136.1,10121.2,10123.7,6872
2026-01-21 17:00:00+00:00,10123.4,10127.9,10104.3,10105.8,6692
2026-01-21 17:15:00+00:00,10106.1,10120.0,10103.3,10117.2,7360
2026-01-21 17:30:00+00:00,10117.5,10126.2,10111.8,10122.0,8196
2026-01-21 17:45:00+00:00,10121.7,10145.3,10119.7,10144.3,6748
2026-01-21 18:00:00+00:00,10144.1,10148.3,10127.7,10144.1,6220
2026-01-21 18:15:00+00:00,10144.4,10155.1,10142.9,10152.3,5788
2026-01-21 18:30:00+00:00,10151.8,10158.5,10150.3,10154.6,5008
2026-01-21 18:45:00+00:00,10154.8,10163.5,10152.3,10161.0,4220
2026-01-21 19:00:00+00:00,10161.3,10162.5,10151.4,10153.9,3980
2026-01-21 19:15:00+00:00,10153.6,10195.6,10151.4,10187.9,8592
2026-01-21 19:30:00+00:00,10188.1,10218.4,10188.1,10211.2,13108
2026-01-21 19:45:00+00:00,10211.0,10221.2,10208.0,10219.7,6612
2026-01-21 20:00:00+00:00,10220.2,10221.7,10211.5,10214.5,6260
2026-01-21 20:15:00+00:00,10214.7,10215.0,10199.9,10200.1,5452
2026-01-21 20:30:00+00:00,10199.9,10212.3,10197.6,10209.8,4048
2026-01-21 20:45:00+00:00,10209.5,10211.3,10203.1,10206.8,3456
2026-01-21 21:00:00+00:00,10208.9,10215.9,10206.3,10215.2,2004
2026-01-21 21:30:00+00:00,10212.9,10212.9,10210.4,10212.1,776
2026-01-21 21:45:00+00:00,10211.9,10212.1,10209.3,10211.6,568
2026-01-21 23:00:00+00:00,10219.7,10222.3,10216.6,10217.9,924
2026-01-21 23:15:00+00:00,10217.8,10221.5,10217.4,10220.5,776
2026-01-21 23:30:00+00:00,10220.7,10220.7,10213.2,10215.8,1416
2026-01-21 23:45:00+00:00,10215.6,10219.5,10215.1,10218.2,1232
2026-01-22 00:00:00+00:00,10218.4,10221.8,10216.1,10221.5,2452
2026-01-22 00:15:00+00:00,10221.4,10223.8,10219.5,10221.3,2000
2026-01-22 00:30:00+00:00,10221.8,10223.6,10217.4,10220.5,1848
2026-01-22 00:45:00+00:00,10220.2,10222.3,10219.7,10221.3,1220
2026-01-22 01:00:00+00:00,10212.4,10218.8,10210.1,10217.2,4264
2026-01-22 01:15:00+00:00,10217.5,10220.3,10215.4,10219.8,3868
2026-01-22 01:30:00+00:00,10219.6,10219.6,10214.8,10216.5,3888
2026-01-22 01:45:00+00:00,10216.3,10218.2,10215.1,10217.2,3244
2026-01-22 02:00:00+00:00,10217.3,10217.3,10213.5,10214.4,2576
2026-01-22 02:15:00+00:00,10214.5,10214.5,10211.7,10212.2,1580
2026-01-22 02:30:00+00:00,10212.0,10212.0,10206.3,10210.9,2892
2026-01-22 02:45:00+00:00,10210.9,10212.8,10209.4,10212.7,1812
2026-01-22 03:00:00+00:00,10212.8,10217.8,10212.5,10215.2,2436
2026-01-22 03:15:00+00:00,10215.3,10217.3,10213.5,10215.3,2116
2026-01-22 03:30:00+00:00,10215.2,10215.7,10213.7,10214.8,2012
2026-01-22 03:45:00+00:00,10214.7,10220.0,10214.2,10219.8,2160
2026-01-22 04:00:00+00:00,10219.6,10219.6,10217.0,10218.0,2248
2026-01-22 04:15:00+00:00,10217.8,10218.1,10213.7,10217.0,2164
2026-01-22 04:30:00+00:00,10217.0,10217.7,10215.3,10216.0,1448
2026-01-22 04:45:00+00:00,10215.8,10219.6,10215.7,10219.4,1652
2026-01-22 05:00:00+00:00,10219.2,10219.4,10217.2,10218.0,1892
2026-01-22 05:15:00+00:00,10218.2,10218.3,10216.1,10216.8,1876
2026-01-22 05:30:00+00:00,10216.8,10217.5,10214.0,10216.0,2308
2026-01-22 05:45:00+00:00,10216.0,10217.5,10209.8,10211.5,3268
2026-01-22 06:00:00+00:00,10211.8,10213.3,10203.8,10205.0,840
2026-01-22 06:15:00+00:00,10204.8,10208.0,10201.0,10202.0,1044
2026-01-22 06:30:00+00:00,10201.8,10212.8,10201.8,10212.8,1172
2026-01-22 06:45:00+00:00,10212.5,10216.0,10209.8,10212.0,796
2026-01-22 07:00:00+00:00,10211.5,10211.5,10197.0,10200.3,1272
2026-01-22 07:15:00+00:00,10200.8,10205.3,10197.5,10204.5,1132
2026-01-22 07:30:00+00:00,10204.3,10212.3,10199.8,10212.3,1332
2026-01-22 07:45:00+00:00,10212.0,10212.5,10200.8,10204.0,1872
2026-01-22 08:00:00+00:00,10204.5,10212.8,10197.8,10205.8,8552
2026-01-22 08:15:00+00:00,10206.0,10219.3,10204.8,10215.8,4596
2026-01-22 08:30:00+00:00,10215.5,10217.2,10206.9,10212.3,4416
2026-01-22 08:45:00+00:00,10212.1,10218.1,10207.0,10207.8,3460
2026-01-22 09:00:00+00:00,10208.0,10219.4,10205.0,10218.4,2444
2026-01-22 09:15:00+00:00,10218.9,10221.3,10205.4,10208.5,2628
2026-01-22 09:30:00+00:00,10209.0,10219.1,10205.4,10217.9,2180
2026-01-22 09:45:00+00:00,10217.6,10226.1,10215.6,10224.1,2388
2026-01-22 10:00:00+00:00,10223.8,10227.3,10221.1,10223.1,2016
2026-01-22 10:15:00+00:00,10223.4,10223.6,10214.7,10214.9,2400
2026-01-22 10:30:00+00:00,10214.7,10214.9,10200.6,10206.7,2248
2026-01-22 10:45:00+00:00,10206.2,10207.1,10199.9,10201.9,1956
2026-01-22 11:00:00+00:00,10202.1,10207.8,10192.3,10198.6,2664
2026-01-22 11:15:00+00:00,10198.9,10198.9,10177.8,10182.3,6716
2026-01-22 11:30:00+00:00,10183.0,10189.0,10157.9,10159.4,4700
2026-01-22 11:45:00+00:00,10159.7,10163.8,10154.8,10162.5,3360
2026-01-22 12:00:00+00:00,10162.2,10163.5,10156.0,10162.6,3544
2026-01-22 12:15:00+00:00,10162.9,10175.7,10162.9,10168.7,2256
2026-01-22 12:30:00+00:00,10168.9,10189.8,10168.9,10189.8,3468
2026-01-22 12:45:00+00:00,10190.0,10191.8,10172.1,10175.1,2416
2026-01-22 13:00:00+00:00,10174.6,10178.5,10169.0,10176.1,2752
2026-01-22 13:15:00+00:00,10176.3,10181.7,10173.9,10179.7,2216
2026-01-22 13:30:00+00:00,10179.7,10192.7,10177.4,10189.7,3000
2026-01-22 13:45:00+00:00,10189.4,10196.3,10186.2,10191.8,3072
2026-01-22 14:00:00+00:00,10192.0,10197.7,10187.3,10190.7,2940
2026-01-22 14:15:00+00:00,10191.0,10195.5,10188.7,10194.3,2796
2026-01-22 14:30:00+00:00,10194.1,10211.1,10193.8,10198.0,9424
2026-01-22 14:45:00+00:00,10197.5,10198.5,10168.2,10172.9,7392
2026-01-22 15:00:00+00:00,10172.7,10172.9,10141.6,10142.6,7592
2026-01-22 15:15:00+00:00,10142.3,10165.4,10142.1,10163.0,6120
2026-01-22 15:30:00+00:00,10163.2,10169.9,10157.4,10161.0,5380
2026-01-22 15:45:00+00:00,10161.3,10165.8,10156.3,10164.5,4672
2026-01-22 16:00:00+00:00,10164.3,10171.4,10161.7,10163.8,3976
2026-01-22 16:15:00+00:00,10163.5,10167.3,10153.3,10157.8,3764
2026-01-22 16:30:00+00:00,10157.6,10158.3,10143.7,10149.4,3688
2026-01-22 16:45:00+00:00,10149.7,10152.9,10141.2,10142.7,1876
2026-01-22 17:00:00+00:00,10143.2,10150.2,10140.7,10147.4,2964
2026-01-22 17:15:00+00:00,10147.7,10148.9,10144.5,10146.2,2116
2026-01-22 17:30:00+00:00,10146.7,10154.9,10146.2,10151.2,1632
2026-01-22 17:45:00+00:00,10151.7,10155.7,10148.0,10155.2,1372
2026-01-22 18:00:00+00:00,10155.4,10155.9,10143.8,10144.8,1776
2026-01-22 18:15:00+00:00,10144.3,10147.0,10143.8,10145.8,1344
2026-01-22 18:30:00+00:00,10145.3,10152.7,10144.8,10150.3,1124
2026-01-22 18:45:00+00:00,10150.5,10151.3,10147.0,10148.3,1268
2026-01-22 19:00:00+00:00,10148.5,10156.0,10148.3,10153.3,1300
2026-01-22 19:15:00+00:00,10152.8,10155.3,10151.0,10154.3,1168
2026-01-22 19:30:00+00:00,10154.0,10155.3,10146.1,10146.8,1528
2026-01-22 19:45:00+00:00,10146.6,10149.3,10141.1,10143.1,1900
2026-01-22 20:00:00+00:00,10142.9,10149.1,10141.6,10148.6,2108
2026-01-22 20:15:00+00:00,10148.9,10151.6,10145.6,10145.6,1560
2026-01-22 20:30:00+00:00,10145.4,10145.6,10141.7,10143.7,1972
2026-01-22 20:45:00+00:00,10143.9,10150.6,10143.9,10145.2,1956
2026-01-22 21:00:00+00:00,10145.9,10147.7,10140.9,10143.7,2264
2026-01-22 21:30:00+00:00,10145.7,10145.7,10141.7,10142.2,412
2026-01-22 21:45:00+00:00,10141.9,10143.7,10135.1,10139.1,972
2026-01-22 23:00:00+00:00,10135.8,10138.4,10135.4,10136.1,1092
2026-01-22 23:15:00+00:00,10136.3,10144.2,10136.1,10142.5,1080
2026-01-22 23:30:00+00:00,10142.7,10145.5,10142.2,10144.5,648
2026-01-22 23:45:00+00:00,10144.3,10144.9,10140.0,10142.5,1136
2026-01-23 00:00:00+00:00,10142.2,10146.1,10138.7,10145.1,2104
2026-01-23 00:15:00+00:00,10144.9,10147.8,10143.7,10146.1,1304
2026-01-23 00:30:00+00:00,10145.8,10150.2,10145.3,10149.9,656
2026-01-23 00:45:00+00:00,10150.2,10151.4,10148.6,10151.2,304
2026-01-23 01:00:00+00:00,10150.5,10157.1,10147.9,10154.8,4188
2026-01-23 01:15:00+00:00,10154.6,10156.6,10150.2,10154.0,3728
2026-01-23 01:30:00+00:00,10153.6,10155.4,10150.8,10151.8,4872
2026-01-23 01:45:00+00:00,10151.6,10153.5,10149.6,10151.8,2648
2026-01-23 02:00:00+00:00,10151.9,10153.1,10149.9,10152.9,2504
2026-01-23 02:15:00+00:00,10152.7,10154.1,10151.0,10153.7,2156
2026-01-23 02:30:00+00:00,10153.5,10153.5,10148.7,10150.9,1872
2026-01-23 02:45:00+00:00,10150.9,10151.2,10148.2,10149.4,1828
2026-01-23 03:00:00+00:00,10149.4,10153.5,10149.4,10153.4,2608
2026-01-23 03:15:00+00:00,10153.4,10155.3,10152.9,10153.8,2156
2026-01-23 03:30:00+00:00,10153.8,10154.4,10151.0,10152.9,1740
2026-01-23 03:45:00+00:00,10152.7,10153.9,10150.4,10152.7,1964
2026-01-23 04:00:00+00:00,10152.5,10153.6,10151.0,10153.4,1852
2026-01-23 04:15:00+00:00,10153.4,10158.3,10153.0,10158.2,2108
2026-01-23 04:30:00+00:00,10158.2,10158.3,10154.1,10154.3,1936
2026-01-23 04:45:00+00:00,10154.3,10155.8,10152.6,10155.3,2428
2026-01-23 05:00:00+00:00,10155.5,10159.5,10154.7,10158.4,2636
2026-01-23 05:15:00+00:00,10158.4,10159.7,10156.7,10158.2,1904
2026-01-23 05:30:00+00:00,10158.2,10159.4,10157.0,10157.0,1732
2026-01-23 05:45:00+00:00,10156.8,10160.5,10156.4,10159.3,1944
2026-01-23 06:00:00+00:00,10159.5,10163.5,10159.3,10163.0,820
2026-01-23 06:15:00+00:00,10162.8,10164.0,10159.1,10159.6,920
2026-01-23 06:30:00+00:00,10158.6,10160.3,10153.4,10155.4,704
2026-01-23 06:45:00+00:00,10155.6,10158.6,10154.4,10157.3,564
2026-01-23 07:00:00+00:00,10157.1,10157.8,10151.1,10151.9,808
2026-01-23 07:15:00+00:00,10152.2,10153.6,10148.4,10148.7,608
2026-01-23 07:30:00+00:00,10148.2,10148.7,10140.8,10144.5,1140
2026-01-23 07:45:00+00:00,10144.7,10158.2,10143.0,10157.4,1628
2026-01-23 08:00:00+00:00,10157.7,10173.0,10140.8,10166.2,7596
2026-01-23 08:15:00+00:00,10167.2,10183.4,10167.2,10176.8,4432
2026-01-23 08:30:00+00:00,10178.5,10179.0,10167.2,10167.5,4204
2026-01-23 08:45:00+00:00,10167.5,10170.6,10157.5,10159.4,3712
2026-01-23 09:00:00+00:00,10160.1,10171.9,10160.1,10166.1,3244
2026-01-23 09:15:00+00:00,10165.8,10178.4,10164.6,10176.7,3196
2026-01-23 09:30:00+00:00,10172.5,10176.6,10157.1,10158.1,4228
2026-01-23 09:45:00+00:00,10158.4,10158.9,10150.1,10153.2,4748
2026-01-23 10:00:00+00:00,10152.9,10154.2,10136.8,10141.6,3680
2026-01-23 10:15:00+00:00,10141.3,10150.5,10141.1,10144.3,2960
2026-01-23 10:30:00+00:00,10144.6,10144.8,10135.0,10138.5,2904
2026-01-23 10:45:00+00:00,10138.2,10154.9,10138.2,10153.8,3048
2026-01-23 11:00:00+00:00,10153.8,10160.9,10151.2,10152.6,4000
2026-01-23 11:15:00+00:00,10152.3,10160.6,10148.6,10160.6,2604
2026-01-23 11:30:00+00:00,10160.9,10162.3,10157.4,10160.7,1980
2026-01-23 11:45:00+00:00,10160.4,10166.6,10159.2,10163.8,2056
2026-01-23 12:00:00+00:00,10164.0,10170.9,10162.6,10167.2,2228
2026-01-23 12:15:00+00:00,10167.5,10168.7,10160.1,10161.7,1780
2026-01-23 12:30:00+00:00,10162.2,10163.4,10152.4,10157.4,2080
2026-01-23 12:45:00+00:00,10157.6,10166.9,10157.4,10166.1,2168
2026-01-23 13:00:00+00:00,10165.9,10168.6,10159.2,10163.7,2276
2026-01-23 13:15:00+00:00,10163.2,10164.2,10151.7,10151.7,2612
2026-01-23 13:30:00+00:00,10152.2,10157.7,10147.2,10154.3,2900
2026-01-23 13:45:00+00:00,10154.1,10159.4,10152.6,10155.9,2580
2026-01-23 14:00:00+00:00,10156.2,10158.6,10152.2,10156.2,2252
2026-01-23 14:15:00+00:00,10156.5,10164.9,10154.3,10163.2,2332
2026-01-23 14:30:00+00:00,10163.4,10164.7,10140.9,10145.4,7900
2026-01-23 14:45:00+00:00,10146.4,10147.9,10137.1,10145.7,5288
2026-01-23 15:00:00+00:00,10145.4,10148.4,10141.4,10144.8,5168
2026-01-23 15:15:00+00:00,10144.6,10148.1,10139.4,10143.3,4368
2026-01-23 15:30:00+00:00,10143.6,10149.2,10140.5,10145.6,4144
2026-01-23 15:45:00+00:00,10145.1,10145.1,10137.1,10140.6,3492
2026-01-23 16:00:00+00:00,10140.1,10145.0,10133.7,10133.8,3252
2026-01-23 16:15:00+00:00,10133.5,10137.7,10131.3,10133.0,4040
2026-01-23 16:30:00+00:00,10133.2,10149.6,10126.5,10147.4,5216
2026-01-23 16:45:00+00:00,10147.2,10147.2,10132.8,10134.5,2896
2026-01-23 17:00:00+00:00,10134.2,10137.5,10127.5,10137.3,3008
2026-01-23 17:15:00+00:00,10137.5,10139.0,10132.5,10135.3,2368
2026-01-23 17:30:00+00:00,10135.5,10135.5,10129.1,10131.6,2772
2026-01-23 17:45:00+00:00,10131.1,10132.3,10116.9,10119.9,3324
2026-01-23 18:00:00+00:00,10119.7,10132.6,10119.4,10130.1,3280
2026-01-23 18:15:00+00:00,10130.6,10135.3,10129.9,10135.1,2408
2026-01-23 18:30:00+00:00,10135.3,10142.5,10135.3,10139.3,2576
2026-01-23 18:45:00+00:00,10139.1,10143.5,10136.8,10143.5,2164
2026-01-23 19:00:00+00:00,10143.1,10150.5,10142.6,10148.5,1712
2026-01-23 19:15:00+00:00,10148.8,10154.5,10148.5,10152.5,1492
2026-01-23 19:30:00+00:00,10152.0,10155.5,10146.6,10148.3,1632
2026-01-23 19:45:00+00:00,10148.1,10151.0,10145.6,10148.1,1628
2026-01-23 20:00:00+00:00,10147.8,10149.3,10144.1,10149.0,1844
2026-01-23 20:15:00+00:00,10149.3,10153.0,10144.0,10144.0,1640
2026-01-23 20:30:00+00:00,10143.8,10149.8,10140.3,10147.0,1728
2026-01-23 20:45:00+00:00,10147.3,10153.8,10144.3,10151.8,2016
2026-01-25 23:00:00+00:00,10096.9,10111.0,10096.7,10110.9,2032
2026-01-25 23:15:00+00:00,10111.3,10120.3,10108.8,10119.6,3600
2026-01-25 23:30:00+00:00,10119.4,10121.2,10111.3,10111.8,3016
2026-01-25 23:45:00+00:00,10112.0,10127.1,10111.0,10125.1,4140
2026-01-26 00:00:00+00:00,10125.4,10133.2,10122.3,10130.6,4272
2026-01-26 00:15:00+00:00,10131.2,10140.2,10130.9,10139.3,3108
2026-01-26 00:30:00+00:00,10139.5,10140.3,10131.9,10134.3,2668
2026-01-26 00:45:00+00:00,10134.2,10136.7,10132.0,10134.2,2168
2026-01-26 01:00:00+00:00,10121.7,10142.6,10120.0,10120.6,8296
2026-01-26 01:15:00+00:00,10120.6,10137.9,10120.6,10133.3,6972
2026-01-26 01:30:00+00:00,10132.9,10132.9,10127.1,10127.1,5976
2026-01-26 01:45:00+00:00,10126.7,10133.0,10125.3,10131.3,5880
2026-01-26 02:00:00+00:00,10131.5,10134.4,10129.7,10130.7,4872
2026-01-26 02:15:00+00:00,10130.6,10133.7,10130.0,10131.5,4712
2026-01-26 02:30:00+00:00,10131.5,10132.7,10128.4,10128.8,4564
2026-01-26 02:45:00+00:00,10128.8,10130.2,10125.1,10127.6,5124
2026-01-26 03:00:00+00:00,10127.6,10136.0,10127.3,10133.8,5380
2026-01-26 03:15:00+00:00,10133.8,10134.7,10131.7,10133.8,4220
2026-01-26 03:30:00+00:00,10133.7,10135.4,10131.7,10133.7,3984
2026-01-26 03:45:00+00:00,10133.8,10136.3,10132.7,10136.3,3860
2026-01-26 04:00:00+00:00,10136.7,10137.2,10134.7,10135.5,2932
2026-01-26 04:15:00+00:00,10135.3,10141.1,10134.9,10140.7,2984
2026-01-26 04:30:00+00:00,10141.1,10142.2,10136.5,10137.4,3916
2026-01-26 04:45:00+00:00,10136.8,10139.7,10136.2,10138.7,2880
2026-01-26 05:00:00+00:00,10138.5,10139.1,10132.5,10133.0,2952
2026-01-26 05:15:00+00:00,10133.0,10138.5,10133.0,10137.2,3376
2026-01-26 05:30:00+00:00,10136.8,10138.7,10134.9,10137.5,3224
2026-01-26 05:45:00+00:00,10137.1,10137.3,10133.1,10134.7,2592
2026-01-26 06:00:00+00:00,10134.9,10142.8,10134.3,10139.5,1132
2026-01-26 06:15:00+00:00,10139.3,10143.5,10139.3,10141.5,656
2026-01-26 06:30:00+00:00,10141.3,10142.3,10136.0,10139.0,972
2026-01-26 06:45:00+00:00,10138.8,10143.8,10136.8,10141.5,880
2026-01-26 07:00:00+00:00,10141.8,10144.5,10131.3,10138.3,1376
2026-01-26 07:15:00+00:00,10138.8,10143.3,10138.0,10142.3,896
2026-01-26 07:30:00+00:00,10141.8,10156.3,10141.3,10154.0,1324
2026-01-26 07:45:00+00:00,10153.8,10159.5,10150.8,10158.3,1568
2026-01-26 08:00:00+00:00,10158.5,10172.0,10155.5,10170.5,7700
2026-01-26 08:15:00+00:00,10170.8,10176.0,10156.7,10157.9,4852
2026-01-26 08:30:00+00:00,10157.4,10157.8,10140.8,10148.7,4516
2026-01-26 08:45:00+00:00,10149.0,10150.0,10138.7,10141.5,3004
2026-01-26 09:00:00+00:00,10140.0,10147.2,10137.1,10138.6,3360
2026-01-26 09:15:00+00:00,10138.3,10142.2,10135.7,10140.6,3268
2026-01-26 09:30:00+00:00,10141.1,10143.4,10128.9,10128.9,3400
2026-01-26 09:45:00+00:00,10129.2,10137.0,10124.3,10135.5,3492
2026-01-26 10:00:00+00:00,10135.7,10144.3,10133.9,10144.2,2356
2026-01-26 10:15:00+00:00,10144.7,10149.4,10143.0,10146.1,2180
2026-01-26 10:30:00+00:00,10145.9,10159.4,10144.4,10155.7,3188
2026-01-26 10:45:00+00:00,10155.9,10155.9,10138.7,10140.2,2432
2026-01-26 11:00:00+00:00,10140.7,10149.8,10140.7,10149.8,2084
2026-01-26 11:15:00+00:00,10149.8,10152.0,10143.4,10149.5,1880
2026-01-26 11:30:00+00:00,10149.7,10152.5,10147.9,10147.9,1756
2026-01-26 11:45:00+00:00,10147.6,10155.9,10147.4,10154.6,1624
2026-01-26 12:00:00+00:00,10154.4,10165.0,10151.9,10161.4,2496
2026-01-26 12:15:00+00:00,10161.4,10163.6,10156.1,10159.9,1716
2026-01-26 12:30:00+00:00,10159.6,10164.1,10155.6,10162.4,1712
2026-01-26 12:45:00+00:00,10162.6,10166.1,10160.5,10161.0,1516
2026-01-26 13:00:00+00:00,10161.5,10163.8,10158.2,10158.7,1960
2026-01-26 13:15:00+00:00,10159.2,10162.1,10154.5,10154.5,1752
2026-01-26 13:30:00+00:00,10154.3,10156.5,10148.9,10156.4,2072
2026-01-26 13:45:00+00:00,10156.4,10161.6,10153.3,10159.7,2144
2026-01-26 14:00:00+00:00,10160.2,10167.0,10159.7,10167.0,2188
2026-01-26 14:15:00+00:00,10166.7,10168.5,10163.5,10168.5,2276
2026-01-26 14:30:00+00:00,10168.3,10185.0,10167.5,10178.4,7008
2026-01-26 14:45:00+00:00,10178.1,10178.9,10171.2,10175.4,4300
2026-01-26 15:00:00+00:00,10175.6,10182.5,10175.1,10180.5,4224
2026-01-26 15:15:00+00:00,10180.0,10181.0,10171.0,10175.5,3056
2026-01-26 15:30:00+00:00,10175.3,10175.8,10151.6,10156.3,6040
2026-01-26 15:45:00+00:00,10156.6,10166.4,10156.6,10162.5,3624
2026-01-26 16:00:00+00:00,10162.7,10165.5,10154.7,10155.2,3704
2026-01-26 16:15:00+00:00,10154.9,10157.8,10149.4,10156.0,3824
2026-01-26 16:30:00+00:00,10156.7,10156.7,10142.4,10143.6,4252
2026-01-26 16:45:00+00:00,10143.4,10158.0,10142.1,10156.3,1892
2026-01-26 17:00:00+00:00,10156.0,10160.8,10152.3,10160.3,1440
2026-01-26 17:15:00+00:00,10160.0,10165.2,10157.8,10164.5,1204
2026-01-26 17:30:00+00:00,10164.7,10167.7,10162.0,10167.7,1084
2026-01-26 17:45:00+00:00,10168.2,10170.5,10165.3,10167.0,1292
2026-01-26 18:00:00+00:00,10166.8,10170.0,10160.8,10162.1,1320
2026-01-26 18:15:00+00:00,10161.8,10168.5,10160.8,10167.5,1068
2026-01-26 18:30:00+00:00,10167.3,10169.0,10161.6,10165.1,1220
2026-01-26 18:45:00+00:00,10164.8,10168.3,10163.3,10166.8,1176
2026-01-26 19:00:00+00:00,10166.6,10169.8,10164.8,10166.1,1476
2026-01-26 19:15:00+00:00,10166.3,10166.8,10161.4,10164.4,1308
2026-01-26 19:30:00+00:00,10164.6,10165.3,10158.9,10161.6,1104
2026-01-26 19:45:00+00:00,10161.4,10161.4,10154.4,10155.4,1148
2026-01-26 20:00:00+00:00,10155.2,10160.2,10153.5,10160.2,1124
2026-01-26 20:15:00+00:00,10160.4,10161.9,10158.5,10158.7,1236
2026-01-26 20:30:00+00:00,10159.0,10164.2,10156.5,10158.2,1076
2026-01-26 20:45:00+00:00,10158.0,10159.5,10153.5,10155.0,1712
2026-01-26 21:00:00+00:00,10154.9,10156.0,10152.0,10154.3,1296
2026-01-26 21:30:00+00:00,10157.5,10157.5,10155.8,10157.1,356
2026-01-26 21:45:00+00:00,10156.8,10156.8,10151.0,10151.3,784
2026-01-26 23:00:00+00:00,10147.0,10153.0,10146.5,10152.1,604
2026-01-26 23:15:00+00:00,10151.8,10158.0,10151.6,10152.4,1204
2026-01-26 23:30:00+00:00,10152.5,10154.1,10151.3,10153.4,712
2026-01-26 23:45:00+00:00,10153.6,10155.7,10153.0,10155.7,860
2026-01-27 00:00:00+00:00,10155.4,10155.7,10152.1,10154.2,1680
2026-01-27 00:15:00+00:00,10154.4,10157.2,10154.0,10155.7,836
2026-01-27 00:30:00+00:00,10155.4,10158.2,10154.9,10156.7,844
2026-01-27 00:45:00+00:00,10157.0,10158.5,10156.2,10158.0,548
2026-01-27 01:00:00+00:00,10158.3,10163.1,10158.2,10161.0,2820
2026-01-27 01:15:00+00:00,10161.0,10162.6,10160.3,10161.9,2512
2026-01-27 01:30:00+00:00,10161.9,10163.9,10160.5,10163.8,2904
2026-01-27 01:45:00+00:00,10164.0,10167.9,10162.3,10166.5,2464
2026-01-27 02:00:00+00:00,10166.4,10171.8,10166.2,10170.2,2360
2026-01-27 02:15:00+00:00,10170.2,10171.9,10167.2,10167.2,2316
2026-01-27 02:30:00+00:00,10167.6,10171.0,10167.5,10170.3,2484
2026-01-27 02:45:00+00:00,10170.1,10173.7,10167.2,10173.2,2060
2026-01-27 03:00:00+00:00,10173.1,10173.4,10168.3,10168.9,2340
2026-01-27 03:15:00+00:00,10169.0,10169.9,10166.7,10166.8,1816
2026-01-27 03:30:00+00:00,10166.6,10170.5,10164.9,10170.0,1956
2026-01-27 03:45:00+00:00,10170.2,10170.7,10168.5,10170.5,2056
2026-01-27 04:00:00+00:00,10170.7,10175.3,10168.4,10174.7,2196
2026-01-27 04:15:00+00:00,10174.7,10177.3,10174.5,10175.7,2396
2026-01-27 04:30:00+00:00,10175.7,10178.2,10175.5,10177.8,1548
2026-01-27 04:45:00+00:00,10178.0,10178.9,10176.1,10176.1,1600
2026-01-27 05:00:00+00:00,10176.1,10177.5,10174.2,10175.0,2600
2026-01-27 05:15:00+00:00,10175.0,10176.6,10173.2,10176.6,1816
2026-01-27 05:30:00+00:00,10176.7,10182.9,10176.7,10182.8,2008
2026-01-27 05:45:00+00:00,10182.8,10186.0,10182.8,10185.8,1608
2026-01-27 06:00:00+00:00,10185.8,10189.8,10184.8,10185.5,1004
2026-01-27 06:15:00+00:00,10185.8,10187.5,10183.1,10184.3,612
2026-01-27 06:30:00+00:00,10184.6,10185.8,10182.3,10182.8,740
2026-01-27 06:45:00+00:00,10183.1,10185.3,10182.1,10184.1,708
2026-01-27 07:00:00+00:00,10187.1,10188.6,10181.6,10185.8,1104
2026-01-27 07:15:00+00:00,10186.1,10193.0,10185.1,10192.8,724
2026-01-27 07:30:00+00:00,10192.5,10197.5,10189.1,10193.6,1308
2026-01-27 07:45:00+00:00,10193.8,10194.8,10188.1,10191.8,1380
2026-01-27 08:00:00+00:00,10190.6,10192.0,10172.8,10181.5,9320
2026-01-27 08:15:00+00:00,10181.2,10185.9,10168.5,10172.6,4308
2026-01-27 08:30:00+00:00,10172.9,10174.1,10158.5,10166.2,3852
2026-01-27 08:45:00+00:00,10166.4,10177.1,10166.4,10171.1,2612
2026-01-27 09:00:00+00:00,10171.6,10174.4,10166.6,10173.3,2564
2026-01-27 09:15:00+00:00,10173.6,10176.6,10168.4,10170.4,2500
2026-01-27 09:30:00+00:00,10170.9,10183.5,10169.6,10178.6,1896
2026-01-27 09:45:00+00:00,10178.9,10188.0,10177.7,10183.1,2776
2026-01-27 10:00:00+00:00,10182.6,10190.8,10180.9,10187.7,2168
2026-01-27 10:15:00+00:00,10188.0,10194.4,10187.2,10189.2,1516
2026-01-27 10:30:00+00:00,10189.2,10200.2,10188.5,10200.2,1688
2026-01-27 10:45:00+00:00,10200.7,10205.8,10199.1,10201.0,1716
2026-01-27 11:00:00+00:00,10200.8,10209.9,10200.1,10207.1,2352
2026-01-27 11:15:00+00:00,10207.1,10208.8,10202.9,10203.9,1408
2026-01-27 11:30:00+00:00,10204.2,10208.4,10203.9,10205.8,1640
2026-01-27 11:45:00+00:00,10205.3,10205.3,10188.2,10190.0,2216
2026-01-27 12:00:00+00:00,10189.7,10193.7,10182.8,10191.4,2292
2026-01-27 12:15:00+00:00,10191.9,10193.3,10184.5,10186.8,1764
2026-01-27 12:30:00+00:00,10187.0,10193.4,10183.0,10193.2,1848
2026-01-27 12:45:00+00:00,10193.4,10194.6,10186.7,10193.4,2340
2026-01-27 13:00:00+00:00,10193.6,10206.8,10193.6,10205.3,2500
2026-01-27 13:15:00+00:00,10204.5,10207.3,10197.9,10203.8,2488
2026-01-27 13:30:00+00:00,10203.6,10219.6,10202.9,10214.1,3484
2026-01-27 13:45:00+00:00,10214.6,10224.5,10214.6,10223.5,2264
2026-01-27 14:00:00+00:00,10223.8,10225.7,10217.4,10219.5,2232
2026-01-27 14:15:00+00:00,10219.8,10220.5,10207.5,10210.1,2408
2026-01-27 14:30:00+00:00,10210.3,10228.3,10203.0,10222.9,7856
2026-01-27 14:45:00+00:00,10222.4,10224.0,10207.2,10207.2,4756
2026-01-27 15:00:00+00:00,10207.0,10208.2,10198.7,10203.5,5000
2026-01-27 15:15:00+00:00,10203.8,10204.5,10186.7,10188.1,3972
2026-01-27 15:30:00+00:00,10187.6,10207.0,10185.1,10205.5,4324
2026-01-27 15:45:00+00:00,10205.0,10222.6,10203.2,10221.1,3688
2026-01-27 16:00:00+00:00,10220.6,10222.5,10211.7,10214.6,3776
2026-01-27 16:15:00+00:00,10214.8,10217.0,10206.3,10208.1,3752
2026-01-27 16:30:00+00:00,10207.6,10210.3,10195.4,10196.2,4036
2026-01-27 16:45:00+00:00,10196.7,10196.7,10188.2,10188.2,2528
2026-01-27 17:00:00+00:00,10188.0,10191.7,10185.3,10189.5,1968
2026-01-27 17:15:00+00:00,10189.2,10195.5,10186.8,10193.5,1764
2026-01-27 17:30:00+00:00,10193.7,10193.7,10184.8,10185.0,1740
2026-01-27 17:45:00+00:00,10185.3,10189.8,10182.6,10182.8,1984
2026-01-27 18:00:00+00:00,10182.6,10185.3,10175.9,10185.1,1736
2026-01-27 18:15:00+00:00,10184.8,10189.8,10184.8,10188.8,1296
2026-01-27 18:30:00+00:00,10189.3,10192.8,10187.3,10189.8,1120
2026-01-27 18:45:00+00:00,10189.3,10193.8,10189.1,10192.6,1052
2026-01-27 19:00:00+00:00,10192.3,10197.1,10190.3,10195.8,1068
2026-01-27 19:15:00+00:00,10195.3,10200.5,10195.1,10199.3,1116
2026-01-27 19:30:00+00:00,10199.8,10201.5,10197.3,10199.3,1132
2026-01-27 19:45:00+00:00,10198.8,10201.3,10195.8,10197.3,1040
2026-01-27 20:00:00+00:00,10197.1,10208.3,10196.3,10207.1,1440
2026-01-27 20:15:00+00:00,10207.3,10207.6,10201.1,10202.4,940
2026-01-27 20:30:00+00:00,10202.1,10206.6,10200.1,10203.1,1448
2026-01-27 20:45:00+00:00,10203.4,10203.6,10180.3,10188.7,4888
2026-01-27 21:00:00+00:00,10188.2,10189.0,10185.2,10186.5,1404
2026-01-27 21:30:00+00:00,10189.0,10192.5,10188.5,10191.8,488
2026-01-27 21:45:00+00:00,10191.5,10192.0,10189.8,10189.8,360
2026-01-27 23:00:00+00:00,10194.0,10195.4,10192.1,10195.1,704
2026-01-27 23:15:00+00:00,10195.0,10195.1,10192.4,10194.1,700
2026-01-27 23:30:00+00:00,10194.4,10194.4,10192.9,10193.9,396
2026-01-27 23:45:00+00:00,10193.7,10194.2,10193.2,10193.4,500
2026-01-28 00:00:00+00:00,10193.7,10198.7,10193.2,10198.0,700
2026-01-28 00:15:00+00:00,10197.7,10200.5,10197.5,10200.0,620
2026-01-28 00:30:00+00:00,10199.9,10207.3,10199.8,10207.1,1372
2026-01-28 00:45:00+00:00,10206.8,10206.8,10203.6,10205.6,872
2026-01-28 01:00:00+00:00,10199.7,10202.1,10196.2,10196.6,3452
2026-01-28 01:15:00+00:00,10196.4,10196.4,10189.6,10190.5,2924
2026-01-28 01:30:00+00:00,10190.5,10191.0,10184.8,10188.2,2964
2026-01-28 01:45:00+00:00,10188.1,10190.7,10185.7,10190.0,2780
2026-01-28 02:00:00+00:00,10190.2,10192.2,10186.8,10186.9,2720
2026-01-28 02:15:00+00:00,10186.7,10191.9,10185.6,10190.8,2240
2026-01-28 02:30:00+00:00,10190.8,10199.0,10190.7,10197.9,2212
2026-01-28 02:45:00+00:00,10197.9,10199.9,10196.3,10198.3,1944
2026-01-28 03:00:00+00:00,10198.1,10201.5,10197.9,10200.2,2136
2026-01-28 03:15:00+00:00,10200.4,10206.5,10200.1,10203.7,2356
2026-01-28 03:30:00+00:00,10203.8,10207.0,10202.7,10205.3,2288
2026-01-28 03:45:00+00:00,10205.3,10209.2,10205.0,10205.5,2272
2026-01-28 04:00:00+00:00,10205.5,10208.4,10204.1,10207.7,1976
2026-01-28 04:15:00+00:00,10207.7,10211.8,10207.7,10211.7,1428
2026-01-28 04:30:00+00:00,10211.7,10213.7,10211.2,10212.0,1840
2026-01-28 04:45:00+00:00,10212.2,10214.3,10211.1,10212.5,1756
2026-01-28 05:00:00+00:00,10212.9,10216.2,10210.9,10214.1,2528
2026-01-28 05:15:00+00:00,10214.1,10218.4,10214.0,10216.7,2068
2026-01-28 05:30:00+00:00,10216.8,10224.7,10216.7,10223.2,2420
2026-01-28 05:45:00+00:00,10223.2,10225.2,10217.5,10217.9,2768
2026-01-28 06:00:00+00:00,10218.9,10231.7,10216.5,10218.0,2108
2026-01-28 06:15:00+00:00,10217.8,10220.8,10215.3,10220.0,996
2026-01-28 06:30:00+00:00,10219.8,10228.5,10218.8,10219.5,1004
2026-01-28 06:45:00+00:00,10219.3,10220.8,10216.1,10218.8,688
2026-01-28 07:00:00+00:00,10218.6,10218.8,10205.4,10205.9,1304
2026-01-28 07:15:00+00:00,10206.4,10209.1,10201.4,10208.1,1076
2026-01-28 07:30:00+00:00,10207.4,10215.4,10204.2,10209.7,1332
2026-01-28 07:45:00+00:00,10209.4,10214.9,10197.7,10213.9,1588
2026-01-28 08:00:00+00:00,10214.9,10220.5,10199.4,10215.1,8916
2026-01-28 08:15:00+00:00,10215.4,10225.0,10206.1,10223.0,4824
2026-01-28 08:30:00+00:00,10223.3,10226.3,10209.3,10209.3,3580
2026-01-28 08:45:00+00:00,10209.3,10209.3,10190.7,10192.7,4088
2026-01-28 09:00:00+00:00,10192.9,10196.8,10184.2,10185.1,3748
2026-01-28 09:15:00+00:00,10185.3,10191.3,10177.6,10177.8,2636
2026-01-28 09:30:00+00:00,10178.1,10180.7,10172.9,10175.5,2788
2026-01-28 09:45:00+00:00,10176.0,10179.9,10173.0,10175.2,2212
2026-01-28 10:00:00+00:00,10174.5,10178.2,10168.0,10168.0,2332
2026-01-28 10:15:00+00:00,10168.3,10173.5,10165.8,10169.7,2016
2026-01-28 10:30:00+00:00,10169.5,10172.5,10164.7,10167.4,1964
2026-01-28 10:45:00+00:00,10167.1,10168.1,10160.0,10160.0,2076
2026-01-28 11:00:00+00:00,10159.7,10164.0,10156.5,10160.7,2072
2026-01-28 11:15:00+00:00,10160.9,10164.2,10159.3,10162.6,2148
2026-01-28 11:30:00+00:00,10162.9,10168.7,10162.2,10165.4,1676
2026-01-28 11:45:00+00:00,10165.1,10165.6,10157.2,10158.9,2472
2026-01-28 12:00:00+00:00,10159.6,10163.5,10150.9,10159.9,4440
2026-01-28 12:15:00+00:00,10160.7,10161.6,10151.9,10160.1,3644
2026-01-28 12:30:00+00:00,10160.6,10162.3,10154.1,10161.2,2724
2026-01-28 12:45:00+00:00,10161.5,10161.7,10145.1,10145.9,3968
2026-01-28 13:00:00+00:00,10146.1,10161.6,10143.4,10154.6,2904
2026-01-28 13:15:00+00:00,10155.1,10155.9,10148.8,10155.2,2208
2026-01-28 13:30:00+00:00,10155.2,10163.8,10153.2,10156.7,2744
2026-01-28 13:45:00+00:00,10156.9,10165.1,10154.0,10164.6,2636
2026-01-28 14:00:00+00:00,10164.3,10167.1,10160.4,10162.1,2828
2026-01-28 14:15:00+00:00,10162.3,10167.2,10160.4,10165.5,3004
2026-01-28 14:30:00+00:00,10165.8,10177.9,10161.0,10169.2,8580
2026-01-28 14:45:00+00:00,10168.5,10179.6,10165.0,10172.1,5936
2026-01-28 15:00:00+00:00,10172.6,10180.1,10163.5,10163.7,7680
2026-01-28 15:15:00+00:00,10164.2,10172.4,10163.0,10163.2,5108
2026-01-28 15:30:00+00:00,10163.7,10169.9,10159.1,10164.2,4876
2026-01-28 15:45:00+00:00,10164.0,10180.0,10163.5,10171.1,4712
2026-01-28 16:00:00+00:00,10170.8,10173.8,10164.0,10167.0,3332
2026-01-28 16:15:00+00:00,10167.2,10171.8,10162.9,10168.8,3176
2026-01-28 16:30:00+00:00,10169.0,10169.0,10141.8,10145.0,5812
2026-01-28 16:45:00+00:00,10145.5,10155.5,10142.8,10145.3,2592
2026-01-28 17:00:00+00:00,10145.5,10157.2,10145.0,10157.2,2052
2026-01-28 17:15:00+00:00,10157.5,10158.7,10151.3,10153.7,1580
2026-01-28 17:30:00+00:00,10154.0,10155.0,10149.8,10153.8,1612
2026-01-28 17:45:00+00:00,10154.0,10154.3,10144.6,10144.8,1672
2026-01-28 18:00:00+00:00,10144.6,10150.8,10144.1,10150.1,2004
2026-01-28 18:15:00+00:00,10149.6,10154.5,10149.6,10150.3,1012
2026-01-28 18:30:00+00:00,10150.1,10151.8,10145.6,10151.3,1160
2026-01-28 18:45:00+00:00,10151.1,10154.3,10140.2,10154.3,1268
2026-01-28 19:00:00+00:00,10155.6,10155.6,10142.1,10152.3,2812
2026-01-28 19:15:00+00:00,10152.1,10154.3,10142.4,10142.7,3340
2026-01-28 19:30:00+00:00,10142.2,10157.3,10139.9,10147.2,7144
2026-01-28 19:45:00+00:00,10146.9,10156.9,10146.9,10147.4,3948
2026-01-28 20:00:00+00:00,10146.9,10161.3,10146.4,10158.6,2516
2026-01-28 20:15:00+00:00,10158.3,10162.6,10153.4,10155.9,1872
2026-01-28 20:30:00+00:00,10155.6,10161.8,10155.1,10161.6,2676
2026-01-28 20:45:00+00:00,10160.8,10171.3,10153.4,10154.4,3528
2026-01-28 21:00:00+00:00,10158.2,10163.9,10135.9,10163.2,9136
2026-01-28 21:30:00+00:00,10166.8,10168.3,10160.7,10162.0,2232
2026-01-28 21:45:00+00:00,10162.3,10165.5,10157.7,10160.3,1700
2026-01-28 23:00:00+00:00,10164.5,10164.5,10144.6,10144.9,1812
2026-01-28 23:15:00+00:00,10144.6,10164.1,10144.6,10156.9,3196
2026-01-28 23:30:00+00:00,10157.0,10157.5,10151.7,10152.7,2568
2026-01-28 23:45:00+00:00,10152.9,10159.0,10146.1,10147.9,3684
2026-01-29 00:00:00+00:00,10147.6,10151.6,10139.3,10147.6,5644
2026-01-29 00:15:00+00:00,10147.3,10158.2,10145.8,10158.0,3928
2026-01-29 00:30:00+00:00,10158.2,10158.2,10150.6,10152.3,3076
2026-01-29 00:45:00+00:00,10152.1,10160.9,10151.2,10160.1,2180
2026-01-29 01:00:00+00:00,10155.7,10155.9,10143.4,10146.8,6344
2026-01-29 01:15:00+00:00,10146.8,10147.0,10137.7,10143.9,6692
2026-01-29 01:30:00+00:00,10144.0,10155.9,10144.0,10153.2,7600
2026-01-29 01:45:00+00:00,10153.2,10157.7,10151.9,10157.3,4980
2026-01-29 02:00:00+00:00,10157.7,10160.7,10155.9,10159.9,5584
2026-01-29 02:15:00+00:00,10159.9,10172.2,10158.2,10168.1,5624
2026-01-29 02:30:00+00:00,10168.1,10169.1,10162.4,10163.1,4432
2026-01-29 02:45:00+00:00,10163.1,10172.2,10161.0,10168.5,4564
2026-01-29 03:00:00+00:00,10168.6,10175.2,10168.6,10174.5,3812
2026-01-29 03:15:00+00:00,10174.6,10176.5,10172.1,10173.0,3172
2026-01-29 03:30:00+00:00,10173.1,10181.8,10172.5,10181.2,3648
2026-01-29 03:45:00+00:00,10181.2,10182.8,10176.3,10178.5,2964
2026-01-29 04:00:00+00:00,10178.9,10182.5,10177.2,10182.4,2972
2026-01-29 04:15:00+00:00,10182.2,10186.6,10181.3,10183.3,3472
2026-01-29 04:30:00+00:00,10183.3,10188.2,10183.0,10186.6,2568
2026-01-29 04:45:00+00:00,10186.6,10189.0,10186.4,10187.5,2092
2026-01-29 05:00:00+00:00,10187.6,10190.1,10181.0,10182.8,3576
2026-01-29 05:15:00+00:00,10183.0,10184.1,10178.1,10181.2,2844
2026-01-29 05:30:00+00:00,10181.2,10188.6,10180.0,10188.6,3224
2026-01-29 05:45:00+00:00,10188.0,10188.9,10181.0,10182.5,2760
2026-01-29 06:00:00+00:00,10182.1,10196.8,10181.5,10191.5,1340
2026-01-29 06:15:00+00:00,10191.8,10198.3,10190.8,10193.0,1236
2026-01-29 06:30:00+00:00,10193.3,10197.8,10188.5,10189.8,1132
2026-01-29 06:45:00+00:00,10189.5,10197.3,10189.5,10193.0,876
2026-01-29 07:00:00+00:00,10192.8,10195.3,10189.0,10191.5,1528
2026-01-29 07:15:00+00:00,10191.3,10191.3,10184.8,10187.0,1252
2026-01-29 07:30:00+00:00,10186.8,10193.5,10184.8,10189.0,1108
2026-01-29 07:45:00+00:00,10189.3,10203.0,10177.3,10203.0,1916
2026-01-29 08:00:00+00:00,10204.0,10219.5,10189.5,10216.0,11392
2026-01-29 08:15:00+00:00,10216.3,10221.8,10204.8,10211.3,6364
2026-01-29 08:30:00+00:00,10211.0,10218.3,10209.3,10215.8,4820
2026-01-29 08:45:00+00:00,10215.3,10216.8,10199.8,10208.3,4312
2026-01-29 09:00:00+00:00,10208.0,10218.8,10208.0,10210.3,3804
2026-01-29 09:15:00+00:00,10211.0,10212.8,10202.3,10204.0,2988
2026-01-29 09:30:00+00:00,10204.3,10214.3,10203.5,10206.3,3352
2026-01-29 09:45:00+00:00,10206.5,10207.8,10193.5,10195.8,3460
2026-01-29 10:00:00+00:00,10196.0,10197.5,10188.8,10193.0,3076
2026-01-29 10:15:00+00:00,10193.3,10198.3,10192.8,10196.3,2544
2026-01-29 10:30:00+00:00,10196.0,10199.8,10193.3,10197.0,2428
2026-01-29 10:45:00+00:00,10196.8,10201.3,10189.3,10191.3,2484
2026-01-29 11:00:00+00:00,10191.0,10198.3,10187.5,10197.0,3412
2026-01-29 11:15:00+00:00,10197.3,10209.3,10196.8,10208.0,2436
2026-01-29 11:30:00+00:00,10208.3,10218.0,10207.8,10216.8,2596
2026-01-29 11:45:00+00:00,10217.3,10226.3,10216.8,10226.0,1984
2026-01-29 12:00:00+00:00,10225.8,10230.0,10223.8,10229.3,2368
2026-01-29 12:15:00+00:00,10229.8,10233.5,10225.8,10232.8,1708
2026-01-29 12:30:00+00:00,10233.0,10235.3,10225.5,10229.8,1960
2026-01-29 12:45:00+00:00,10230.0,10231.8,10226.0,10228.5,2388
2026-01-29 13:00:00+00:00,10228.3,10239.8,10224.5,10239.0,2680
2026-01-29 13:15:00+00:00,10239.3,10248.8,10237.8,10248.5,2788
2026-01-29 13:30:00+00:00,10248.3,10253.8,10245.0,10250.8,2396
2026-01-29 13:45:00+00:00,10250.5,10260.3,10249.8,10258.3,2580
2026-01-29 14:00:00+00:00,10258.5,10260.3,10254.0,10255.3,3016
2026-01-29 14:15:00+00:00,10255.5,10264.8,10255.5,10262.5,2828
2026-01-29 14:30:00+00:00,10262.8,10278.8,10259.3,10267.0,10156
2026-01-29 14:45:00+00:00,10266.8,10267.3,10228.5,10229.3,10632
2026-01-29 15:00:00+00:00,10229.8,10242.8,10224.5,10237.3,11588
2026-01-29 15:15:00+00:00,10237.5,10239.5,10203.8,10203.8,12544
2026-01-29 15:30:00+00:00,10203.3,10206.0,10183.1,10186.6,13076
2026-01-29 15:45:00+00:00,10186.9,10204.3,10176.3,10180.0,11172
2026-01-29 16:00:00+00:00,10179.5,10189.8,10166.1,10189.5,11068
2026-01-29 16:15:00+00:00,10189.0,10191.7,10166.8,10169.2,10244
2026-01-29 16:30:00+00:00,10169.0,10179.2,10165.0,10165.8,10852
2026-01-29 16:45:00+00:00,10166.3,10167.5,10154.8,10162.5,6252
2026-01-29 17:00:00+00:00,10162.3,10179.5,10162.1,10178.7,4668
2026-01-29 17:15:00+00:00,10178.5,10194.9,10178.5,10191.4,3724
2026-01-29 17:30:00+00:00,10191.2,10197.4,10185.0,10190.9,3488
2026-01-29 17:45:00+00:00,10190.4,10191.7,10173.3,10175.5,6000
2026-01-29 18:00:00+00:00,10175.3,10193.2,10167.8,10189.7,5728
2026-01-29 18:15:00+00:00,10189.5,10199.4,10189.2,10198.9,4284
2026-01-29 18:30:00+00:00,10198.7,10203.9,10191.5,10200.9,4652
2026-01-29 18:45:00+00:00,10200.7,10201.4,10191.2,10191.5,3744
2026-01-29 19:00:00+00:00,10191.2,10205.9,10186.5,10203.2,4012
2026-01-29 19:15:00+00:00,10202.9,10213.1,10201.9,10212.9,2744
2026-01-29 19:30:00+00:00,10213.1,10215.6,10201.9,10212.4,4080
2026-01-29 19:45:00+00:00,10212.6,10214.4,10199.2,10200.2,3092
2026-01-29 20:00:00+00:00,10200.5,10210.9,10200.0,10202.5,3028
2026-01-29 20:15:00+00:00,10202.0,10207.0,10198.8,10202.0,2336
2026-01-29 20:30:00+00:00,10201.7,10209.0,10200.5,10204.2,2424
2026-01-29 20:45:00+00:00,10204.0,10216.2,10199.0,10210.7,3636
2026-01-29 21:00:00+00:00,10214.3,10216.4,10207.3,10209.0,3516
2026-01-29 21:30:00+00:00,10209.8,10222.3,10207.6,10209.6,4940
2026-01-29 21:45:00+00:00,10209.8,10210.0,10201.0,10207.0,164
2026-01-29 23:00:00+00:00,10201.9,10210.9,10192.2,10193.7,1888
2026-01-29 23:15:00+00:00,10193.9,10208.9,10189.3,10202.2,2776
2026-01-29 23:30:00+00:00,10201.9,10215.8,10201.9,10213.7,3508
2026-01-29 23:45:00+00:00,10214.1,10214.9,10206.1,10207.4,2672
2026-01-30 00:00:00+00:00,10207.6,10210.7,10202.1,10204.9,4088
2026-01-30 00:15:00+00:00,10205.0,10208.0,10197.3,10201.7,3844
2026-01-30 00:30:00+00:00,10201.9,10214.0,10198.8,10199.5,3668
2026-01-30 00:45:00+00:00,10199.8,10206.3,10197.8,10204.0,2736
2026-01-30 01:00:00+00:00,10207.2,10210.7,10203.0,10207.7,6900
2026-01-30 01:15:00+00:00,10207.7,10208.0,10199.8,10203.0,6724
2026-01-30 01:30:00+00:00,10203.2,10209.1,10195.2,10198.1,9108
2026-01-30 01:45:00+00:00,10198.1,10202.5,10194.4,10200.5,9164
2026-01-30 02:00:00+00:00,10201.0,10204.1,10196.2,10198.9,8720
2026-01-30 02:15:00+00:00,10199.0,10201.7,10189.2,10192.6,11360
2026-01-30 02:30:00+00:00,10192.4,10194.1,10184.4,10191.6,9220
2026-01-30 02:45:00+00:00,10191.6,10199.1,10190.1,10199.1,7328
2026-01-30 03:00:00+00:00,10199.6,10208.2,10199.6,10202.0,6636
2026-01-30 03:15:00+00:00,10201.9,10204.2,10197.3,10201.1,7140
2026-01-30 03:30:00+00:00,10201.0,10204.5,10195.2,10198.2,6960
2026-01-30 03:45:00+00:00,10198.2,10199.6,10192.2,10192.6,5928
2026-01-30 04:00:00+00:00,10192.8,10199.2,10192.5,10198.5,4700
2026-01-30 04:15:00+00:00,10198.6,10199.0,10188.8,10191.9,4924
2026-01-30 04:30:00+00:00,10191.9,10194.8,10187.8,10190.3,4504
2026-01-30 04:45:00+00:00,10190.3,10192.7,10188.7,10191.7,4608
2026-01-30 05:00:00+00:00,10191.7,10195.3,10189.2,10189.8,5740
2026-01-30 05:15:00+00:00,10189.8,10190.4,10183.9,10187.5,5332
2026-01-30 05:30:00+00:00,10187.5,10188.2,10178.5,10179.0,4740
2026-01-30 05:45:00+00:00,10178.9,10184.3,10177.2,10180.2,4892
2026-01-30 06:00:00+00:00,10180.3,10180.8,10172.6,10178.4,2056
2026-01-30 06:15:00+00:00,10178.9,10178.9,10171.2,10172.4,1956
2026-01-30 06:30:00+00:00,10172.7,10178.9,10169.4,10174.9,1896
2026-01-30 06:45:00+00:00,10174.4,10177.4,10168.0,10168.5,2272
2026-01-30 07:00:00+00:00,10168.2,10174.7,10162.5,10174.0,1820
2026-01-30 07:15:00+00:00,10174.2,10176.5,10170.7,10172.2,1324
2026-01-30 07:30:00+00:00,10172.5,10173.2,10160.6,10166.5,2012
2026-01-30 07:45:00+00:00,10166.8,10170.0,10140.7,10140.7,2544
2026-01-30 08:00:00+00:00,10140.2,10172.6,10135.2,10171.5,10892
2026-01-30 08:15:00+00:00,10171.3,10179.0,10162.5,10178.5,7084
2026-01-30 08:30:00+00:00,10179.0,10181.1,10165.5,10181.1,5832
2026-01-30 08:45:00+00:00,10180.8,10196.9,10179.4,10193.6,3596
2026-01-30 09:00:00+00:00,10192.3,10200.7,10183.3,10189.8,4860
2026-01-30 09:15:00+00:00,10190.3,10193.2,10184.6,10190.1,4424
2026-01-30 09:30:00+00:00,10190.4,10195.6,10183.7,10185.2,4240
2026-01-30 09:45:00+00:00,10185.0,10185.5,10174.4,10180.8,5140
2026-01-30 10:00:00+00:00,10180.6,10186.7,10176.3,10180.3,3824
2026-01-30 10:15:00+00:00,10180.1,10187.7,10178.8,10184.7,3980
2026-01-30 10:30:00+00:00,10184.2,10192.0,10182.9,10186.9,3308
2026-01-30 10:45:00+00:00,10187.2,10190.9,10182.3,10185.3,3024
2026-01-30 11:00:00+00:00,10185.0,10194.9,10183.3,10192.0,2812
2026-01-30 11:15:00+00:00,10192.2,10203.2,10191.5,10203.2,2888
2026-01-30 11:30:00+00:00,10203.4,10210.7,10195.2,10209.2,3132
2026-01-30 11:45:00+00:00,10209.4,10217.9,10208.1,10215.4,2852
2026-01-30 12:00:00+00:00,10215.2,10226.2,10215.2,10221.7,3032
2026-01-30 12:15:00+00:00,10222.2,10229.9,10220.9,10220.9,2700
2026-01-30 12:30:00+00:00,10221.2,10226.5,10221.1,10222.9,2376
2026-01-30 12:45:00+00:00,10222.4,10224.9,10213.2,10217.7,3156
2026-01-30 13:00:00+00:00,10217.4,10223.5,10211.9,10221.8,3700
2026-01-30 13:15:00+00:00,10221.7,10221.7,10213.7,10221.1,2632
2026-01-30 13:30:00+00:00,10214.1,10221.3,10208.7,10213.0,4812
2026-01-30 13:45:00+00:00,10212.7,10213.2,10197.3,10199.1,4568
2026-01-30 14:00:00+00:00,10198.8,10214.8,10196.6,10214.8,4508
2026-01-30 14:15:00+00:00,10214.5,10218.9,10207.9,10214.5,3424
2026-01-30 14:30:00+00:00,10214.3,10234.8,10213.8,10218.6,8808
2026-01-30 14:45:00+00:00,10218.1,10219.4,10209.9,10214.1,8504
2026-01-30 15:00:00+00:00,10214.6,10220.7,10207.8,10211.8,9636
2026-01-30 15:15:00+00:00,10211.6,10214.6,10201.0,10202.2,8716
2026-01-30 15:30:00+00:00,10202.0,10218.3,10200.3,10213.4,8724
2026-01-30 15:45:00+00:00,10213.6,10222.8,10207.8,10209.3,7176
2026-01-30 16:00:00+00:00,10208.8,10211.6,10202.3,10205.8,6388
2026-01-30 16:15:00+00:00,10206.0,10211.4,10192.8,10211.2,6812
2026-01-30 16:30:00+00:00,10211.4,10233.0,10205.2,10226.1,10456
2026-01-30 16:45:00+00:00,10225.6,10230.5,10206.2,10207.4,8300
2026-01-30 17:00:00+00:00,10207.2,10214.9,10199.7,10204.7,8740
2026-01-30 17:15:00+00:00,10204.5,10217.2,10202.0,10212.4,8336
2026-01-30 17:30:00+00:00,10212.2,10219.6,10201.8,10206.0,8180
2026-01-30 17:45:00+00:00,10205.5,10211.0,10195.6,10195.8,9052
2026-01-30 18:00:00+00:00,10195.1,10206.0,10193.1,10193.8,5908
2026-01-30 18:15:00+00:00,10193.6,10196.1,10168.5,10194.3,6652
2026-01-30 18:30:00+00:00,10194.8,10197.6,10176.5,10182.2,6248
2026-01-30 18:45:00+00:00,10181.7,10211.5,10181.4,10204.1,6556
2026-01-30 19:00:00+00:00,10204.3,10221.7,10204.3,10221.0,6784
2026-01-30 19:15:00+00:00,10220.7,10232.2,10217.7,10219.0,5336
2026-01-30 19:30:00+00:00,10218.5,10231.7,10210.1,10228.0,8044
2026-01-30 19:45:00+00:00,10227.5,10239.9,10223.0,10224.0,5188
2026-01-30 20:00:00+00:00,10223.7,10231.2,10220.8,10224.0,4712
2026-01-30 20:15:00+00:00,10223.8,10228.5,10218.6,10224.3,4540
2026-01-30 20:30:00+00:00,10224.0,10225.0,10214.1,10220.3,3968
2026-01-30 20:45:00+00:00,10220.1,10235.0,10219.6,10230.5,5024
2026-02-01 23:00:00+00:00,10200.8,10205.6,10193.5,10203.8,4012
2026-02-01 23:15:00+00:00,10203.9,10207.9,10193.5,10205.0,5000
2026-02-01 23:30:00+00:00,10205.3,10225.7,10202.6,10224.0,4144
2026-02-01 23:45:00+00:00,10224.3,10228.4,10221.2,10221.5,4284
2026-02-02 00:00:00+00:00,10221.2,10226.4,10212.8,10223.8,5564
2026-02-02 00:15:00+00:00,10223.9,10228.4,10220.9,10222.5,4576
2026-02-02 00:30:00+00:00,10222.7,10231.6,10219.9,10228.1,3656
2026-02-02 00:45:00+00:00,10228.4,10229.9,10221.0,10223.0,2980
2026-02-02 01:00:00+00:00,10222.0,10230.6,10208.8,10215.5,10780
2026-02-02 01:15:00+00:00,10215.4,10218.2,10196.3,10197.9,10144
2026-02-02 01:30:00+00:00,10198.0,10198.6,10182.0,10189.0,11288
2026-02-02 01:45:00+00:00,10188.9,10188.9,10179.3,10183.5,10172
2026-02-02 02:00:00+00:00,10183.7,10184.1,10177.1,10182.4,9872
2026-02-02 02:15:00+00:00,10182.8,10186.0,10177.1,10179.2,9920
2026-02-02 02:30:00+00:00,10179.0,10183.9,10175.5,10176.7,8080
2026-02-02 02:45:00+00:00,10176.7,10177.4,10164.1,10165.7,8216
2026-02-02 03:00:00+00:00,10165.9,10171.1,10161.0,10163.4,7276
2026-02-02 03:15:00+00:00,10163.4,10171.8,10162.3,10166.1,7996
2026-02-02 03:30:00+00:00,10166.1,10168.6,10150.9,10153.2,10572
2026-02-02 03:45:00+00:00,10153.1,10157.9,10142.7,10147.3,10252
2026-02-02 04:00:00+00:00,10147.4,10149.1,10129.9,10135.2,11632
2026-02-02 04:15:00+00:00,10135.0,10147.1,10134.0,10143.8,9532
2026-02-02 04:30:00+00:00,10143.7,10151.6,10142.5,10150.0,7712
2026-02-02 04:45:00+00:00,10150.0,10152.2,10146.5,10151.0,6356
2026-02-02 05:00:00+00:00,10150.9,10161.7,10148.8,10151.8,8552
2026-02-02 05:15:00+00:00,10150.8,10151.2,10142.0,10142.6,7616
2026-02-02 05:30:00+00:00,10142.9,10145.7,10140.0,10140.1,8696
2026-02-02 05:45:00+00:00,10140.0,10144.4,10131.6,10135.8,8236
2026-02-02 06:00:00+00:00,10136.0,10142.8,10135.0,10139.8,1340
2026-02-02 06:15:00+00:00,10140.0,10142.0,10121.5,10128.3,1208
2026-02-02 06:30:00+00:00,10126.8,10133.3,10124.5,10132.8,1556
2026-02-02 06:45:00+00:00,10134.0,10138.0,10124.3,10130.8,1336
2026-02-02 07:00:00+00:00,10129.3,10133.8,10120.5,10122.8,2368
2026-02-02 07:15:00+00:00,10123.0,10138.5,10118.0,10138.3,1700
2026-02-02 07:30:00+00:00,10138.0,10147.0,10136.0,10145.0,1840
2026-02-02 07:45:00+00:00,10145.5,10154.5,10142.0,10145.0,2344
2026-02-02 08:00:00+00:00,10145.5,10179.3,10142.5,10178.8,11304
2026-02-02 08:15:00+00:00,10178.5,10188.5,10171.3,10183.3,6468
2026-02-02 08:30:00+00:00,10183.8,10202.8,10180.0,10197.1,5500
2026-02-02 08:45:00+00:00,10196.9,10203.1,10195.1,10199.1,4332
2026-02-02 09:00:00+00:00,10199.3,10205.0,10191.4,10203.3,5692
2026-02-02 09:15:00+00:00,10203.1,10210.7,10193.6,10210.7,4612
2026-02-02 09:30:00+00:00,10210.2,10222.3,10207.2,10217.9,4260
2026-02-02 09:45:00+00:00,10217.7,10228.2,10215.7,10221.7,3444
2026-02-02 10:00:00+00:00,10221.2,10234.6,10221.2,10230.2,3648
2026-02-02 10:15:00+00:00,10230.7,10231.2,10223.2,10229.1,3916
2026-02-02 10:30:00+00:00,10229.3,10244.8,10229.3,10234.2,3752
2026-02-02 10:45:00+00:00,10234.7,10235.0,10225.5,10230.3,3024
2026-02-02 11:00:00+00:00,10232.0,10251.9,10230.9,10251.9,3420
2026-02-02 11:15:00+00:00,10251.9,10257.3,10249.6,10254.2,3144
2026-02-02 11:30:00+00:00,10253.7,10260.9,10253.5,10255.1,2672
2026-02-02 11:45:00+00:00,10255.3,10263.8,10255.0,10260.1,2336
2026-02-02 12:00:00+00:00,10260.3,10281.3,10259.8,10280.2,3440
2026-02-02 12:15:00+00:00,10280.0,10286.0,10273.0,10285.5,3320
2026-02-02 12:30:00+00:00,10285.0,10294.7,10281.5,10294.2,3220
2026-02-02 12:45:00+00:00,10294.0,10298.7,10279.4,10286.4,3560
2026-02-02 13:00:00+00:00,10286.9,10294.1,10274.8,10291.7,5252
2026-02-02 13:15:00+00:00,10291.4,10293.2,10283.3,10286.8,4496
2026-02-02 13:30:00+00:00,10287.0,10298.3,10282.8,10297.6,4412
2026-02-02 13:45:00+00:00,10297.3,10309.5,10297.3,10308.7,3696
2026-02-02 14:00:00+00:00,10308.4,10318.8,10308.4,10318.8,3816
2026-02-02 14:15:00+00:00,10319.3,10328.2,10318.8,10323.5,3644
2026-02-02 14:30:00+00:00,10323.8,10337.8,10320.6,10327.7,11512
2026-02-02 14:45:00+00:00,10327.9,10332.9,10307.2,10313.4,7972
2026-02-02 15:00:00+00:00,10312.6,10333.4,10304.5,10329.0,8484
2026-02-02 15:15:00+00:00,10329.3,10331.4,10319.0,10319.8,7136
2026-02-02 15:30:00+00:00,10319.5,10321.5,10308.6,10314.8,7172
2026-02-02 15:45:00+00:00,10314.6,10328.4,10311.7,10325.8,6492
2026-02-02 16:00:00+00:00,10326.3,10343.2,10323.1,10341.7,6700
2026-02-02 16:15:00+00:00,10341.5,10346.0,10332.2,10332.2,5104
2026-02-02 16:30:00+00:00,10332.5,10351.6,10331.0,10351.6,5732
2026-02-02 16:45:00+00:00,10351.9,10356.4,10348.9,10356.4,3624
2026-02-02 17:00:00+00:00,10355.4,10367.6,10354.6,10365.9,2964
2026-02-02 17:15:00+00:00,10366.1,10366.9,10356.2,10358.4,2092
2026-02-02 17:30:00+00:00,10358.9,10360.7,10354.7,10356.9,2240
2026-02-02 17:45:00+00:00,10357.4,10361.7,10353.5,10354.0,1916
2026-02-02 18:00:00+00:00,10353.7,10357.0,10344.1,10346.0,1624
2026-02-02 18:15:00+00:00,10345.8,10346.5,10328.4,10328.9,1844
2026-02-02 18:30:00+00:00,10329.2,10332.1,10325.2,10329.7,1328
2026-02-02 18:45:00+00:00,10329.2,10337.9,10326.4,10326.7,1364
2026-02-02 19:00:00+00:00,10326.4,10328.7,10318.0,10323.5,1464
2026-02-02 19:15:00+00:00,10323.2,10325.7,10319.5,10324.7,1124
2026-02-02 19:30:00+00:00,10324.2,10324.2,10312.6,10318.3,1592
2026-02-02 19:45:00+00:00,10317.8,10325.8,10311.6,10313.8,2704
2026-02-02 20:00:00+00:00,10314.1,10320.3,10311.8,10312.4,4248
2026-02-02 20:15:00+00:00,10312.1,10320.8,10311.9,10317.3,2148
2026-02-02 20:30:00+00:00,10317.1,10317.1,10309.6,10311.6,1532
2026-02-02 20:45:00+00:00,10310.4,10337.2,10309.9,10334.8,3128
2026-02-02 21:00:00+00:00,10334.9,10339.4,10329.4,10336.6,2752
2026-02-02 21:30:00+00:00,10336.3,10338.1,10333.3,10333.8,876
2026-02-02 21:45:00+00:00,10333.5,10334.5,10326.3,10327.8,152
2026-02-02 23:00:00+00:00,10343.6,10349.2,10343.3,10344.2,1556
2026-02-02 23:15:00+00:00,10344.4,10347.2,10342.1,10345.2,1156
2026-02-02 23:30:00+00:00,10345.1,10352.9,10344.2,10349.1,2204
2026-02-02 23:45:00+00:00,10348.9,10349.8,10345.5,10346.0,1772
2026-02-03 00:00:00+00:00,10345.7,10347.0,10340.1,10345.2,2852
2026-02-03 00:15:00+00:00,10345.8,10354.0,10344.5,10349.4,2288
2026-02-03 00:30:00+00:00,10349.5,10350.7,10346.1,10347.4,1268
2026-02-03 00:45:00+00:00,10347.5,10347.6,10344.6,10347.1,1400
2026-02-03 01:00:00+00:00,10330.0,10341.2,10329.9,10335.7,4736
2026-02-03 01:15:00+00:00,10335.8,10342.1,10335.2,10340.2,3500
2026-02-03 01:30:00+00:00,10340.2,10340.2,10330.2,10332.9,3744
2026-02-03 01:45:00+00:00,10333.5,10334.8,10328.7,10333.8,3788
2026-02-03 02:00:00+00:00,10333.5,10333.5,10324.4,10325.7,3904
2026-02-03 02:15:00+00:00,10325.5,10328.4,10317.1,10318.4,3752
2026-02-03 02:30:00+00:00,10318.2,10318.9,10314.3,10316.4,4148
2026-02-03 02:45:00+00:00,10316.1,10322.4,10315.4,10320.9,4624
2026-02-03 03:00:00+00:00,10320.9,10323.5,10317.4,10317.7,3744
2026-02-03 03:15:00+00:00,10317.5,10321.3,10315.4,10320.6,3664
2026-02-03 03:30:00+00:00,10320.7,10325.8,10317.4,10325.7,4196
2026-02-03 03:45:00+00:00,10325.5,10327.5,10324.0,10327.4,2992
2026-02-03 04:00:00+00:00,10327.4,10332.7,10327.4,10329.9,2588
2026-02-03 04:15:00+00:00,10329.9,10330.9,10327.7,10330.5,2608
2026-02-03 04:30:00+00:00,10330.5,10335.3,10330.4,10334.5,2932
2026-02-03 04:45:00+00:00,10334.3,10338.3,10333.7,10336.7,2024
2026-02-03 05:00:00+00:00,10336.8,10336.8,10319.9,10321.0,4028
2026-02-03 05:15:00+00:00,10321.0,10331.0,10319.4,10327.8,3520
2026-02-03 05:30:00+00:00,10328.0,10329.5,10324.1,10329.5,2628
2026-02-03 05:45:00+00:00,10329.5,10334.2,10329.0,10331.3,2716
2026-02-03 06:00:00+00:00,10331.5,10335.0,10327.6,10334.3,520
2026-02-03 06:15:00+00:00,10334.0,10337.5,10333.5,10334.3,468
2026-02-03 06:30:00+00:00,10333.5,10343.0,10333.1,10339.8,996
2026-02-03 06:45:00+00:00,10339.5,10339.5,10334.1,10334.3,404
2026-02-03 07:00:00+00:00,10334.8,10351.7,10333.5,10350.0,896
2026-02-03 07:15:00+00:00,10350.2,10356.7,10347.2,10353.7,1340
2026-02-03 07:30:00+00:00,10353.2,10353.9,10345.0,10351.7,1260
2026-02-03 07:45:00+00:00,10352.2,10357.0,10345.8,10356.0,1528
2026-02-03 08:00:00+00:00,10356.2,10366.9,10346.0,10364.7,7936
2026-02-03 08:15:00+00:00,10364.2,10372.7,10362.2,10364.0,4820
2026-02-03 08:30:00+00:00,10363.5,10368.5,10357.6,10365.6,4584
2026-02-03 08:45:00+00:00,10365.8,10368.7,10355.4,10360.3,3604
2026-02-03 09:00:00+00:00,10360.1,10363.6,10354.8,10357.8,3184
2026-02-03 09:15:00+00:00,10358.1,10358.6,10332.6,10334.2,3304
2026-02-03 09:30:00+00:00,10335.6,10339.5,10329.7,10331.2,3756
2026-02-03 09:45:00+00:00,10331.5,10335.7,10323.4,10329.6,3276
2026-02-03 10:00:00+00:00,10329.9,10341.4,10329.6,10336.9,3080
2026-02-03 10:15:00+00:00,10336.6,10340.2,10327.5,10327.7,2692
2026-02-03 10:30:00+00:00,10327.5,10331.3,10321.5,10323.8,2868
2026-02-03 10:45:00+00:00,10324.0,10327.0,10315.8,10316.0,2728
2026-02-03 11:00:00+00:00,10315.8,10319.0,10295.6,10297.9,4260
2026-02-03 11:15:00+00:00,10298.2,10308.7,10295.7,10305.3,3260
2026-02-03 11:30:00+00:00,10305.8,10306.3,10296.0,10300.7,3392
2026-02-03 11:45:00+00:00,10300.4,10304.4,10292.5,10298.8,3872
2026-02-03 12:00:00+00:00,10298.6,10301.6,10293.5,10294.5,3412
2026-02-03 12:15:00+00:00,10294.7,10296.8,10289.2,10291.8,3168
2026-02-03 12:30:00+00:00,10292.1,10299.6,10291.8,10292.9,2856
2026-02-03 12:45:00+00:00,10293.7,10294.4,10279.4,10284.3,2884
2026-02-03 13:00:00+00:00,10284.8,10292.4,10276.5,10279.2,4168
2026-02-03 13:15:00+00:00,10280.0,10281.0,10264.5,10271.2,3992
2026-02-03 13:30:00+00:00,10271.7,10273.2,10253.4,10253.4,4008
2026-02-03 13:45:00+00:00,10253.6,10257.8,10241.9,10248.8,3920
2026-02-03 14:00:00+00:00,10249.0,10250.2,10237.4,10239.3,3808
2026-02-03 14:15:00+00:00,10239.6,10242.9,10232.5,10236.0,3496
2026-02-03 14:30:00+00:00,10235.5,10271.9,10231.6,10263.9,14312
2026-02-03 14:45:00+00:00,10263.7,10284.7,10263.4,10280.8,10772
2026-02-03 15:00:00+00:00,10280.6,10297.4,10278.1,10289.9,10500
2026-02-03 15:15:00+00:00,10290.2,10295.3,10278.1,10288.4,10424
2026-02-03 15:30:00+00:00,10288.1,10294.6,10286.2,10288.7,10128
2026-02-03 15:45:00+00:00,10288.5,10311.0,10287.0,10301.6,7508
2026-02-03 16:00:00+00:00,10302.1,10303.3,10290.7,10299.8,7292
2026-02-03 16:15:00+00:00,10299.6,10314.2,10297.1,10309.0,5840
2026-02-03 16:30:00+00:00,10309.2,10314.7,10295.6,10305.8,7896
2026-02-03 16:45:00+00:00,10306.0,10309.5,10292.4,10294.1,6264
2026-02-03 17:00:00+00:00,10294.3,10296.3,10275.7,10279.4,7536
2026-02-03 17:15:00+00:00,10279.0,10285.4,10271.0,10274.2,5704
2026-02-03 17:30:00+00:00,10273.7,10275.5,10264.1,10268.5,5500
2026-02-03 17:45:00+00:00,10268.3,10277.5,10262.8,10264.3,5928
2026-02-03 18:00:00+00:00,10264.1,10272.5,10250.7,10254.9,5472
2026-02-03 18:15:00+00:00,10254.6,10257.4,10245.5,10247.2,5080
2026-02-03 18:30:00+00:00,10246.7,10257.9,10245.2,10253.7,4360
2026-02-03 18:45:00+00:00,10253.2,10261.4,10249.7,10251.2,3652
2026-02-03 19:00:00+00:00,10250.7,10264.6,10241.8,10262.6,4764
2026-02-03 19:15:00+00:00,10262.1,10271.9,10258.7,10261.2,5368
2026-02-03 19:30:00+00:00,10260.9,10273.6,10255.0,10271.1,6404
2026-02-03 19:45:00+00:00,10271.6,10277.6,10259.2,10273.6,5664
2026-02-03 20:00:00+00:00,10273.4,10275.6,10268.4,10274.1,4028
2026-02-03 20:15:00+00:00,10273.9,10279.6,10268.7,10277.1,3348
2026-02-03 20:30:00+00:00,10276.9,10289.8,10276.9,10286.6,3464
2026-02-03 20:45:00+00:00,10286.3,10305.5,10283.4,10300.8,3668
2026-02-03 21:00:00+00:00,10299.5,10305.3,10298.2,10299.7,2600
2026-02-03 21:30:00+00:00,10296.4,10296.5,10290.5,10293.3,2156
2026-02-03 21:45:00+00:00,10293.6,10294.9,10289.6,10294.6,1628
2026-02-03 23:00:00+00:00,10294.8,10298.8,10288.3,10298.8,1416
2026-02-03 23:15:00+00:00,10298.5,10301.6,10290.8,10292.2,1848
2026-02-03 23:30:00+00:00,10292.1,10294.5,10290.8,10294.3,1252
2026-02-03 23:45:00+00:00,10294.1,10300.3,10292.1,10299.8,1960
2026-02-04 00:00:00+00:00,10299.7,10300.9,10292.4,10294.0,3648
2026-02-04 00:15:00+00:00,10294.4,10299.6,10293.8,10295.5,2556
2026-02-04 00:30:00+00:00,10295.7,10299.6,10295.2,10296.2,2120
2026-02-04 00:45:00+00:00,10296.5,10297.8,10292.1,10293.1,2264
2026-02-04 01:00:00+00:00,10304.7,10313.5,10304.7,10312.3,6460
2026-02-04 01:15:00+00:00,10312.2,10312.7,10306.8,10312.3,4816
2026-02-04 01:30:00+00:00,10312.2,10315.5,10305.8,10309.1,4548
2026-02-04 01:45:00+00:00,10309.1,10313.7,10307.7,10312.5,4788
2026-02-04 02:00:00+00:00,10312.5,10321.1,10312.3,10315.5,4536
2026-02-04 02:15:00+00:00,10315.5,10317.0,10309.9,10313.3,4636
2026-02-04 02:30:00+00:00,10313.3,10317.5,10311.4,10315.1,4396
2026-02-04 02:45:00+00:00,10314.9,10317.6,10311.3,10313.7,4188
2026-02-04 03:00:00+00:00,10313.5,10315.1,10308.7,10311.8,4220
2026-02-04 03:15:00+00:00,10311.4,10318.4,10307.2,10312.9,5200
2026-02-04 03:30:00+00:00,10313.1,10326.0,10313.1,10323.9,3860
2026-02-04 03:45:00+00:00,10323.9,10326.8,10320.9,10326.2,4704
2026-02-04 04:00:00+00:00,10326.1,10326.9,10323.1,10323.1,2916
2026-02-04 04:15:00+00:00,10323.2,10324.5,10320.1,10321.0,3052
2026-02-04 04:30:00+00:00,10321.0,10326.2,10320.9,10323.7,2960
2026-02-04 04:45:00+00:00,10323.7,10324.4,10314.2,10316.5,2684
2026-02-04 05:00:00+00:00,10316.5,10319.8,10314.3,10317.0,3532
2026-02-04 05:15:00+00:00,10317.0,10321.9,10315.5,10320.1,2808
2026-02-04 05:30:00+00:00,10320.1,10320.6,10316.0,10318.3,2732
2026-02-04 05:45:00+00:00,10318.5,10321.9,10318.5,10321.7,2440
2026-02-04 06:00:00+00:00,10321.7,10322.0,10309.3,10318.7,908
2026-02-04 06:15:00+00:00,10319.5,10320.5,10311.3,10315.0,952
2026-02-04 06:30:00+00:00,10313.8,10319.0,10312.8,10318.0,952
2026-02-04 06:45:00+00:00,10318.3,10322.0,10317.8,10320.0,724
2026-02-04 07:00:00+00:00,10319.8,10330.0,10319.8,10327.5,1276
2026-02-04 07:15:00+00:00,10327.3,10327.3,10320.1,10322.0,844
2026-02-04 07:30:00+00:00,10322.3,10324.0,10318.8,10323.3,724
2026-02-04 07:45:00+00:00,10323.1,10329.3,10318.8,10328.8,1332
2026-02-04 08:00:00+00:00,10329.0,10370.8,10322.9,10369.3,9964
2026-02-04 08:15:00+00:00,10369.6,10383.2,10366.6,10377.7,5996
2026-02-04 08:30:00+00:00,10377.5,10380.8,10354.4,10364.6,6556
2026-02-04 08:45:00+00:00,10364.3,10373.4,10360.5,10373.1,5752
2026-02-04 09:00:00+00:00,10373.4,10379.8,10363.9,10365.6,6116
2026-02-04 09:15:00+00:00,10365.9,10372.6,10361.6,10370.3,6004
2026-02-04 09:30:00+00:00,10370.6,10379.3,10367.7,10375.7,5668
2026-02-04 09:45:00+00:00,10376.2,10402.2,10375.9,10400.2,4368
2026-02-04 10:00:00+00:00,10400.0,10420.1,10398.5,10412.3,4728
2026-02-04 10:15:00+00:00,10411.8,10414.1,10401.6,10410.1,4300
2026-02-04 10:30:00+00:00,10410.4,10419.6,10410.4,10415.2,3676
2026-02-04 10:45:00+00:00,10415.0,10422.4,10409.1,10419.7,3308
2026-02-04 11:00:00+00:00,10419.9,10424.3,10416.0,10419.6,3344
2026-02-04 11:15:00+00:00,10419.8,10424.1,10415.5,10421.2,3560
2026-02-04 11:30:00+00:00,10421.2,10438.8,10420.7,10436.9,3560
2026-02-04 11:45:00+00:00,10437.6,10461.3,10437.1,10460.1,4388
2026-02-04 12:00:00+00:00,10459.8,10461.3,10450.9,10455.6,3112
2026-02-04 12:15:00+00:00,10455.3,10455.3,10443.0,10444.0,3348
2026-02-04 12:30:00+00:00,10444.5,10444.7,10431.9,10432.8,3416
2026-02-04 12:45:00+00:00,10433.1,10442.1,10431.2,10432.5,3084
2026-02-04 13:00:00+00:00,10432.2,10439.9,10429.7,10436.7,3848
2026-02-04 13:15:00+00:00,10436.7,10439.4,10434.0,10436.6,3208
2026-02-04 13:30:00+00:00,10436.8,10451.0,10435.3,10443.8,4228
2026-02-04 13:45:00+00:00,10443.5,10453.8,10442.5,10453.6,3332
2026-02-04 14:00:00+00:00,10453.3,10454.8,10444.1,10451.7,4792
2026-02-04 14:15:00+00:00,10451.5,10471.7,10451.0,10467.8,3656
2026-02-04 14:30:00+00:00,10468.1,10482.8,10459.0,10467.4,14384
2026-02-04 14:45:00+00:00,10467.2,10479.3,10461.2,10465.2,10892
2026-02-04 15:00:00+00:00,10465.7,10473.7,10447.4,10449.4,12852
2026-02-04 15:15:00+00:00,10449.6,10479.4,10447.4,10452.6,15256
2026-02-04 15:30:00+00:00,10452.4,10462.6,10434.6,10456.4,11948
2026-02-04 15:45:00+00:00,10456.1,10457.4,10439.3,10443.8,7022
2026-02-04 16:00:00+00:00,10444.0,10447.5,10434.1,10436.8,9712
2026-02-04 16:15:00+00:00,10436.5,10437.3,10419.6,10423.7,9704
2026-02-04 16:30:00+00:00,10423.4,10431.4,10398.6,10402.6,9884
2026-02-04 16:45:00+00:00,10402.8,10414.5,10390.9,10413.3,8552
2026-02-04 17:00:00+00:00,10413.0,10419.7,10409.8,10418.2,8720
2026-02-04 17:15:00+00:00,10418.0,10421.0,10382.2,10387.7,8968
2026-02-04 17:30:00+00:00,10387.9,10397.4,10381.0,10390.4,11340
2026-02-04 17:45:00+00:00,10390.9,10403.9,10378.0,10399.9,7684
2026-02-04 18:00:00+00:00,10399.6,10403.9,10387.0,10388.2,6672
2026-02-04 18:15:00+00:00,10388.5,10401.9,10381.0,10398.7,4952
2026-02-04 18:30:00+00:00,10398.9,10403.7,10387.0,10396.0,6352
2026-02-04 18:45:00+00:00,10395.7,10409.4,10391.5,10401.4,4260
2026-02-04 19:00:00+00:00,10401.2,10403.9,10391.7,10398.5,6460
2026-02-04 19:15:00+00:00,10398.2,10406.9,10397.5,10402.0,3916
2026-02-04 19:30:00+00:00,10401.5,10411.4,10399.0,10409.2,3752
2026-02-04 19:45:00+00:00,10408.9,10426.3,10407.9,10425.9,5196
2026-02-04 20:00:00+00:00,10426.1,10429.0,10416.8,10423.0,2792
2026-02-04 20:15:00+00:00,10422.8,10424.3,10415.3,10416.6,2496
2026-02-04 20:30:00+00:00,10416.1,10430.8,10415.8,10426.5,2824
2026-02-04 20:45:00+00:00,10426.3,10427.3,10401.7,10411.4,2676
2026-02-04 21:00:00+00:00,10414.5,10428.9,10396.1,10427.0,9964
2026-02-04 21:30:00+00:00,10419.4,10441.7,10418.6,10431.9,5788
2026-02-04 21:45:00+00:00,10431.7,10435.4,10424.2,10424.4,3808
2026-02-04 23:00:00+00:00,10426.1,10429.0,10420.5,10423.8,1380
2026-02-04 23:15:00+00:00,10423.9,10428.4,10422.3,10427.3,1552
2026-02-04 23:30:00+00:00,10427.1,10432.1,10419.7,10421.8,2308
2026-02-04 23:45:00+00:00,10422.1,10426.6,10415.0,10419.7,2544
2026-02-05 00:00:00+00:00,10419.2,10422.1,10412.9,10420.2,4068
2026-02-05 00:15:00+00:00,10420.1,10431.5,10419.9,10430.1,2584
2026-02-05 00:30:00+00:00,10430.2,10433.5,10428.1,10432.1,1912
2026-02-05 00:45:00+00:00,10431.9,10433.1,10427.8,10427.8,1704
2026-02-05 01:00:00+00:00,10419.0,10423.4,10417.9,10418.0,5904
2026-02-05 01:15:00+00:00,10417.9,10418.5,10411.0,10415.5,6748
2026-02-05 01:30:00+00:00,10415.6,10420.8,10413.5,10418.7,6256
2026-02-05 01:45:00+00:00,10418.8,10420.3,10413.5,10415.6,5656
2026-02-05 02:00:00+00:00,10415.6,10417.3,10400.8,10400.8,8668
2026-02-05 02:15:00+00:00,10400.8,10407.4,10389.7,10404.8,11732
2026-02-05 02:30:00+00:00,10404.8,10409.4,10401.2,10406.2,7824
2026-02-05 02:45:00+00:00,10406.2,10407.1,10390.5,10391.7,10052
2026-02-05 03:00:00+00:00,10391.8,10399.5,10388.6,10398.4,10380
2026-02-05 03:15:00+00:00,10398.3,10403.5,10395.9,10399.5,8316
2026-02-05 03:30:00+00:00,10399.6,10400.7,10390.8,10398.0,9172
2026-02-05 03:45:00+00:00,10397.9,10397.9,10385.2,10386.6,7608
2026-02-05 04:00:00+00:00,10386.6,10393.7,10386.6,10390.5,7164
2026-02-05 04:15:00+00:00,10390.6,10393.3,10388.0,10393.3,7256
2026-02-05 04:30:00+00:00,10393.2,10401.9,10392.3,10400.1,6376
2026-02-05 04:45:00+00:00,10400.1,10401.6,10397.4,10398.5,5388
2026-02-05 05:00:00+00:00,10398.6,10400.7,10393.8,10394.9,6412
2026-02-05 05:15:00+00:00,10395.0,10399.8,10392.4,10399.1,6244
2026-02-05 05:30:00+00:00,10399.1,10408.2,10396.2,10402.7,6276
2026-02-05 05:45:00+00:00,10402.9,10404.4,10396.7,10397.2,5880
2026-02-05 06:00:00+00:00,10397.3,10403.5,10391.3,10401.8,1056
2026-02-05 06:15:00+00:00,10402.0,10406.5,10395.0,10400.0,1132
2026-02-05 06:30:00+00:00,10399.5,10404.8,10397.0,10404.3,1044
2026-02-05 06:45:00+00:00,10405.3,10407.8,10405.3,10406.3,484
2026-02-05 07:00:00+00:00,10403.3,10408.0,10397.3,10406.0,1192
2026-02-05 07:15:00+00:00,10405.5,10409.0,10400.8,10407.3,1300
2026-02-05 07:30:00+00:00,10407.0,10408.0,10394.3,10396.0,1512
2026-02-05 07:45:00+00:00,10395.8,10401.3,10372.8,10378.0,2940
2026-02-05 08:00:00+00:00,10377.5,10384.3,10351.8,10370.1,12492
2026-02-05 08:15:00+00:00,10369.9,10394.6,10369.4,10382.5,7336
2026-02-05 08:30:00+00:00,10381.7,10390.0,10368.0,10370.7,5816
2026-02-05 08:45:00+00:00,10370.5,10371.2,10357.8,10363.2,6104
2026-02-05 09:00:00+00:00,10364.4,10367.2,10351.7,10353.7,5748
2026-02-05 09:15:00+00:00,10353.4,10357.5,10344.7,10353.5,5068
2026-02-05 09:30:00+00:00,10354.0,10369.7,10350.0,10354.2,5044
2026-02-05 09:45:00+00:00,10354.4,10368.8,10353.2,10365.1,4340
2026-02-05 10:00:00+00:00,10364.8,10369.3,10352.1,10368.3,4020
2026-02-05 10:15:00+00:00,10368.0,10369.3,10358.1,10369.3,3596
2026-02-05 10:30:00+00:00,10369.6,10377.3,10366.3,10370.1,4048
2026-02-05 10:45:00+00:00,10369.9,10387.0,10368.7,10385.4,3804
2026-02-05 11:00:00+00:00,10384.9,10388.3,10367.2,10369.7,3892
2026-02-05 11:15:00+00:00,10369.9,10373.2,10358.8,10369.2,4248
2026-02-05 11:30:00+00:00,10368.7,10370.9,10348.4,10351.5,4304
2026-02-05 11:45:00+00:00,10352.0,10365.7,10350.5,10360.0,3240
2026-02-05 12:00:00+00:00,10360.5,10405.5,10359.5,10389.0,6700
2026-02-05 12:15:00+00:00,10388.5,10393.3,10363.3,10363.4,5780
2026-02-05 12:30:00+00:00,10363.6,10371.2,10354.0,10359.9,7524
2026-02-05 12:45:00+00:00,10360.2,10362.4,10349.0,10356.8,8116
2026-02-05 13:00:00+00:00,10356.5,10365.0,10350.3,10360.3,6648
2026-02-05 13:15:00+00:00,10360.6,10361.8,10345.9,10355.7,5704
2026-02-05 13:30:00+00:00,10352.0,10378.4,10348.3,10350.9,6916
2026-02-05 13:45:00+00:00,10350.9,10353.0,10324.2,10327.4,5620
2026-02-05 14:00:00+00:00,10327.9,10329.4,10310.1,10310.1,9436
2026-02-05 14:15:00+00:00,10310.3,10315.5,10298.8,10312.3,8248
2026-02-05 14:30:00+00:00,10311.8,10359.4,10302.4,10355.9,18916
2026-02-05 14:45:00+00:00,10355.6,10372.6,10339.8,10344.8,13012
2026-02-05 15:00:00+00:00,10346.0,10351.0,10316.2,10323.3,13112
2026-02-05 15:15:00+00:00,10323.0,10342.4,10303.6,10307.8,16288
2026-02-05 15:30:00+00:00,10307.6,10335.7,10304.4,10323.3,14001
2026-02-05 15:45:00+00:00,10323.1,10326.3,10297.0,10303.9,5355
2026-02-05 16:00:00+00:00,10304.7,10307.0,10287.8,10288.8,11992
2026-02-05 16:15:00+00:00,10289.0,10313.8,10288.1,10306.1,9832
2026-02-05 16:30:00+00:00,10306.3,10321.5,10293.4,10307.6,8676
2026-02-05 16:45:00+00:00,10307.3,10329.7,10298.2,10328.3,3632
2026-02-05 17:00:00+00:00,10328.7,10330.0,10298.2,10302.2,4776
2026-02-05 17:15:00+00:00,10301.9,10319.6,10295.7,10317.6,4368
2026-02-05 17:30:00+00:00,10317.9,10320.1,10307.7,10315.6,4916
2026-02-05 17:45:00+00:00,10315.9,10326.8,10298.7,10299.2,5136
2026-02-05 18:00:00+00:00,10299.7,10304.7,10289.3,10292.3,4344
2026-02-05 18:15:00+00:00,10291.8,10293.8,10279.8,10287.1,3188
2026-02-05 18:30:00+00:00,10286.8,10292.3,10273.4,10280.9,2564
2026-02-05 18:45:00+00:00,10281.4,10283.1,10265.2,10266.9,2152
2026-02-05 19:00:00+00:00,10266.4,10293.1,10261.5,10288.8,2804
2026-02-05 19:15:00+00:00,10288.1,10296.1,10282.4,10288.9,2680
2026-02-05 19:30:00+00:00,10288.6,10288.6,10274.2,10277.2,3240
2026-02-05 19:45:00+00:00,10276.9,10282.4,10270.7,10278.4,2648
2026-02-05 20:00:00+00:00,10278.7,10295.3,10276.0,10289.4,2568
2026-02-05 20:15:00+00:00,10289.1,10289.1,10272.7,10274.0,2584
2026-02-05 20:30:00+00:00,10273.5,10281.4,10270.0,10273.5,2824
2026-02-05 20:45:00+00:00,10273.0,10275.5,10258.6,10263.8,2912
2026-02-05 21:00:00+00:00,10263.6,10275.6,10246.1,10263.1,9416
2026-02-05 21:30:00+00:00,10254.3,10254.7,10234.2,10238.0,4940
2026-02-05 21:45:00+00:00,10238.2,10245.8,10233.3,10245.2,4264
2026-02-05 23:00:00+00:00,10249.6,10251.0,10241.1,10245.9,2496
2026-02-05 23:15:00+00:00,10246.0,10251.2,10232.4,10249.9,4008
2026-02-05 23:30:00+00:00,10249.8,10252.0,10235.7,10241.5,4392
2026-02-05 23:45:00+00:00,10241.6,10242.3,10232.2,10240.5,5164
2026-02-06 00:00:00+00:00,10240.2,10241.0,10228.7,10230.1,6140
2026-02-06 00:15:00+00:00,10230.0,10244.1,10211.4,10241.2,6412
2026-02-06 00:30:00+00:00,10240.8,10246.3,10237.5,10241.8,5316
2026-02-06 00:45:00+00:00,10241.7,10248.4,10235.6,10247.5,5108
2026-02-06 01:00:00+00:00,10252.5,10261.4,10238.4,10238.5,8420
2026-02-06 01:15:00+00:00,10238.5,10240.0,10227.5,10230.9,8436
2026-02-06 01:30:00+00:00,10230.9,10248.9,10230.9,10248.7,8064
2026-02-06 01:45:00+00:00,10248.6,10268.3,10248.2,10267.7,8096
2026-02-06 02:00:00+00:00,10267.9,10273.1,10263.5,10267.1,8692
2026-02-06 02:15:00+00:00,10266.8,10274.1,10258.4,10271.8,8072
2026-02-06 02:30:00+00:00,10272.0,10275.7,10264.0,10266.8,7404
2026-02-06 02:45:00+00:00,10266.8,10270.2,10260.9,10266.0,6456
2026-02-06 03:00:00+00:00,10265.4,10268.0,10260.1,10262.8,7516
2026-02-06 03:15:00+00:00,10262.8,10265.9,10256.1,10259.9,7028
2026-02-06 03:30:00+00:00,10260.0,10267.2,10252.3,10254.2,8020
2026-02-06 03:45:00+00:00,10254.1,10263.5,10254.1,10262.0,5844
2026-02-06 04:00:00+00:00,10261.9,10262.6,10258.4,10261.0,5416
2026-02-06 04:15:00+00:00,10260.9,10263.7,10256.3,10256.5,5528
2026-02-06 04:30:00+00:00,10256.5,10257.5,10239.5,10240.0,6876
2026-02-06 04:45:00+00:00,10240.7,10243.0,10231.6,10242.3,7180
2026-02-06 05:00:00+00:00,10242.4,10246.5,10239.0,10244.9,7772
2026-02-06 05:15:00+00:00,10244.9,10245.8,10240.0,10245.8,6448
2026-02-06 05:30:00+00:00,10245.8,10264.1,10245.4,10263.5,6328
2026-02-06 05:45:00+00:00,10263.4,10278.2,10259.7,10277.5,5888
2026-02-06 06:00:00+00:00,10277.1,10278.9,10265.0,10265.5,1308
2026-02-06 06:15:00+00:00,10265.2,10270.5,10261.0,10268.0,1076
2026-02-06 06:30:00+00:00,10267.5,10272.7,10259.0,10259.5,952
2026-02-06 06:45:00+00:00,10259.3,10263.0,10252.3,10259.1,760
2026-02-06 07:00:00+00:00,10259.3,10259.3,10228.5,10239.4,1524
2026-02-06 07:15:00+00:00,10239.9,10254.6,10238.4,10254.6,1544
2026-02-06 07:30:00+00:00,10256.1,10267.8,10254.1,10255.6,1896
2026-02-06 07:45:00+00:00,10256.4,10257.4,10234.5,10249.9,2648
2026-02-06 08:00:00+00:00,10250.2,10290.9,10246.4,10282.5,12596
2026-02-06 08:15:00+00:00,10282.8,10286.5,10263.1,10264.4,8488
2026-02-06 08:30:00+00:00,10264.6,10272.6,10252.0,10268.6,7096
2026-02-06 08:45:00+00:00,10268.4,10287.0,10262.9,10279.7,6052
2026-02-06 09:00:00+00:00,10279.4,10291.7,10274.4,10290.0,6084
2026-02-06 09:15:00+00:00,10290.2,10306.4,10288.7,10304.6,5704
2026-02-06 09:30:00+00:00,10304.9,10317.8,10303.7,10311.5,4512
2026-02-06 09:45:00+00:00,10311.3,10312.7,10305.3,10308.0,3980
2026-02-06 10:00:00+00:00,10308.3,10314.7,10303.1,10309.0,3760
2026-02-06 10:15:00+00:00,10308.5,10314.2,10300.9,10307.3,3524
2026-02-06 10:30:00+00:00,10307.6,10317.1,10306.6,10314.9,2912
2026-02-06 10:45:00+00:00,10314.4,10322.3,10312.0,10321.3,2456
2026-02-06 11:00:00+00:00,10320.8,10325.5,10317.9,10323.3,2936
2026-02-06 11:15:00+00:00,10322.8,10332.4,10322.3,10330.3,2764
2026-02-06 11:30:00+00:00,10330.1,10333.8,10322.3,10324.3,2552
2026-02-06 11:45:00+00:00,10324.0,10342.9,10323.3,10336.9,3024
2026-02-06 12:00:00+00:00,10335.9,10335.9,10322.5,10331.1,2932
2026-02-06 12:15:00+00:00,10331.3,10334.3,10325.0,10327.7,2872
2026-02-06 12:30:00+00:00,10327.5,10331.3,10321.2,10323.5,2656
2026-02-06 12:45:00+00:00,10323.7,10326.4,10317.6,10318.6,2496
2026-02-06 13:00:00+00:00,10318.4,10326.6,10316.4,10324.7,2232
2026-02-06 13:15:00+00:00,10324.7,10326.9,10317.6,10326.1,2276
2026-02-06 13:30:00+00:00,10325.9,10337.2,10325.9,10328.4,3752
2026-02-06 13:45:00+00:00,10328.9,10329.4,10320.6,10321.3,2960
2026-02-06 14:00:00+00:00,10321.1,10332.2,10315.9,10328.3,3856
2026-02-06 14:15:00+00:00,10328.1,10333.9,10324.6,10331.1,3208
2026-02-06 14:30:00+00:00,10330.6,10363.3,10328.2,10360.0,12156
2026-02-06 14:45:00+00:00,10360.2,10361.0,10345.8,10353.6,7724
2026-02-06 15:00:00+00:00,10355.8,10359.3,10349.7,10352.2,10828
2026-02-06 15:15:00+00:00,10352.4,10367.6,10345.5,10364.5,10360
2026-02-06 15:30:00+00:00,10365.0,10367.8,10358.6,10363.3,8328
2026-02-06 15:45:00+00:00,10363.6,10374.8,10352.6,10373.2,7460
2026-02-06 16:00:00+00:00,10372.9,10380.5,10369.7,10373.3,6096
2026-02-06 16:15:00+00:00,10373.1,10379.8,10364.4,10366.6,4872
2026-02-06 16:30:00+00:00,10366.3,10377.1,10362.4,10376.8,6172
2026-02-06 16:45:00+00:00,10377.3,10380.1,10368.6,10372.4,3960
2026-02-06 17:00:00+00:00,10371.9,10386.3,10369.9,10381.1,3776
2026-02-06 17:15:00+00:00,10380.8,10382.3,10375.4,10379.6,2872
2026-02-06 17:30:00+00:00,10379.8,10384.1,10375.6,10379.4,2592
2026-02-06 17:45:00+00:00,10379.1,10389.6,10379.1,10383.4,2412
2026-02-06 18:00:00+00:00,10384.1,10389.3,10381.4,10386.8,2304
2026-02-06 18:15:00+00:00,10387.3,10391.8,10383.4,10387.1,2312
2026-02-06 18:30:00+00:00,10387.4,10394.3,10386.9,10389.6,1552
2026-02-06 18:45:00+00:00,10389.4,10397.1,10389.4,10393.4,1468
2026-02-06 19:00:00+00:00,10393.1,10398.6,10391.4,10396.1,1780
2026-02-06 19:15:00+00:00,10395.6,10399.8,10392.1,10399.3,1420
2026-02-06 19:30:00+00:00,10398.9,10399.4,10394.4,10396.4,1512
2026-02-06 19:45:00+00:00,10396.1,10402.8,10396.1,10399.4,1544
2026-02-06 20:00:00+00:00,10398.9,10403.6,10397.4,10399.6,1392
2026-02-06 20:15:00+00:00,10399.9,10404.8,10397.6,10402.6,1188
2026-02-06 20:30:00+00:00,10402.4,10404.6,10397.6,10402.1,1616
2026-02-06 20:45:00+00:00,10401.9,10412.3,10398.4,10408.8,2544
2026-02-08 23:00:00+00:00,10432.3,10433.6,10427.4,10430.4,1812
2026-02-08 23:15:00+00:00,10430.3,10434.1,10426.6,10427.4,2536
2026-02-08 23:30:00+00:00,10427.3,10435.0,10425.0,10433.4,3488
2026-02-08 23:45:00+00:00,10433.3,10440.0,10428.4,10430.6,4180
2026-02-09 00:00:00+00:00,10429.9,10438.6,10428.6,10432.5,5516
2026-02-09 00:15:00+00:00,10432.7,10432.9,10422.4,10422.4,4328
2026-02-09 00:30:00+00:00,10422.5,10428.0,10420.7,10422.6,3564
2026-02-09 00:45:00+00:00,10422.3,10423.4,10418.1,10420.5,3156
2026-02-09 01:00:00+00:00,10412.3,10413.4,10402.3,10410.3,7420
2026-02-09 01:15:00+00:00,10410.8,10413.7,10409.4,10412.0,6484
2026-02-09 01:30:00+00:00,10412.0,10414.0,10404.4,10406.8,7876
2026-02-09 01:45:00+00:00,10407.0,10409.1,10403.1,10407.0,6708
2026-02-09 02:00:00+00:00,10406.8,10417.5,10405.4,10416.0,6564
2026-02-09 02:15:00+00:00,10415.6,10419.0,10414.1,10416.8,5712
2026-02-09 02:30:00+00:00,10416.9,10421.2,10416.6,10419.7,4532
2026-02-09 02:45:00+00:00,10419.8,10420.3,10413.0,10413.5,3968
2026-02-09 03:00:00+00:00,10413.6,10414.6,10412.1,10413.4,4136
2026-02-09 03:15:00+00:00,10413.2,10414.6,10408.8,10409.9,3676
2026-02-09 03:30:00+00:00,10409.9,10411.4,10407.5,10409.8,5496
2026-02-09 03:45:00+00:00,10409.8,10410.0,10406.5,10407.7,4240
2026-02-09 04:00:00+00:00,10407.7,10409.6,10405.5,10406.3,3760
2026-02-09 04:15:00+00:00,10406.3,10408.0,10405.4,10406.3,3088
2026-02-09 04:30:00+00:00,10406.3,10407.6,10404.1,10406.1,3244
2026-02-09 04:45:00+00:00,10405.8,10407.8,10403.1,10404.1,3052
2026-02-09 05:00:00+00:00,10404.0,10405.0,10399.6,10402.8,3892
2026-02-09 05:15:00+00:00,10402.8,10406.9,10402.6,10403.9,3432
2026-02-09 05:30:00+00:00,10403.9,10406.6,10402.7,10405.5,4176
2026-02-09 05:45:00+00:00,10405.3,10409.7,10403.8,10407.8,3004
2026-02-09 06:00:00+00:00,10407.9,10414.3,10399.1,10411.3,3108
2026-02-09 06:15:00+00:00,10411.1,10411.3,10405.1,10408.6,860
2026-02-09 06:30:00+00:00,10408.3,10417.3,10407.3,10414.3,1144
2026-02-09 06:45:00+00:00,10414.1,10416.6,10408.8,10410.6,1084
2026-02-09 07:00:00+00:00,10409.3,10416.6,10407.8,10412.6,1640
2026-02-09 07:15:00+00:00,10412.3,10417.8,10408.6,10409.3,1640
2026-02-09 07:30:00+00:00,10409.1,10409.1,10395.6,10400.8,1512
2026-02-09 07:45:00+00:00,10400.3,10414.3,10400.1,10401.6,1988
2026-02-09 08:00:00+00:00,10401.3,10419.3,10386.8,10407.1,9264
2026-02-09 08:15:00+00:00,10406.8,10406.8,10390.8,10393.8,5396
2026-02-09 08:30:00+00:00,10394.1,10405.6,10393.6,10398.1,4972
2026-02-09 08:45:00+00:00,10398.4,10401.8,10392.0,10399.3,3516
2026-02-09 09:00:00+00:00,10399.6,10409.2,10393.5,10404.1,4484
2026-02-09 09:15:00+00:00,10404.6,10407.3,10393.5,10398.6,3124
2026-02-09 09:30:00+00:00,10398.8,10407.8,10397.1,10402.8,3292
2026-02-09 09:45:00+00:00,10402.3,10404.0,10385.3,10385.6,2920
2026-02-09 10:00:00+00:00,10385.3,10388.9,10380.0,10380.2,3024
2026-02-09 10:15:00+00:00,10380.2,10381.1,10373.4,10373.6,3264
2026-02-09 10:30:00+00:00,10373.9,10374.9,10353.4,10356.5,4512
2026-02-09 10:45:00+00:00,10356.8,10365.9,10356.3,10363.3,2996
2026-02-09 11:00:00+00:00,10363.8,10364.8,10353.4,10357.9,4292
2026-02-09 11:15:00+00:00,10357.9,10365.0,10355.1,10362.4,2776
2026-02-09 11:30:00+00:00,10362.2,10364.0,10354.1,10359.1,2968
2026-02-09 11:45:00+00:00,10358.9,10360.7,10354.5,10358.5,3052
2026-02-09 12:00:00+00:00,10359.0,10366.2,10355.8,10361.5,3608
2026-02-09 12:15:00+00:00,10360.8,10362.8,10350.3,10352.8,3148
2026-02-09 12:30:00+00:00,10352.5,10357.6,10349.0,10350.5,2604
2026-02-09 12:45:00+00:00,10350.8,10353.9,10344.3,10353.4,3408
2026-02-09 13:00:00+00:00,10353.2,10356.8,10348.2,10353.2,3656
2026-02-09 13:15:00+00:00,10353.4,10356.1,10343.7,10346.4,3840
2026-02-09 13:30:00+00:00,10346.1,10348.3,10333.9,10334.7,4184
2026-02-09 13:45:00+00:00,10334.4,10336.5,10325.5,10326.7,3604
2026-02-09 14:00:00+00:00,10327.0,10331.6,10316.9,10323.8,5536
2026-02-09 14:15:00+00:00,10323.5,10335.0,10315.4,10332.4,4932
2026-02-09 14:30:00+00:00,10332.6,10352.5,10329.2,10348.2,8032
2026-02-09 14:45:00+00:00,10348.5,10351.4,10326.9,10336.4,8172
2026-02-09 15:00:00+00:00,10336.6,10360.7,10334.7,10348.9,7408
2026-02-09 15:15:00+00:00,10349.1,10357.3,10345.0,10355.8,5632
2026-02-09 15:30:00+00:00,10356.1,10364.2,10350.1,10361.7,5256
2026-02-09 15:45:00+00:00,10362.0,10368.5,10354.6,10368.2,4052
2026-02-09 16:00:00+00:00,10368.7,10377.7,10365.5,10375.8,4624
2026-02-09 16:15:00+00:00,10375.5,10383.9,10373.8,10381.9,3520
2026-02-09 16:30:00+00:00,10382.1,10394.3,10380.4,10392.3,3872
2026-02-09 16:45:00+00:00,10391.8,10392.0,10376.4,10377.6,1924
2026-02-09 17:00:00+00:00,10377.9,10383.3,10372.4,10376.2,1912
2026-02-09 17:15:00+00:00,10376.4,10380.9,10375.2,10377.2,1228
2026-02-09 17:30:00+00:00,10376.7,10382.2,10376.4,10377.2,912
2026-02-09 17:45:00+00:00,10377.0,10381.4,10376.0,10377.0,1396
2026-02-09 18:00:00+00:00,10377.2,10381.0,10373.0,10378.7,1152
2026-02-09 18:15:00+00:00,10378.5,10382.2,10366.0,10380.5,3504
2026-02-09 18:30:00+00:00,10380.7,10387.0,10379.2,10386.2,1532
2026-02-09 18:45:00+00:00,10386.0,10386.0,10379.8,10383.2,1056
2026-02-09 19:00:00+00:00,10383.5,10388.2,10379.8,10388.2,1000
2026-02-09 19:15:00+00:00,10387.7,10395.0,10387.2,10391.7,1220
2026-02-09 19:30:00+00:00,10392.0,10395.2,10389.3,10390.5,1288
2026-02-09 19:45:00+00:00,10390.2,10396.0,10390.0,10394.2,1308
2026-02-09 20:00:00+00:00,10394.0,10396.3,10391.8,10395.3,1004
2026-02-09 20:15:00+00:00,10395.8,10398.8,10391.6,10393.8,1284
2026-02-09 20:30:00+00:00,10393.6,10395.8,10387.6,10395.6,1592
2026-02-09 20:45:00+00:00,10395.8,10398.8,10392.3,10392.8,2340
2026-02-09 21:00:00+00:00,10392.8,10398.8,10392.8,10397.8,1800
2026-02-09 21:30:00+00:00,10396.0,10397.0,10395.2,10397.0,524
2026-02-09 21:45:00+00:00,10397.1,10397.8,10393.2,10394.3,364
2026-02-09 23:00:00+00:00,10399.7,10400.4,10391.2,10393.5,1120
2026-02-09 23:15:00+00:00,10393.0,10394.3,10391.1,10392.8,1592
2026-02-09 23:30:00+00:00,10392.7,10392.8,10385.8,10390.1,1684
2026-02-09 23:45:00+00:00,10390.0,10390.0,10382.6,10385.4,1988
2026-02-10 00:00:00+00:00,10385.6,10388.4,10380.3,10380.8,2952
2026-02-10 00:15:00+00:00,10380.9,10384.2,10380.7,10382.4,1892
2026-02-10 00:30:00+00:00,10382.6,10384.2,10380.8,10381.1,1368
2026-02-10 00:45:00+00:00,10380.8,10386.3,10380.8,10385.2,1536
2026-02-10 01:00:00+00:00,10388.8,10390.8,10381.7,10387.2,5740
2026-02-10 01:15:00+00:00,10387.2,10390.1,10386.4,10387.5,4440
2026-02-10 01:30:00+00:00,10387.4,10393.6,10385.0,10390.2,5528
2026-02-10 01:45:00+00:00,10390.4,10393.4,10387.5,10392.2,5460
2026-02-10 02:00:00+00:00,10392.2,10392.5,10387.7,10391.2,4420
2026-02-10 02:15:00+00:00,10391.4,10392.2,10386.3,10389.2,3752
2026-02-10 02:30:00+00:00,10389.2,10391.3,10383.7,10389.4,4308
2026-02-10 02:45:00+00:00,10389.5,10389.5,10384.4,10384.5,2836
2026-02-10 03:00:00+00:00,10384.5,10384.9,10380.3,10382.5,3196
2026-02-10 03:15:00+00:00,10382.5,10387.2,10380.6,10384.7,2604
2026-02-10 03:30:00+00:00,10384.5,10386.3,10382.1,10383.0,3188
2026-02-10 03:45:00+00:00,10383.1,10386.4,10382.6,10385.0,2524
2026-02-10 04:00:00+00:00,10384.8,10391.5,10384.2,10389.3,2432
2026-02-10 04:15:00+00:00,10389.7,10390.6,10388.3,10390.2,2104
2026-02-10 04:30:00+00:00,10390.0,10394.0,10389.6,10393.2,2316
2026-02-10 04:45:00+00:00,10393.3,10394.3,10392.2,10393.7,2088
2026-02-10 05:00:00+00:00,10393.5,10396.1,10390.9,10391.3,2828
2026-02-10 05:15:00+00:00,10391.3,10391.3,10386.5,10387.8,2548
2026-02-10 05:30:00+00:00,10387.8,10395.0,10387.0,10391.3,3512
2026-02-10 05:45:00+00:00,10391.3,10392.6,10389.4,10390.9,2384
2026-02-10 06:00:00+00:00,10391.3,10393.3,10386.9,10387.4,572
2026-02-10 06:15:00+00:00,10387.6,10390.9,10386.1,10388.9,532
2026-02-10 06:30:00+00:00,10389.4,10390.1,10384.7,10385.9,656
2026-02-10 06:45:00+00:00,10386.2,10395.9,10385.9,10395.9,680
2026-02-10 07:00:00+00:00,10396.6,10427.4,10396.1,10397.8,2104
2026-02-10 07:15:00+00:00,10396.8,10405.3,10396.8,10401.3,656
2026-02-10 07:30:00+00:00,10401.3,10405.3,10399.8,10404.3,772
2026-02-10 07:45:00+00:00,10404.1,10404.1,10394.6,10401.3,1980
2026-02-10 08:00:00+00:00,10400.8,10401.8,10360.5,10371.8,10140
2026-02-10 08:15:00+00:00,10372.3,10372.9,10341.3,10341.3,7464
2026-02-10 08:30:00+00:00,10341.0,10347.2,10333.0,10336.7,5392
2026-02-10 08:45:00+00:00,10336.2,10338.0,10330.2,10337.5,4592
2026-02-10 09:00:00+00:00,10337.8,10358.9,10336.0,10356.6,4404
2026-02-10 09:15:00+00:00,10356.3,10361.1,10350.4,10352.9,3548
2026-02-10 09:30:00+00:00,10353.1,10359.9,10349.1,10350.4,3080
2026-02-10 09:45:00+00:00,10349.9,10354.8,10342.9,10352.5,2964
2026-02-10 10:00:00+00:00,10352.3,10370.3,10349.8,10354.2,3592
2026-02-10 10:15:00+00:00,10354.4,10357.4,10343.6,10348.3,4024
2026-02-10 10:30:00+00:00,10347.8,10348.8,10340.8,10348.1,3040
2026-02-10 10:45:00+00:00,10347.8,10362.2,10345.4,10361.0,3204
2026-02-10 11:00:00+00:00,10361.3,10370.3,10358.3,10369.5,3220
2026-02-10 11:15:00+00:00,10369.8,10371.6,10364.6,10365.3,2884
2026-02-10 11:30:00+00:00,10365.0,10369.6,10360.6,10363.9,3424
2026-02-10 11:45:00+00:00,10364.6,10371.4,10359.9,10367.2,2808
2026-02-10 12:00:00+00:00,10367.0,10367.5,10356.0,10360.9,3424
2026-02-10 12:15:00+00:00,10361.2,10364.1,10348.0,10349.2,2780
2026-02-10 12:30:00+00:00,10349.4,10356.4,10337.3,10337.8,3900
2026-02-10 12:45:00+00:00,10337.1,10345.3,10334.1,10336.1,4404
2026-02-10 13:00:00+00:00,10335.8,10344.0,10331.7,10334.3,4192
2026-02-10 13:15:00+00:00,10334.3,10346.9,10331.1,10344.4,3728
2026-02-10 13:30:00+00:00,10344.1,10347.9,10337.1,10344.5,3868
2026-02-10 13:45:00+00:00,10344.7,10350.2,10340.3,10350.2,3556
2026-02-10 14:00:00+00:00,10350.7,10355.2,10339.6,10353.1,3364
2026-02-10 14:15:00+00:00,10353.4,10358.0,10345.3,10357.0,3456
2026-02-10 14:30:00+00:00,10356.5,10364.7,10342.6,10347.0,10616
2026-02-10 14:45:00+00:00,10347.3,10355.8,10341.7,10347.3,7236
2026-02-10 15:00:00+00:00,10347.8,10354.8,10339.8,10352.3,7108
2026-02-10 15:15:00+00:00,10352.0,10368.3,10348.1,10360.5,6656
2026-02-10 15:30:00+00:00,10360.0,10363.7,10349.4,10356.6,6152
2026-02-10 15:45:00+00:00,10356.8,10357.1,10347.6,10349.4,5288
2026-02-10 16:00:00+00:00,10348.9,10352.7,10343.7,10350.6,5472
2026-02-10 16:15:00+00:00,10350.3,10359.7,10343.4,10358.7,5124
2026-02-10 16:30:00+00:00,10358.9,10362.7,10350.0,10350.5,5476
2026-02-10 16:45:00+00:00,10350.7,10367.4,10349.5,10365.9,2664
2026-02-10 17:00:00+00:00,10365.7,10373.4,10357.5,10372.4,2796
2026-02-10 17:15:00+00:00,10372.1,10378.4,10370.9,10376.6,1636
2026-02-10 17:30:00+00:00,10376.4,10381.9,10372.7,10379.9,1556
2026-02-10 17:45:00+00:00,10380.1,10387.6,10378.4,10380.1,1516
2026-02-10 18:00:00+00:00,10379.9,10379.9,10370.2,10370.7,1768
2026-02-10 18:15:00+00:00,10371.0,10377.9,10368.0,10370.5,2752
2026-02-10 18:30:00+00:00,10370.0,10379.4,10368.7,10378.4,2688
2026-02-10 18:45:00+00:00,10378.9,10379.2,10370.7,10378.5,2540
2026-02-10 19:00:00+00:00,10378.7,10384.4,10376.0,10383.4,2292
2026-02-10 19:15:00+00:00,10382.9,10389.9,10380.5,10389.2,1604
2026-02-10 19:30:00+00:00,10389.7,10390.9,10385.5,10387.0,1444
2026-02-10 19:45:00+00:00,10387.2,10390.5,10386.2,10390.5,1292
2026-02-10 20:00:00+00:00,10390.0,10392.9,10387.2,10388.0,1384
2026-02-10 20:15:00+00:00,10387.7,10391.2,10385.5,10386.3,1416
2026-02-10 20:30:00+00:00,10386.0,10395.0,10385.8,10392.5,1796
2026-02-10 20:45:00+00:00,10392.2,10392.5,10363.4,10369.9,1964
2026-02-10 21:00:00+00:00,10368.1,10375.3,10368.1,10374.8,1908
2026-02-10 21:30:00+00:00,10373.3,10376.9,10373.3,10376.9,456
2026-02-10 21:45:00+00:00,10376.6,10379.5,10376.1,10378.7,340
2026-02-10 23:00:00+00:00,10385.1,10386.7,10383.9,10386.2,688
2026-02-10 23:15:00+00:00,10386.3,10388.5,10385.7,10387.3,796
2026-02-10 23:30:00+00:00,10387.2,10388.0,10385.9,10387.7,832
2026-02-10 23:45:00+00:00,10387.6,10388.8,10386.7,10387.5,724
2026-02-11 00:00:00+00:00,10387.6,10390.1,10385.5,10386.1,1064
2026-02-11 00:15:00+00:00,10386.3,10386.6,10383.7,10385.6,872
2026-02-11 00:30:00+00:00,10385.8,10387.9,10385.6,10387.6,548
2026-02-11 00:45:00+00:00,10387.9,10388.4,10386.9,10388.2,348
2026-02-11 01:00:00+00:00,10379.8,10388.2,10377.5,10387.7,3408
2026-02-11 01:15:00+00:00,10387.8,10390.9,10383.7,10384.0,2696
2026-02-11 01:30:00+00:00,10383.8,10387.6,10383.5,10387.3,2640
2026-02-11 01:45:00+00:00,10387.5,10390.7,10386.4,10386.4,2752
2026-02-11 02:00:00+00:00,10386.4,10388.9,10385.4,10386.6,2468
2026-02-11 02:15:00+00:00,10386.6,10392.7,10385.9,10390.4,2264
2026-02-11 02:30:00+00:00,10390.3,10391.3,10387.9,10389.7,2156
2026-02-11 02:45:00+00:00,10389.7,10394.2,10389.7,10393.1,1840
2026-02-11 03:00:00+00:00,10393.2,10393.9,10391.2,10391.4,1952
2026-02-11 03:15:00+00:00,10391.6,10394.9,10390.2,10394.1,1560
2026-02-11 03:30:00+00:00,10394.0,10399.3,10393.2,10398.9,1880
2026-02-11 03:45:00+00:00,10399.0,10402.1,10397.9,10401.4,2400
2026-02-11 04:00:00+00:00,10401.3,10401.7,10397.0,10398.1,1380
2026-02-11 04:15:00+00:00,10397.7,10397.7,10394.5,10394.5,1912
2026-02-11 04:30:00+00:00,10394.5,10395.2,10388.7,10391.4,2672
2026-02-11 04:45:00+00:00,10391.5,10393.9,10391.2,10392.0,2276
2026-02-11 05:00:00+00:00,10392.0,10393.9,10390.9,10391.9,2144
2026-02-11 05:15:00+00:00,10391.9,10393.0,10388.4,10389.0,2508
2026-02-11 05:30:00+00:00,10389.1,10389.7,10386.5,10386.5,2228
2026-02-11 05:45:00+00:00,10386.5,10386.6,10383.3,10384.4,1920
2026-02-11 06:00:00+00:00,10386.8,10389.5,10385.6,10386.1,908
2026-02-11 06:15:00+00:00,10385.8,10386.1,10380.1,10385.6,640
2026-02-11 06:30:00+00:00,10385.3,10386.1,10377.9,10382.9,764
2026-02-11 06:45:00+00:00,10383.1,10383.1,10379.9,10380.6,644
2026-02-11 07:00:00+00:00,10380.4,10383.9,10375.4,10375.9,1060
2026-02-11 07:15:00+00:00,10376.2,10386.4,10376.2,10384.6,656
2026-02-11 07:30:00+00:00,10384.4,10387.6,10380.4,10387.4,736
2026-02-11 07:45:00+00:00,10387.6,10390.6,10381.4,10386.4,1148
2026-02-11 08:00:00+00:00,10386.7,10420.1,10385.0,10387.5,9772
2026-02-11 08:15:00+00:00,10387.8,10391.5,10371.1,10372.9,5432
2026-02-11 08:30:00+00:00,10373.1,10380.6,10366.2,10376.8,5436
2026-02-11 08:45:00+00:00,10376.5,10381.0,10370.0,10374.1,3908
2026-02-11 09:00:00+00:00,10374.4,10391.5,10370.1,10390.6,3892
2026-02-11 09:15:00+00:00,10390.8,10394.2,10378.5,10391.9,3560
2026-02-11 09:30:00+00:00,10391.6,10395.7,10381.4,10386.3,3656
2026-02-11 09:45:00+00:00,10386.8,10388.1,10374.5,10379.2,3892
2026-02-11 10:00:00+00:00,10379.0,10394.9,10370.6,10391.7,4268
2026-02-11 10:15:00+00:00,10392.2,10401.8,10390.6,10400.3,3184
2026-02-11 10:30:00+00:00,10399.8,10410.1,10397.1,10408.1,3152
2026-02-11 10:45:00+00:00,10408.3,10410.8,10403.3,10409.5,3080
2026-02-11 11:00:00+00:00,10410.0,10428.0,10409.6,10425.5,3248
2026-02-11 11:15:00+00:00,10425.8,10435.2,10422.8,10428.1,2884
2026-02-11 11:30:00+00:00,10427.9,10432.5,10423.3,10428.8,3064
2026-02-11 11:45:00+00:00,10429.0,10435.0,10424.3,10425.1,3084
2026-02-11 12:00:00+00:00,10424.6,10435.1,10421.7,10434.5,3724
2026-02-11 12:15:00+00:00,10434.3,10438.1,10430.6,10434.8,2516
2026-02-11 12:30:00+00:00,10434.6,10436.1,10427.3,10432.8,3208
2026-02-11 12:45:00+00:00,10432.3,10435.8,10424.5,10431.8,3468
2026-02-11 13:00:00+00:00,10432.0,10435.0,10427.8,10429.8,3008
2026-02-11 13:15:00+00:00,10429.6,10441.7,10427.3,10439.0,3496
2026-02-11 13:30:00+00:00,10441.7,10461.7,10436.1,10437.6,7448
2026-02-11 13:45:00+00:00,10438.1,10459.4,10437.8,10457.4,5144
2026-02-11 14:00:00+00:00,10457.9,10463.6,10443.4,10444.9,4552
2026-02-11 14:15:00+00:00,10444.6,10464.7,10443.2,10464.7,3692
2026-02-11 14:30:00+00:00,10465.2,10468.9,10446.9,10452.1,8328
2026-02-11 14:45:00+00:00,10451.8,10460.3,10444.4,10453.3,6372
2026-02-11 15:00:00+00:00,10453.8,10458.8,10431.9,10443.3,7340
2026-02-11 15:15:00+00:00,10443.5,10449.9,10419.9,10429.0,8576
2026-02-11 15:30:00+00:00,10429.3,10455.5,10427.5,10451.9,8868
2026-02-11 15:45:00+00:00,10452.2,10469.2,10446.6,10468.2,7108
2026-02-11 16:00:00+00:00,10467.7,10489.4,10466.1,10487.4,6168
2026-02-11 16:15:00+00:00,10487.2,10494.1,10477.3,10477.5,6108
2026-02-11 16:30:00+00:00,10478.0,10489.3,10465.6,10486.3,8640
2026-02-11 16:45:00+00:00,10486.5,10493.5,10474.1,10476.8,4748
2026-02-11 17:00:00+00:00,10479.6,10489.2,10476.8,10485.8,3748
2026-02-11 17:15:00+00:00,10486.0,10496.2,10483.5,10490.7,3284
2026-02-11 17:30:00+00:00,10490.5,10491.2,10481.6,10487.5,2948
2026-02-11 17:45:00+00:00,10487.8,10490.8,10481.3,10484.6,2480
2026-02-11 18:00:00+00:00,10484.3,10490.3,10476.9,10478.8,2824
2026-02-11 18:15:00+00:00,10478.6,10493.3,10475.4,10493.3,2768
2026-02-11 18:30:00+00:00,10493.0,10501.5,10489.1,10496.8,2112
2026-02-11 18:45:00+00:00,10497.0,10501.8,10491.8,10499.3,2540
2026-02-11 19:00:00+00:00,10499.5,10515.7,10496.8,10515.0,2192
2026-02-11 19:15:00+00:00,10514.7,10521.7,10514.2,10521.2,1456
2026-02-11 19:30:00+00:00,10521.0,10521.2,10515.0,10517.2,1512
2026-02-11 19:45:00+00:00,10516.5,10522.2,10511.8,10521.2,2316
2026-02-11 20:00:00+00:00,10521.0,10524.7,10520.0,10521.0,1204
2026-02-11 20:15:00+00:00,10521.3,10525.3,10517.8,10518.0,1376
2026-02-11 20:30:00+00:00,10517.8,10519.8,10512.3,10516.3,1788
2026-02-11 20:45:00+00:00,10515.8,10516.6,10503.9,10509.6,2244
2026-02-11 21:00:00+00:00,10509.9,10518.4,10509.9,10511.9,1996
2026-02-11 21:30:00+00:00,10515.1,10516.7,10514.3,10514.8,508
2026-02-11 21:45:00+00:00,10515.1,10517.2,10512.2,10512.5,832
2026-02-11 23:00:00+00:00,10519.8,10519.8,10513.4,10513.8,1264
2026-02-11 23:15:00+00:00,10514.0,10517.5,10511.6,10511.7,1728
2026-02-11 23:30:00+00:00,10511.9,10514.5,10507.5,10513.7,2064
2026-02-11 23:45:00+00:00,10513.6,10515.6,10511.9,10513.6,1776
2026-02-12 00:00:00+00:00,10513.5,10517.6,10511.1,10512.7,3168
2026-02-12 00:15:00+00:00,10512.9,10514.5,10507.5,10510.6,2060
2026-02-12 00:30:00+00:00,10510.9,10519.5,10510.6,10519.1,1700
2026-02-12 00:45:00+00:00,10519.3,10519.5,10517.2,10518.8,908
2026-02-12 01:00:00+00:00,10517.5,10526.8,10515.9,10525.5,4632
2026-02-12 01:15:00+00:00,10525.8,10525.8,10517.1,10523.7,4856
2026-02-12 01:30:00+00:00,10523.5,10525.3,10517.7,10518.3,5252
2026-02-12 01:45:00+00:00,10518.4,10519.4,10516.2,10517.6,4420
2026-02-12 02:00:00+00:00,10517.5,10519.4,10505.5,10506.0,4796
2026-02-12 02:15:00+00:00,10506.0,10507.3,10503.9,10504.3,3560
2026-02-12 02:30:00+00:00,10504.1,10506.1,10502.1,10503.8,3072
2026-02-12 02:45:00+00:00,10504.0,10508.0,10503.0,10506.3,2768
2026-02-12 03:00:00+00:00,10506.1,10511.9,10504.7,10510.3,2844
2026-02-12 03:15:00+00:00,10510.1,10512.5,10508.4,10512.0,2528
2026-02-12 03:30:00+00:00,10512.1,10518.2,10511.8,10515.8,2304
2026-02-12 03:45:00+00:00,10515.9,10517.6,10514.4,10517.3,2208
2026-02-12 04:00:00+00:00,10517.4,10523.1,10516.5,10522.0,1824
2026-02-12 04:15:00+00:00,10522.0,10526.5,10521.9,10524.3,2776
2026-02-12 04:30:00+00:00,10524.3,10524.4,10519.1,10519.1,2164
2026-02-12 04:45:00+00:00,10519.1,10523.6,10518.6,10521.5,2248
2026-02-12 05:00:00+00:00,10521.5,10523.1,10520.0,10520.3,2472
2026-02-12 05:15:00+00:00,10520.3,10522.6,10518.0,10518.3,2040
2026-02-12 05:30:00+00:00,10518.3,10520.6,10517.2,10519.1,1908
2026-02-12 05:45:00+00:00,10519.1,10521.6,10517.7,10521.3,2196
2026-02-12 06:00:00+00:00,10521.1,10522.8,10516.0,10522.0,840
2026-02-12 06:15:00+00:00,10521.8,10523.5,10519.8,10521.0,712
2026-02-12 06:30:00+00:00,10521.5,10524.0,10514.3,10516.3,1384
2026-02-12 06:45:00+00:00,10516.0,10517.0,10512.8,10516.5,700
2026-02-12 07:00:00+00:00,10517.0,10536.8,10516.3,10536.3,1492
2026-02-12 07:15:00+00:00,10536.0,10544.8,10534.3,10536.5,1200
2026-02-12 07:30:00+00:00,10536.3,10545.5,10535.0,10538.5,1004
2026-02-12 07:45:00+00:00,10539.0,10542.5,10531.8,10535.8,1396
2026-02-12 08:00:00+00:00,10535.3,10542.0,10509.5,10512.0,9860
2026-02-12 08:15:00+00:00,10512.3,10514.5,10488.8,10490.5,6232
2026-02-12 08:30:00+00:00,10491.0,10496.9,10480.3,10493.0,5040
2026-02-12 08:45:00+00:00,10493.0,10512.1,10492.0,10510.7,4120
2026-02-12 09:00:00+00:00,10510.4,10527.9,10510.4,10520.3,4460
2026-02-12 09:15:00+00:00,10520.1,10521.3,10502.6,10504.8,4112
2026-02-12 09:30:00+00:00,10504.0,10506.8,10500.6,10501.6,3896
2026-02-12 09:45:00+00:00,10501.8,10512.3,10497.3,10498.8,3432
2026-02-12 10:00:00+00:00,10499.3,10506.7,10496.1,10497.6,2708
2026-02-12 10:15:00+00:00,10497.3,10499.0,10486.9,10490.7,2844
2026-02-12 10:30:00+00:00,10490.4,10498.9,10488.0,10494.5,2860
2026-02-12 10:45:00+00:00,10494.7,10506.8,10493.7,10502.3,2356
2026-02-12 11:00:00+00:00,10502.0,10503.0,10479.7,10491.5,2724
2026-02-12 11:15:00+00:00,10491.8,10495.6,10486.4,10486.8,2536
2026-02-12 11:30:00+00:00,10487.0,10489.2,10482.1,10488.7,2440
2026-02-12 11:45:00+00:00,10489.0,10492.7,10481.3,10490.2,2308
2026-02-12 12:00:00+00:00,10490.4,10490.9,10482.9,10487.7,2412
2026-02-12 12:15:00+00:00,10488.2,10489.0,10479.1,10485.3,2348
2026-02-12 12:30:00+00:00,10485.6,10489.2,10479.3,10486.2,2864
2026-02-12 12:45:00+00:00,10486.5,10489.7,10482.6,10485.7,2584
2026-02-12 13:00:00+00:00,10486.0,10486.0,10471.5,10472.2,2980
2026-02-12 13:15:00+00:00,10472.0,10474.2,10468.9,10471.7,2916
2026-02-12 13:30:00+00:00,10472.2,10478.4,10467.2,10469.4,2896
2026-02-12 13:45:00+00:00,10469.7,10477.7,10467.4,10474.2,2648
2026-02-12 14:00:00+00:00,10473.7,10478.6,10464.9,10467.9,2932
2026-02-12 14:15:00+00:00,10468.1,10473.7,10454.7,10472.7,3660
2026-02-12 14:30:00+00:00,10473.2,10478.2,10459.6,10469.7,9664
2026-02-12 14:45:00+00:00,10470.0,10474.0,10456.1,10458.6,7912
2026-02-12 15:00:00+00:00,10458.3,10472.7,10453.4,10465.0,7080
2026-02-12 15:15:00+00:00,10464.7,10469.3,10455.3,10461.4,6832
2026-02-12 15:30:00+00:00,10461.6,10466.3,10452.6,10462.9,6560
2026-02-12 15:45:00+00:00,10463.4,10468.5,10448.9,10450.5,6760
2026-02-12 16:00:00+00:00,10450.2,10453.3,10414.2,10415.0,9880
2026-02-12 16:15:00+00:00,10415.3,10419.2,10391.5,10395.4,12212
2026-02-12 16:30:00+00:00,10395.9,10420.8,10388.7,10409.9,17608
2026-02-12 16:45:00+00:00,10409.4,10413.6,10392.9,10401.4,12824
2026-02-12 17:00:00+00:00,10401.9,10403.4,10386.2,10393.2,11768
2026-02-12 17:15:00+00:00,10392.9,10407.9,10391.2,10393.9,9520
2026-02-12 17:30:00+00:00,10393.4,10408.1,10391.0,10405.9,10188
2026-02-12 17:45:00+00:00,10406.4,10411.4,10384.3,10385.3,7084
2026-02-12 18:00:00+00:00,10385.0,10402.7,10378.8,10397.7,5768
2026-02-12 18:15:00+00:00,10397.2,10411.7,10393.5,10402.2,5408
2026-02-12 18:30:00+00:00,10402.5,10431.8,10400.7,10430.6,4664
2026-02-12 18:45:00+00:00,10430.3,10440.3,10428.4,10433.6,4500
2026-02-12 19:00:00+00:00,10433.3,10440.1,10429.4,10437.6,4200
2026-02-12 19:15:00+00:00,10438.3,10453.3,10438.3,10440.1,4136
2026-02-12 19:30:00+00:00,10439.6,10456.8,10439.1,10452.6,3140
2026-02-12 19:45:00+00:00,10453.1,10461.8,10448.6,10454.1,4416
2026-02-12 20:00:00+00:00,10454.3,10462.4,10445.9,10449.2,3700
2026-02-12 20:15:00+00:00,10449.7,10450.2,10441.2,10441.5,2768
2026-02-12 20:30:00+00:00,10441.2,10445.5,10433.8,10438.5,3912
2026-02-12 20:45:00+00:00,10438.2,10439.7,10418.6,10426.1,3964
2026-02-12 21:00:00+00:00,10425.8,10431.2,10421.8,10430.4,3848
2026-02-12 21:30:00+00:00,10433.8,10438.9,10433.8,10436.7,1052
2026-02-12 21:45:00+00:00,10436.9,10439.9,10435.2,10436.5,908
2026-02-12 23:00:00+00:00,10434.8,10443.1,10431.7,10440.3,1992
2026-02-12 23:15:00+00:00,10440.6,10445.0,10438.0,10441.9,2112
2026-02-12 23:30:00+00:00,10442.2,10443.8,10424.5,10430.9,4244
2026-02-12 23:45:00+00:00,10430.7,10441.2,10429.0,10438.5,2964
2026-02-13 00:00:00+00:00,10437.9,10447.0,10434.2,10442.0,4112
2026-02-13 00:15:00+00:00,10442.1,10442.8,10427.1,10430.0,4436
2026-02-13 00:30:00+00:00,10429.8,10432.2,10422.3,10423.1,3904
2026-02-13 00:45:00+00:00,10423.0,10424.8,10417.2,10423.0,4476
2026-02-13 01:00:00+00:00,10420.0,10432.0,10418.7,10430.9,7428
2026-02-13 01:15:00+00:00,10431.0,10435.1,10427.1,10429.7,7276
2026-02-13 01:30:00+00:00,10429.9,10435.6,10428.4,10434.9,6652
2026-02-13 01:45:00+00:00,10434.9,10440.2,10429.1,10432.5,6224
2026-02-13 02:00:00+00:00,10432.4,10435.8,10431.4,10434.2,6176
2026-02-13 02:15:00+00:00,10434.0,10435.8,10430.4,10435.3,5384
2026-02-13 02:30:00+00:00,10434.9,10437.3,10432.8,10434.0,4268
2026-02-13 02:45:00+00:00,10433.9,10435.5,10431.4,10434.3,4008
2026-02-13 03:00:00+00:00,10434.3,10438.7,10434.0,10436.2,3548
2026-02-13 03:15:00+00:00,10436.0,10437.6,10429.9,10432.0,4048
2026-02-13 03:30:00+00:00,10431.9,10436.3,10431.6,10435.1,4632
2026-02-13 03:45:00+00:00,10435.1,10435.6,10429.4,10430.0,4504
2026-02-13 04:00:00+00:00,10430.0,10432.0,10427.9,10431.6,4168
2026-02-13 04:15:00+00:00,10431.5,10435.7,10431.0,10433.9,4500
2026-02-13 04:30:00+00:00,10433.9,10435.2,10428.6,10428.8,4372
2026-02-13 04:45:00+00:00,10428.8,10429.5,10426.6,10428.7,3648
2026-02-13 05:00:00+00:00,10428.8,10430.6,10426.6,10426.7,4892
2026-02-13 05:15:00+00:00,10426.7,10427.0,10414.6,10417.5,6000
2026-02-13 05:30:00+00:00,10417.6,10421.0,10413.8,10418.6,6364
2026-02-13 05:45:00+00:00,10418.6,10420.6,10413.7,10416.1,6264
2026-02-13 06:00:00+00:00,10416.3,10421.1,10413.9,10419.8,1000
2026-02-13 06:15:00+00:00,10420.6,10424.3,10414.9,10417.4,948
2026-02-13 06:30:00+00:00,10418.6,10418.6,10403.2,10404.4,1480
2026-02-13 06:45:00+00:00,10404.4,10411.9,10404.2,10411.2,460
2026-02-13 07:00:00+00:00,10410.9,10422.4,10410.9,10421.6,1220
2026-02-13 07:15:00+00:00,10421.4,10434.6,10420.4,10430.9,1140
2026-02-13 07:30:00+00:00,10431.6,10432.4,10417.4,10417.4,1464
2026-02-13 07:45:00+00:00,10416.9,10437.1,10412.5,10431.4,1644
2026-02-13 08:00:00+00:00,10431.9,10446.3,10420.9,10421.4,10852
2026-02-13 08:15:00+00:00,10421.2,10422.3,10395.3,10415.4,7556
2026-02-13 08:30:00+00:00,10415.1,10431.6,10414.9,10431.4,6176
2026-02-13 08:45:00+00:00,10430.6,10435.3,10422.7,10425.2,4848
2026-02-13 09:00:00+00:00,10425.5,10425.7,10405.5,10411.8,5248
2026-02-13 09:15:00+00:00,10411.5,10429.7,10411.3,10424.5,4620
2026-02-13 09:30:00+00:00,10424.5,10431.3,10414.3,10414.8,4192
2026-02-13 09:45:00+00:00,10415.0,10428.3,10412.5,10422.3,3952
2026-02-13 10:00:00+00:00,10422.8,10428.8,10406.6,10414.3,4956
2026-02-13 10:15:00+00:00,10414.6,10429.8,10413.6,10423.6,4068
2026-02-13 10:30:00+00:00,10423.1,10425.2,10416.8,10420.2,4440
2026-02-13 10:45:00+00:00,10421.0,10421.7,10401.1,10406.4,4868
2026-02-13 11:00:00+00:00,10406.2,10409.6,10399.5,10406.6,5236
2026-02-13 11:15:00+00:00,10406.3,10413.5,10399.4,10399.9,5376
2026-02-13 11:30:00+00:00,10399.7,10402.2,10387.5,10394.5,5240
2026-02-13 11:45:00+00:00,10394.8,10410.7,10383.4,10410.2,5112
2026-02-13 12:00:00+00:00,10409.4,10418.4,10400.1,10401.6,5588
2026-02-13 12:15:00+00:00,10401.3,10410.1,10400.1,10404.6,4592
2026-02-13 12:30:00+00:00,10405.1,10407.5,10393.2,10393.2,4992
2026-02-13 12:45:00+00:00,10393.4,10402.3,10377.6,10394.3,6016
2026-02-13 13:00:00+00:00,10394.0,10404.7,10381.0,10381.0,5488
2026-02-13 13:15:00+00:00,10381.3,10398.5,10380.0,10394.4,5012
2026-02-13 13:30:00+00:00,10395.4,10411.8,10386.9,10399.7,7592
2026-02-13 13:45:00+00:00,10400.2,10406.1,10389.5,10393.5,5432
2026-02-13 14:00:00+00:00,10393.0,10404.5,10389.8,10396.0,5336
2026-02-13 14:15:00+00:00,10395.2,10401.9,10383.3,10401.1,4528
2026-02-13 14:30:00+00:00,10400.6,10409.0,10385.1,10404.7,16168
2026-02-13 14:45:00+00:00,10405.0,10416.5,10385.7,10401.3,16494
2026-02-13 15:00:00+00:00,10401.3,10427.8,10400.8,10420.4,16852
2026-02-13 15:15:00+00:00,10420.6,10434.2,10414.0,10429.7,13060
2026-02-13 15:30:00+00:00,10429.2,10450.3,10428.0,10434.6,9280
2026-02-13 15:45:00+00:00,10434.8,10450.0,10431.6,10440.8,8789
2026-02-13 16:00:00+00:00,10440.6,10454.6,10440.1,10446.8,7156
2026-02-13 16:15:00+00:00,10447.1,10455.4,10433.1,10436.6,8740
2026-02-13 16:30:00+00:00,10436.1,10447.8,10429.1,10444.1,9676
2026-02-13 16:45:00+00:00,10443.8,10455.3,10443.8,10445.1,6348
2026-02-13 17:00:00+00:00,10444.8,10458.8,10442.1,10458.8,4492
2026-02-13 17:15:00+00:00,10459.0,10459.0,10444.1,10447.6,4868
2026-02-13 17:30:00+00:00,10447.9,10464.5,10446.1,10457.6,3620
2026-02-13 17:45:00+00:00,10457.8,10462.6,10450.9,10454.1,4920
2026-02-13 18:00:00+00:00,10454.4,10458.6,10444.9,10457.1,4696
2026-02-13 18:15:00+00:00,10456.9,10465.6,10450.1,10454.6,4576
2026-02-13 18:30:00+00:00,10454.1,10464.6,10451.6,10456.1,4092
2026-02-13 18:45:00+00:00,10456.6,10464.6,10445.7,10448.2,4384
2026-02-13 19:00:00+00:00,10447.7,10461.1,10445.7,10458.2,3524
2026-02-13 19:15:00+00:00,10458.4,10461.4,10449.7,10451.7,3836
2026-02-13 19:30:00+00:00,10451.9,10458.7,10433.8,10441.7,5136
2026-02-13 19:45:00+00:00,10441.2,10446.0,10424.6,10425.8,4788
2026-02-13 20:00:00+00:00,10426.1,10440.3,10425.8,10431.8,4304
2026-02-13 20:15:00+00:00,10431.6,10436.3,10422.6,10424.8,4504
2026-02-13 20:30:00+00:00,10424.3,10429.3,10422.6,10425.9,5960
2026-02-13 20:45:00+00:00,10425.6,10461.5,10425.4,10452.0,7636
2026-02-15 23:00:00+00:00,10444.4,10452.5,10442.6,10452.4,1784
2026-02-15 23:15:00+00:00,10452.1,10457.1,10451.6,10455.1,2424
2026-02-15 23:30:00+00:00,10455.4,10458.0,10450.6,10455.2,2148
2026-02-15 23:45:00+00:00,10455.1,10459.9,10449.4,10459.8,2744
2026-02-16 00:00:00+00:00,10459.4,10462.6,10454.3,10461.2,3972
2026-02-16 00:15:00+00:00,10461.0,10463.0,10459.9,10462.0,1908
2026-02-16 00:30:00+00:00,10461.9,10463.4,10460.7,10460.7,1488
2026-02-16 00:45:00+00:00,10460.8,10462.8,10456.4,10457.6,1256
2026-02-16 01:00:00+00:00,10449.3,10449.4,10438.2,10439.1,4724
2026-02-16 01:15:00+00:00,10439.2,10445.1,10437.8,10441.8,2952
2026-02-16 01:30:00+00:00,10441.8,10446.7,10441.3,10446.5,3164
2026-02-16 01:45:00+00:00,10446.7,10452.9,10445.0,10452.1,3060
2026-02-16 02:00:00+00:00,10452.3,10454.1,10444.6,10448.5,3176
2026-02-16 02:15:00+00:00,10448.1,10452.0,10448.0,10450.7,3076
2026-02-16 02:30:00+00:00,10450.7,10454.3,10450.2,10453.5,2280
2026-02-16 02:45:00+00:00,10453.6,10455.2,10451.5,10452.9,2284
2026-02-16 03:00:00+00:00,10452.9,10455.0,10451.7,10453.3,2136
2026-02-16 03:15:00+00:00,10453.7,10458.8,10453.7,10456.2,2212
2026-02-16 03:30:00+00:00,10456.2,10456.9,10451.8,10451.8,3000
2026-02-16 03:45:00+00:00,10451.9,10461.7,10451.0,10461.7,2364
2026-02-16 04:00:00+00:00,10461.7,10466.1,10460.9,10465.5,3132
2026-02-16 04:15:00+00:00,10465.4,10470.1,10462.7,10468.6,2448
2026-02-16 04:30:00+00:00,10468.8,10469.1,10462.6,10463.0,1812
2026-02-16 04:45:00+00:00,10462.9,10465.2,10461.9,10463.0,1960
2026-02-16 05:00:00+00:00,10462.9,10463.0,10459.4,10460.8,2400
2026-02-16 05:15:00+00:00,10461.0,10461.6,10457.3,10458.2,1844
2026-02-16 05:30:00+00:00,10458.3,10458.7,10452.8,10453.0,1880
2026-02-16 05:45:00+00:00,10453.2,10454.4,10450.2,10451.8,2036
2026-02-16 06:00:00+00:00,10452.0,10454.6,10449.5,10451.5,444
2026-02-16 06:15:00+00:00,10452.3,10452.5,10447.5,10450.3,488
2026-02-16 06:30:00+00:00,10449.3,10452.3,10443.8,10451.0,632
2026-02-16 06:45:00+00:00,10451.3,10454.3,10451.0,10452.0,348
2026-02-16 07:00:00+00:00,10452.5,10460.3,10450.5,10457.0,860
2026-02-16 07:15:00+00:00,10457.5,10461.0,10452.5,10461.0,844
2026-02-16 07:30:00+00:00,10460.8,10469.5,10457.5,10465.3,952
2026-02-16 07:45:00+00:00,10465.5,10474.3,10462.5,10471.3,1188
2026-02-16 08:00:00+00:00,10470.5,10472.5,10453.5,10458.8,7724
2026-02-16 08:15:00+00:00,10458.5,10473.8,10456.8,10462.5,5348
2026-02-16 08:30:00+00:00,10463.0,10472.1,10455.7,10463.8,5108
2026-02-16 08:45:00+00:00,10464.3,10477.7,10463.3,10474.2,4472
2026-02-16 09:00:00+00:00,10474.0,10482.3,10469.3,10481.8,3108
2026-02-16 09:15:00+00:00,10481.6,10492.7,10478.2,10488.1,3096
2026-02-16 09:30:00+00:00,10487.6,10487.6,10466.4,10467.1,3568
2026-02-16 09:45:00+00:00,10466.4,10474.1,10461.3,10469.0,3224
2026-02-16 10:00:00+00:00,10469.0,10473.2,10460.1,10461.8,2852
2026-02-16 10:15:00+00:00,10461.5,10462.4,10456.9,10458.6,2500
2026-02-16 10:30:00+00:00,10458.8,10467.8,10455.8,10466.4,2232
2026-02-16 10:45:00+00:00,10466.1,10469.9,10462.7,10466.4,2120
2026-02-16 11:00:00+00:00,10466.7,10469.3,10459.9,10464.6,2452
2026-02-16 11:15:00+00:00,10464.1,10470.9,10461.7,10470.3,2304
2026-02-16 11:30:00+00:00,10470.1,10475.5,10467.3,10473.0,2116
2026-02-16 11:45:00+00:00,10472.5,10477.5,10469.1,10470.2,2248
2026-02-16 12:00:00+00:00,10469.7,10477.8,10467.0,10471.8,2560
2026-02-16 12:15:00+00:00,10472.0,10478.3,10470.1,10477.8,1932
2026-02-16 12:30:00+00:00,10477.5,10477.8,10468.3,10469.1,2348
2026-02-16 12:45:00+00:00,10469.3,10474.2,10467.8,10472.2,2184
2026-02-16 13:00:00+00:00,10472.7,10473.4,10465.7,10469.6,2228
2026-02-16 13:15:00+00:00,10469.6,10481.8,10467.1,10481.2,2432
2026-02-16 13:30:00+00:00,10480.9,10486.0,10479.7,10485.8,2464
2026-02-16 13:45:00+00:00,10486.0,10486.3,10479.4,10479.7,2136
2026-02-16 14:00:00+00:00,10479.7,10482.4,10471.4,10472.2,2632
2026-02-16 14:15:00+00:00,10471.9,10476.2,10464.5,10465.0,3252
2026-02-16 14:30:00+00:00,10464.7,10469.6,10459.8,10464.0,6100
2026-02-16 14:45:00+00:00,10464.2,10479.3,10459.6,10478.8,4116
2026-02-16 15:00:00+00:00,10478.5,10482.7,10475.3,10478.7,3736
2026-02-16 15:15:00+00:00,10478.5,10482.4,10475.8,10479.2,3732
2026-02-16 15:30:00+00:00,10479.0,10482.7,10475.7,10478.4,3832
2026-02-16 15:45:00+00:00,10478.7,10481.4,10467.5,10469.8,3820
2026-02-16 16:00:00+00:00,10470.0,10472.3,10465.6,10471.6,3828
2026-02-16 16:15:00+00:00,10471.9,10474.1,10463.9,10473.0,4104
2026-02-16 16:30:00+00:00,10472.8,10479.0,10463.1,10477.8,3536
2026-02-16 16:45:00+00:00,10478.0,10486.7,10474.8,10475.8,1564
2026-02-16 17:00:00+00:00,10475.5,10486.2,10474.8,10484.3,1448
2026-02-16 17:15:00+00:00,10484.0,10484.3,10479.0,10481.3,840
2026-02-16 17:30:00+00:00,10481.5,10484.8,10480.5,10483.8,776
2026-02-16 17:45:00+00:00,10484.0,10484.0,10470.6,10477.1,1004
2026-02-16 18:00:00+00:00,10478.1,10478.1,10471.6,10474.9,360
2026-02-16 18:15:00+00:00,10475.1,10475.4,10474.6,10474.9,132
2026-02-16 18:30:00+00:00,10474.6,10474.9,10470.9,10471.9,196
2026-02-16 18:45:00+00:00,10474.6,10474.8,10468.9,10468.9,344
2026-02-16 19:00:00+00:00,10469.2,10469.9,10467.4,10468.4,184
2026-02-16 19:15:00+00:00,10468.4,10468.4,10466.5,10467.0,140
2026-02-16 19:30:00+00:00,10466.7,10469.0,10466.5,10469.0,52
2026-02-16 19:45:00+00:00,10469.0,10470.3,10464.7,10465.0,332
2026-02-16 20:00:00+00:00,10467.3,10469.3,10467.3,10469.1,224
2026-02-16 20:15:00+00:00,10469.1,10470.5,10466.5,10467.5,712
2026-02-16 20:30:00+00:00,10467.0,10467.2,10460.3,10461.0,280
2026-02-16 20:45:00+00:00,10460.5,10465.0,10456.6,10464.5,600
2026-02-17 01:00:00+00:00,10468.6,10472.8,10464.0,10471.7,5880
2026-02-17 01:15:00+00:00,10471.7,10473.2,10467.9,10470.0,4332
2026-02-17 01:30:00+00:00,10470.0,10475.1,10468.3,10471.0,5120
2026-02-17 01:45:00+00:00,10471.1,10471.9,10453.1,10456.3,9592
2026-02-17 02:00:00+00:00,10456.4,10462.5,10451.1,10461.6,11076
2026-02-17 02:15:00+00:00,10461.5,10467.3,10460.9,10465.0,5996
2026-02-17 02:30:00+00:00,10465.0,10466.7,10463.8,10465.0,4700
2026-02-17 02:45:00+00:00,10465.0,10465.8,10461.6,10463.0,5092
2026-02-17 03:00:00+00:00,10463.1,10463.6,10451.3,10455.5,6940
2026-02-17 03:15:00+00:00,10455.5,10460.8,10455.5,10457.4,4360
2026-02-17 03:30:00+00:00,10457.2,10457.5,10447.3,10453.5,7240
2026-02-17 03:45:00+00:00,10453.8,10455.3,10449.3,10452.0,4648
2026-02-17 04:00:00+00:00,10452.1,10457.0,10451.3,10452.3,4208
2026-02-17 04:15:00+00:00,10452.5,10453.0,10446.3,10452.7,3592
2026-02-17 04:30:00+00:00,10452.7,10454.8,10449.4,10454.8,3812
2026-02-17 04:45:00+00:00,10454.8,10458.6,10454.7,10458.5,2676
2026-02-17 05:00:00+00:00,10458.5,10459.2,10455.6,10456.8,3432
2026-02-17 05:15:00+00:00,10456.6,10457.3,10442.5,10449.6,6192
2026-02-17 05:30:00+00:00,10449.6,10451.1,10444.0,10450.3,5924
2026-02-17 05:45:00+00:00,10450.3,10453.8,10449.2,10449.9,4616
2026-02-17 06:00:00+00:00,10449.6,10456.1,10449.6,10455.4,460
2026-02-17 06:15:00+00:00,10455.6,10456.9,10454.6,10456.4,304
2026-02-17 06:30:00+00:00,10456.1,10459.1,10453.6,10453.9,548
2026-02-17 06:45:00+00:00,10454.1,10458.1,10453.2,10456.6,488
2026-02-17 07:00:00+00:00,10455.9,10478.7,10455.6,10471.2,1716
2026-02-17 07:15:00+00:00,10471.5,10477.2,10468.8,10471.8,1212
2026-02-17 07:30:00+00:00,10472.3,10486.9,10470.8,10481.2,1572
2026-02-17 07:45:00+00:00,10482.2,10499.9,10482.0,10489.7,2212
2026-02-17 08:00:00+00:00,10489.2,10515.3,10487.2,10513.1,7476
2026-02-17 08:15:00+00:00,10513.4,10516.9,10502.3,10512.1,6152
2026-02-17 08:30:00+00:00,10512.4,10522.5,10502.0,10503.5,5820
2026-02-17 08:45:00+00:00,10503.8,10516.3,10503.7,10513.9,4664
2026-02-17 09:00:00+00:00,10514.1,10525.2,10509.9,10511.9,5092
2026-02-17 09:15:00+00:00,10511.6,10525.0,10510.2,10524.2,3792
2026-02-17 09:30:00+00:00,10524.5,10528.6,10517.3,10521.8,3352
2026-02-17 09:45:00+00:00,10522.1,10526.1,10518.6,10525.6,3100
2026-02-17 10:00:00+00:00,10525.3,10528.3,10510.7,10512.1,2836
2026-02-17 10:15:00+00:00,10512.4,10516.0,10502.8,10503.0,2980
2026-02-17 10:30:00+00:00,10503.1,10503.5,10493.2,10494.4,3688
2026-02-17 10:45:00+00:00,10494.2,10498.8,10484.4,10487.6,3748
2026-02-17 11:00:00+00:00,10487.3,10501.4,10485.9,10497.9,4008
2026-02-17 11:15:00+00:00,10497.4,10509.9,10497.1,10509.4,3284
2026-02-17 11:30:00+00:00,10509.2,10514.8,10503.3,10511.4,2972
2026-02-17 11:45:00+00:00,10511.7,10526.2,10511.4,10521.5,3288
2026-02-17 12:00:00+00:00,10520.7,10523.2,10509.8,10511.6,3648
2026-02-17 12:15:00+00:00,10511.3,10517.0,10508.7,10512.5,3220
2026-02-17 12:30:00+00:00,10513.0,10514.5,10505.5,10509.3,2956
2026-02-17 12:45:00+00:00,10509.5,10511.2,10495.3,10498.5,3980
2026-02-17 13:00:00+00:00,10498.5,10502.8,10487.5,10500.0,4988
2026-02-17 13:15:00+00:00,10500.2,10511.2,10494.4,10505.5,4528
2026-02-17 13:30:00+00:00,10505.8,10513.3,10505.5,10511.9,3240
2026-02-17 13:45:00+00:00,10511.9,10521.1,10492.3,10493.2,9544
2026-02-17 14:00:00+00:00,10492.9,10509.5,10492.7,10501.9,5688
2026-02-17 14:15:00+00:00,10502.1,10515.3,10500.4,10503.8,5220
2026-02-17 14:30:00+00:00,10504.1,10524.5,10503.8,10513.7,15924
2026-02-17 14:45:00+00:00,10514.2,10526.5,10498.8,10507.1,13756
2026-02-17 15:00:00+00:00,10509.1,10533.6,10507.1,10511.3,14380
2026-02-17 15:15:00+00:00,10511.1,10528.3,10500.6,10505.1,13916
2026-02-17 15:30:00+00:00,10504.6,10514.7,10496.6,10502.9,11260
2026-02-17 15:45:00+00:00,10502.7,10512.0,10496.6,10512.0,12132
2026-02-17 16:00:00+00:00,10512.3,10540.5,10507.5,10538.0,8272
2026-02-17 16:15:00+00:00,10538.5,10550.2,10537.3,10545.5,8064
2026-02-17 16:30:00+00:00,10545.0,10562.9,10537.0,10555.9,7860
2026-02-17 16:45:00+00:00,10556.2,10559.4,10548.5,10556.4,7720
2026-02-17 17:00:00+00:00,10556.9,10558.4,10534.0,10537.0,7732
2026-02-17 17:15:00+00:00,10537.2,10546.2,10534.2,10546.2,7996
2026-02-17 17:30:00+00:00,10546.5,10548.7,10530.8,10531.5,7392
2026-02-17 17:45:00+00:00,10531.3,10543.5,10525.3,10542.8,8932
2026-02-17 18:00:00+00:00,10542.5,10548.2,10538.8,10545.5,6656
2026-02-17 18:15:00+00:00,10545.0,10560.5,10543.5,10559.5,5920
2026-02-17 18:30:00+00:00,10559.0,10577.2,10557.7,10574.7,4948
2026-02-17 18:45:00+00:00,10574.9,10586.6,10574.4,10583.1,4356
2026-02-17 19:00:00+00:00,10582.9,10583.9,10577.9,10582.7,4800
2026-02-17 19:15:00+00:00,10582.2,10583.7,10574.7,10579.2,4056
2026-02-17 19:30:00+00:00,10579.4,10586.4,10577.5,10585.9,3084
2026-02-17 19:45:00+00:00,10585.4,10586.9,10573.0,10574.2,3876
2026-02-17 20:00:00+00:00,10574.0,10579.6,10572.4,10576.7,2216
2026-02-17 20:15:00+00:00,10576.9,10579.6,10573.9,10575.2,1828
2026-02-17 20:30:00+00:00,10574.9,10575.7,10566.5,10570.7,2300
2026-02-17 20:45:00+00:00,10571.0,10582.7,10567.2,10570.0,3500
2026-02-17 21:00:00+00:00,10571.6,10573.2,10565.4,10569.5,2128
2026-02-17 21:30:00+00:00,10573.1,10573.2,10567.1,10570.0,1128
2026-02-17 21:45:00+00:00,10569.4,10571.5,10567.9,10570.3,1016
2026-02-17 23:00:00+00:00,10566.8,10569.0,10561.3,10563.4,1352
2026-02-17 23:15:00+00:00,10563.7,10568.2,10560.7,10564.9,1844
2026-02-17 23:30:00+00:00,10565.0,10567.3,10559.7,10561.5,2076
2026-02-17 23:45:00+00:00,10561.3,10561.4,10556.6,10557.8,1860
2026-02-18 00:00:00+00:00,10558.1,10566.5,10557.3,10565.9,2864
2026-02-18 00:15:00+00:00,10566.0,10567.7,10558.9,10563.2,1976
2026-02-18 00:30:00+00:00,10563.5,10566.4,10561.6,10562.4,1848
2026-02-18 00:45:00+00:00,10562.9,10562.9,10558.1,10560.3,1392
2026-02-18 01:00:00+00:00,10567.9,10570.9,10562.7,10565.4,4520
2026-02-18 01:15:00+00:00,10565.4,10569.7,10564.0,10568.5,3784
2026-02-18 01:30:00+00:00,10568.3,10570.1,10566.6,10568.2,4204
2026-02-18 01:45:00+00:00,10568.0,10568.5,10562.4,10565.0,3112
2026-02-18 02:00:00+00:00,10565.1,10566.4,10561.7,10565.2,3604
2026-02-18 02:15:00+00:00,10565.3,10565.3,10559.5,10561.3,2604
2026-02-18 02:30:00+00:00,10561.4,10565.9,10561.3,10564.3,3412
2026-02-18 02:45:00+00:00,10564.4,10564.5,10560.6,10561.1,1880
2026-02-18 03:00:00+00:00,10561.2,10564.8,10559.8,10560.1,2360
2026-02-18 03:15:00+00:00,10560.2,10560.9,10558.4,10559.9,2492
2026-02-18 03:30:00+00:00,10560.0,10563.0,10560.0,10561.0,2904
2026-02-18 03:45:00+00:00,10560.9,10564.3,10560.8,10563.1,2496
2026-02-18 04:00:00+00:00,10563.1,10570.6,10563.1,10569.9,3116
2026-02-18 04:15:00+00:00,10569.9,10571.3,10568.1,10570.9,2296
2026-02-18 04:30:00+00:00,10570.7,10576.2,10570.4,10575.4,3096
2026-02-18 04:45:00+00:00,10575.4,10576.1,10572.6,10572.9,2092
2026-02-18 05:00:00+00:00,10573.0,10573.3,10569.6,10572.7,2204
2026-02-18 05:15:00+00:00,10572.5,10573.9,10571.0,10571.6,1948
2026-02-18 05:30:00+00:00,10571.6,10572.4,10567.7,10568.2,1904
2026-02-18 05:45:00+00:00,10568.2,10570.0,10567.9,10569.1,2112
2026-02-18 06:00:00+00:00,10569.5,10573.7,10568.5,10572.0,324
2026-02-18 06:15:00+00:00,10572.3,10572.7,10571.3,10572.3,140
2026-02-18 06:30:00+00:00,10572.0,10572.8,10570.8,10572.5,96
2026-02-18 06:45:00+00:00,10573.2,10574.8,10570.3,10573.3,336
2026-02-18 07:00:00+00:00,10573.0,10579.5,10566.6,10572.8,1112
2026-02-18 07:15:00+00:00,10572.6,10578.3,10571.3,10574.6,636
2026-02-18 07:30:00+00:00,10574.3,10579.3,10572.1,10576.3,768
2026-02-18 07:45:00+00:00,10576.1,10581.6,10572.4,10581.1,1236
2026-02-18 08:00:00+00:00,10580.8,10600.2,10579.4,10593.0,8240
2026-02-18 08:15:00+00:00,10592.0,10611.6,10591.0,10609.1,5252
2026-02-18 08:30:00+00:00,10609.3,10623.7,10605.5,10621.7,4376
2026-02-18 08:45:00+00:00,10621.2,10634.7,10619.7,10633.7,3792
2026-02-18 09:00:00+00:00,10633.5,10635.3,10615.3,10617.3,3840
2026-02-18 09:15:00+00:00,10618.0,10631.5,10616.8,10631.2,3388
2026-02-18 09:30:00+00:00,10630.7,10649.5,10629.2,10646.3,2508
2026-02-18 09:45:00+00:00,10646.5,10653.0,10642.3,10643.0,2704
2026-02-18 10:00:00+00:00,10643.8,10660.2,10643.5,10656.2,2488
2026-02-18 10:15:00+00:00,10656.0,10661.2,10652.3,10659.9,2012
2026-02-18 10:30:00+00:00,10659.7,10665.7,10656.2,10665.2,2468
2026-02-18 10:45:00+00:00,10665.7,10672.7,10661.3,10670.3,2396
2026-02-18 11:00:00+00:00,10670.5,10671.8,10653.8,10662.0,2452
2026-02-18 11:15:00+00:00,10661.8,10675.3,10659.8,10669.2,2224
2026-02-18 11:30:00+00:00,10668.7,10671.5,10659.5,10662.2,2620
2026-02-18 11:45:00+00:00,10662.0,10668.7,10661.1,10662.1,2060
2026-02-18 12:00:00+00:00,10661.8,10672.2,10653.9,10670.7,3964
2026-02-18 12:15:00+00:00,10670.7,10672.5,10656.7,10658.0,2872
2026-02-18 12:30:00+00:00,10657.7,10669.5,10653.5,10668.4,3740
2026-02-18 12:45:00+00:00,10668.2,10674.8,10666.9,10672.5,2576
2026-02-18 13:00:00+00:00,10672.0,10675.0,10664.2,10664.7,2552
2026-02-18 13:15:00+00:00,10665.0,10666.3,10656.8,10660.3,2804
2026-02-18 13:30:00+00:00,10660.1,10670.1,10657.7,10664.1,2484
2026-02-18 13:45:00+00:00,10663.6,10666.6,10655.9,10660.3,3160
2026-02-18 14:00:00+00:00,10660.8,10677.2,10660.3,10673.7,2856
2026-02-18 14:15:00+00:00,10674.0,10688.2,10671.5,10685.5,3836
2026-02-18 14:30:00+00:00,10685.3,10701.0,10666.7,10695.8,11956
2026-02-18 14:45:00+00:00,10696.1,10701.2,10687.2,10700.2,5812
2026-02-18 15:00:00+00:00,10700.5,10716.3,10696.7,10712.9,6384
2026-02-18 15:15:00+00:00,10712.4,10714.4,10699.7,10706.8,4772
2026-02-18 15:30:00+00:00,10707.3,10713.5,10697.7,10697.7,4844
2026-02-18 15:45:00+00:00,10697.2,10711.4,10696.0,10709.8,4364
2026-02-18 16:00:00+00:00,10710.1,10712.1,10693.3,10694.0,4700
2026-02-18 16:15:00+00:00,10693.8,10701.2,10684.5,10692.6,5348
2026-02-18 16:30:00+00:00,10692.4,10694.6,10685.7,10688.9,4892
2026-02-18 16:45:00+00:00,10689.4,10693.2,10675.5,10678.0,3696
2026-02-18 17:00:00+00:00,10677.7,10691.2,10673.0,10689.0,3652
2026-02-18 17:15:00+00:00,10688.7,10695.4,10688.5,10691.2,2520
2026-02-18 17:30:00+00:00,10691.5,10698.2,10689.2,10695.2,2188
2026-02-18 17:45:00+00:00,10695.0,10702.4,10694.0,10697.7,1672
2026-02-18 18:00:00+00:00,10697.5,10702.9,10693.2,10697.7,1584
2026-02-18 18:15:00+00:00,10698.0,10699.7,10678.1,10681.8,2116
2026-02-18 18:30:00+00:00,10682.1,10694.8,10678.3,10690.3,3548
2026-02-18 18:45:00+00:00,10690.0,10695.0,10685.1,10689.3,3424
2026-02-18 19:00:00+00:00,10689.1,10696.5,10684.1,10684.1,2836
2026-02-18 19:15:00+00:00,10684.3,10690.8,10679.1,10687.3,3332
2026-02-18 19:30:00+00:00,10687.8,10689.3,10674.9,10681.4,3616
2026-02-18 19:45:00+00:00,10681.1,10686.4,10671.4,10680.2,3700
2026-02-18 20:00:00+00:00,10679.9,10688.9,10678.4,10681.7,3224
2026-02-18 20:15:00+00:00,10681.9,10684.9,10678.4,10683.4,2880
2026-02-18 20:30:00+00:00,10682.9,10701.9,10682.2,10698.4,2576
2026-02-18 20:45:00+00:00,10698.1,10708.1,10696.4,10703.1,2804
2026-02-18 21:00:00+00:00,10703.9,10708.6,10700.0,10702.4,1668
2026-02-18 21:30:00+00:00,10700.3,10705.6,10700.0,10703.4,480
2026-02-18 21:45:00+00:00,10703.7,10704.5,10700.4,10703.1,536
2026-02-18 23:00:00+00:00,10680.9,10686.9,10680.5,10686.1,836
2026-02-18 23:15:00+00:00,10686.2,10686.4,10681.2,10683.9,1276
2026-02-18 23:30:00+00:00,10684.2,10685.2,10681.2,10681.9,940
2026-02-18 23:45:00+00:00,10681.7,10684.2,10679.0,10679.6,1260
2026-02-19 00:00:00+00:00,10679.8,10681.0,10675.0,10677.4,2312
2026-02-19 00:15:00+00:00,10677.1,10678.5,10671.2,10672.9,1984
2026-02-19 00:30:00+00:00,10672.8,10677.4,10671.7,10674.0,2144
2026-02-19 00:45:00+00:00,10673.9,10676.8,10673.3,10676.0,1764
2026-02-19 01:00:00+00:00,10696.5,10702.4,10691.3,10700.7,6484
2026-02-19 01:15:00+00:00,10700.7,10705.3,10695.6,10696.3,4388
2026-02-19 01:30:00+00:00,10696.5,10700.1,10690.5,10695.8,5072
2026-02-19 01:45:00+00:00,10695.9,10697.0,10692.0,10695.7,4424
2026-02-19 02:00:00+00:00,10695.6,10697.8,10692.0,10695.6,4736
2026-02-19 02:15:00+00:00,10695.6,10700.4,10694.5,10700.2,3040
2026-02-19 02:30:00+00:00,10700.3,10701.6,10696.6,10697.3,2564
2026-02-19 02:45:00+00:00,10697.1,10698.1,10692.9,10695.1,2472
2026-02-19 03:00:00+00:00,10695.1,10696.2,10691.2,10691.8,2328
2026-02-19 03:15:00+00:00,10691.8,10693.6,10691.3,10692.3,2440
2026-02-19 03:30:00+00:00,10692.3,10692.7,10684.6,10686.6,2992
2026-02-19 03:45:00+00:00,10686.5,10688.6,10682.8,10688.0,2556
2026-02-19 04:00:00+00:00,10687.8,10689.8,10687.0,10688.0,2288
2026-02-19 04:15:00+00:00,10688.4,10688.4,10683.0,10683.5,1992
2026-02-19 04:30:00+00:00,10683.7,10686.8,10682.3,10683.3,2088
2026-02-19 04:45:00+00:00,10683.1,10684.6,10681.6,10684.1,2688
2026-02-19 05:00:00+00:00,10684.1,10685.9,10680.6,10682.8,3204
2026-02-19 05:15:00+00:00,10682.9,10684.1,10679.9,10683.6,2788
2026-02-19 05:30:00+00:00,10683.4,10684.6,10679.9,10679.9,2500
2026-02-19 05:45:00+00:00,10680.1,10684.2,10679.8,10683.5,2916
2026-02-19 06:00:00+00:00,10683.1,10687.8,10683.1,10683.6,744
2026-02-19 06:15:00+00:00,10683.8,10686.3,10680.8,10686.1,456
2026-02-19 06:30:00+00:00,10686.3,10689.6,10685.8,10685.8,548
2026-02-19 06:45:00+00:00,10685.6,10691.1,10685.6,10690.8,536
2026-02-19 07:00:00+00:00,10692.8,10694.1,10687.1,10689.8,1028
2026-02-19 07:15:00+00:00,10690.1,10696.6,10688.6,10695.1,716
2026-02-19 07:30:00+00:00,10695.3,10695.3,10689.6,10690.6,584
2026-02-19 07:45:00+00:00,10690.8,10691.6,10679.1,10687.3,1536
2026-02-19 08:00:00+00:00,10686.8,10687.8,10648.1,10654.3,10248
2026-02-19 08:15:00+00:00,10653.3,10657.9,10643.3,10651.0,5560
2026-02-19 08:30:00+00:00,10651.5,10661.1,10643.9,10658.4,4584
2026-02-19 08:45:00+00:00,10658.7,10659.7,10645.7,10650.5,4496
2026-02-19 09:00:00+00:00,10652.5,10655.3,10641.1,10644.4,4320
2026-02-19 09:15:00+00:00,10644.1,10648.3,10633.0,10633.0,4128
2026-02-19 09:30:00+00:00,10633.3,10641.2,10626.4,10628.7,4360
2026-02-19 09:45:00+00:00,10629.0,10632.4,10623.0,10627.2,4212
2026-02-19 10:00:00+00:00,10626.9,10629.2,10614.4,10617.3,5556
2026-02-19 10:15:00+00:00,10617.5,10622.6,10609.8,10611.4,3504
2026-02-19 10:30:00+00:00,10611.9,10617.8,10609.2,10610.8,3660
2026-02-19 10:45:00+00:00,10611.1,10614.3,10606.8,10609.3,3104
2026-02-19 11:00:00+00:00,10609.3,10610.0,10600.0,10608.5,3792
2026-02-19 11:15:00+00:00,10608.7,10615.2,10605.8,10609.5,3344
2026-02-19 11:30:00+00:00,10609.5,10610.8,10601.8,10603.1,3164
2026-02-19 11:45:00+00:00,10603.6,10608.7,10598.2,10600.9,4028
2026-02-19 12:00:00+00:00,10601.2,10619.4,10596.2,10617.0,4416
2026-02-19 12:15:00+00:00,10617.5,10621.2,10613.5,10620.0,3148
2026-02-19 12:30:00+00:00,10619.7,10625.7,10615.8,10619.4,2732
2026-02-19 12:45:00+00:00,10619.1,10626.8,10618.9,10626.0,2108
2026-02-19 13:00:00+00:00,10626.2,10627.6,10618.7,10618.7,2592
2026-02-19 13:15:00+00:00,10618.9,10620.2,10605.1,10609.0,2512
2026-02-19 13:30:00+00:00,10608.0,10630.6,10608.0,10625.1,3688
2026-02-19 13:45:00+00:00,10624.6,10631.4,10621.0,10630.9,2880
2026-02-19 14:00:00+00:00,10630.4,10638.1,10620.1,10626.3,4060
2026-02-19 14:15:00+00:00,10626.0,10631.0,10620.6,10623.8,3936
2026-02-19 14:30:00+00:00,10623.3,10632.8,10605.7,10616.6,14524
2026-02-19 14:45:00+00:00,10616.9,10617.1,10599.4,10605.9,9004
2026-02-19 15:00:00+00:00,10606.7,10614.6,10599.5,10600.3,9992
2026-02-19 15:15:00+00:00,10600.1,10611.4,10597.3,10607.5,11240
2026-02-19 15:30:00+00:00,10607.3,10623.0,10606.8,10618.6,6728
2026-02-19 15:45:00+00:00,10617.9,10622.9,10615.2,10622.6,6108
2026-02-19 16:00:00+00:00,10622.9,10625.8,10611.7,10618.0,5868
2026-02-19 16:15:00+00:00,10618.5,10629.2,10617.0,10618.5,5752
2026-02-19 16:30:00+00:00,10619.0,10629.2,10617.5,10620.0,6864
2026-02-19 16:45:00+00:00,10619.7,10630.7,10613.0,10624.7,5840
2026-02-19 17:00:00+00:00,10625.0,10626.7,10614.3,10622.3,6000
2026-02-19 17:15:00+00:00,10622.5,10631.0,10620.8,10628.8,5376
2026-02-19 17:30:00+00:00,10628.3,10635.7,10623.8,10629.0,4132
2026-02-19 17:45:00+00:00,10628.8,10629.0,10612.6,10615.1,6156
2026-02-19 18:00:00+00:00,10614.8,10624.3,10604.4,10623.3,4492
2026-02-19 18:15:00+00:00,10623.1,10624.3,10611.1,10617.4,4980
2026-02-19 18:30:00+00:00,10617.1,10632.3,10616.4,10631.8,4216
2026-02-19 18:45:00+00:00,10631.6,10644.0,10631.6,10642.8,3840
2026-02-19 19:00:00+00:00,10642.5,10647.0,10640.3,10645.8,3352
2026-02-19 19:15:00+00:00,10645.3,10647.8,10639.1,10641.3,2584
2026-02-19 19:30:00+00:00,10641.1,10646.3,10632.6,10641.8,3584
2026-02-19 19:45:00+00:00,10642.3,10649.1,10639.4,10646.3,3248
2026-02-19 20:00:00+00:00,10646.6,10660.3,10646.6,10660.1,3020
2026-02-19 20:15:00+00:00,10659.8,10660.8,10654.1,10658.1,2792
2026-02-19 20:30:00+00:00,10657.8,10663.8,10657.1,10661.3,2744
2026-02-19 20:45:00+00:00,10661.6,10667.8,10658.8,10666.3,2648
2026-02-19 21:00:00+00:00,10666.6,10669.0,10663.9,10666.3,1804
2026-02-19 21:30:00+00:00,10665.6,10665.9,10659.4,10659.4,780
2026-02-19 21:45:00+00:00,10659.7,10660.5,10658.4,10659.3,572
2026-02-19 23:00:00+00:00,10663.2,10665.3,10660.5,10662.9,1092
2026-02-19 23:15:00+00:00,10662.8,10667.5,10662.8,10665.9,836
2026-02-19 23:30:00+00:00,10666.0,10671.3,10665.9,10668.6,972
2026-02-19 23:45:00+00:00,10668.3,10670.5,10666.7,10668.9,1344
2026-02-20 00:00:00+00:00,10668.8,10670.0,10662.6,10669.1,2732
2026-02-20 00:15:00+00:00,10669.0,10670.5,10662.5,10669.1,1996
2026-02-20 00:30:00+00:00,10669.3,10674.0,10669.1,10672.4,1248
2026-02-20 00:45:00+00:00,10672.6,10674.3,10672.6,10673.7,608
2026-02-20 01:00:00+00:00,10673.3,10674.3,10668.9,10673.0,4376
2026-02-20 01:15:00+00:00,10672.6,10672.6,10661.9,10664.6,4048
2026-02-20 01:30:00+00:00,10664.5,10664.5,10658.5,10659.7,3900
2026-02-20 01:45:00+00:00,10659.7,10660.9,10656.3,10658.6,3660
2026-02-20 02:00:00+00:00,10658.7,10666.7,10658.7,10659.7,4508
2026-02-20 02:15:00+00:00,10659.5,10661.2,10656.2,10658.1,3996
2026-02-20 02:30:00+00:00,10658.0,10661.2,10656.8,10656.9,3096
2026-02-20 02:45:00+00:00,10656.7,10656.7,10651.0,10656.1,3336
2026-02-20 03:00:00+00:00,10655.9,10661.2,10655.2,10661.1,2712
2026-02-20 03:15:00+00:00,10661.1,10663.5,10659.4,10662.8,2212
2026-02-20 03:30:00+00:00,10662.8,10664.2,10659.6,10659.7,2272
2026-02-20 03:45:00+00:00,10659.7,10663.8,10659.2,10660.4,2036
2026-02-20 04:00:00+00:00,10660.2,10662.8,10659.7,10661.8,2364
2026-02-20 04:15:00+00:00,10661.8,10662.2,10658.8,10662.2,2228
2026-02-20 04:30:00+00:00,10662.0,10662.2,10659.9,10662.2,1492
2026-02-20 04:45:00+00:00,10662.5,10663.1,10660.2,10662.3,1588
2026-02-20 05:00:00+00:00,10662.5,10669.3,10662.5,10664.8,2760
2026-02-20 05:15:00+00:00,10664.8,10668.4,10664.5,10666.8,1876
2026-02-20 05:30:00+00:00,10666.8,10668.3,10664.0,10664.6,2756
2026-02-20 05:45:00+00:00,10664.6,10669.7,10664.3,10669.3,2224
2026-02-20 06:00:00+00:00,10669.5,10670.6,10667.3,10670.3,476
2026-02-20 06:15:00+00:00,10670.1,10670.8,10667.1,10667.8,444
2026-02-20 06:30:00+00:00,10667.6,10667.8,10664.8,10665.8,596
2026-02-20 06:45:00+00:00,10665.3,10667.6,10664.9,10666.9,504
2026-02-20 07:00:00+00:00,10651.2,10660.6,10651.2,10657.7,1068
2026-02-20 07:15:00+00:00,10658.2,10660.1,10652.7,10653.2,916
2026-02-20 07:30:00+00:00,10652.7,10655.2,10648.0,10654.7,896
2026-02-20 07:45:00+00:00,10654.9,10668.2,10653.9,10665.7,1324
2026-02-20 08:00:00+00:00,10665.4,10672.2,10639.1,10647.8,8656
2026-02-20 08:15:00+00:00,10649.8,10665.8,10648.0,10665.5,4756
2026-02-20 08:30:00+00:00,10665.3,10667.7,10651.9,10656.9,4052
2026-02-20 08:45:00+00:00,10656.7,10668.2,10654.7,10667.8,2828
2026-02-20 09:00:00+00:00,10668.5,10684.3,10667.3,10682.4,2620
2026-02-20 09:15:00+00:00,10682.3,10690.4,10680.3,10687.2,2620
2026-02-20 09:30:00+00:00,10686.7,10689.0,10678.3,10682.3,3412
2026-02-20 09:45:00+00:00,10682.6,10693.1,10679.7,10692.4,3292
2026-02-20 10:00:00+00:00,10692.7,10720.7,10690.8,10707.5,5416
2026-02-20 10:15:00+00:00,10708.0,10714.0,10698.2,10703.2,3024
2026-02-20 10:30:00+00:00,10702.9,10704.7,10692.8,10695.6,2588
2026-02-20 10:45:00+00:00,10695.8,10699.2,10691.3,10692.0,3836
2026-02-20 11:00:00+00:00,10691.2,10699.5,10685.6,10694.1,3360
2026-02-20 11:15:00+00:00,10693.6,10698.1,10687.7,10692.7,2664
2026-02-20 11:30:00+00:00,10692.4,10699.9,10692.4,10696.5,2508
2026-02-20 11:45:00+00:00,10696.2,10697.9,10686.1,10688.1,2900
2026-02-20 12:00:00+00:00,10688.4,10689.4,10676.0,10678.3,3576
2026-02-20 12:15:00+00:00,10678.8,10682.0,10673.6,10678.2,2800
2026-02-20 12:30:00+00:00,10677.9,10683.8,10675.7,10676.2,2944
2026-02-20 12:45:00+00:00,10676.0,10680.2,10673.6,10680.0,2376
2026-02-20 13:00:00+00:00,10679.7,10685.3,10676.5,10683.8,1972
2026-02-20 13:15:00+00:00,10683.8,10689.4,10683.8,10684.9,2160
2026-02-20 13:30:00+00:00,10685.2,10685.9,10665.4,10668.2,4792
2026-02-20 13:45:00+00:00,10668.5,10675.8,10667.4,10674.8,3220
2026-02-20 14:00:00+00:00,10674.5,10679.2,10671.3,10674.3,2432
2026-02-20 14:15:00+00:00,10674.8,10684.5,10670.9,10684.5,2940
2026-02-20 14:30:00+00:00,10684.7,10699.6,10682.2,10694.3,11292
2026-02-20 14:45:00+00:00,10693.6,10700.8,10688.7,10695.1,6816
2026-02-20 15:00:00+00:00,10698.8,10747.5,10686.3,10686.6,19596
2026-02-20 15:15:00+00:00,10686.3,10711.4,10685.0,10693.8,10600
2026-02-20 15:30:00+00:00,10694.3,10706.3,10687.0,10702.8,9716
2026-02-20 15:45:00+00:00,10702.6,10710.8,10696.2,10709.6,5628
2026-02-20 16:00:00+00:00,10708.3,10709.3,10687.2,10689.5,6224
2026-02-20 16:15:00+00:00,10690.0,10693.3,10678.1,10681.6,8432
2026-02-20 16:30:00+00:00,10682.4,10698.6,10680.2,10694.6,6580
2026-02-20 16:45:00+00:00,10694.1,10697.4,10680.4,10683.2,3672
2026-02-20 17:00:00+00:00,10682.9,10690.6,10673.2,10673.5,3916
2026-02-20 17:15:00+00:00,10673.2,10674.0,10666.2,10668.7,6212
2026-02-20 17:30:00+00:00,10669.2,10677.2,10666.5,10676.0,4972
2026-02-20 17:45:00+00:00,10676.5,10688.4,10674.0,10687.0,5384
2026-02-20 18:00:00+00:00,10686.5,10693.2,10686.5,10692.9,4292
2026-02-20 18:15:00+00:00,10692.7,10696.4,10683.2,10691.2,5404
2026-02-20 18:30:00+00:00,10691.5,10712.1,10684.2,10705.7,8700
2026-02-20 18:45:00+00:00,10705.4,10717.9,10702.2,10714.9,4956
2026-02-20 19:00:00+00:00,10715.2,10716.4,10708.9,10710.9,3228
2026-02-20 19:15:00+00:00,10711.2,10715.4,10707.7,10710.2,3220
2026-02-20 19:30:00+00:00,10710.5,10715.2,10706.7,10707.0,2788
2026-02-20 19:45:00+00:00,10707.2,10710.5,10702.5,10706.5,2628
2026-02-20 20:00:00+00:00,10707.0,10718.9,10707.0,10717.4,2692
2026-02-20 20:15:00+00:00,10717.6,10717.9,10712.9,10714.6,1992
2026-02-20 20:30:00+00:00,10714.9,10717.6,10711.7,10715.6,1880
2026-02-20 20:45:00+00:00,10715.4,10722.6,10706.9,10719.6,2488
2026-02-22 23:00:00+00:00,10712.5,10715.2,10710.4,10715.2,1644
2026-02-22 23:15:00+00:00,10715.0,10716.2,10699.4,10701.9,3040
2026-02-22 23:30:00+00:00,10701.5,10704.3,10695.0,10695.6,3104
2026-02-22 23:45:00+00:00,10696.2,10704.2,10694.8,10702.1,2952
2026-02-23 00:00:00+00:00,10701.8,10701.8,10691.9,10692.9,3548
2026-02-23 00:15:00+00:00,10692.8,10695.6,10681.2,10685.8,3096
2026-02-23 00:30:00+00:00,10685.5,10686.6,10680.1,10681.2,2840
2026-02-23 00:45:00+00:00,10681.0,10685.8,10678.2,10684.0,3528
2026-02-23 01:00:00+00:00,10664.7,10664.8,10654.9,10659.0,9692
2026-02-23 01:15:00+00:00,10658.9,10676.6,10658.9,10671.8,7664
2026-02-23 01:30:00+00:00,10671.6,10674.4,10665.8,10671.7,7648
2026-02-23 01:45:00+00:00,10671.3,10672.9,10661.9,10662.3,7948
2026-02-23 02:00:00+00:00,10662.2,10670.2,10659.3,10661.0,7380
2026-02-23 02:15:00+00:00,10661.1,10672.3,10660.4,10670.0,6224
2026-02-23 02:30:00+00:00,10670.0,10673.1,10667.8,10668.9,4684
2026-02-23 02:45:00+00:00,10668.9,10670.5,10665.2,10666.3,3612
2026-02-23 03:00:00+00:00,10666.5,10670.1,10663.8,10665.6,4108
2026-02-23 03:15:00+00:00,10665.6,10666.2,10657.1,10662.0,4416
2026-02-23 03:30:00+00:00,10662.1,10664.1,10660.0,10664.0,4124
2026-02-23 03:45:00+00:00,10664.0,10666.6,10662.5,10662.6,2836
2026-02-23 04:00:00+00:00,10662.8,10666.1,10661.3,10664.7,2844
2026-02-23 04:15:00+00:00,10664.7,10665.8,10662.9,10665.7,2448
2026-02-23 04:30:00+00:00,10666.0,10666.9,10659.9,10660.2,2592
2026-02-23 04:45:00+00:00,10660.2,10664.3,10660.2,10664.3,2232
2026-02-23 05:00:00+00:00,10664.5,10664.5,10659.8,10660.8,3172
2026-02-23 05:15:00+00:00,10660.8,10661.0,10655.4,10659.9,3480
2026-02-23 05:30:00+00:00,10659.7,10664.3,10658.7,10661.5,3012
2026-02-23 05:45:00+00:00,10661.7,10666.2,10660.7,10665.3,2364
2026-02-23 06:00:00+00:00,10665.1,10665.5,10660.5,10661.5,700
2026-02-23 06:15:00+00:00,10661.3,10661.8,10654.5,10655.3,736
2026-02-23 06:30:00+00:00,10655.0,10659.3,10654.8,10659.0,732
2026-02-23 06:45:00+00:00,10658.8,10661.3,10657.3,10659.8,712
2026-02-23 07:00:00+00:00,10659.5,10668.8,10659.5,10668.8,1348
2026-02-23 07:15:00+00:00,10669.0,10671.3,10663.5,10663.5,884
2026-02-23 07:30:00+00:00,10663.3,10667.0,10661.0,10666.5,760
2026-02-23 07:45:00+00:00,10666.3,10676.0,10665.0,10675.5,1340
2026-02-23 08:00:00+00:00,10674.0,10687.0,10661.8,10674.3,9000
2026-02-23 08:15:00+00:00,10674.5,10676.5,10664.3,10669.5,5292
2026-02-23 08:30:00+00:00,10669.8,10674.4,10659.4,10660.6,4256
2026-02-23 08:45:00+00:00,10660.9,10681.0,10660.9,10680.0,3028
2026-02-23 09:00:00+00:00,10680.3,10688.8,10680.3,10686.6,3380
2026-02-23 09:15:00+00:00,10686.8,10693.0,10685.1,10685.8,2836
2026-02-23 09:30:00+00:00,10685.6,10686.3,10673.1,10681.0,3296
2026-02-23 09:45:00+00:00,10681.5,10689.4,10679.9,10683.7,2532
2026-02-23 10:00:00+00:00,10683.4,10686.9,10679.5,10682.7,2896
2026-02-23 10:15:00+00:00,10682.4,10684.9,10661.6,10683.9,3768
2026-02-23 10:30:00+00:00,10683.4,10691.3,10683.4,10686.2,2404
2026-02-23 10:45:00+00:00,10685.7,10688.4,10679.8,10687.6,2176
2026-02-23 11:00:00+00:00,10687.1,10693.8,10686.6,10690.9,534
2026-02-23 11:15:00+00:00,10691.2,10697.2,10688.1,10696.4,518
2026-02-23 11:30:00+00:00,10696.7,10704.1,10694.7,10702.6,465
2026-02-23 11:45:00+00:00,10702.9,10708.1,10699.5,10707.1,1123
2026-02-23 12:00:00+00:00,10706.9,10709.6,10699.2,10699.2,2264
2026-02-23 12:15:00+00:00,10699.2,10702.3,10695.8,10696.3,1916
2026-02-23 12:30:00+00:00,10696.6,10698.8,10690.8,10697.0,2352
2026-02-23 12:45:00+00:00,10696.9,10699.3,10694.2,10698.1,1992
2026-02-23 13:00:00+00:00,10698.3,10700.3,10694.6,10697.6,2320
2026-02-23 13:15:00+00:00,10697.4,10703.0,10694.3,10702.0,2236
2026-02-23 13:30:00+00:00,10701.5,10704.9,10698.6,10703.2,1932
2026-02-23 13:45:00+00:00,10703.0,10705.8,10697.7,10699.2,2012
2026-02-23 14:00:00+00:00,10698.7,10706.5,10698.2,10704.9,2552
2026-02-23 14:15:00+00:00,10705.2,10713.7,10704.9,10712.7,2268
2026-02-23 14:30:00+00:00,10712.4,10738.1,10712.4,10733.9,10104
2026-02-23 14:45:00+00:00,10733.6,10736.3,10708.7,10711.7,8764
2026-02-23 15:00:00+00:00,10711.9,10717.0,10694.6,10698.6,8932
2026-02-23 15:15:00+00:00,10698.1,10699.8,10691.4,10698.6,6784
2026-02-23 15:30:00+00:00,10698.9,10699.9,10680.0,10682.9,7552
2026-02-23 15:45:00+00:00,10683.2,10687.5,10675.9,10676.2,5684
2026-02-23 16:00:00+00:00,10675.9,10679.4,10665.6,10667.6,7816
2026-02-23 16:15:00+00:00,10668.1,10682.9,10663.4,10682.9,6984
2026-02-23 16:30:00+00:00,10683.7,10685.4,10671.7,10676.9,8480
2026-02-23 16:45:00+00:00,10677.2,10683.7,10674.9,10678.4,6484
2026-02-23 17:00:00+00:00,10678.2,10683.2,10671.7,10674.0,6092
2026-02-23 17:15:00+00:00,10673.7,10678.7,10670.2,10670.2,4492
2026-02-23 17:30:00+00:00,10670.0,10671.5,10655.0,10661.0,4756
2026-02-23 17:45:00+00:00,10661.3,10674.8,10658.0,10672.3,4588
2026-02-23 18:00:00+00:00,10672.0,10685.2,10672.0,10684.7,3440
2026-02-23 18:15:00+00:00,10684.5,10693.7,10683.0,10693.0,2972
2026-02-23 18:30:00+00:00,10693.2,10697.2,10690.2,10692.7,2608
2026-02-23 18:45:00+00:00,10692.5,10695.0,10681.0,10682.3,3224
2026-02-23 19:00:00+00:00,10682.8,10685.3,10680.6,10683.5,3240
2026-02-23 19:15:00+00:00,10683.0,10684.8,10678.3,10679.3,2608
2026-02-23 19:30:00+00:00,10679.1,10683.1,10672.6,10675.4,2932
2026-02-23 19:45:00+00:00,10676.1,10685.3,10675.6,10681.3,2892
2026-02-23 20:00:00+00:00,10681.1,10685.8,10675.6,10675.9,2516
2026-02-23 20:15:00+00:00,10675.6,10684.4,10675.6,10682.9,2328
2026-02-23 20:30:00+00:00,10682.4,10689.9,10682.4,10687.9,2240
2026-02-23 20:45:00+00:00,10688.1,10691.6,10679.4,10688.6,3028
2026-02-23 21:00:00+00:00,10688.1,10693.8,10685.9,10692.3,1836
2026-02-23 21:30:00+00:00,10691.3,10693.4,10690.4,10691.5,560
2026-02-23 21:45:00+00:00,10691.2,10693.4,10690.1,10692.0,424
2026-02-23 23:00:00+00:00,10691.3,10697.5,10689.1,10693.7,1652
2026-02-23 23:15:00+00:00,10693.9,10695.4,10690.3,10695.1,1136
2026-02-23 23:30:00+00:00,10695.2,10699.0,10694.3,10696.2,1888
2026-02-23 23:45:00+00:00,10695.9,10696.7,10691.3,10691.6,1676
2026-02-24 00:00:00+00:00,10692.3,10695.7,10689.0,10693.0,3148
2026-02-24 00:15:00+00:00,10693.2,10696.6,10687.8,10689.4,1864
2026-02-24 00:30:00+00:00,10689.2,10694.9,10688.4,10694.5,1580
2026-02-24 00:45:00+00:00,10694.6,10698.2,10693.3,10696.3,1368
2026-02-24 01:00:00+00:00,10690.2,10690.2,10678.9,10678.9,5744
2026-02-24 01:15:00+00:00,10679.0,10686.3,10677.4,10683.9,6384
2026-02-24 01:30:00+00:00,10683.9,10683.9,10671.7,10671.7,5892
2026-02-24 01:45:00+00:00,10671.7,10671.7,10660.3,10661.6,5032
2026-02-24 02:00:00+00:00,10661.8,10663.5,10656.7,10662.3,5008
2026-02-24 02:15:00+00:00,10662.2,10671.7,10661.7,10669.0,3824
2026-02-24 02:30:00+00:00,10668.6,10672.3,10667.2,10667.6,3212
2026-02-24 02:45:00+00:00,10667.3,10671.5,10667.0,10671.5,2592
2026-02-24 03:00:00+00:00,10671.4,10674.1,10669.7,10672.3,2592
2026-02-24 03:15:00+00:00,10672.2,10673.6,10670.8,10671.9,2004
2026-02-24 03:30:00+00:00,10671.9,10672.1,10669.7,10669.8,2448
2026-02-24 03:45:00+00:00,10669.8,10674.1,10669.8,10674.0,2104
2026-02-24 04:00:00+00:00,10674.1,10677.7,10673.8,10676.0,2332
2026-02-24 04:15:00+00:00,10676.0,10678.1,10674.5,10676.6,2232
2026-02-24 04:30:00+00:00,10676.2,10679.5,10675.0,10679.1,2252
2026-02-24 04:45:00+00:00,10679.1,10685.9,10678.1,10685.8,2248
2026-02-24 05:00:00+00:00,10685.7,10685.7,10682.2,10684.5,2460
2026-02-24 05:15:00+00:00,10684.5,10684.7,10679.5,10679.9,2644
2026-02-24 05:30:00+00:00,10679.9,10680.2,10674.7,10675.9,3140
2026-02-24 05:45:00+00:00,10675.9,10678.5,10675.5,10677.7,3200
2026-02-24 06:00:00+00:00,10677.7,10677.7,10673.4,10673.7,640
2026-02-24 06:15:00+00:00,10673.4,10673.9,10668.7,10671.5,740
2026-02-24 06:30:00+00:00,10671.7,10674.3,10668.2,10673.9,536
2026-02-24 06:45:00+00:00,10673.8,10678.3,10672.7,10674.5,1232
2026-02-24 07:00:00+00:00,10681.6,10688.6,10680.3,10688.6,824
2026-02-24 07:15:00+00:00,10688.3,10691.6,10686.6,10688.3,900
2026-02-24 07:30:00+00:00,10688.1,10688.6,10678.6,10683.3,768
2026-02-24 07:45:00+00:00,10683.1,10687.4,10675.9,10686.9,1540
2026-02-24 08:00:00+00:00,10686.6,10688.6,10655.2,10660.9,12492
2026-02-24 08:15:00+00:00,10660.7,10672.2,10650.3,10667.5,7960
2026-02-24 08:30:00+00:00,10667.2,10674.7,10647.1,10652.1,6076
2026-02-24 08:45:00+00:00,10651.9,10663.0,10644.6,10655.5,4900
2026-02-24 09:00:00+00:00,10655.8,10670.5,10654.6,10663.6,4928
2026-02-24 09:15:00+00:00,10663.6,10667.9,10655.5,10660.2,4232
2026-02-24 09:30:00+00:00,10660.2,10664.9,10649.8,10659.8,3200
2026-02-24 09:45:00+00:00,10659.6,10669.6,10659.6,10665.6,2860
2026-02-24 10:00:00+00:00,10665.4,10674.8,10661.4,10662.3,2924
2026-02-24 10:15:00+00:00,10662.8,10663.3,10655.9,10660.9,3148
2026-02-24 10:30:00+00:00,10661.2,10662.4,10652.0,10657.2,2660
2026-02-24 10:45:00+00:00,10657.0,10664.2,10652.3,10662.3,2588
2026-02-24 11:00:00+00:00,10662.5,10668.3,10657.7,10664.7,3172
2026-02-24 11:15:00+00:00,10664.9,10674.7,10663.2,10672.7,2320
2026-02-24 11:30:00+00:00,10672.5,10678.8,10672.5,10676.4,2268
2026-02-24 11:45:00+00:00,10676.9,10681.6,10674.1,10679.9,2148
2026-02-24 12:00:00+00:00,10679.6,10683.0,10674.7,10681.3,2932
2026-02-24 12:15:00+00:00,10681.5,10682.0,10674.7,10675.2,2144
2026-02-24 12:30:00+00:00,10675.2,10677.2,10669.9,10674.8,2444
2026-02-24 12:45:00+00:00,10675.1,10677.4,10669.9,10672.9,2380
2026-02-24 13:00:00+00:00,10673.2,10681.3,10670.2,10679.0,2936
2026-02-24 13:15:00+00:00,10679.0,10688.9,10679.0,10687.9,2044
2026-02-24 13:30:00+00:00,10687.4,10692.2,10687.4,10689.7,2412
2026-02-24 13:45:00+00:00,10690.0,10711.4,10689.7,10704.8,3900
2026-02-24 14:00:00+00:00,10704.5,10706.3,10697.9,10701.2,3008
2026-02-24 14:15:00+00:00,10701.7,10702.7,10687.7,10688.9,3384
2026-02-24 14:30:00+00:00,10688.4,10698.6,10681.7,10698.6,13228
2026-02-24 14:45:00+00:00,10698.9,10711.1,10698.1,10704.5,8760
2026-02-24 15:00:00+00:00,10704.3,10712.9,10697.7,10704.9,8808
2026-02-24 15:15:00+00:00,10704.6,10717.6,10703.1,10714.5,7096
2026-02-24 15:30:00+00:00,10714.2,10715.5,10700.2,10701.0,5500
2026-02-24 15:45:00+00:00,10700.5,10702.4,10692.0,10694.0,3776
2026-02-24 16:00:00+00:00,10694.3,10695.8,10685.4,10692.4,3696
2026-02-24 16:15:00+00:00,10692.2,10692.7,10682.2,10687.7,4012
2026-02-24 16:30:00+00:00,10687.4,10689.2,10673.7,10685.7,4992
2026-02-24 16:45:00+00:00,10685.5,10689.7,10678.0,10688.0,3364
2026-02-24 17:00:00+00:00,10687.7,10695.2,10685.7,10694.7,3260
2026-02-24 17:15:00+00:00,10695.0,10699.7,10693.2,10699.0,1940
2026-02-24 17:30:00+00:00,10699.2,10701.7,10694.5,10700.5,1604
2026-02-24 17:45:00+00:00,10700.2,10705.7,10699.0,10702.2,1696
2026-02-24 18:00:00+00:00,10702.0,10711.7,10701.7,10710.0,1432
2026-02-24 18:15:00+00:00,10709.2,10710.2,10701.8,10703.8,1256
2026-02-24 18:30:00+00:00,10704.0,10715.7,10703.5,10715.0,1512
2026-02-24 18:45:00+00:00,10715.2,10717.0,10711.0,10711.0,1156
2026-02-24 19:00:00+00:00,10711.3,10712.8,10703.8,10707.3,1700
2026-02-24 19:15:00+00:00,10707.5,10709.3,10703.3,10707.3,1584
2026-02-24 19:30:00+00:00,10707.1,10712.1,10706.6,10711.3,1264
2026-02-24 19:45:00+00:00,10710.6,10712.6,10708.8,10712.3,1248
2026-02-24 20:00:00+00:00,10712.1,10715.3,10708.0,10709.7,1500
2026-02-24 20:15:00+00:00,10710.0,10716.0,10708.5,10712.3,1616
2026-02-24 20:30:00+00:00,10711.8,10717.8,10710.8,10716.5,1404
2026-02-24 20:45:00+00:00,10716.8,10725.5,10709.0,10710.3,2660
2026-02-24 21:00:00+00:00,10711.6,10716.2,10706.2,10709.7,1288
2026-02-24 21:30:00+00:00,10708.9,10709.7,10708.1,10708.1,440
2026-02-24 21:45:00+00:00,10707.8,10709.2,10707.3,10707.8,288
2026-02-24 23:00:00+00:00,10705.2,10710.1,10703.4,10709.3,680
2026-02-24 23:15:00+00:00,10709.4,10710.6,10707.1,10709.4,796
2026-02-24 23:30:00+00:00,10709.3,10712.3,10707.9,10711.2,900
2026-02-24 23:45:00+00:00,10710.9,10714.4,10710.4,10712.8,964
2026-02-25 00:00:00+00:00,10712.5,10712.8,10709.3,10709.6,1604
2026-02-25 00:15:00+00:00,10709.3,10712.3,10708.5,10709.2,936
2026-02-25 00:30:00+00:00,10709.3,10715.8,10707.4,10715.8,1224
2026-02-25 00:45:00+00:00,10715.6,10718.5,10713.1,10717.2,1280
2026-02-25 01:00:00+00:00,10707.0,10711.5,10705.0,10710.1,4348
2026-02-25 01:15:00+00:00,10710.0,10712.8,10708.7,10712.3,4968
2026-02-25 01:30:00+00:00,10712.2,10712.3,10708.2,10710.1,4328
2026-02-25 01:45:00+00:00,10710.2,10712.4,10709.4,10709.5,3564
2026-02-25 02:00:00+00:00,10709.5,10710.4,10707.2,10708.7,4188
2026-02-25 02:15:00+00:00,10708.6,10713.5,10708.6,10713.2,4208
2026-02-25 02:30:00+00:00,10713.2,10715.5,10712.4,10713.4,3764
2026-02-25 02:45:00+00:00,10713.5,10718.7,10713.1,10718.2,3156
2026-02-25 03:00:00+00:00,10718.2,10718.9,10710.2,10711.6,4560
2026-02-25 03:15:00+00:00,10711.4,10713.0,10709.4,10711.6,5284
2026-02-25 03:30:00+00:00,10711.9,10712.4,10699.6,10708.7,9260
2026-02-25 03:45:00+00:00,10708.9,10718.2,10708.9,10716.8,4876
2026-02-25 04:00:00+00:00,10716.9,10724.2,10714.4,10723.5,5280
2026-02-25 04:15:00+00:00,10723.7,10729.5,10722.5,10728.5,3888
2026-02-25 04:30:00+00:00,10728.5,10729.5,10727.7,10727.8,2496
2026-02-25 04:45:00+00:00,10727.8,10729.5,10726.8,10726.8,2816
2026-02-25 05:00:00+00:00,10726.8,10743.5,10726.8,10740.0,4152
2026-02-25 05:15:00+00:00,10739.6,10740.7,10737.4,10739.9,3292
2026-02-25 05:30:00+00:00,10740.0,10741.4,10732.6,10738.2,3640
2026-02-25 05:45:00+00:00,10738.4,10743.8,10737.8,10740.2,3308
2026-02-25 06:00:00+00:00,10740.0,10740.7,10735.7,10739.5,924
2026-02-25 06:15:00+00:00,10739.7,10743.5,10738.0,10738.8,756
2026-02-25 06:30:00+00:00,10738.0,10742.0,10737.5,10740.3,844
2026-02-25 06:45:00+00:00,10739.0,10739.5,10736.5,10739.3,488
2026-02-25 07:00:00+00:00,10738.8,10740.0,10725.4,10725.9,1280
2026-02-25 07:15:00+00:00,10725.7,10729.7,10724.4,10725.9,736
2026-02-25 07:30:00+00:00,10725.7,10726.4,10713.7,10714.7,832
2026-02-25 07:45:00+00:00,10714.5,10716.0,10702.5,10709.5,1768
2026-02-25 08:00:00+00:00,10709.3,10765.0,10706.3,10763.3,12132
2026-02-25 08:15:00+00:00,10762.6,10778.9,10758.6,10773.8,6960
2026-02-25 08:30:00+00:00,10774.0,10775.8,10754.9,10771.7,5292
2026-02-25 08:45:00+00:00,10771.2,10775.2,10759.6,10764.3,3956
2026-02-25 09:00:00+00:00,10764.8,10775.2,10761.5,10774.9,5316
2026-02-25 09:15:00+00:00,10774.7,10780.1,10771.8,10778.5,4248
2026-02-25 09:30:00+00:00,10778.1,10786.3,10777.6,10783.2,3536
2026-02-25 09:45:00+00:00,10783.5,10783.7,10772.3,10781.0,2816
2026-02-25 10:00:00+00:00,10780.5,10785.4,10769.8,10779.7,3248
2026-02-25 10:15:00+00:00,10779.2,10788.6,10778.4,10785.4,2404
2026-02-25 10:30:00+00:00,10785.7,10788.5,10778.6,10785.8,2992
2026-02-25 10:45:00+00:00,10785.5,10788.5,10776.4,10779.1,2592
2026-02-25 11:00:00+00:00,10779.1,10784.4,10772.8,10773.5,2604
2026-02-25 11:15:00+00:00,10773.0,10783.9,10772.0,10783.4,2468
2026-02-25 11:30:00+00:00,10783.6,10788.2,10782.6,10784.1,2612
2026-02-25 11:45:00+00:00,10784.3,10788.4,10779.7,10779.9,2844
2026-02-25 12:00:00+00:00,10778.4,10785.1,10768.5,10783.3,3348
2026-02-25 12:15:00+00:00,10783.6,10788.8,10783.3,10785.5,1832
2026-02-25 12:30:00+00:00,10785.7,10786.0,10777.1,10778.6,2272
2026-02-25 12:45:00+00:00,10778.9,10784.6,10776.5,10777.5,2492
2026-02-25 13:00:00+00:00,10777.5,10788.3,10775.0,10784.3,2684
2026-02-25 13:15:00+00:00,10784.0,10785.0,10778.1,10780.4,2348
2026-02-25 13:30:00+00:00,10780.6,10789.8,10776.4,10788.3,2400
2026-02-25 13:45:00+00:00,10788.6,10792.7,10785.4,10790.7,2184
2026-02-25 14:00:00+00:00,10790.9,10792.3,10781.6,10784.9,3180
2026-02-25 14:15:00+00:00,10784.1,10785.9,10773.7,10774.5,3596
2026-02-25 14:30:00+00:00,10775.0,10778.8,10766.2,10766.4,10452
2026-02-25 14:45:00+00:00,10766.2,10778.7,10758.6,10763.9,7112
2026-02-25 15:00:00+00:00,10764.1,10770.2,10757.2,10762.3,5600
2026-02-25 15:15:00+00:00,10762.1,10771.7,10762.1,10767.2,4496
2026-02-25 15:30:00+00:00,10766.9,10779.8,10766.2,10775.2,3980
2026-02-25 15:45:00+00:00,10775.5,10795.9,10773.7,10794.9,3852
2026-02-25 16:00:00+00:00,10794.7,10803.4,10790.9,10800.4,4192
2026-02-25 16:15:00+00:00,10800.9,10805.8,10797.3,10797.9,4596
2026-02-25 16:30:00+00:00,10797.1,10804.1,10792.2,10799.6,4080
2026-02-25 16:45:00+00:00,10799.9,10808.9,10799.9,10806.4,2084
2026-02-25 17:00:00+00:00,10806.6,10809.4,10802.9,10809.4,1864
2026-02-25 17:15:00+00:00,10809.6,10811.6,10808.1,10810.6,1136
2026-02-25 17:30:00+00:00,10810.4,10818.9,10809.9,10818.9,880
2026-02-25 17:45:00+00:00,10818.6,10820.4,10815.2,10819.4,1140
2026-02-25 18:00:00+00:00,10819.1,10820.9,10814.9,10816.2,1048
2026-02-25 18:15:00+00:00,10815.9,10818.7,10812.9,10817.7,696
2026-02-25 18:30:00+00:00,10817.9,10821.4,10815.7,10818.4,856
2026-02-25 18:45:00+00:00,10817.9,10822.4,10817.9,10821.4,656
2026-02-25 19:00:00+00:00,10821.0,10822.4,10819.2,10819.5,868
2026-02-25 19:15:00+00:00,10818.7,10821.2,10817.0,10818.2,676
2026-02-25 19:30:00+00:00,10818.0,10824.5,10817.5,10821.0,728
2026-02-25 19:45:00+00:00,10820.5,10824.2,10820.5,10822.0,848
2026-02-25 20:00:00+00:00,10822.3,10823.0,10817.5,10819.5,676
2026-02-25 20:15:00+00:00,10819.3,10821.8,10815.6,10815.6,948
2026-02-25 20:30:00+00:00,10815.3,10819.6,10813.8,10816.3,1112
2026-02-25 20:45:00+00:00,10816.1,10818.8,10812.3,10813.8,2028
2026-02-25 21:00:00+00:00,10815.2,10815.5,10809.4,10811.6,2476
2026-02-25 21:30:00+00:00,10811.4,10833.4,10809.4,10817.8,8032
2026-02-25 21:45:00+00:00,10817.6,10821.1,10813.0,10817.9,3912
2026-02-25 23:00:00+00:00,10815.0,10820.8,10812.4,10815.3,1840
2026-02-25 23:15:00+00:00,10815.1,10817.4,10810.9,10813.9,1732
2026-02-25 23:30:00+00:00,10813.8,10814.4,10792.7,10803.6,2996
2026-02-25 23:45:00+00:00,10803.4,10808.2,10801.9,10804.6,3108
2026-02-26 00:00:00+00:00,10804.4,10809.4,10801.8,10808.8,3492
2026-02-26 00:15:00+00:00,10808.9,10809.4,10804.3,10808.5,2196
2026-02-26 00:30:00+00:00,10808.8,10809.6,10802.7,10803.9,2092
2026-02-26 00:45:00+00:00,10804.0,10806.5,10803.3,10805.7,1372
2026-02-26 01:00:00+00:00,10803.4,10806.1,10801.4,10802.8,5644
2026-02-26 01:15:00+00:00,10802.8,10803.5,10797.6,10797.6,5064
2026-02-26 01:30:00+00:00,10797.6,10801.8,10796.5,10801.4,4972
2026-02-26 01:45:00+00:00,10801.4,10801.5,10798.0,10798.7,3020
2026-02-26 02:00:00+00:00,10798.7,10798.8,10794.9,10795.2,3704
2026-02-26 02:15:00+00:00,10795.0,10798.6,10795.0,10798.5,3664
2026-02-26 02:30:00+00:00,10798.3,10799.3,10793.9,10796.2,2972
2026-02-26 02:45:00+00:00,10796.5,10797.6,10795.6,10796.0,2520
2026-02-26 03:00:00+00:00,10795.8,10797.8,10795.1,10795.5,2376
2026-02-26 03:15:00+00:00,10795.3,10797.4,10795.2,10796.0,1948
2026-02-26 03:30:00+00:00,10795.9,10799.6,10795.6,10798.2,2480
2026-02-26 03:45:00+00:00,10798.2,10799.1,10795.2,10796.0,2264
2026-02-26 04:00:00+00:00,10796.0,10797.2,10794.4,10795.2,2452
2026-02-26 04:15:00+00:00,10795.0,10795.6,10793.1,10795.2,2268
2026-02-26 04:30:00+00:00,10795.4,10795.4,10792.2,10792.7,2296
2026-02-26 04:45:00+00:00,10792.7,10795.1,10792.7,10793.5,1728
2026-02-26 05:00:00+00:00,10793.3,10793.6,10789.8,10790.4,3300
2026-02-26 05:15:00+00:00,10790.3,10792.9,10790.0,10791.5,2960
2026-02-26 05:30:00+00:00,10791.5,10792.5,10790.3,10792.0,2284
2026-02-26 05:45:00+00:00,10792.1,10793.5,10790.7,10793.3,2468
2026-02-26 06:00:00+00:00,10793.4,10794.3,10791.0,10793.0,704
2026-02-26 06:15:00+00:00,10792.8,10793.5,10790.3,10792.5,540
2026-02-26 06:30:00+00:00,10792.8,10797.8,10792.5,10796.5,720
2026-02-26 06:45:00+00:00,10796.3,10798.5,10793.5,10794.3,396
2026-02-26 07:00:00+00:00,10794.5,10812.0,10794.3,10809.8,1204
2026-02-26 07:15:00+00:00,10809.5,10810.8,10806.5,10809.0,720
2026-02-26 07:30:00+00:00,10808.8,10809.5,10804.0,10807.0,676
2026-02-26 07:45:00+00:00,10806.5,10810.0,10794.5,10799.5,1028
2026-02-26 08:00:00+00:00,10800.5,10837.5,10795.8,10799.5,7728
2026-02-26 08:15:00+00:00,10799.8,10818.3,10798.3,10817.5,3648
2026-02-26 08:30:00+00:00,10817.8,10821.3,10810.6,10818.3,3600
2026-02-26 08:45:00+00:00,10818.1,10827.7,10817.3,10824.8,2656
2026-02-26 09:00:00+00:00,10825.0,10829.1,10816.4,10820.2,2604
2026-02-26 09:15:00+00:00,10820.5,10821.2,10810.8,10814.3,2424
2026-02-26 09:30:00+00:00,10814.6,10831.1,10814.1,10827.3,2128
2026-02-26 09:45:00+00:00,10826.8,10830.0,10816.9,10824.1,1836
2026-02-26 10:00:00+00:00,10823.8,10827.5,10821.3,10821.8,1844
2026-02-26 10:15:00+00:00,10821.8,10824.2,10814.8,10816.8,2076
2026-02-26 10:30:00+00:00,10816.8,10827.0,10816.3,10819.9,2064
2026-02-26 10:45:00+00:00,10819.7,10827.6,10818.5,10825.7,1588
2026-02-26 11:00:00+00:00,10825.9,10831.9,10824.7,10826.8,1800
2026-02-26 11:15:00+00:00,10826.3,10826.3,10816.8,10819.7,1624
2026-02-26 11:30:00+00:00,10819.2,10822.0,10815.6,10821.0,1628
2026-02-26 11:45:00+00:00,10821.7,10823.6,10817.6,10819.6,1508
2026-02-26 12:00:00+00:00,10820.6,10826.2,10816.2,10823.6,1932
2026-02-26 12:15:00+00:00,10823.8,10825.6,10818.1,10822.3,1768
2026-02-26 12:30:00+00:00,10822.6,10826.0,10818.5,10820.4,1420
2026-02-26 12:45:00+00:00,10820.1,10830.0,10819.1,10825.4,1564
2026-02-26 13:00:00+00:00,10825.2,10831.0,10823.3,10826.7,1960
2026-02-26 13:15:00+00:00,10826.2,10828.7,10820.1,10822.0,2152
2026-02-26 13:30:00+00:00,10824.0,10830.2,10820.2,10825.5,2524
2026-02-26 13:45:00+00:00,10826.0,10830.0,10820.4,10822.3,1920
2026-02-26 14:00:00+00:00,10821.8,10824.4,10818.4,10821.4,2112
2026-02-26 14:15:00+00:00,10821.2,10824.2,10813.2,10813.4,2744
2026-02-26 14:30:00+00:00,10813.7,10820.8,10802.0,10805.6,7808
2026-02-26 14:45:00+00:00,10805.4,10813.6,10802.4,10804.3,5580
2026-02-26 15:00:00+00:00,10804.1,10822.2,10799.9,10815.8,6000
2026-02-26 15:15:00+00:00,10816.0,10823.8,10808.7,10818.0,7636
2026-02-26 15:30:00+00:00,10817.7,10837.3,10817.0,10833.3,6684
2026-02-26 15:45:00+00:00,10833.6,10847.0,10829.6,10844.5,4864
2026-02-26 16:00:00+00:00,10844.2,10847.6,10837.5,10844.1,4008
2026-02-26 16:15:00+00:00,10844.6,10857.4,10842.0,10850.9,4528
2026-02-26 16:30:00+00:00,10851.4,10855.4,10834.3,10834.8,5772
2026-02-26 16:45:00+00:00,10834.3,10844.2,10831.8,10835.3,3504
2026-02-26 17:00:00+00:00,10835.5,10840.5,10833.3,10833.5,3064
2026-02-26 17:15:00+00:00,10833.8,10843.5,10832.3,10839.8,2528
2026-02-26 17:30:00+00:00,10839.5,10848.3,10834.6,10834.6,2656
2026-02-26 17:45:00+00:00,10834.3,10845.3,10832.8,10842.3,2692
2026-02-26 18:00:00+00:00,10842.1,10848.1,10838.3,10847.8,2368
2026-02-26 18:15:00+00:00,10847.6,10854.3,10845.8,10852.8,1464
2026-02-26 18:30:00+00:00,10852.6,10869.3,10851.3,10868.3,2364
2026-02-26 18:45:00+00:00,10868.5,10872.5,10862.1,10862.8,1752
2026-02-26 19:00:00+00:00,10863.1,10870.1,10862.3,10867.6,1984
2026-02-26 19:15:00+00:00,10867.8,10871.6,10862.3,10863.8,1652
2026-02-26 19:30:00+00:00,10864.1,10865.3,10860.3,10864.3,1164
2026-02-26 19:45:00+00:00,10864.1,10866.3,10857.1,10858.1,1308
2026-02-26 20:00:00+00:00,10858.6,10867.4,10857.1,10865.4,1256
2026-02-26 20:15:00+00:00,10865.2,10869.7,10862.9,10868.2,1192
2026-02-26 20:30:00+00:00,10868.4,10868.9,10860.5,10864.5,1196
2026-02-26 20:45:00+00:00,10864.7,10864.7,10856.2,10861.0,1732
2026-02-26 21:00:00+00:00,10860.5,10862.1,10855.2,10857.7,1852
2026-02-26 21:30:00+00:00,10856.4,10857.2,10849.0,10849.8,1028
2026-02-26 21:45:00+00:00,10849.5,10849.5,10841.1,10841.6,1300
2026-02-26 23:00:00+00:00,10831.4,10843.6,10824.8,10843.0,2672
2026-02-26 23:15:00+00:00,10843.3,10847.4,10840.7,10845.2,2304
2026-02-26 23:30:00+00:00,10845.4,10845.8,10836.5,10837.0,1828
2026-02-26 23:45:00+00:00,10837.2,10839.5,10833.9,10838.6,2444
2026-02-27 00:00:00+00:00,10838.2,10843.4,10835.7,10842.3,2668
2026-02-27 00:15:00+00:00,10842.5,10845.7,10838.7,10839.7,2004
2026-02-27 00:30:00+00:00,10839.5,10840.4,10832.2,10832.7,2592
2026-02-27 00:45:00+00:00,10833.0,10846.2,10832.7,10844.9,2292
2026-02-27 01:00:00+00:00,10845.8,10849.6,10842.8,10849.2,6744
2026-02-27 01:15:00+00:00,10849.1,10852.8,10845.5,10847.2,6184
2026-02-27 01:30:00+00:00,10847.1,10848.7,10843.0,10846.5,7316
2026-02-27 01:45:00+00:00,10846.6,10853.4,10845.5,10852.5,6148
2026-02-27 02:00:00+00:00,10852.6,10857.5,10852.0,10857.0,5136
2026-02-27 02:15:00+00:00,10857.0,10861.8,10856.8,10859.0,3328
2026-02-27 02:30:00+00:00,10859.0,10861.6,10857.3,10861.6,3600
2026-02-27 02:45:00+00:00,10861.6,10865.4,10860.5,10865.4,3312
2026-02-27 03:00:00+00:00,10865.3,10869.5,10864.3,10868.6,3164
2026-02-27 03:15:00+00:00,10868.6,10870.1,10863.6,10863.9,3268
2026-02-27 03:30:00+00:00,10863.9,10868.2,10863.9,10868.1,3408
2026-02-27 03:45:00+00:00,10868.0,10870.4,10867.1,10867.2,3212
2026-02-27 04:00:00+00:00,10867.2,10870.2,10865.1,10865.7,3028
2026-02-27 04:15:00+00:00,10865.7,10868.1,10862.2,10867.6,3220
2026-02-27 04:30:00+00:00,10867.6,10872.0,10866.8,10870.9,2588
2026-02-27 04:45:00+00:00,10870.7,10871.8,10869.0,10870.7,2076
2026-02-27 05:00:00+00:00,10870.6,10875.9,10870.4,10875.8,2980
2026-02-27 05:15:00+00:00,10876.0,10881.7,10875.5,10881.4,3056
2026-02-27 05:30:00+00:00,10881.6,10883.7,10879.5,10882.6,3008
2026-02-27 05:45:00+00:00,10882.7,10883.5,10875.1,10875.7,3240
2026-02-27 06:00:00+00:00,10875.5,10877.2,10872.7,10875.5,1188
2026-02-27 06:15:00+00:00,10875.0,10879.2,10872.0,10879.2,1028
2026-02-27 06:30:00+00:00,10879.0,10885.7,10879.0,10880.0,1508
2026-02-27 06:45:00+00:00,10880.2,10883.0,10879.7,10881.5,732
2026-02-27 07:00:00+00:00,10880.5,10891.1,10880.5,10884.4,1400
2026-02-27 07:15:00+00:00,10884.7,10888.2,10880.9,10882.4,784
2026-02-27 07:30:00+00:00,10882.2,10884.7,10879.2,10879.9,1144
2026-02-27 07:45:00+00:00,10879.2,10880.9,10866.7,10869.2,1536
2026-02-27 08:00:00+00:00,10869.0,10875.7,10851.6,10864.7,7920
2026-02-27 08:15:00+00:00,10864.4,10893.7,10859.0,10891.5,5204
2026-02-27 08:30:00+00:00,10891.8,10898.0,10886.4,10890.2,4900
2026-02-27 08:45:00+00:00,10890.7,10908.5,10890.7,10899.1,3120
2026-02-27 09:00:00+00:00,10901.4,10914.4,10898.6,10899.8,3364
2026-02-27 09:15:00+00:00,10900.1,10908.2,10899.0,10904.6,3008
2026-02-27 09:30:00+00:00,10904.1,10909.1,10893.5,10893.7,2972
2026-02-27 09:45:00+00:00,10893.5,10899.5,10891.7,10895.5,2572
2026-02-27 10:00:00+00:00,10895.0,10899.2,10888.5,10894.9,793
2026-02-27 10:15:00+00:00,10895.1,10905.0,10887.5,10891.5,751
2026-02-27 10:30:00+00:00,10891.2,10895.7,10883.6,10891.3,595
2026-02-27 10:45:00+00:00,10891.6,10891.8,10882.7,10886.6,2104
2026-02-27 11:00:00+00:00,10886.1,10891.7,10884.9,10889.7,538
2026-02-27 11:15:00+00:00,10889.2,10889.2,10881.8,10886.5,529
2026-02-27 11:30:00+00:00,10886.7,10893.1,10880.3,10883.8,594
2026-02-27 11:45:00+00:00,10884.1,10894.4,10879.9,10891.2,1644
2026-02-27 12:00:00+00:00,10891.7,10897.3,10886.7,10892.8,2680
2026-02-27 12:15:00+00:00,10892.3,10903.3,10892.1,10899.8,1520
2026-02-27 12:30:00+00:00,10899.8,10901.6,10895.0,10896.6,2016
2026-02-27 12:45:00+00:00,10896.9,10904.5,10893.2,10903.3,2712
2026-02-27 13:00:00+00:00,10903.0,10911.1,10901.1,10903.1,820
2026-02-27 13:15:00+00:00,10902.6,10903.4,10878.5,10878.5,1686
2026-02-27 13:30:00+00:00,10878.0,10885.9,10868.4,10876.8,5874
2026-02-27 13:45:00+00:00,10877.3,10893.4,10874.8,10891.6,3492
2026-02-27 14:00:00+00:00,10891.6,10899.9,10886.0,10897.4,3004
2026-02-27 14:15:00+00:00,10897.1,10905.0,10893.1,10901.8,3324
2026-02-27 14:30:00+00:00,10902.0,10907.5,10876.1,10888.3,10104
2026-02-27 14:45:00+00:00,10887.8,10888.7,10877.7,10878.7,8196
2026-02-27 15:00:00+00:00,10877.9,10899.8,10876.9,10889.8,7828
2026-02-27 15:15:00+00:00,10890.0,10905.4,10886.2,10902.6,6496
2026-02-27 15:30:00+00:00,10902.9,10909.6,10894.7,10907.1,5820
2026-02-27 15:45:00+00:00,10907.4,10924.8,10905.9,10917.8,4528
2026-02-27 16:00:00+00:00,10918.1,10935.1,10916.6,10932.8,5240
2026-02-27 16:15:00+00:00,10932.6,10933.5,10917.9,10921.8,8232
2026-02-27 16:30:00+00:00,10920.8,10938.3,10900.9,10902.1,11060
2026-02-27 16:45:00+00:00,10901.9,10904.4,10891.7,10893.2,5396
2026-02-27 17:00:00+00:00,10893.4,10908.9,10893.4,10897.6,3720
2026-02-27 17:15:00+00:00,10897.9,10898.9,10874.7,10875.0,4668
2026-02-27 17:30:00+00:00,10874.7,10879.0,10870.0,10876.2,4636
2026-02-27 17:45:00+00:00,10876.5,10879.2,10868.0,10877.7,2664
2026-02-27 18:00:00+00:00,10878.2,10886.7,10876.7,10881.0,2924
2026-02-27 18:15:00+00:00,10880.7,10884.0,10873.5,10880.8,3112
2026-02-27 18:30:00+00:00,10881.0,10891.0,10878.3,10889.3,2608
2026-02-27 18:45:00+00:00,10889.0,10891.5,10884.8,10890.3,2336
2026-02-27 19:00:00+00:00,10890.0,10898.0,10886.3,10887.8,2224
2026-02-27 19:15:00+00:00,10887.5,10895.8,10882.1,10882.3,2148
2026-02-27 19:30:00+00:00,10882.8,10883.6,10871.4,10873.4,2380
2026-02-27 19:45:00+00:00,10873.6,10877.3,10869.1,10869.9,1896
2026-02-27 20:00:00+00:00,10869.6,10882.6,10869.6,10881.1,2060
2026-02-27 20:15:00+00:00,10880.9,10888.6,10878.9,10887.9,2616
2026-02-27 20:30:00+00:00,10887.6,10893.1,10881.4,10886.4,2868
2026-02-27 20:45:00+00:00,10885.9,10886.6,10872.7,10876.9,3032
2026-03-01 23:00:00+00:00,10810.3,10840.1,10808.1,10829.1,4976
2026-03-01 23:15:00+00:00,10828.9,10834.9,10823.0,10826.5,4968
2026-03-01 23:30:00+00:00,10826.4,10829.1,10817.9,10827.7,5360
2026-03-01 23:45:00+00:00,10828.0,10830.6,10817.2,10819.7,4876
2026-03-02 00:00:00+00:00,10819.6,10830.8,10814.0,10824.5,6084
2026-03-02 00:15:00+00:00,10824.6,10824.7,10804.1,10809.2,5080
2026-03-02 00:30:00+00:00,10809.4,10820.3,10804.1,10819.7,4136
2026-03-02 00:45:00+00:00,10820.6,10834.9,10820.3,10833.7,3380
2026-03-02 01:00:00+00:00,10847.7,10860.4,10838.6,10854.7,13676
2026-03-02 01:15:00+00:00,10854.7,10854.9,10843.2,10847.7,9168
2026-03-02 01:30:00+00:00,10847.8,10854.9,10846.2,10854.9,10740
2026-03-02 01:45:00+00:00,10855.0,10855.9,10846.5,10846.8,7752
2026-03-02 02:00:00+00:00,10847.1,10850.1,10828.3,10832.3,7880
2026-03-02 02:15:00+00:00,10832.2,10836.5,10828.1,10833.1,7212
2026-03-02 02:30:00+00:00,10833.1,10846.1,10832.9,10845.5,6840
2026-03-02 02:45:00+00:00,10845.6,10846.9,10840.0,10846.6,5768
2026-03-02 03:00:00+00:00,10845.6,10848.8,10842.8,10846.5,4740
2026-03-02 03:15:00+00:00,10846.4,10855.6,10845.4,10855.4,6008
2026-03-02 03:30:00+00:00,10855.5,10861.1,10851.5,10860.2,5724
2026-03-02 03:45:00+00:00,10860.2,10863.9,10858.1,10861.6,4868
2026-03-02 04:00:00+00:00,10861.6,10866.1,10860.9,10863.8,3808
2026-03-02 04:15:00+00:00,10864.2,10867.3,10858.3,10866.1,7052
2026-03-02 04:30:00+00:00,10866.1,10868.3,10864.7,10866.4,5520
2026-03-02 04:45:00+00:00,10866.4,10866.7,10857.3,10857.3,4464
2026-03-02 05:00:00+00:00,10857.3,10860.2,10851.8,10853.1,6472
2026-03-02 05:15:00+00:00,10853.1,10858.8,10852.7,10856.4,5192
2026-03-02 05:30:00+00:00,10856.4,10857.7,10852.5,10853.2,4292
2026-03-02 05:45:00+00:00,10853.3,10854.4,10843.7,10843.9,4876
2026-03-02 06:00:00+00:00,10843.8,10848.8,10840.8,10843.5,952
2026-03-02 06:15:00+00:00,10843.8,10852.8,10839.8,10851.3,1116
2026-03-02 06:30:00+00:00,10851.5,10855.5,10847.3,10850.0,1336
2026-03-02 06:45:00+00:00,10849.8,10853.5,10837.3,10848.0,1828
2026-03-02 07:00:00+00:00,10849.5,10853.5,10831.3,10838.5,2100
2026-03-02 07:15:00+00:00,10838.8,10854.8,10836.0,10848.0,2180
2026-03-02 07:30:00+00:00,10847.5,10848.8,10831.8,10842.3,2028
2026-03-02 07:45:00+00:00,10842.0,10847.5,10822.8,10837.3,3332
2026-03-02 08:00:00+00:00,10839.3,10851.0,10810.8,10844.0,16360
2026-03-02 08:15:00+00:00,10843.5,10846.3,10791.8,10798.0,9056
2026-03-02 08:30:00+00:00,10797.5,10809.5,10791.0,10795.0,8212
2026-03-02 08:45:00+00:00,10795.3,10819.0,10792.0,10807.5,4840
2026-03-02 09:00:00+00:00,10807.0,10832.4,10798.0,10831.0,5972
2026-03-02 09:15:00+00:00,10830.9,10846.5,10815.6,10822.0,7328
2026-03-02 09:30:00+00:00,10821.7,10830.7,10810.2,10818.7,4440
2026-03-02 09:45:00+00:00,10819.9,10820.4,10800.2,10818.5,4828
2026-03-02 10:00:00+00:00,10818.8,10833.0,10812.7,10829.7,4988
2026-03-02 10:15:00+00:00,10829.2,10838.1,10820.8,10825.0,4004
2026-03-02 10:30:00+00:00,10825.2,10830.6,10815.0,10822.1,3316
2026-03-02 10:45:00+00:00,10822.3,10824.3,10796.2,10808.9,3292
2026-03-02 11:00:00+00:00,10809.4,10810.9,10796.6,10799.7,3724
2026-03-02 11:15:00+00:00,10800.7,10814.8,10799.8,10805.2,2772
2026-03-02 11:30:00+00:00,10805.2,10812.9,10800.9,10804.6,2116
2026-03-02 11:45:00+00:00,10804.6,10809.7,10795.9,10798.4,3756
2026-03-02 12:00:00+00:00,10798.7,10802.2,10789.4,10797.0,4036
2026-03-02 12:15:00+00:00,10796.5,10797.0,10782.8,10784.8,3224
2026-03-02 12:30:00+00:00,10785.1,10788.7,10770.0,10770.3,3712
2026-03-02 12:45:00+00:00,10769.8,10776.7,10752.0,10756.9,4592
2026-03-02 13:00:00+00:00,10757.3,10763.6,10750.3,10755.4,5280
2026-03-02 13:15:00+00:00,10755.7,10773.0,10755.2,10759.5,5232
2026-03-02 13:30:00+00:00,10759.8,10760.5,10746.3,10748.6,4348
2026-03-02 13:45:00+00:00,10749.1,10752.8,10735.8,10740.4,3996
2026-03-02 14:00:00+00:00,10740.6,10748.7,10733.5,10738.0,4944
2026-03-02 14:15:00+00:00,10738.2,10743.7,10730.9,10743.6,4888
2026-03-02 14:30:00+00:00,10743.1,10758.8,10738.6,10752.5,5664
2026-03-02 14:45:00+00:00,10752.8,10761.5,10743.9,10750.1,9908
2026-03-02 15:00:00+00:00,10750.9,10771.9,10748.6,10766.4,8828
2026-03-02 15:15:00+00:00,10766.9,10767.6,10748.6,10758.1,7936
2026-03-02 15:30:00+00:00,10757.6,10776.2,10757.1,10772.3,7312
2026-03-02 15:45:00+00:00,10771.6,10775.2,10755.7,10760.7,5960
2026-03-02 16:00:00+00:00,10760.2,10793.8,10758.2,10786.0,5956
2026-03-02 16:15:00+00:00,10786.3,10787.1,10770.5,10771.3,6076
2026-03-02 16:30:00+00:00,10771.8,10804.7,10767.3,10804.0,8628
2026-03-02 16:45:00+00:00,10803.8,10806.8,10795.3,10796.5,4560
2026-03-02 17:00:00+00:00,10796.8,10802.0,10781.8,10791.3,3328
2026-03-02 17:15:00+00:00,10791.1,10798.8,10788.1,10789.3,2592
2026-03-02 17:30:00+00:00,10788.6,10796.6,10787.3,10791.3,2996
2026-03-02 17:45:00+00:00,10790.8,10795.8,10790.1,10793.1,1688
2026-03-02 18:00:00+00:00,10793.3,10795.3,10786.9,10791.4,1588
2026-03-02 18:15:00+00:00,10791.6,10798.1,10789.9,10797.9,1588
2026-03-02 18:30:00+00:00,10798.1,10801.8,10795.4,10798.6,1608
2026-03-02 18:45:00+00:00,10798.4,10798.9,10791.9,10792.6,1568
2026-03-02 19:00:00+00:00,10792.1,10803.4,10790.4,10802.4,1740
2026-03-02 19:15:00+00:00,10802.9,10819.9,10802.4,10819.9,1620
2026-03-02 19:30:00+00:00,10820.1,10825.1,10805.7,10810.6,1556
2026-03-02 19:45:00+00:00,10810.4,10813.4,10804.9,10806.9,1124
2026-03-02 20:00:00+00:00,10807.4,10810.4,10777.0,10778.2,4648
2026-03-02 20:15:00+00:00,10778.0,10792.7,10775.5,10787.5,4644
2026-03-02 20:30:00+00:00,10788.0,10803.5,10787.2,10801.2,2872
2026-03-02 20:45:00+00:00,10801.5,10810.0,10795.0,10800.2,3072
2026-03-02 21:00:00+00:00,10800.2,10801.3,10790.2,10794.8,3332
2026-03-02 21:30:00+00:00,10793.8,10797.5,10793.5,10796.8,656
2026-03-02 21:45:00+00:00,10796.2,10797.6,10790.2,10796.0,1948
2026-03-02 23:00:00+00:00,10794.9,10796.0,10788.3,10789.2,1828
2026-03-02 23:15:00+00:00,10789.5,10789.9,10782.7,10788.0,2284
2026-03-02 23:30:00+00:00,10788.3,10790.4,10785.0,10785.2,2056
2026-03-02 23:45:00+00:00,10784.9,10792.4,10784.9,10790.9,2428
2026-03-03 00:00:00+00:00,10791.2,10794.1,10784.3,10785.8,3992
2026-03-03 00:15:00+00:00,10785.5,10790.5,10782.2,10789.2,3356
2026-03-03 00:30:00+00:00,10789.4,10790.5,10786.5,10790.1,2236
2026-03-03 00:45:00+00:00,10790.2,10793.5,10787.9,10792.9,2328
2026-03-03 01:00:00+00:00,10777.6,10784.8,10770.4,10781.7,8908
2026-03-03 01:15:00+00:00,10781.8,10783.3,10762.7,10762.8,9160
2026-03-03 01:30:00+00:00,10762.8,10766.8,10750.6,10750.8,10504
2026-03-03 01:45:00+00:00,10750.6,10756.9,10740.4,10740.9,9288
2026-03-03 02:00:00+00:00,10740.9,10742.5,10729.9,10739.6,14064
2026-03-03 02:15:00+00:00,10739.7,10746.8,10730.9,10744.7,11404
2026-03-03 02:30:00+00:00,10744.8,10767.9,10744.0,10762.5,10204
2026-03-03 02:45:00+00:00,10762.4,10767.1,10760.7,10764.8,7680
2026-03-03 03:00:00+00:00,10765.0,10770.7,10758.0,10767.4,7464
2026-03-03 03:15:00+00:00,10767.4,10769.9,10752.2,10754.2,6748
2026-03-03 03:30:00+00:00,10754.2,10762.5,10747.6,10757.7,9556
2026-03-03 03:45:00+00:00,10757.9,10761.6,10754.9,10755.1,7484
2026-03-03 04:00:00+00:00,10755.1,10759.7,10751.6,10755.2,7192
2026-03-03 04:15:00+00:00,10755.3,10757.3,10744.5,10746.8,7188
2026-03-03 04:30:00+00:00,10746.6,10747.4,10742.4,10745.7,7752
2026-03-03 04:45:00+00:00,10745.7,10747.5,10738.7,10742.8,7468
2026-03-03 05:00:00+00:00,10742.8,10752.1,10740.8,10748.6,9104
2026-03-03 05:15:00+00:00,10748.6,10752.1,10745.9,10748.0,7964
2026-03-03 05:30:00+00:00,10747.9,10748.6,10733.8,10734.0,9132
2026-03-03 05:45:00+00:00,10734.0,10734.3,10719.8,10725.0,8412
2026-03-03 06:00:00+00:00,10725.4,10732.6,10720.6,10724.9,2908
2026-03-03 06:15:00+00:00,10725.1,10725.4,10711.4,10721.4,2536
2026-03-03 06:30:00+00:00,10720.6,10727.1,10712.7,10713.2,2372
2026-03-03 06:45:00+00:00,10712.9,10713.7,10699.9,10709.2,1592
2026-03-03 07:00:00+00:00,10708.2,10714.2,10697.2,10698.0,2548
2026-03-03 07:15:00+00:00,10697.7,10697.7,10681.0,10686.8,2552
2026-03-03 07:30:00+00:00,10686.5,10690.5,10680.0,10685.3,2416
2026-03-03 07:45:00+00:00,10685.0,10689.0,10673.6,10688.0,2916
2026-03-03 08:00:00+00:00,10687.3,10711.0,10621.5,10621.5,18040
2026-03-03 08:15:00+00:00,10621.7,10635.0,10604.4,10605.8,12720
2026-03-03 08:30:00+00:00,10605.5,10613.3,10561.3,10562.3,12020
2026-03-03 08:45:00+00:00,10562.0,10575.7,10533.1,10538.1,12264
2026-03-03 09:00:00+00:00,10539.1,10569.1,10538.7,10551.5,14040
2026-03-03 09:15:00+00:00,10551.2,10551.2,10526.2,10537.6,10720
2026-03-03 09:30:00+00:00,10537.3,10545.0,10512.5,10514.6,9992
2026-03-03 09:45:00+00:00,10514.3,10526.2,10501.4,10517.2,8672
2026-03-03 10:00:00+00:00,10517.5,10530.4,10477.4,10482.1,9492
2026-03-03 10:15:00+00:00,10482.6,10492.0,10464.3,10468.5,9272
2026-03-03 10:30:00+00:00,10468.3,10472.0,10445.0,10466.9,9648
2026-03-03 10:45:00+00:00,10466.7,10498.1,10466.7,10498.1,10836
2026-03-03 11:00:00+00:00,10497.9,10511.7,10486.2,10503.6,9048
2026-03-03 11:15:00+00:00,10503.9,10510.0,10472.6,10489.7,8936
2026-03-03 11:30:00+00:00,10489.9,10502.4,10487.8,10500.1,9492
2026-03-03 11:45:00+00:00,10500.6,10509.0,10488.9,10495.5,7360
2026-03-03 12:00:00+00:00,10496.0,10518.7,10482.2,10509.3,7536
2026-03-03 12:15:00+00:00,10508.8,10518.6,10502.5,10508.7,6016
2026-03-03 12:30:00+00:00,10509.4,10509.7,10494.5,10506.2,5592
2026-03-03 12:45:00+00:00,10506.5,10517.5,10493.2,10507.7,7316
2026-03-03 13:00:00+00:00,10509.0,10513.5,10479.8,10486.8,7972
2026-03-03 13:15:00+00:00,10487.1,10510.0,10486.5,10503.5,7556
2026-03-03 13:30:00+00:00,10502.3,10505.0,10481.6,10486.0,7972
2026-03-03 13:45:00+00:00,10485.3,10494.9,10476.1,10477.1,5944
2026-03-03 14:00:00+00:00,10476.6,10480.4,10465.2,10472.5,6012
2026-03-03 14:15:00+00:00,10473.0,10474.6,10456.7,10461.7,6496
2026-03-03 14:30:00+00:00,10462.6,10484.9,10440.5,10444.0,14936
2026-03-03 14:45:00+00:00,10443.5,10455.4,10432.9,10437.3,12436
2026-03-03 15:00:00+00:00,10438.5,10457.7,10413.6,10423.5,16108
2026-03-03 15:15:00+00:00,10424.0,10429.5,10405.8,10413.5,11192
2026-03-03 15:30:00+00:00,10413.2,10431.9,10412.7,10426.9,7164
2026-03-03 16:00:00+00:00,10449.8,10481.8,10440.1,10478.4,11188
2026-03-03 16:15:00+00:00,10478.7,10483.9,10448.5,10449.2,13520
2026-03-03 16:30:00+00:00,10449.7,10499.2,10431.8,10495.0,14720
2026-03-03 16:45:00+00:00,10494.5,10508.2,10488.5,10500.3,9976
2026-03-03 17:00:00+00:00,10500.0,10505.0,10487.3,10500.8,9588
2026-03-03 17:15:00+00:00,10501.5,10519.8,10494.3,10516.8,7004
2026-03-03 17:30:00+00:00,10516.3,10522.3,10502.3,10519.3,7160
2026-03-03 17:45:00+00:00,10519.5,10520.5,10498.8,10502.6,5188
2026-03-03 18:00:00+00:00,10502.8,10522.8,10502.8,10507.8,4612
2026-03-03 18:15:00+00:00,10508.8,10533.8,10507.8,10530.1,4040
2026-03-03 18:30:00+00:00,10530.8,10553.3,10528.8,10546.3,5000
2026-03-03 18:45:00+00:00,10545.8,10548.3,10537.3,10537.8,4584
2026-03-03 19:00:00+00:00,10538.3,10542.1,10524.9,10534.3,4112
2026-03-03 19:15:00+00:00,10534.6,10543.8,10532.6,10536.1,4244
2026-03-03 19:30:00+00:00,10535.8,10562.8,10531.6,10561.3,7032
2026-03-03 19:45:00+00:00,10561.8,10564.6,10543.9,10550.8,5740
2026-03-03 20:00:00+00:00,10551.1,10557.3,10542.4,10542.9,5480
2026-03-03 20:15:00+00:00,10543.1,10548.1,10538.1,10543.4,4380
2026-03-03 20:30:00+00:00,10542.4,10553.9,10529.4,10529.9,4152
2026-03-03 20:45:00+00:00,10530.7,10533.9,10513.5,10527.9,4200
2026-03-03 21:00:00+00:00,10527.9,10528.2,10520.4,10526.0,2824
2026-03-03 21:30:00+00:00,10521.7,10522.8,10513.8,10520.4,2616
2026-03-03 21:45:00+00:00,10520.1,10521.5,10517.2,10518.3,1584
2026-03-03 23:00:00+00:00,10513.1,10526.9,10509.3,10526.0,2748
2026-03-03 23:15:00+00:00,10526.1,10529.6,10515.4,10515.9,3524
2026-03-03 23:30:00+00:00,10516.2,10522.2,10515.6,10519.4,2280
2026-03-03 23:45:00+00:00,10519.7,10523.9,10513.9,10514.9,3956
2026-03-04 00:00:00+00:00,10515.3,10525.4,10509.3,10523.6,6284
2026-03-04 00:15:00+00:00,10523.8,10535.3,10522.7,10527.7,5556
2026-03-04 00:30:00+00:00,10527.9,10528.2,10510.2,10512.9,5620
2026-03-04 00:45:00+00:00,10512.6,10529.2,10512.5,10525.4,5560
2026-03-04 01:00:00+00:00,10535.1,10543.2,10513.3,10517.2,13172
2026-03-04 01:15:00+00:00,10518.2,10518.2,10495.3,10499.5,16148
2026-03-04 01:30:00+00:00,10498.5,10517.9,10487.3,10515.1,16540
2026-03-04 01:45:00+00:00,10515.2,10515.7,10494.8,10500.5,15656
2026-03-04 02:00:00+00:00,10500.6,10509.1,10490.1,10496.5,15516
2026-03-04 02:15:00+00:00,10496.3,10503.4,10486.9,10490.1,12832
2026-03-04 02:30:00+00:00,10490.0,10497.1,10481.4,10493.7,11416
2026-03-04 02:45:00+00:00,10493.8,10507.8,10490.3,10491.4,9680
2026-03-04 03:00:00+00:00,10491.4,10491.4,10474.8,10483.0,10992
2026-03-04 03:15:00+00:00,10482.9,10490.8,10479.7,10485.2,11548
2026-03-04 03:30:00+00:00,10485.1,10486.6,10470.6,10478.6,13964
2026-03-04 03:45:00+00:00,10478.6,10494.8,10475.3,10494.6,12124
2026-03-04 04:00:00+00:00,10494.4,10496.6,10477.6,10484.7,12252
2026-03-04 04:15:00+00:00,10484.7,10487.1,10475.4,10477.1,10452
2026-03-04 04:30:00+00:00,10476.8,10480.9,10468.9,10479.4,11260
2026-03-04 04:45:00+00:00,10479.4,10484.8,10473.3,10479.6,11216
2026-03-04 05:00:00+00:00,10479.7,10487.1,10474.6,10480.4,13152
2026-03-04 05:15:00+00:00,10480.4,10490.3,10466.8,10473.2,12044
2026-03-04 05:30:00+00:00,10473.3,10491.1,10469.6,10486.3,11192
2026-03-04 05:45:00+00:00,10486.5,10488.8,10474.8,10474.8,11084
2026-03-04 06:00:00+00:00,10474.9,10475.7,10463.2,10465.2,3000
2026-03-04 06:15:00+00:00,10465.9,10479.7,10459.7,10479.7,2612
2026-03-04 06:30:00+00:00,10479.4,10500.1,10478.2,10495.4,3788
2026-03-04 06:45:00+00:00,10495.7,10496.2,10479.7,10485.4,1604
2026-03-04 07:00:00+00:00,10481.9,10483.4,10455.7,10459.5,3072
2026-03-04 07:15:00+00:00,10459.2,10472.7,10457.2,10469.2,2784
2026-03-04 07:30:00+00:00,10468.7,10486.2,10459.8,10484.5,3324
2026-03-04 07:45:00+00:00,10484.0,10491.2,10465.3,10472.8,4864
2026-03-04 08:00:00+00:00,10473.8,10513.5,10459.0,10512.6,15196
2026-03-04 08:15:00+00:00,10512.8,10514.3,10467.8,10474.8,11200
2026-03-04 08:30:00+00:00,10475.3,10491.3,10455.3,10472.7,9404
2026-03-04 08:45:00+00:00,10473.2,10486.7,10447.8,10450.6,8232
2026-03-04 09:00:00+00:00,10449.6,10480.3,10442.2,10477.3,8392
2026-03-04 09:15:00+00:00,10477.8,10490.4,10471.2,10489.3,6356
2026-03-04 09:30:00+00:00,10489.5,10507.0,10484.2,10502.3,5544
2026-03-04 09:45:00+00:00,10502.8,10520.1,10500.8,10518.3,4340
2026-03-04 10:00:00+00:00,10518.0,10547.4,10506.1,10539.4,2835
2026-03-04 10:15:00+00:00,10539.2,10547.6,10523.5,10530.6,2666
2026-03-04 10:30:00+00:00,10530.4,10538.2,10521.8,10527.4,6089
2026-03-04 10:45:00+00:00,10528.1,10539.9,10520.0,10536.3,5808
2026-03-04 11:00:00+00:00,10535.6,10558.4,10535.6,10557.6,1361
2026-03-04 11:15:00+00:00,10557.4,10563.9,10552.1,10554.1,2321
2026-03-04 11:30:00+00:00,10554.6,10562.4,10538.2,10539.7,4904
2026-03-04 11:45:00+00:00,10540.0,10559.0,10539.2,10551.2,5608
2026-03-04 12:00:00+00:00,10553.0,10568.8,10552.2,10563.1,6808
2026-03-04 12:15:00+00:00,10562.6,10562.8,10533.8,10536.1,6752
2026-03-04 12:30:00+00:00,10536.4,10541.2,10526.2,10537.1,4696
2026-03-04 12:45:00+00:00,10537.3,10550.2,10532.6,10549.7,4456
2026-03-04 13:00:00+00:00,10549.5,10578.6,10548.2,10575.8,5148
2026-03-04 13:15:00+00:00,10575.3,10577.8,10562.2,10572.2,4080
2026-03-04 13:30:00+00:00,10572.7,10578.4,10568.3,10577.2,4992
2026-03-04 13:45:00+00:00,10577.0,10580.6,10560.4,10578.0,4908
2026-03-04 14:00:00+00:00,10577.7,10578.5,10564.3,10570.1,4268
2026-03-04 14:15:00+00:00,10569.9,10579.2,10568.4,10579.2,4160
2026-03-04 14:30:00+00:00,10578.9,10584.2,10550.8,10556.5,14680
2026-03-04 14:45:00+00:00,10556.3,10562.2,10540.5,10547.4,9392
2026-03-04 15:00:00+00:00,10552.6,10569.2,10544.5,10555.0,9764
2026-03-04 15:15:00+00:00,10555.3,10570.0,10554.0,10568.3,6028
2026-03-04 15:30:00+00:00,10568.6,10576.4,10557.8,10564.5,6584
2026-03-04 15:45:00+00:00,10564.0,10584.1,10560.8,10581.4,6320
2026-03-04 16:00:00+00:00,10581.6,10589.3,10569.2,10569.4,6516
2026-03-04 16:15:00+00:00,10570.4,10572.7,10545.3,10553.2,8736
2026-03-04 16:30:00+00:00,10552.9,10577.9,10549.2,10565.4,8580
2026-03-04 16:45:00+00:00,10565.7,10574.4,10559.4,10570.4,3908
2026-03-04 17:00:00+00:00,10570.2,10590.4,10567.4,10589.4,2900
2026-03-04 17:15:00+00:00,10589.7,10596.2,10580.9,10585.4,3032
2026-03-04 17:30:00+00:00,10585.9,10594.2,10577.5,10587.9,3716
2026-03-04 17:45:00+00:00,10588.2,10595.4,10586.5,10593.0,2012
2026-03-04 18:00:00+00:00,10593.5,10595.7,10587.0,10589.0,1852
2026-03-04 18:15:00+00:00,10588.7,10597.0,10584.5,10596.0,2176
2026-03-04 18:30:00+00:00,10596.2,10605.5,10596.2,10604.2,1548
2026-03-04 18:45:00+00:00,10604.5,10609.5,10603.0,10606.0,1320
2026-03-04 19:00:00+00:00,10605.7,10609.5,10603.0,10608.5,1188
2026-03-04 19:15:00+00:00,10608.7,10611.0,10606.0,10607.0,1312
2026-03-04 19:30:00+00:00,10607.3,10612.5,10607.0,10611.3,1088
2026-03-04 19:45:00+00:00,10611.0,10619.3,10610.3,10613.5,1088
2026-03-04 20:00:00+00:00,10613.8,10616.0,10605.6,10608.1,1228
2026-03-04 20:15:00+00:00,10607.8,10611.1,10607.1,10610.3,1380
2026-03-04 20:30:00+00:00,10610.1,10612.1,10602.6,10608.6,1132
2026-03-04 20:45:00+00:00,10608.1,10634.5,10607.6,10621.8,4284
2026-03-04 21:00:00+00:00,10621.8,10627.2,10613.7,10625.8,3596
2026-03-04 21:30:00+00:00,10625.3,10626.6,10624.5,10625.3,1144
2026-03-04 21:45:00+00:00,10625.6,10629.9,10622.9,10627.1,1036
2026-03-04 23:00:00+00:00,10624.8,10632.1,10624.6,10630.2,1476
2026-03-04 23:15:00+00:00,10630.1,10630.6,10624.6,10626.1,1960
2026-03-04 23:30:00+00:00,10626.2,10632.7,10624.8,10631.6,1592
2026-03-04 23:45:00+00:00,10631.3,10633.5,10628.2,10629.6,2012
2026-03-05 00:00:00+00:00,10629.4,10637.3,10627.5,10637.0,3232
2026-03-05 00:15:00+00:00,10637.3,10641.4,10632.5,10634.6,3520
2026-03-05 00:30:00+00:00,10634.8,10639.2,10632.8,10634.9,2784
2026-03-05 00:45:00+00:00,10635.0,10636.3,10630.7,10632.5,2152
2026-03-05 01:00:00+00:00,10618.1,10623.6,10607.0,10613.4,7548
2026-03-05 01:15:00+00:00,10613.3,10613.5,10593.8,10596.5,10476
2026-03-05 01:30:00+00:00,10596.5,10600.1,10580.4,10588.7,11728
2026-03-05 01:45:00+00:00,10588.8,10598.9,10574.4,10579.8,11532
2026-03-05 02:00:00+00:00,10579.8,10585.6,10577.9,10582.1,9948
2026-03-05 02:15:00+00:00,10582.0,10586.6,10576.2,10582.5,8492
2026-03-05 02:30:00+00:00,10582.6,10591.2,10577.1,10588.7,8360
2026-03-05 02:45:00+00:00,10588.7,10599.9,10588.4,10592.1,7048
2026-03-05 03:00:00+00:00,10592.0,10598.1,10591.5,10591.8,7704
2026-03-05 03:15:00+00:00,10591.8,10594.7,10584.0,10584.8,6368
2026-03-05 03:30:00+00:00,10585.0,10585.0,10571.5,10580.5,10336
2026-03-05 03:45:00+00:00,10580.5,10586.8,10575.2,10579.0,7912
2026-03-05 04:00:00+00:00,10578.7,10586.9,10576.3,10584.5,7800
2026-03-05 04:15:00+00:00,10584.9,10591.2,10584.9,10590.7,5444
2026-03-05 04:30:00+00:00,10590.7,10594.7,10588.2,10592.7,5944
2026-03-05 04:45:00+00:00,10592.7,10599.4,10592.7,10596.8,6180
2026-03-05 05:00:00+00:00,10597.2,10599.7,10593.4,10593.9,6840
2026-03-05 05:15:00+00:00,10593.9,10594.3,10588.9,10589.5,6172
2026-03-05 05:30:00+00:00,10589.7,10589.8,10567.0,10570.7,6776
2026-03-05 05:45:00+00:00,10570.7,10574.7,10564.4,10564.7,5936
2026-03-05 06:00:00+00:00,10564.6,10567.8,10535.0,10540.3,2388
2026-03-05 06:15:00+00:00,10539.8,10548.0,10534.5,10539.8,1352
2026-03-05 06:30:00+00:00,10540.0,10540.0,10532.3,10536.3,1144
2026-03-05 06:45:00+00:00,10536.0,10561.5,10535.0,10561.5,1636
2026-03-05 07:00:00+00:00,10561.8,10569.8,10551.3,10562.0,1928
2026-03-05 07:15:00+00:00,10562.8,10572.8,10557.8,10568.0,1692
2026-03-05 07:30:00+00:00,10567.8,10567.8,10547.0,10549.0,1836
2026-03-05 07:45:00+00:00,10548.5,10582.5,10545.3,10573.5,2728
2026-03-05 08:00:00+00:00,10573.0,10581.0,10528.5,10529.5,14688
2026-03-05 08:15:00+00:00,10530.8,10542.8,10525.5,10534.2,9300
2026-03-05 08:30:00+00:00,10533.7,10557.6,10526.1,10545.5,8536
2026-03-05 08:45:00+00:00,10545.7,10578.8,10540.2,10578.6,5640
2026-03-05 09:00:00+00:00,10577.6,10638.3,10574.1,10615.0,10968
2026-03-05 09:15:00+00:00,10615.3,10620.5,10591.4,10599.2,9356
2026-03-05 09:30:00+00:00,10598.4,10604.1,10587.9,10598.7,6300
2026-03-05 09:45:00+00:00,10599.0,10612.7,10596.9,10609.6,4752
2026-03-05 10:00:00+00:00,10609.9,10618.7,10605.1,10613.2,3648
2026-03-05 10:15:00+00:00,10614.0,10617.6,10609.8,10615.3,3164
2026-03-05 10:30:00+00:00,10614.8,10617.5,10596.3,10597.9,2912
2026-03-05 10:45:00+00:00,10597.6,10600.1,10588.3,10594.1,2668
2026-03-05 11:00:00+00:00,10594.6,10603.7,10589.6,10603.1,2776
2026-03-05 11:15:00+00:00,10603.3,10608.4,10594.9,10598.5,2500
2026-03-05 11:30:00+00:00,10598.3,10602.5,10582.4,10591.8,2980
2026-03-05 11:45:00+00:00,10592.3,10593.3,10581.3,10582.3,2112
2026-03-05 12:00:00+00:00,10582.1,10583.8,10568.4,10568.7,3252
2026-03-05 12:15:00+00:00,10568.2,10585.6,10568.2,10582.3,3836
2026-03-05 12:30:00+00:00,10582.1,10584.1,10565.5,10568.0,2968
2026-03-05 12:45:00+00:00,10567.7,10576.4,10558.4,10561.3,3576
2026-03-05 13:00:00+00:00,10561.0,10562.5,10544.8,10548.6,4212
2026-03-05 13:15:00+00:00,10549.1,10554.3,10536.0,10540.9,3728
2026-03-05 13:30:00+00:00,10540.6,10543.6,10521.4,10530.7,4608
2026-03-05 13:45:00+00:00,10531.2,10534.8,10508.9,10513.9,3920
2026-03-05 14:00:00+00:00,10513.4,10519.2,10505.4,10512.2,4652
2026-03-05 14:15:00+00:00,10512.4,10517.1,10490.5,10494.5,4556
2026-03-05 14:30:00+00:00,10495.2,10516.5,10481.3,10482.3,12452
2026-03-05 14:45:00+00:00,10482.6,10514.0,10476.8,10512.5,10196
2026-03-05 15:00:00+00:00,10512.2,10521.1,10482.7,10494.6,9240
2026-03-05 15:15:00+00:00,10495.1,10496.1,10466.9,10474.4,8556
2026-03-05 15:30:00+00:00,10474.7,10476.4,10458.9,10460.4,8872
2026-03-05 15:45:00+00:00,10459.9,10472.3,10454.3,10463.3,7436
2026-03-05 16:00:00+00:00,10463.1,10470.3,10426.7,10435.2,8760
2026-03-05 16:15:00+00:00,10434.9,10441.1,10399.5,10404.7,11908
2026-03-05 16:30:00+00:00,10405.0,10423.7,10399.0,10411.3,13192
2026-03-05 16:45:00+00:00,10411.8,10430.0,10408.5,10425.5,8252
2026-03-05 17:00:00+00:00,10426.0,10436.5,10412.5,10414.0,6744
2026-03-05 17:15:00+00:00,10414.5,10415.0,10399.8,10401.3,6308
2026-03-05 17:30:00+00:00,10401.0,10403.5,10379.3,10380.6,8052
2026-03-05 17:45:00+00:00,10380.3,10382.3,10365.4,10369.6,5356
2026-03-05 18:00:00+00:00,10369.1,10381.6,10367.1,10377.1,5280
2026-03-05 18:15:00+00:00,10376.8,10378.6,10351.1,10355.1,4640
2026-03-05 18:30:00+00:00,10354.9,10382.1,10352.9,10381.4,5752
2026-03-05 18:45:00+00:00,10381.1,10382.6,10363.6,10371.1,5140
2026-03-05 19:00:00+00:00,10370.6,10376.9,10366.2,10374.1,4240
2026-03-05 19:15:00+00:00,10373.9,10375.9,10359.4,10359.7,3748
2026-03-05 19:30:00+00:00,10359.2,10359.7,10343.2,10358.7,4432
2026-03-05 19:45:00+00:00,10359.2,10367.7,10353.5,10365.2,3916
2026-03-05 20:00:00+00:00,10364.9,10373.8,10360.1,10372.3,6584
2026-03-05 20:15:00+00:00,10372.1,10400.0,10367.3,10389.1,4416
2026-03-05 20:30:00+00:00,10388.8,10399.8,10383.6,10396.8,3896
2026-03-05 20:45:00+00:00,10397.1,10403.8,10385.6,10402.8,3820
2026-03-05 21:00:00+00:00,10402.3,10402.8,10394.3,10396.2,3624
2026-03-05 21:30:00+00:00,10395.4,10395.7,10389.2,10392.5,2008
2026-03-05 21:45:00+00:00,10392.8,10394.1,10388.8,10392.5,1288
2026-03-05 23:00:00+00:00,10396.0,10401.1,10394.4,10399.2,1648
2026-03-05 23:15:00+00:00,10398.9,10404.7,10397.9,10403.1,1524
2026-03-05 23:30:00+00:00,10402.9,10409.0,10402.4,10407.8,1868
2026-03-05 23:45:00+00:00,10407.7,10411.6,10406.1,10409.5,2836
2026-03-06 00:00:00+00:00,10409.7,10419.1,10409.3,10418.0,3560
2026-03-06 00:15:00+00:00,10417.8,10418.4,10410.4,10412.0,3092
2026-03-06 00:30:00+00:00,10412.3,10413.2,10409.6,10412.7,3116
2026-03-06 00:45:00+00:00,10412.5,10415.8,10409.4,10414.6,3228
2026-03-06 01:00:00+00:00,10409.9,10430.3,10409.5,10427.7,8964
2026-03-06 01:15:00+00:00,10427.5,10432.4,10408.5,10415.8,8740
2026-03-06 01:30:00+00:00,10415.9,10422.0,10410.1,10419.4,10732
2026-03-06 01:45:00+00:00,10419.4,10432.4,10415.7,10427.3,8664
2026-03-06 02:00:00+00:00,10427.5,10448.6,10427.0,10448.2,7520
2026-03-06 02:15:00+00:00,10448.7,10458.2,10442.2,10445.6,7296
2026-03-06 02:30:00+00:00,10445.5,10451.1,10444.1,10448.7,6120
2026-03-06 02:45:00+00:00,10449.1,10450.3,10440.5,10441.9,5172
2026-03-06 03:00:00+00:00,10441.9,10454.5,10441.9,10448.9,5612
2026-03-06 03:15:00+00:00,10449.1,10451.5,10446.1,10448.0,5736
2026-03-06 03:30:00+00:00,10448.0,10452.1,10445.1,10451.8,6344
2026-03-06 03:45:00+00:00,10451.8,10461.2,10451.4,10460.7,4256
2026-03-06 04:00:00+00:00,10460.7,10462.2,10458.2,10458.4,3792
2026-03-06 04:15:00+00:00,10458.3,10458.6,10442.6,10443.1,3784
2026-03-06 04:30:00+00:00,10443.0,10455.3,10439.2,10452.8,4048
2026-03-06 04:45:00+00:00,10453.2,10454.9,10444.8,10446.8,3220
2026-03-06 05:00:00+00:00,10447.0,10453.9,10444.2,10451.3,4348
2026-03-06 05:15:00+00:00,10451.3,10452.1,10445.1,10447.4,4316
2026-03-06 05:30:00+00:00,10447.6,10460.3,10446.1,10458.8,5268
2026-03-06 05:45:00+00:00,10458.8,10459.3,10447.6,10452.7,5360
2026-03-06 06:00:00+00:00,10452.5,10461.2,10452.4,10455.2,964
2026-03-06 06:15:00+00:00,10455.9,10463.9,10453.7,10461.2,940
2026-03-06 06:30:00+00:00,10461.4,10464.2,10460.2,10464.2,1132
2026-03-06 06:45:00+00:00,10463.9,10464.2,10455.9,10458.9,748
2026-03-06 07:00:00+00:00,10454.2,10457.1,10446.2,10454.1,1268
2026-03-06 07:15:00+00:00,10454.9,10465.9,10453.4,10460.6,1352
2026-03-06 07:30:00+00:00,10460.4,10468.9,10459.2,10465.9,1396
2026-03-06 07:45:00+00:00,10465.9,10465.9,10440.7,10447.7,2512
2026-03-06 08:00:00+00:00,10447.9,10459.1,10424.4,10442.2,12692
2026-03-06 08:15:00+00:00,10442.4,10455.6,10431.4,10443.0,8860
2026-03-06 08:30:00+00:00,10443.2,10472.7,10443.2,10472.4,7008
2026-03-06 08:45:00+00:00,10472.7,10482.5,10461.5,10464.5,4292
2026-03-06 09:00:00+00:00,10465.0,10469.7,10436.3,10444.2,7936
2026-03-06 09:15:00+00:00,10443.7,10450.7,10417.8,10419.8,8444
2026-03-06 09:30:00+00:00,10419.6,10432.3,10410.0,10416.5,9024
2026-03-06 09:45:00+00:00,10416.2,10430.0,10407.5,10420.7,7616
2026-03-06 10:00:00+00:00,10421.0,10436.1,10416.0,10422.6,5136
2026-03-06 10:15:00+00:00,10423.1,10431.9,10415.2,10428.2,5756
2026-03-06 10:30:00+00:00,10427.9,10433.6,10415.7,10424.5,5068
2026-03-06 10:45:00+00:00,10424.0,10425.0,10412.7,10412.9,4572
2026-03-06 11:00:00+00:00,10412.7,10414.9,10385.0,10406.9,7076
2026-03-06 11:15:00+00:00,10406.4,10415.3,10399.2,10400.0,4496
2026-03-06 11:30:00+00:00,10400.5,10402.3,10349.0,10355.0,7528
2026-03-06 11:45:00+00:00,10354.7,10371.1,10338.7,10347.6,7228
2026-03-06 12:00:00+00:00,10347.9,10349.1,10339.2,10343.6,5632
2026-03-06 12:15:00+00:00,10344.6,10359.5,10342.9,10354.3,5396
2026-03-06 12:30:00+00:00,10354.5,10356.5,10333.6,10341.9,5092
2026-03-06 12:45:00+00:00,10341.6,10345.1,10329.4,10336.7,4856
2026-03-06 13:00:00+00:00,10336.4,10359.9,10334.4,10357.5,5044
2026-03-06 13:15:00+00:00,10357.0,10364.0,10351.7,10359.2,4036
2026-03-06 13:30:00+00:00,10361.1,10361.1,10314.8,10316.1,11756
2026-03-06 13:45:00+00:00,10316.3,10316.8,10261.9,10271.3,12588
2026-03-06 14:00:00+00:00,10271.1,10286.1,10256.8,10262.3,10864
2026-03-06 14:15:00+00:00,10262.6,10271.1,10255.7,10270.4,6860
2026-03-06 14:30:00+00:00,10270.6,10284.1,10232.8,10245.0,20956
2026-03-06 14:45:00+00:00,10244.2,10263.2,10238.1,10245.6,16524
2026-03-06 15:00:00+00:00,10245.9,10266.3,10241.0,10256.1,16324
2026-03-06 15:15:00+00:00,10255.6,10303.3,10248.7,10302.3,11716
2026-03-06 15:30:00+00:00,10302.8,10313.6,10291.3,10297.6,9316
2026-03-06 15:45:00+00:00,10298.1,10300.8,10261.9,10287.4,8824
2026-03-06 16:00:00+00:00,10287.9,10306.2,10278.9,10283.8,8504
2026-03-06 16:15:00+00:00,10283.5,10292.4,10267.4,10274.7,10472
2026-03-06 16:30:00+00:00,10275.2,10306.4,10266.7,10290.2,12668
2026-03-06 16:45:00+00:00,10289.9,10304.7,10284.4,10288.4,8920
2026-03-06 17:00:00+00:00,10288.6,10293.4,10269.7,10280.1,7348
2026-03-06 17:15:00+00:00,10280.4,10301.1,10277.4,10287.6,6816
2026-03-06 17:30:00+00:00,10287.9,10299.1,10273.2,10279.7,5964
2026-03-06 17:45:00+00:00,10280.2,10300.6,10280.2,10292.4,5612
2026-03-06 18:00:00+00:00,10292.1,10328.4,10291.7,10325.9,6212
2026-03-06 18:15:00+00:00,10325.6,10332.6,10320.1,10323.9,5112
2026-03-06 18:30:00+00:00,10323.4,10334.4,10314.9,10326.9,4588
2026-03-06 18:45:00+00:00,10327.1,10330.1,10319.2,10322.9,5076
2026-03-06 19:00:00+00:00,10323.1,10332.9,10319.9,10330.2,4204
2026-03-06 19:15:00+00:00,10329.4,10331.2,10312.2,10327.4,4024
2026-03-06 19:30:00+00:00,10326.9,10340.9,10326.7,10332.4,3596
2026-03-06 19:45:00+00:00,10331.9,10336.2,10326.9,10333.7,3344
2026-03-06 20:00:00+00:00,10333.2,10341.4,10325.0,10329.0,3964
2026-03-06 20:15:00+00:00,10328.3,10333.8,10315.0,10318.0,3528
2026-03-06 20:30:00+00:00,10317.8,10321.5,10306.8,10314.5,5632
2026-03-06 20:45:00+00:00,10314.3,10326.5,10312.3,10321.5,4180
2026-03-08 22:00:00+00:00,10239.3,10239.3,10203.1,10216.6,6392
2026-03-08 22:15:00+00:00,10216.3,10231.8,10210.7,10220.8,5904
2026-03-08 22:30:00+00:00,10221.4,10231.0,10215.8,10217.4,4624
2026-03-08 22:45:00+00:00,10217.7,10224.6,10203.6,10213.2,4584
2026-03-08 23:00:00+00:00,10213.4,10221.4,10193.4,10195.5,5436
2026-03-08 23:15:00+00:00,10195.4,10203.6,10194.5,10200.3,3152
2026-03-08 23:30:00+00:00,10200.5,10201.8,10179.7,10185.5,4772
2026-03-08 23:45:00+00:00,10185.6,10186.0,10174.2,10182.4,6716
2026-03-09 00:00:00+00:00,10183.1,10192.5,10180.0,10186.7,7096
2026-03-09 00:15:00+00:00,10186.5,10187.7,10137.4,10146.3,6976
2026-03-09 00:30:00+00:00,10146.2,10156.6,10135.0,10135.8,6052
2026-03-09 00:45:00+00:00,10136.1,10144.2,10124.7,10140.9,6120
2026-03-09 01:00:00+00:00,10137.8,10142.4,10100.3,10115.6,13996
2026-03-09 01:15:00+00:00,10116.0,10124.0,10103.8,10105.6,12084
2026-03-09 01:30:00+00:00,10106.0,10124.0,10099.7,10109.1,13776
2026-03-09 01:45:00+00:00,10109.0,10112.6,10095.0,10097.0,14444
2026-03-09 02:00:00+00:00,10097.1,10123.2,10096.6,10115.0,16364
2026-03-09 02:15:00+00:00,10115.0,10115.8,10097.7,10110.4,14384
2026-03-09 02:30:00+00:00,10109.5,10131.9,10100.9,10131.2,13804
2026-03-09 02:45:00+00:00,10131.1,10156.7,10128.3,10147.1,13544
2026-03-09 03:00:00+00:00,10146.9,10149.2,10130.0,10136.2,11496
2026-03-09 03:15:00+00:00,10136.2,10137.7,10128.6,10129.3,10920
2026-03-09 03:30:00+00:00,10129.3,10154.3,10125.8,10132.7,12044
2026-03-09 03:45:00+00:00,10132.7,10139.9,10118.4,10131.4,10968
2026-03-09 04:00:00+00:00,10131.2,10157.0,10131.2,10140.4,10000
2026-03-09 04:15:00+00:00,10140.4,10143.0,10130.8,10139.9,7756
2026-03-09 04:30:00+00:00,10139.7,10140.4,10125.4,10135.0,6784
2026-03-09 04:45:00+00:00,10134.7,10135.6,10124.8,10125.4,6772
2026-03-09 05:00:00+00:00,10125.4,10147.1,10114.4,10144.5,11176
2026-03-09 05:15:00+00:00,10143.9,10179.1,10133.5,10179.1,14852
2026-03-09 05:30:00+00:00,10178.9,10188.1,10164.9,10179.4,14240
2026-03-09 05:45:00+00:00,10179.4,10187.4,10171.7,10184.5,12060
2026-03-09 06:00:00+00:00,10184.3,10211.3,10181.3,10198.3,4808
2026-03-09 06:15:00+00:00,10198.8,10201.5,10185.5,10190.8,3560
2026-03-09 06:30:00+00:00,10190.5,10194.8,10172.8,10188.0,3372
2026-03-09 06:45:00+00:00,10188.5,10188.8,10166.5,10169.5,3080
2026-03-09 07:00:00+00:00,10169.8,10169.8,10137.8,10160.3,6428
2026-03-09 07:15:00+00:00,10160.0,10185.8,10156.0,10178.0,5096
2026-03-09 07:30:00+00:00,10178.8,10179.8,10146.8,10158.0,5996
2026-03-09 07:45:00+00:00,10157.8,10167.0,10143.8,10162.5,6900
2026-03-09 08:00:00+00:00,10163.3,10164.5,10083.3,10091.5,28252
2026-03-09 08:15:00+00:00,10091.0,10135.0,10076.8,10094.0,17604
2026-03-09 08:30:00+00:00,10093.5,10121.2,10085.5,10097.0,15028
2026-03-09 08:45:00+00:00,10096.7,10131.6,10095.5,10110.2,11592
2026-03-09 09:00:00+00:00,10110.7,10121.9,10082.2,10106.0,12084
2026-03-09 09:15:00+00:00,10106.3,10153.9,10104.3,10153.6,11260
2026-03-09 09:30:00+00:00,10153.4,10188.2,10143.4,10159.8,14980
2026-03-09 09:45:00+00:00,10159.1,10177.1,10157.8,10164.9,12900
2026-03-09 10:00:00+00:00,10165.1,10174.5,10140.7,10145.9,11232
2026-03-09 10:15:00+00:00,10145.4,10155.4,10134.2,10135.2,8652
2026-03-09 10:30:00+00:00,10134.7,10149.9,10122.2,10145.4,9396
2026-03-09 10:45:00+00:00,10145.7,10156.0,10131.8,10151.9,8964
2026-03-09 11:00:00+00:00,10152.2,10166.2,10150.6,10150.6,8172
2026-03-09 11:15:00+00:00,10151.1,10153.5,10136.7,10137.7,6252
2026-03-09 11:30:00+00:00,10137.5,10166.6,10131.9,10165.1,7588
2026-03-09 11:45:00+00:00,10164.8,10178.9,10162.6,10163.5,5960
2026-03-09 12:00:00+00:00,10163.7,10181.2,10161.5,10174.4,6816
2026-03-09 12:15:00+00:00,10173.9,10184.9,10171.2,10183.4,5548
2026-03-09 12:30:00+00:00,10183.4,10190.3,10152.9,10155.5,5960
2026-03-09 12:45:00+00:00,10155.3,10157.0,10138.0,10148.7,6632
2026-03-09 13:00:00+00:00,10149.0,10191.7,10146.7,10190.2,9348
2026-03-09 13:15:00+00:00,10189.7,10194.3,10176.9,10192.5,8260
2026-03-09 13:30:00+00:00,10192.8,10209.2,10171.0,10182.0,17044
2026-03-09 13:45:00+00:00,10181.8,10192.9,10150.6,10172.1,17568
2026-03-09 14:00:00+00:00,10171.3,10185.7,10135.4,10154.5,23036
2026-03-09 14:15:00+00:00,10154.0,10187.9,10151.0,10176.1,16072
2026-03-09 14:30:00+00:00,10175.9,10203.0,10174.6,10199.7,12604
2026-03-09 14:45:00+00:00,10199.5,10225.2,10196.7,10220.1,10808
2026-03-09 15:00:00+00:00,10220.3,10227.3,10206.9,10220.4,8552
2026-03-09 15:15:00+00:00,10220.9,10240.3,10218.8,10237.5,7512
2026-03-09 15:30:00+00:00,10237.8,10241.8,10229.0,10234.6,8188
2026-03-09 15:45:00+00:00,10234.4,10251.1,10230.2,10243.7,6080
2026-03-09 16:00:00+00:00,10244.2,10261.6,10239.2,10252.8,6924
2026-03-09 16:15:00+00:00,10253.3,10269.0,10237.5,10264.4,9684
2026-03-09 16:30:00+00:00,10264.6,10278.4,10247.6,10277.4,10072
2026-03-09 16:45:00+00:00,10277.7,10283.7,10269.7,10275.4,5132
2026-03-09 17:00:00+00:00,10274.9,10275.4,10250.7,10255.5,5432
2026-03-09 17:15:00+00:00,10255.0,10257.0,10230.0,10231.0,5212
2026-03-09 17:30:00+00:00,10231.3,10236.3,10219.6,10221.6,5080
2026-03-09 17:45:00+00:00,10221.3,10233.6,10221.1,10225.6,4792
2026-03-09 18:00:00+00:00,10225.8,10249.3,10224.8,10241.8,4668
2026-03-09 18:15:00+00:00,10242.1,10260.0,10239.3,10248.3,3548
2026-03-09 18:30:00+00:00,10248.1,10269.6,10247.6,10268.1,2940
2026-03-09 18:45:00+00:00,10268.3,10275.3,10263.6,10265.1,2492
2026-03-09 19:00:00+00:00,10265.3,10270.8,10259.1,10266.1,2672
2026-03-09 19:15:00+00:00,10265.8,10345.0,10264.3,10344.0,14828
2026-03-09 19:30:00+00:00,10343.5,10385.7,10329.5,10360.7,15188
2026-03-09 19:45:00+00:00,10361.5,10362.0,10325.5,10343.5,7352
2026-03-09 20:00:00+00:00,10344.0,10350.8,10319.6,10333.3,3332
2026-03-09 20:15:00+00:00,10333.6,10333.8,10319.8,10327.6,2044
2026-03-09 20:30:00+00:00,10327.3,10334.1,10320.3,10330.1,1992
2026-03-09 20:45:00+00:00,10330.3,10334.8,10327.1,10333.6,1928
2026-03-09 22:00:00+00:00,10322.4,10336.5,10319.3,10325.6,4508
2026-03-09 22:15:00+00:00,10325.4,10326.9,10308.6,10324.9,5408
2026-03-09 22:30:00+00:00,10324.5,10326.8,10314.9,10321.5,3868
2026-03-09 22:45:00+00:00,10321.1,10324.5,10315.3,10317.4,2548
2026-03-09 23:00:00+00:00,10317.5,10322.0,10314.0,10320.3,2832
2026-03-09 23:15:00+00:00,10320.9,10321.9,10316.4,10319.8,1852
2026-03-09 23:30:00+00:00,10319.4,10320.4,10309.7,10310.0,2060
2026-03-09 23:45:00+00:00,10310.1,10312.5,10305.5,10311.4,3972
2026-03-10 00:00:00+00:00,10310.8,10314.6,10300.5,10302.2,5804
2026-03-10 00:15:00+00:00,10302.1,10320.9,10302.1,10320.7,4936
2026-03-10 00:30:00+00:00,10321.3,10331.6,10314.6,10329.6,4772
2026-03-10 00:45:00+00:00,10329.7,10331.6,10317.4,10319.9,4780
2026-03-10 01:00:00+00:00,10323.2,10324.8,10313.9,10319.7,11780
2026-03-10 01:15:00+00:00,10319.9,10321.5,10309.5,10311.5,10560
2026-03-10 01:30:00+00:00,10311.6,10318.7,10306.9,10310.7,10260
2026-03-10 01:45:00+00:00,10310.5,10333.5,10310.5,10329.7,8300
2026-03-10 02:00:00+00:00,10329.6,10332.6,10316.6,10321.4,7048
2026-03-10 02:15:00+00:00,10321.3,10323.7,10317.9,10319.5,5772
2026-03-10 02:30:00+00:00,10319.9,10320.0,10307.2,10308.5,7928
2026-03-10 02:45:00+00:00,10308.3,10309.3,10292.6,10297.0,9824
2026-03-10 03:00:00+00:00,10297.1,10305.4,10292.8,10302.2,8860
2026-03-10 03:15:00+00:00,10302.3,10308.5,10295.4,10299.4,7396
2026-03-10 03:30:00+00:00,10299.2,10299.5,10283.6,10284.0,8536
2026-03-10 03:45:00+00:00,10284.1,10289.0,10275.7,10285.0,11024
2026-03-10 04:00:00+00:00,10285.1,10291.3,10279.5,10290.4,8580
2026-03-10 04:15:00+00:00,10290.4,10292.6,10286.9,10287.4,5740
2026-03-10 04:30:00+00:00,10287.4,10299.4,10287.4,10294.4,5700
2026-03-10 04:45:00+00:00,10294.2,10296.3,10285.1,10294.0,6296
2026-03-10 05:00:00+00:00,10293.9,10314.8,10293.6,10308.6,8712
2026-03-10 05:15:00+00:00,10308.6,10311.1,10301.1,10304.0,6408
2026-03-10 05:30:00+00:00,10304.0,10309.1,10301.7,10303.6,6356
2026-03-10 05:45:00+00:00,10303.8,10318.8,10303.4,10317.7,5260
2026-03-10 06:00:00+00:00,10317.8,10324.9,10316.7,10318.7,2024
2026-03-10 06:15:00+00:00,10319.0,10327.2,10317.0,10326.2,2028
2026-03-10 06:30:00+00:00,10325.7,10336.5,10324.5,10325.5,2428
2026-03-10 06:45:00+00:00,10325.7,10333.0,10321.5,10326.8,1120
2026-03-10 07:00:00+00:00,10326.0,10340.2,10309.3,10327.8,2632
2026-03-10 07:15:00+00:00,10327.3,10358.2,10325.8,10356.0,3192
2026-03-10 07:30:00+00:00,10355.7,10377.2,10355.7,10365.0,4112
2026-03-10 07:45:00+00:00,10365.5,10403.7,10362.5,10389.2,4724
2026-03-10 08:00:00+00:00,10389.0,10411.9,10384.5,10394.6,16984
2026-03-10 08:15:00+00:00,10394.1,10404.4,10381.0,10398.4,11052
2026-03-10 08:30:00+00:00,10397.9,10420.6,10393.0,10418.6,8112
2026-03-10 08:45:00+00:00,10419.1,10429.2,10404.1,10407.1,7396
2026-03-10 09:00:00+00:00,10407.6,10438.0,10401.2,10436.8,6128
2026-03-10 09:15:00+00:00,10437.3,10437.5,10417.9,10427.3,6300
2026-03-10 09:30:00+00:00,10427.8,10441.3,10424.8,10437.8,4932
2026-03-10 09:45:00+00:00,10436.8,10437.3,10417.1,10418.8,5012
2026-03-10 10:00:00+00:00,10419.1,10420.6,10405.4,10410.5,5484
2026-03-10 10:15:00+00:00,10410.2,10423.4,10405.4,10421.4,4888
2026-03-10 10:30:00+00:00,10420.9,10423.7,10401.5,10416.9,6584
2026-03-10 10:45:00+00:00,10417.1,10429.8,10410.7,10426.3,4308
2026-03-10 11:00:00+00:00,10426.8,10443.8,10420.8,10420.8,8332
2026-03-10 11:15:00+00:00,10421.1,10423.6,10409.9,10417.8,4564
2026-03-10 11:30:00+00:00,10418.3,10419.1,10396.9,10399.0,4804
2026-03-10 11:45:00+00:00,10398.2,10403.7,10391.0,10398.5,5060
2026-03-10 12:00:00+00:00,10397.5,10399.7,10366.1,10380.2,7736
2026-03-10 12:15:00+00:00,10379.7,10393.5,10376.0,10377.2,5156
2026-03-10 12:30:00+00:00,10377.5,10398.3,10367.6,10394.8,5012
2026-03-10 12:45:00+00:00,10394.8,10409.7,10393.8,10409.2,3844
2026-03-10 13:00:00+00:00,10408.5,10413.9,10402.9,10404.6,4060
2026-03-10 13:15:00+00:00,10401.0,10410.9,10399.5,10408.0,7420
2026-03-10 13:30:00+00:00,10408.5,10412.9,10378.5,10390.1,12168
2026-03-10 13:45:00+00:00,10389.4,10389.4,10365.7,10370.7,8684
2026-03-10 14:00:00+00:00,10371.2,10382.2,10357.8,10367.7,8820
2026-03-10 14:15:00+00:00,10367.4,10401.4,10366.1,10396.7,6344
2026-03-10 14:30:00+00:00,10396.9,10427.5,10396.7,10425.8,4984
2026-03-10 14:45:00+00:00,10426.0,10442.0,10422.1,10439.6,4840
2026-03-10 15:00:00+00:00,10439.8,10449.5,10426.8,10427.0,4888
2026-03-10 15:15:00+00:00,10426.7,10435.6,10425.0,10435.2,3948
2026-03-10 15:30:00+00:00,10435.0,10437.1,10423.1,10434.6,4524
2026-03-10 15:45:00+00:00,10434.4,10435.8,10412.6,10413.6,3912
2026-03-10 16:00:00+00:00,10413.8,10414.3,10392.4,10400.8,5568
2026-03-10 16:15:00+00:00,10400.3,10413.9,10393.2,10410.4,6852
2026-03-10 16:30:00+00:00,10411.9,10431.6,10403.6,10428.4,7260
2026-03-10 16:45:00+00:00,10429.1,10444.9,10419.4,10441.9,4664
2026-03-10 17:00:00+00:00,10441.4,10464.7,10438.4,10462.4,5612
2026-03-10 17:15:00+00:00,10462.6,10473.4,10462.1,10468.9,4748
2026-03-10 17:30:00+00:00,10468.4,10470.4,10443.4,10446.9,7468
2026-03-10 17:45:00+00:00,10447.2,10461.9,10446.4,10450.7,4412
2026-03-10 18:00:00+00:00,10450.5,10452.0,10404.3,10404.8,1460
2026-03-10 18:15:00+00:00,10405.0,10412.3,10379.3,10400.1,13247
2026-03-10 18:30:00+00:00,10400.3,10409.8,10387.9,10391.4,8608
2026-03-10 18:45:00+00:00,10391.1,10405.1,10386.1,10389.6,6084
2026-03-10 19:00:00+00:00,10390.1,10398.6,10386.1,10398.4,4908
2026-03-10 19:15:00+00:00,10398.6,10409.4,10386.9,10388.2,5392
2026-03-10 19:30:00+00:00,10387.9,10398.9,10373.9,10388.2,5968
2026-03-10 19:45:00+00:00,10388.7,10391.4,10370.0,10387.7,4088
2026-03-10 20:00:00+00:00,10387.4,10388.4,10377.5,10386.0,1216
2026-03-10 20:15:00+00:00,10385.7,10385.7,10380.2,10383.2,964
2026-03-10 20:30:00+00:00,10383.5,10389.5,10383.2,10388.0,836
2026-03-10 20:45:00+00:00,10387.5,10388.7,10381.0,10384.8,1044
2026-03-10 22:00:00+00:00,10380.8,10385.0,10376.5,10384.0,1232
2026-03-10 22:15:00+00:00,10383.8,10385.0,10374.4,10374.7,1964
2026-03-10 22:30:00+00:00,10374.8,10376.5,10370.4,10370.9,1536
2026-03-10 22:45:00+00:00,10371.1,10375.0,10371.0,10375.0,856
2026-03-10 23:00:00+00:00,10374.8,10379.2,10373.9,10378.7,1256
2026-03-10 23:15:00+00:00,10378.8,10380.6,10377.8,10379.1,1224
2026-03-10 23:30:00+00:00,10379.3,10380.0,10377.4,10379.4,1208
2026-03-10 23:45:00+00:00,10379.3,10389.4,10378.9,10387.1,2428
2026-03-11 00:00:00+00:00,10387.2,10399.6,10386.0,10396.6,5216
2026-03-11 00:15:00+00:00,10396.8,10415.5,10396.7,10410.7,4348
2026-03-11 00:30:00+00:00,10410.6,10412.4,10404.7,10408.2,3320
2026-03-11 00:45:00+00:00,10408.3,10412.7,10403.7,10404.5,2328
2026-03-11 01:00:00+00:00,10399.9,10407.8,10396.2,10407.8,6784
2026-03-11 01:15:00+00:00,10407.7,10413.2,10406.3,10411.5,5200
2026-03-11 01:30:00+00:00,10411.4,10420.3,10409.6,10411.7,5776
2026-03-11 01:45:00+00:00,10411.9,10411.9,10403.7,10405.2,4272
2026-03-11 02:00:00+00:00,10405.2,10405.7,10399.4,10400.0,2426
2026-03-11 02:15:00+00:00,10400.0,10403.9,10396.3,10399.0,3940
2026-03-11 02:30:00+00:00,10399.0,10399.0,10393.7,10395.0,4344
2026-03-11 02:45:00+00:00,10394.9,10398.1,10392.0,10393.1,2636
2026-03-11 03:00:00+00:00,10393.1,10396.0,10389.4,10395.8,2944
2026-03-11 03:15:00+00:00,10395.8,10400.8,10394.4,10396.0,2672
2026-03-11 03:30:00+00:00,10396.1,10408.3,10395.8,10408.0,3656
2026-03-11 03:45:00+00:00,10407.6,10410.1,10404.8,10407.6,2952
2026-03-11 04:00:00+00:00,10407.7,10407.7,10401.2,10405.9,2552
2026-03-11 04:15:00+00:00,10405.8,10408.0,10405.6,10407.2,1760
2026-03-11 04:30:00+00:00,10407.4,10409.3,10406.0,10409.3,2508
2026-03-11 04:45:00+00:00,10409.3,10410.9,10408.4,10410.4,2560
2026-03-11 05:00:00+00:00,10410.8,10412.1,10398.2,10398.7,5404
2026-03-11 05:15:00+00:00,10398.4,10401.0,10394.8,10399.1,4272
2026-03-11 05:30:00+00:00,10399.1,10399.1,10391.7,10391.9,3868
2026-03-11 05:45:00+00:00,10392.0,10392.0,10379.0,10380.0,6204
2026-03-11 06:00:00+00:00,10380.0,10386.3,10376.8,10385.0,2024
2026-03-11 06:15:00+00:00,10384.5,10384.5,10374.1,10377.1,1168
2026-03-11 06:30:00+00:00,10377.6,10386.3,10377.3,10383.8,1132
2026-03-11 06:45:00+00:00,10383.6,10383.8,10380.3,10382.8,556
2026-03-11 07:00:00+00:00,10383.1,10392.8,10380.9,10392.3,1604
2026-03-11 07:15:00+00:00,10387.4,10396.1,10379.9,10381.4,1904
2026-03-11 07:30:00+00:00,10381.6,10383.4,10351.4,10355.2,2812
2026-03-11 07:45:00+00:00,10354.7,10365.9,10343.2,10357.7,3240
2026-03-11 08:00:00+00:00,10356.7,10360.9,10328.7,10345.9,11520
2026-03-11 08:15:00+00:00,10345.6,10349.1,10327.5,10333.7,6704
2026-03-11 08:30:00+00:00,10334.2,10339.7,10314.6,10325.6,6956
2026-03-11 08:45:00+00:00,10324.1,10328.4,10302.5,10307.5,6920
2026-03-11 09:00:00+00:00,10308.0,10310.1,10292.3,10297.1,5800
2026-03-11 09:15:00+00:00,10297.6,10323.4,10296.8,10308.1,5036
2026-03-11 09:30:00+00:00,10308.8,10321.2,10305.2,10311.8,5132
2026-03-11 09:45:00+00:00,10311.6,10318.3,10302.4,10305.7,4516
2026-03-11 10:00:00+00:00,10305.9,10329.3,10303.7,10328.0,4832
2026-03-11 10:15:00+00:00,10327.3,10340.7,10325.3,10329.7,3812
2026-03-11 10:30:00+00:00,10329.2,10350.8,10326.2,10348.3,4184
2026-03-11 10:45:00+00:00,10347.8,10358.5,10346.2,10354.5,3268
2026-03-11 11:00:00+00:00,10354.8,10363.1,10351.0,10358.6,3724
2026-03-11 11:15:00+00:00,10358.6,10361.1,10328.2,10330.7,3756
2026-03-11 11:30:00+00:00,10331.2,10337.1,10324.5,10327.2,4060
2026-03-11 11:45:00+00:00,10327.7,10338.2,10315.9,10327.4,5672
2026-03-11 12:00:00+00:00,10326.9,10330.4,10313.3,10320.3,4392
2026-03-11 12:15:00+00:00,10320.8,10340.4,10318.7,10335.2,3964
2026-03-11 12:30:00+00:00,10342.7,10345.7,10308.5,10312.6,5684
2026-03-11 12:45:00+00:00,10312.1,10320.7,10298.9,10320.7,5260
2026-03-11 13:00:00+00:00,10320.4,10335.3,10315.7,10315.8,5056
2026-03-11 13:15:00+00:00,10316.0,10336.8,10314.0,10334.8,3652
2026-03-11 13:30:00+00:00,10335.1,10336.8,10314.3,10318.0,8436
2026-03-11 13:45:00+00:00,10318.3,10340.0,10311.4,10336.5,7476
2026-03-11 14:00:00+00:00,10336.0,10362.9,10332.3,10344.4,16160
2026-03-11 14:15:00+00:00,10344.2,10347.3,10320.9,10329.2,8448
2026-03-11 14:30:00+00:00,10328.7,10364.0,10327.7,10362.2,7964
2026-03-11 14:45:00+00:00,10362.5,10384.8,10361.5,10379.8,5288
2026-03-11 15:00:00+00:00,10379.5,10382.0,10349.0,10350.3,6908
2026-03-11 15:15:00+00:00,10350.8,10351.9,10336.8,10337.8,5504
2026-03-11 15:30:00+00:00,10338.1,10339.6,10324.5,10324.5,5276
2026-03-11 15:45:00+00:00,10324.3,10332.4,10316.2,10319.8,5572
2026-03-11 16:00:00+00:00,10319.1,10319.1,10306.2,10315.4,4980
2026-03-11 16:15:00+00:00,10315.2,10321.4,10308.2,10320.5,6508
2026-03-11 16:30:00+00:00,10321.3,10365.2,10321.0,10358.2,7972
2026-03-11 16:45:00+00:00,10358.0,10375.0,10355.3,10373.0,3836
2026-03-11 17:00:00+00:00,10372.5,10375.3,10359.5,10361.8,3180
2026-03-11 17:15:00+00:00,10361.5,10367.5,10354.3,10363.5,2524
2026-03-11 17:30:00+00:00,10364.3,10366.3,10329.8,10342.8,7152
2026-03-11 17:45:00+00:00,10343.1,10358.5,10339.3,10351.8,5496
2026-03-11 18:00:00+00:00,10351.6,10356.1,10340.3,10346.8,3092
2026-03-11 18:15:00+00:00,10347.1,10362.1,10345.1,10359.8,3020
2026-03-11 18:30:00+00:00,10359.6,10366.8,10358.1,10365.3,1940
2026-03-11 18:45:00+00:00,10366.1,10369.3,10359.4,10361.4,2188
2026-03-11 19:00:00+00:00,10360.9,10364.1,10353.1,10353.1,1652
2026-03-11 19:15:00+00:00,10353.4,10364.6,10353.1,10362.6,1772
2026-03-11 19:30:00+00:00,10362.9,10373.9,10357.9,10371.4,1600
2026-03-11 19:45:00+00:00,10371.6,10372.7,10364.2,10372.4,2068
2026-03-11 20:00:00+00:00,10371.9,10372.4,10356.3,10356.3,980
2026-03-11 20:15:00+00:00,10356.5,10356.5,10351.1,10352.1,800
2026-03-11 20:30:00+00:00,10351.8,10352.8,10348.3,10349.3,580
2026-03-11 20:45:00+00:00,10349.6,10351.8,10340.1,10342.9,852
2026-03-11 22:00:00+00:00,10309.8,10311.0,10303.8,10307.8,2172
2026-03-11 22:15:00+00:00,10308.1,10308.5,10291.2,10295.2,3716
2026-03-11 22:30:00+00:00,10295.4,10297.6,10282.7,10286.7,4048
2026-03-11 22:45:00+00:00,10286.9,10299.3,10286.4,10290.5,3244
2026-03-11 23:00:00+00:00,10290.4,10291.7,10276.8,10285.9,4188
2026-03-11 23:15:00+00:00,10285.7,10292.5,10279.6,10280.0,3516
2026-03-11 23:30:00+00:00,10279.9,10280.1,10262.7,10263.5,5224
2026-03-11 23:45:00+00:00,10263.2,10277.9,10262.3,10277.9,4460
2026-03-12 00:00:00+00:00,10278.1,10278.7,10265.0,10267.6,5752
2026-03-12 00:15:00+00:00,10268.2,10270.3,10257.4,10267.4,4408
2026-03-12 00:30:00+00:00,10267.1,10279.5,10266.9,10273.5,2744
2026-03-12 00:45:00+00:00,10273.8,10277.9,10270.6,10277.6,3476
2026-03-12 01:00:00+00:00,10267.1,10289.6,10267.1,10285.6,9788
2026-03-12 01:15:00+00:00,10285.5,10296.2,10285.1,10296.2,7308
2026-03-12 01:30:00+00:00,10296.2,10307.8,10296.0,10306.5,5904
2026-03-12 01:45:00+00:00,10306.5,10307.9,10284.0,10291.5,7524
2026-03-12 02:00:00+00:00,10291.6,10292.2,10284.1,10284.5,6156
2026-03-12 02:15:00+00:00,10284.8,10286.9,10268.4,10274.7,7120
2026-03-12 02:30:00+00:00,10274.7,10277.1,10251.0,10257.8,8348
2026-03-12 02:45:00+00:00,10258.0,10261.0,10250.1,10257.1,7180
2026-03-12 03:00:00+00:00,10257.0,10264.4,10256.4,10259.1,5308
2026-03-12 03:15:00+00:00,10259.3,10259.3,10251.6,10255.0,4792
2026-03-12 03:30:00+00:00,10255.0,10255.6,10245.9,10247.6,6464
2026-03-12 03:45:00+00:00,10247.6,10255.5,10245.4,10255.5,5144
2026-03-12 04:00:00+00:00,10255.4,10263.5,10253.1,10263.5,4768
2026-03-12 04:15:00+00:00,10263.5,10266.0,10263.2,10265.7,3632
2026-03-12 04:30:00+00:00,10265.7,10266.4,10257.8,10258.2,4084
2026-03-12 04:45:00+00:00,10258.4,10264.7,10258.4,10262.8,3492
2026-03-12 05:00:00+00:00,10263.0,10281.7,10261.4,10277.1,8564
2026-03-12 05:15:00+00:00,10277.5,10282.9,10275.7,10279.6,6624
2026-03-12 05:30:00+00:00,10279.4,10284.3,10271.4,10277.3,6828
2026-03-12 05:45:00+00:00,10277.4,10278.1,10269.3,10277.5,6532
2026-03-12 06:00:00+00:00,10277.3,10277.5,10271.5,10277.3,1160
2026-03-12 06:15:00+00:00,10277.5,10287.0,10277.3,10285.0,1288
2026-03-12 06:30:00+00:00,10285.5,10289.0,10281.8,10284.5,1228
2026-03-12 06:45:00+00:00,10284.0,10290.3,10283.5,10287.3,776
2026-03-12 07:00:00+00:00,10287.0,10292.3,10281.5,10287.5,1616
2026-03-12 07:15:00+00:00,10287.0,10288.5,10278.0,10283.3,1796
2026-03-12 07:30:00+00:00,10283.0,10283.3,10270.5,10279.5,2128
2026-03-12 07:45:00+00:00,10279.8,10316.5,10266.3,10311.3,2956
2026-03-12 08:00:00+00:00,10311.5,10313.8,10287.0,10290.0,10720
2026-03-12 08:15:00+00:00,10290.3,10301.5,10280.5,10280.8,6968
2026-03-12 08:30:00+00:00,10280.5,10300.7,10278.5,10296.4,6040
2026-03-12 08:45:00+00:00,10296.9,10320.5,10293.7,10316.9,4692
2026-03-12 09:00:00+00:00,10316.4,10319.7,10283.1,10286.8,5116
2026-03-12 09:15:00+00:00,10286.1,10311.4,10283.8,10308.9,4852
2026-03-12 09:30:00+00:00,10308.6,10322.3,10305.3,10319.6,5388
2026-03-12 09:45:00+00:00,10320.1,10327.1,10317.6,10323.1,3984
2026-03-12 10:00:00+00:00,10323.3,10328.2,10314.6,10322.5,3924
2026-03-12 10:15:00+00:00,10322.3,10322.3,10307.8,10308.0,3560
2026-03-12 10:30:00+00:00,10308.5,10321.8,10306.2,10312.2,4512
2026-03-12 10:45:00+00:00,10312.0,10322.5,10309.9,10313.7,3364
2026-03-12 11:00:00+00:00,10313.5,10315.2,10302.3,10313.5,3076
2026-03-12 11:15:00+00:00,10314.0,10336.7,10312.5,10335.6,3276
2026-03-12 11:30:00+00:00,10335.1,10348.5,10335.1,10346.0,3264
2026-03-12 11:45:00+00:00,10345.8,10347.0,10319.0,10319.3,3516
2026-03-12 12:00:00+00:00,10319.8,10326.3,10300.8,10305.5,4972
2026-03-12 12:15:00+00:00,10305.7,10313.8,10299.1,10312.4,4312
2026-03-12 12:30:00+00:00,10312.4,10316.8,10304.2,10315.3,4512
2026-03-12 12:45:00+00:00,10315.0,10320.4,10308.3,10320.2,4356
2026-03-12 13:00:00+00:00,10320.7,10333.5,10317.7,10319.2,4364
2026-03-12 13:15:00+00:00,10318.7,10319.7,10281.7,10306.9,9632
2026-03-12 13:30:00+00:00,10307.1,10313.8,10294.3,10295.8,12964
2026-03-12 13:45:00+00:00,10295.0,10315.5,10279.0,10290.0,9472
2026-03-12 14:00:00+00:00,10290.2,10315.2,10290.2,10314.7,10116
2026-03-12 14:15:00+00:00,10315.0,10316.7,10268.1,10268.1,7672
2026-03-12 14:30:00+00:00,10268.6,10301.9,10268.6,10301.1,7532
2026-03-12 14:45:00+00:00,10300.9,10320.2,10290.4,10300.6,11476
2026-03-12 15:00:00+00:00,10300.1,10301.6,10257.4,10267.1,8888
2026-03-12 15:15:00+00:00,10266.9,10290.6,10262.3,10285.1,6252
2026-03-12 15:30:00+00:00,10284.8,10302.0,10272.2,10294.7,10900
2026-03-12 15:45:00+00:00,10294.9,10301.7,10281.6,10299.7,9096
2026-03-12 16:00:00+00:00,10300.2,10305.3,10274.5,10288.2,8192
2026-03-12 16:15:00+00:00,10287.7,10319.2,10286.2,10292.2,9040
2026-03-12 16:30:00+00:00,10291.9,10323.9,10290.9,10318.7,10972
2026-03-12 16:45:00+00:00,10318.4,10320.2,10302.2,10309.7,8120
2026-03-12 17:00:00+00:00,10309.2,10324.4,10305.4,10310.7,6712
2026-03-12 17:15:00+00:00,10310.4,10321.2,10305.0,10314.7,5720
2026-03-12 17:30:00+00:00,10315.7,10332.2,10312.2,10313.0,5400
2026-03-12 17:45:00+00:00,10313.2,10317.7,10302.2,10308.5,4404
2026-03-12 18:00:00+00:00,10308.7,10319.9,10307.9,10319.9,3788
2026-03-12 18:15:00+00:00,10320.1,10324.1,10308.7,10315.7,3628
2026-03-12 18:30:00+00:00,10315.4,10319.7,10308.2,10315.4,3056
2026-03-12 18:45:00+00:00,10315.7,10321.9,10310.2,10311.2,3000
2026-03-12 19:00:00+00:00,10310.7,10319.2,10302.0,10306.7,3672
2026-03-12 19:15:00+00:00,10307.0,10313.2,10302.2,10308.7,2384
2026-03-12 19:30:00+00:00,10309.0,10314.5,10304.7,10305.2,2544
2026-03-12 19:45:00+00:00,10304.7,10305.7,10293.3,10296.8,3000
2026-03-12 20:00:00+00:00,10296.3,10297.8,10288.0,10288.0,1456
2026-03-12 20:15:00+00:00,10288.3,10291.0,10287.3,10288.3,664
2026-03-12 20:30:00+00:00,10288.6,10289.3,10286.8,10288.3,528
2026-03-12 20:45:00+00:00,10288.8,10292.8,10286.8,10289.1,464
2026-03-12 22:00:00+00:00,10283.2,10291.8,10283.0,10286.9,2100
2026-03-12 22:15:00+00:00,10287.4,10293.0,10282.3,10292.7,2396
2026-03-12 22:30:00+00:00,10292.3,10299.7,10291.5,10297.6,2388
2026-03-12 22:45:00+00:00,10297.5,10299.5,10293.9,10297.1,1840
2026-03-12 23:00:00+00:00,10297.0,10303.5,10296.6,10298.1,2220
2026-03-12 23:15:00+00:00,10298.0,10298.4,10293.0,10296.5,2016
2026-03-12 23:30:00+00:00,10296.8,10299.1,10291.7,10295.9,2188
2026-03-12 23:45:00+00:00,10295.7,10295.9,10286.1,10286.6,3056
2026-03-13 00:00:00+00:00,10286.3,10299.8,10277.1,10299.8,5448
2026-03-13 00:15:00+00:00,10299.9,10314.9,10299.9,10310.0,4708
2026-03-13 00:30:00+00:00,10310.3,10316.0,10309.2,10310.1,3840
2026-03-13 00:45:00+00:00,10309.8,10313.6,10306.8,10311.3,3300
2026-03-13 01:00:00+00:00,10313.0,10333.2,10311.9,10332.8,8476
2026-03-13 01:15:00+00:00,10333.4,10335.6,10329.9,10335.2,6752
2026-03-13 01:30:00+00:00,10335.3,10339.2,10333.2,10335.3,6300
2026-03-13 01:45:00+00:00,10335.3,10335.3,10324.0,10328.1,5304
2026-03-13 02:00:00+00:00,10328.1,10341.3,10328.1,10335.1,5492
2026-03-13 02:15:00+00:00,10335.0,10335.5,10330.3,10331.1,4732
2026-03-13 02:30:00+00:00,10331.8,10335.1,10328.0,10331.2,4944
2026-03-13 02:45:00+00:00,10331.2,10334.3,10330.8,10331.1,4364
2026-03-13 03:00:00+00:00,10331.2,10334.0,10329.3,10329.3,5496
2026-03-13 03:15:00+00:00,10329.3,10329.8,10325.3,10326.2,4476
2026-03-13 03:30:00+00:00,10326.1,10327.2,10320.6,10326.4,4756
2026-03-13 03:45:00+00:00,10326.3,10330.9,10326.3,10330.0,3844
2026-03-13 04:00:00+00:00,10329.8,10335.9,10328.1,10328.1,3508
2026-03-13 04:15:00+00:00,10328.1,10329.4,10317.2,10319.2,4432
2026-03-13 04:30:00+00:00,10319.7,10321.5,10314.3,10321.3,4604
2026-03-13 04:45:00+00:00,10321.3,10322.3,10316.6,10319.0,4020
2026-03-13 05:00:00+00:00,10319.1,10322.5,10312.8,10314.7,4964
2026-03-13 05:15:00+00:00,10314.7,10319.4,10314.4,10315.9,4908
2026-03-13 05:30:00+00:00,10315.9,10321.2,10315.9,10317.1,4708
2026-03-13 05:45:00+00:00,10317.1,10318.9,10314.3,10315.9,4232
2026-03-13 06:00:00+00:00,10315.7,10319.3,10311.1,10317.8,1336
2026-03-13 06:15:00+00:00,10318.1,10318.1,10306.6,10306.9,1072
2026-03-13 06:30:00+00:00,10307.1,10308.4,10292.1,10294.9,1512
2026-03-13 06:45:00+00:00,10295.1,10295.4,10284.7,10286.9,1420
2026-03-13 07:00:00+00:00,10286.7,10294.4,10259.2,10262.2,2944
2026-03-13 07:15:00+00:00,10261.9,10262.4,10244.7,10252.9,3220
2026-03-13 07:30:00+00:00,10252.4,10263.4,10250.7,10253.5,2604
2026-03-13 07:45:00+00:00,10253.5,10256.7,10225.5,10251.5,3396
2026-03-13 08:00:00+00:00,10251.0,10258.9,10219.5,10221.1,11908
2026-03-13 08:15:00+00:00,10220.1,10225.5,10196.7,10205.2,7764
2026-03-13 08:30:00+00:00,10204.7,10237.5,10204.7,10226.6,7628
2026-03-13 08:45:00+00:00,10226.8,10255.5,10220.8,10253.6,6320
2026-03-13 09:00:00+00:00,10253.1,10268.6,10241.8,10247.3,6552
2026-03-13 09:15:00+00:00,10247.8,10269.1,10242.1,10265.6,4684
2026-03-13 09:30:00+00:00,10265.1,10266.9,10254.1,10261.6,4624
2026-03-13 09:45:00+00:00,10261.9,10273.2,10255.4,10269.1,3740
2026-03-13 10:00:00+00:00,10269.6,10289.7,10264.4,10289.0,3988
2026-03-13 10:15:00+00:00,10288.5,10301.2,10286.5,10288.2,3428
2026-03-13 10:30:00+00:00,10288.0,10288.9,10270.5,10273.0,3412
2026-03-13 10:45:00+00:00,10273.0,10290.7,10267.5,10290.4,5204
2026-03-13 11:00:00+00:00,10289.4,10302.1,10283.6,10288.7,3892
2026-03-13 11:15:00+00:00,10289.5,10312.4,10287.0,10309.3,4132
2026-03-13 11:30:00+00:00,10309.1,10322.0,10307.8,10322.0,3500
2026-03-13 11:45:00+00:00,10322.3,10325.7,10314.9,10321.2,3548
2026-03-13 12:00:00+00:00,10321.7,10329.3,10319.2,10321.8,3232
2026-03-13 12:15:00+00:00,10321.5,10322.8,10310.6,10317.5,3312
2026-03-13 12:30:00+00:00,10317.2,10326.6,10314.5,10326.5,4352
2026-03-13 12:45:00+00:00,10326.3,10343.5,10325.5,10331.4,8220
2026-03-13 13:00:00+00:00,10330.9,10337.0,10319.8,10330.4,5664
2026-03-13 13:15:00+00:00,10329.9,10332.0,10319.7,10330.5,3452
2026-03-13 13:30:00+00:00,10330.2,10366.7,10328.5,10363.6,8668
2026-03-13 13:45:00+00:00,10363.4,10368.1,10345.3,10348.1,6744
2026-03-13 14:00:00+00:00,10347.4,10354.7,10323.7,10324.2,7316
2026-03-13 14:15:00+00:00,10323.9,10325.3,10311.8,10322.8,7520
2026-03-13 14:30:00+00:00,10322.5,10337.0,10306.1,10306.7,8212
2026-03-13 14:45:00+00:00,10306.9,10315.0,10281.9,10283.9,9136
2026-03-13 15:00:00+00:00,10284.4,10298.9,10278.8,10298.6,9220
2026-03-13 15:15:00+00:00,10298.1,10298.6,10276.2,10280.0,7016
2026-03-13 15:30:00+00:00,10279.5,10286.6,10263.8,10267.3,8000
2026-03-13 15:45:00+00:00,10266.8,10279.9,10249.8,10250.3,7256
2026-03-13 16:00:00+00:00,10250.1,10264.9,10249.2,10255.9,7824
2026-03-13 16:15:00+00:00,10255.6,10263.7,10247.5,10261.5,8412
2026-03-13 16:30:00+00:00,10261.7,10274.7,10256.7,10259.0,8936
2026-03-13 16:45:00+00:00,10258.2,10273.5,10249.5,10256.4,5372
2026-03-13 17:00:00+00:00,10256.7,10266.9,10252.4,10266.9,4316
2026-03-13 17:15:00+00:00,10267.4,10274.4,10254.5,10258.0,5820
2026-03-13 17:30:00+00:00,10258.7,10260.7,10252.5,10257.5,5364
2026-03-13 17:45:00+00:00,10258.0,10261.5,10240.5,10243.5,5136
2026-03-13 18:00:00+00:00,10243.7,10251.7,10243.0,10250.0,4116
2026-03-13 18:15:00+00:00,10249.7,10254.0,10241.8,10252.0,3216
2026-03-13 18:30:00+00:00,10251.8,10276.8,10250.5,10276.5,2564
2026-03-13 18:45:00+00:00,10276.3,10282.5,10273.8,10278.8,2400
2026-03-13 19:00:00+00:00,10278.5,10279.5,10268.0,10271.0,2180
2026-03-13 19:15:00+00:00,10271.3,10274.0,10248.8,10252.6,2772
2026-03-13 19:30:00+00:00,10252.8,10257.8,10240.8,10245.1,2656
2026-03-13 19:45:00+00:00,10245.6,10259.6,10240.8,10258.1,2720
2026-03-13 20:00:00+00:00,10258.3,10259.3,10248.6,10250.6,1192
2026-03-13 20:15:00+00:00,10250.4,10251.1,10247.6,10248.1,532
2026-03-13 20:30:00+00:00,10248.4,10251.1,10248.1,10248.6,392
2026-03-13 20:45:00+00:00,10248.9,10249.6,10238.9,10240.2,1228
2026-03-15 22:00:00+00:00,10249.5,10252.8,10235.6,10238.2,2648
2026-03-15 22:15:00+00:00,10238.3,10243.6,10231.2,10241.1,3680
2026-03-15 22:30:00+00:00,10241.2,10255.8,10236.0,10255.5,2908
2026-03-15 22:45:00+00:00,10255.8,10276.9,10252.8,10274.4,4148
2026-03-15 23:00:00+00:00,10274.3,10281.7,10263.5,10269.3,5420
2026-03-15 23:15:00+00:00,10269.6,10270.9,10258.3,10259.2,3492
2026-03-15 23:30:00+00:00,10258.9,10263.6,10253.5,10259.7,3268
2026-03-15 23:45:00+00:00,10259.4,10265.9,10259.4,10261.6,4112
2026-03-16 00:00:00+00:00,10261.7,10293.1,10261.5,10290.7,6092
2026-03-16 00:15:00+00:00,10291.3,10306.5,10290.5,10292.5,3988
2026-03-16 00:30:00+00:00,10292.3,10295.9,10288.9,10291.9,3156
2026-03-16 00:45:00+00:00,10292.1,10297.8,10290.0,10295.9,3652
2026-03-16 01:00:00+00:00,10288.9,10309.2,10288.7,10302.7,8492
2026-03-16 01:15:00+00:00,10302.7,10308.7,10285.7,10286.5,8008
2026-03-16 01:30:00+00:00,10286.5,10286.7,10272.5,10278.5,9784
2026-03-16 01:45:00+00:00,10278.5,10288.2,10278.2,10287.8,7136
2026-03-16 02:00:00+00:00,10287.8,10288.5,10279.6,10280.4,7140
2026-03-16 02:15:00+00:00,10280.5,10283.7,10272.2,10273.4,6520
2026-03-16 02:30:00+00:00,10273.6,10273.7,10268.3,10270.2,5168
2026-03-16 02:45:00+00:00,10270.1,10274.2,10268.0,10272.4,5160
2026-03-16 03:00:00+00:00,10272.4,10273.5,10270.2,10270.7,4276
2026-03-16 03:15:00+00:00,10270.7,10278.8,10270.0,10278.4,4024
2026-03-16 03:30:00+00:00,10278.4,10287.2,10278.4,10286.9,3952
2026-03-16 03:45:00+00:00,10286.9,10298.1,10286.7,10297.9,4112
2026-03-16 04:00:00+00:00,10297.8,10301.6,10296.1,10297.2,3248
2026-03-16 04:15:00+00:00,10297.2,10301.4,10297.2,10299.1,3808
2026-03-16 04:30:00+00:00,10299.1,10299.6,10293.9,10294.6,2716
2026-03-16 04:45:00+00:00,10294.6,10295.5,10288.7,10288.7,3764
2026-03-16 05:00:00+00:00,10288.8,10292.6,10288.2,10290.9,4304
2026-03-16 05:15:00+00:00,10290.9,10291.9,10288.2,10291.7,4076
2026-03-16 05:30:00+00:00,10291.7,10300.6,10289.2,10299.4,4136
2026-03-16 05:45:00+00:00,10299.6,10305.4,10299.6,10303.7,4264
2026-03-16 06:00:00+00:00,10303.7,10309.2,10303.4,10307.2,832
2026-03-16 06:15:00+00:00,10307.4,10310.4,10303.4,10307.4,812
2026-03-16 06:30:00+00:00,10307.9,10312.2,10307.9,10310.2,832
2026-03-16 06:45:00+00:00,10310.4,10311.4,10305.9,10309.9,780
2026-03-16 07:00:00+00:00,10309.4,10310.7,10297.9,10298.4,1960
2026-03-16 07:15:00+00:00,10298.7,10298.7,10286.4,10287.7,1532
2026-03-16 07:30:00+00:00,10287.9,10292.2,10277.4,10284.2,2140
2026-03-16 07:45:00+00:00,10284.9,10293.2,10280.9,10281.2,1976
2026-03-16 08:00:00+00:00,10279.7,10317.2,10264.7,10300.4,10696
2026-03-16 08:15:00+00:00,10299.7,10308.9,10282.2,10287.3,8216
2026-03-16 08:30:00+00:00,10287.0,10293.5,10267.0,10268.2,6712
2026-03-16 08:45:00+00:00,10268.0,10287.4,10263.5,10273.4,5544
2026-03-16 09:00:00+00:00,10273.7,10285.8,10257.8,10278.8,6084
2026-03-16 09:15:00+00:00,10278.6,10279.1,10262.7,10268.6,5432
2026-03-16 09:30:00+00:00,10268.4,10268.4,10254.3,10262.0,5688
2026-03-16 09:45:00+00:00,10262.5,10278.1,10259.7,10261.9,5252
2026-03-16 10:00:00+00:00,10261.4,10273.7,10258.4,10271.5,5152
2026-03-16 10:15:00+00:00,10271.0,10286.4,10262.8,10282.5,4376
2026-03-16 10:30:00+00:00,10282.7,10287.0,10275.6,10281.3,4000
2026-03-16 10:45:00+00:00,10281.6,10303.2,10280.1,10301.7,3620
2026-03-16 11:00:00+00:00,10301.4,10309.9,10297.4,10301.4,3460
2026-03-16 11:15:00+00:00,10301.2,10307.1,10298.1,10300.1,3476
2026-03-16 11:30:00+00:00,10300.6,10313.0,10296.5,10312.6,3096
2026-03-16 11:45:00+00:00,10312.3,10315.6,10306.4,10309.4,2656
2026-03-16 12:00:00+00:00,10309.1,10326.7,10308.4,10324.9,3028
2026-03-16 12:15:00+00:00,10325.2,10330.2,10322.7,10327.2,2600
2026-03-16 12:30:00+00:00,10326.7,10334.3,10325.9,10331.8,3248
2026-03-16 12:45:00+00:00,10331.5,10334.0,10320.0,10320.7,3396
2026-03-16 13:00:00+00:00,10321.7,10329.7,10320.0,10327.1,3196
2026-03-16 13:15:00+00:00,10327.4,10331.9,10321.0,10324.6,2808
2026-03-16 13:30:00+00:00,10323.9,10356.7,10318.1,10356.1,7300
2026-03-16 13:45:00+00:00,10355.9,10368.8,10352.1,10368.6,5456
2026-03-16 14:00:00+00:00,10368.4,10375.9,10363.1,10369.5,5704
2026-03-16 14:15:00+00:00,10369.8,10375.6,10364.9,10367.3,5124
2026-03-16 14:30:00+00:00,10367.6,10368.6,10342.6,10344.1,6932
2026-03-16 14:45:00+00:00,10343.9,10366.3,10339.7,10366.3,5880
2026-03-16 15:00:00+00:00,10366.8,10368.5,10344.8,10348.8,6012
2026-03-16 15:15:00+00:00,10349.0,10362.1,10344.6,10356.0,4556
2026-03-16 15:30:00+00:00,10355.8,10363.4,10352.0,10352.3,3932
2026-03-16 15:45:00+00:00,10352.0,10358.7,10340.3,10340.8,5572
2026-03-16 16:00:00+00:00,10341.3,10349.2,10333.0,10342.9,5768
2026-03-16 16:15:00+00:00,10343.4,10346.9,10318.5,10320.0,7220
2026-03-16 16:30:00+00:00,10320.8,10335.6,10315.3,10330.8,7728
2026-03-16 16:45:00+00:00,10330.6,10334.8,10322.3,10326.8,4524
2026-03-16 17:00:00+00:00,10327.8,10338.3,10325.1,10335.9,5628
2026-03-16 17:15:00+00:00,10335.6,10347.1,10333.9,10345.4,3600
2026-03-16 17:30:00+00:00,10345.6,10348.1,10331.9,10331.9,3148
2026-03-16 17:45:00+00:00,10332.1,10337.9,10320.9,10334.2,3416
2026-03-16 18:00:00+00:00,10334.4,10345.7,10334.4,10339.9,2776
2026-03-16 18:15:00+00:00,10339.7,10350.9,10338.9,10346.0,2160
2026-03-16 18:30:00+00:00,10345.7,10351.5,10343.2,10350.5,1432
2026-03-16 18:45:00+00:00,10351.0,10352.5,10346.0,10348.0,1232
2026-03-16 19:00:00+00:00,10348.2,10359.0,10343.3,10344.5,2844
2026-03-16 19:15:00+00:00,10345.0,10349.0,10339.0,10342.3,2888
2026-03-16 19:30:00+00:00,10342.0,10344.0,10332.6,10333.1,1948
2026-03-16 19:45:00+00:00,10332.8,10355.6,10331.1,10355.6,2872
2026-03-16 20:00:00+00:00,10355.1,10355.1,10347.8,10351.6,832
2026-03-16 20:15:00+00:00,10351.1,10351.1,10343.1,10343.1,496
2026-03-16 20:30:00+00:00,10343.4,10344.9,10339.1,10340.6,504
2026-03-16 20:45:00+00:00,10341.4,10346.2,10339.7,10344.4,892
2026-03-16 22:00:00+00:00,10339.3,10345.3,10338.6,10344.0,1228
2026-03-16 22:15:00+00:00,10343.9,10347.1,10340.0,10345.6,2476
2026-03-16 22:30:00+00:00,10345.5,10346.1,10339.6,10340.4,2064
2026-03-16 22:45:00+00:00,10340.7,10341.2,10338.8,10339.8,1292
2026-03-16 23:00:00+00:00,10339.9,10343.7,10339.6,10341.5,1744
2026-03-16 23:15:00+00:00,10341.4,10343.4,10339.4,10343.2,1272
2026-03-16 23:30:00+00:00,10343.4,10346.8,10342.2,10345.9,1588
2026-03-16 23:45:00+00:00,10346.2,10348.6,10344.0,10348.5,1684
2026-03-17 00:00:00+00:00,10348.6,10348.6,10339.7,10341.1,3088
2026-03-17 00:15:00+00:00,10340.9,10342.1,10333.0,10335.7,2268
2026-03-17 00:30:00+00:00,10336.0,10342.0,10332.8,10333.9,2528
2026-03-17 00:45:00+00:00,10334.0,10335.8,10328.9,10330.5,2972
2026-03-17 01:00:00+00:00,10327.7,10330.0,10322.8,10329.3,5852
2026-03-17 01:15:00+00:00,10329.3,10336.0,10328.1,10335.4,4504
2026-03-17 01:30:00+00:00,10335.3,10344.2,10331.5,10333.1,5920
2026-03-17 01:45:00+00:00,10333.4,10344.8,10330.1,10343.2,4580
2026-03-17 02:00:00+00:00,10343.1,10345.3,10339.9,10342.9,4120
2026-03-17 02:15:00+00:00,10343.0,10343.8,10338.0,10338.9,3952
2026-03-17 02:30:00+00:00,10339.1,10342.6,10337.9,10340.2,3464
2026-03-17 02:45:00+00:00,10340.2,10341.1,10329.5,10330.2,3860
2026-03-17 03:00:00+00:00,10329.6,10336.0,10328.0,10335.5,3944
2026-03-17 03:15:00+00:00,10335.4,10340.9,10333.7,10333.9,3404
2026-03-17 03:30:00+00:00,10333.9,10337.6,10325.5,10326.9,5020
2026-03-17 03:45:00+00:00,10326.9,10331.7,10325.7,10327.6,3868
2026-03-17 04:00:00+00:00,10327.5,10328.1,10323.4,10325.4,3020
2026-03-17 04:15:00+00:00,10325.6,10328.4,10324.6,10327.1,2888
2026-03-17 04:30:00+00:00,10327.0,10331.7,10326.9,10331.1,3144
2026-03-17 04:45:00+00:00,10331.2,10336.4,10331.2,10331.9,3380
2026-03-17 05:00:00+00:00,10331.3,10333.7,10328.5,10332.7,3944
2026-03-17 05:15:00+00:00,10332.7,10335.3,10330.6,10333.4,3188
2026-03-17 05:30:00+00:00,10333.4,10335.7,10324.0,10328.3,4124
2026-03-17 05:45:00+00:00,10328.3,10328.6,10315.8,10315.8,6736
2026-03-17 06:00:00+00:00,10315.6,10317.0,10306.0,10309.8,3184
2026-03-17 06:15:00+00:00,10310.0,10314.5,10304.8,10313.8,1776
2026-03-17 06:30:00+00:00,10313.5,10315.3,10309.1,10314.8,1416
2026-03-17 06:45:00+00:00,10315.1,10315.6,10309.1,10312.6,1184
2026-03-17 07:00:00+00:00,10312.3,10314.1,10301.4,10302.1,2268
2026-03-17 07:15:00+00:00,10301.9,10320.6,10301.4,10312.6,1720
2026-03-17 07:30:00+00:00,10312.1,10317.1,10309.4,10311.2,1352
2026-03-17 07:45:00+00:00,10310.9,10317.2,10303.7,10317.2,1912
2026-03-17 08:00:00+00:00,10316.7,10339.4,10307.9,10329.9,8920
2026-03-17 08:15:00+00:00,10328.7,10345.3,10325.0,10329.8,6320
2026-03-17 08:30:00+00:00,10330.3,10350.9,10323.1,10345.9,5868
2026-03-17 08:45:00+00:00,10344.9,10350.4,10335.6,10344.0,4184
2026-03-17 09:00:00+00:00,10344.2,10359.0,10344.2,10348.0,4476
2026-03-17 09:15:00+00:00,10348.8,10370.6,10348.0,10368.8,3876
2026-03-17 09:30:00+00:00,10369.3,10376.2,10365.3,10374.2,3644
2026-03-17 09:45:00+00:00,10373.7,10386.5,10371.7,10384.7,3348
2026-03-17 10:00:00+00:00,10385.2,10385.2,10365.0,10370.2,3688
2026-03-17 10:15:00+00:00,10370.5,10372.0,10362.4,10368.6,2928
2026-03-17 10:30:00+00:00,10368.1,10380.3,10367.6,10377.3,3068
2026-03-17 10:45:00+00:00,10377.8,10380.7,10369.2,10374.2,2568
2026-03-17 11:00:00+00:00,10374.4,10384.3,10371.6,10382.4,2968
2026-03-17 11:15:00+00:00,10382.7,10395.5,10382.4,10390.8,2632
2026-03-17 11:30:00+00:00,10390.5,10391.3,10382.6,10390.2,2236
2026-03-17 11:45:00+00:00,10390.7,10394.4,10387.0,10387.3,2272
2026-03-17 12:00:00+00:00,10388.3,10402.3,10386.3,10400.3,2948
2026-03-17 12:15:00+00:00,10400.6,10401.8,10394.9,10401.7,2484
2026-03-17 12:30:00+00:00,10401.9,10405.0,10398.6,10402.1,2600
2026-03-17 12:45:00+00:00,10401.8,10403.5,10391.0,10396.4,2476
2026-03-17 13:00:00+00:00,10396.1,10408.2,10392.1,10407.3,3056
2026-03-17 13:15:00+00:00,10406.8,10418.5,10402.6,10410.9,2928
2026-03-17 13:30:00+00:00,10411.4,10420.5,10409.5,10414.6,5956
2026-03-17 13:45:00+00:00,10414.4,10420.3,10405.6,10419.8,4064
2026-03-17 14:00:00+00:00,10419.3,10429.5,10415.4,10419.8,4296
2026-03-17 14:15:00+00:00,10419.3,10424.8,10416.3,10419.7,4924
2026-03-17 14:30:00+00:00,10420.0,10432.8,10415.9,10430.7,4656
2026-03-17 14:45:00+00:00,10431.2,10436.5,10426.6,10429.6,3640
2026-03-17 15:00:00+00:00,10429.3,10432.4,10415.3,10416.0,5592
2026-03-17 15:15:00+00:00,10415.5,10420.7,10406.4,10411.4,6536
2026-03-17 15:30:00+00:00,10411.2,10414.2,10396.7,10408.2,6472
2026-03-17 15:45:00+00:00,10407.9,10419.4,10406.7,10416.9,5576
2026-03-17 16:00:00+00:00,10417.4,10419.1,10399.0,10406.6,7804
2026-03-17 16:15:00+00:00,10406.9,10413.1,10403.1,10406.0,7084
2026-03-17 16:30:00+00:00,10405.5,10409.3,10391.6,10406.6,7736
2026-03-17 16:45:00+00:00,10406.3,10409.8,10393.4,10393.6,4084
2026-03-17 17:00:00+00:00,10393.1,10406.9,10392.1,10399.9,3612
2026-03-17 17:15:00+00:00,10399.6,10399.9,10391.4,10394.4,2756
2026-03-17 17:30:00+00:00,10393.9,10395.9,10385.7,10386.9,2496
2026-03-17 17:45:00+00:00,10387.2,10389.0,10383.0,10388.2,2440
2026-03-17 18:00:00+00:00,10389.0,10394.0,10385.5,10392.2,1648
2026-03-17 18:15:00+00:00,10391.5,10392.2,10372.0,10373.5,2184
2026-03-17 18:30:00+00:00,10373.3,10383.0,10373.0,10376.1,1900
2026-03-17 18:45:00+00:00,10376.3,10383.1,10374.6,10379.1,1776
2026-03-17 19:00:00+00:00,10379.3,10379.6,10372.6,10376.1,1484
2026-03-17 19:15:00+00:00,10376.4,10380.1,10371.6,10372.4,1424
2026-03-17 19:30:00+00:00,10372.6,10374.6,10366.7,10368.7,1372
2026-03-17 19:45:00+00:00,10368.9,10372.4,10365.2,10371.7,1832
2026-03-17 20:00:00+00:00,10371.9,10377.4,10371.9,10374.7,980
2026-03-17 20:15:00+00:00,10375.0,10377.2,10371.7,10376.2,364
2026-03-17 20:30:00+00:00,10376.5,10377.8,10375.7,10377.5,148
2026-03-17 20:45:00+00:00,10377.3,10377.3,10366.8,10369.6,696
2026-03-17 22:00:00+00:00,10365.1,10367.5,10364.7,10366.8,672
2026-03-17 22:15:00+00:00,10366.7,10367.0,10363.0,10365.0,1244
2026-03-17 22:30:00+00:00,10364.9,10366.6,10360.3,10361.4,1208
2026-03-17 22:45:00+00:00,10361.5,10364.5,10360.1,10363.6,764
2026-03-17 23:00:00+00:00,10364.0,10364.6,10360.9,10363.1,1128
2026-03-17 23:15:00+00:00,10362.8,10367.1,10362.5,10362.5,964
2026-03-17 23:30:00+00:00,10361.9,10364.4,10360.4,10361.8,828
2026-03-17 23:45:00+00:00,10361.9,10363.1,10361.0,10361.8,996
2026-03-18 00:00:00+00:00,10361.5,10372.1,10360.5,10371.9,2804
2026-03-18 00:15:00+00:00,10372.0,10372.7,10368.3,10370.1,1976
2026-03-18 00:30:00+00:00,10370.4,10372.6,10368.5,10372.3,980
2026-03-18 00:45:00+00:00,10372.0,10378.0,10372.0,10377.7,1900
2026-03-18 01:00:00+00:00,10379.7,10389.7,10379.6,10387.7,4680
2026-03-18 01:15:00+00:00,10387.9,10390.6,10387.5,10388.2,3540
2026-03-18 01:30:00+00:00,10388.2,10390.3,10384.0,10385.8,2728
2026-03-18 01:45:00+00:00,10386.2,10386.6,10379.4,10382.4,3032
2026-03-18 02:00:00+00:00,10382.5,10386.5,10381.3,10384.3,3172
2026-03-18 02:15:00+00:00,10384.3,10389.1,10383.5,10388.8,2868
2026-03-18 02:30:00+00:00,10389.0,10392.9,10388.5,10388.6,2932
2026-03-18 02:45:00+00:00,10388.8,10392.7,10388.7,10391.9,2392
2026-03-18 03:00:00+00:00,10392.0,10393.3,10390.6,10392.8,2184
2026-03-18 03:15:00+00:00,10392.7,10397.2,10392.4,10395.7,1988
2026-03-18 03:30:00+00:00,10395.7,10399.5,10394.9,10399.5,2004
2026-03-18 03:45:00+00:00,10399.5,10402.8,10398.7,10399.5,2392
2026-03-18 04:00:00+00:00,10399.6,10401.9,10398.4,10401.3,2356
2026-03-18 04:15:00+00:00,10401.3,10402.0,10398.1,10398.8,1796
2026-03-18 04:30:00+00:00,10398.8,10399.6,10395.3,10396.3,1712
2026-03-18 04:45:00+00:00,10396.3,10398.2,10395.2,10396.7,2128
2026-03-18 05:00:00+00:00,10396.9,10398.0,10394.9,10396.4,2616
2026-03-18 05:15:00+00:00,10396.4,10402.5,10396.3,10399.8,2564
2026-03-18 05:30:00+00:00,10400.0,10409.5,10400.0,10409.4,2876
2026-03-18 05:45:00+00:00,10409.5,10412.1,10407.6,10411.7,2324
2026-03-18 06:00:00+00:00,10411.7,10416.2,10408.0,10413.5,716
2026-03-18 06:15:00+00:00,10413.3,10422.3,10411.3,10419.3,904
2026-03-18 06:30:00+00:00,10418.5,10424.8,10416.5,10424.1,780
2026-03-18 06:45:00+00:00,10424.3,10425.8,10422.3,10423.3,392
2026-03-18 07:00:00+00:00,10423.1,10425.6,10414.4,10415.4,1072
2026-03-18 07:15:00+00:00,10415.1,10415.6,10409.4,10411.4,812
2026-03-18 07:30:00+00:00,10411.1,10416.6,10406.4,10407.9,1004
2026-03-18 07:45:00+00:00,10408.4,10416.9,10401.4,10413.9,1572
2026-03-18 08:00:00+00:00,10414.2,10433.0,10403.7,10433.0,5428
2026-03-18 08:15:00+00:00,10432.5,10435.5,10418.7,10419.9,4036
2026-03-18 08:30:00+00:00,10420.4,10424.2,10406.8,10413.3,3912
2026-03-18 08:45:00+00:00,10413.1,10428.5,10412.8,10425.5,3340
2026-03-18 09:00:00+00:00,10426.0,10436.5,10421.7,10422.3,3552
2026-03-18 09:15:00+00:00,10422.6,10430.4,10419.4,10427.1,2944
2026-03-18 09:30:00+00:00,10427.8,10435.4,10424.0,10434.1,2240
2026-03-18 09:45:00+00:00,10434.6,10441.8,10429.0,10436.3,2160
2026-03-18 10:00:00+00:00,10436.0,10438.2,10423.9,10425.4,2048
2026-03-18 10:15:00+00:00,10425.2,10439.7,10423.5,10428.5,2040
2026-03-18 10:30:00+00:00,10427.5,10439.8,10427.5,10436.2,1988
2026-03-18 10:45:00+00:00,10435.9,10437.7,10426.1,10430.6,2000
2026-03-18 11:00:00+00:00,10430.1,10440.9,10428.6,10439.4,2288
2026-03-18 11:15:00+00:00,10439.2,10449.0,10421.4,10422.2,5160
2026-03-18 11:30:00+00:00,10421.9,10445.4,10419.0,10440.1,4992
2026-03-18 11:45:00+00:00,10439.9,10440.8,10429.0,10432.4,4048
2026-03-18 12:00:00+00:00,10432.7,10434.7,10401.7,10409.3,4892
2026-03-18 12:15:00+00:00,10409.0,10411.0,10380.8,10392.0,5532
2026-03-18 12:30:00+00:00,10391.3,10392.3,10357.3,10363.5,7456
2026-03-18 12:45:00+00:00,10363.8,10365.8,10347.7,10350.2,9580
2026-03-18 13:00:00+00:00,10350.0,10353.0,10329.3,10329.8,7496
2026-03-18 13:15:00+00:00,10329.6,10350.7,10320.5,10343.5,4824
2026-03-18 13:30:00+00:00,10343.2,10350.4,10321.9,10326.1,11100
2026-03-18 13:45:00+00:00,10325.9,10337.3,10313.2,10322.8,9156
2026-03-18 14:00:00+00:00,10323.0,10337.0,10313.1,10323.1,9336
2026-03-18 14:15:00+00:00,10323.3,10330.6,10311.1,10311.4,6932
2026-03-18 14:30:00+00:00,10311.1,10314.3,10287.4,10292.2,6316
2026-03-18 14:45:00+00:00,10292.5,10300.7,10279.7,10300.4,6004
2026-03-18 15:00:00+00:00,10301.2,10324.5,10301.2,10313.3,5688
2026-03-18 15:15:00+00:00,10313.0,10318.3,10292.6,10303.5,5204
2026-03-18 15:30:00+00:00,10303.3,10309.2,10291.6,10295.1,5208
2026-03-18 15:45:00+00:00,10294.8,10297.3,10283.3,10289.8,5616
2026-03-18 16:00:00+00:00,10290.6,10292.4,10278.5,10290.5,5212
2026-03-18 16:15:00+00:00,10290.2,10306.3,10285.0,10301.2,4420
2026-03-18 16:30:00+00:00,10301.5,10312.6,10299.5,10300.7,6452
2026-03-18 16:45:00+00:00,10300.5,10309.8,10295.9,10304.8,3256
2026-03-18 17:00:00+00:00,10304.6,10306.6,10285.7,10288.4,3448
2026-03-18 17:15:00+00:00,10288.7,10297.8,10287.1,10291.6,2584
2026-03-18 17:30:00+00:00,10291.4,10296.6,10284.7,10289.6,2648
2026-03-18 17:45:00+00:00,10289.4,10298.3,10285.0,10290.1,2624
2026-03-18 18:00:00+00:00,10289.7,10294.1,10280.5,10283.2,4820
2026-03-18 18:15:00+00:00,10282.5,10283.7,10273.8,10279.8,4108
2026-03-18 18:30:00+00:00,10279.1,10284.7,10266.0,10270.9,6300
2026-03-18 18:45:00+00:00,10270.7,10274.6,10259.8,10260.5,4280
2026-03-18 19:00:00+00:00,10260.3,10269.9,10259.1,10262.0,3896
2026-03-18 19:15:00+00:00,10262.3,10262.8,10249.7,10252.2,3136
2026-03-18 19:30:00+00:00,10251.7,10254.4,10237.3,10242.0,3284
2026-03-18 19:45:00+00:00,10241.8,10249.5,10235.6,10247.5,3428
2026-03-18 20:00:00+00:00,10247.2,10247.2,10233.2,10233.2,1732
2026-03-18 20:15:00+00:00,10232.9,10233.2,10224.0,10224.3,1652
2026-03-18 20:30:00+00:00,10224.5,10232.0,10220.3,10231.2,848
2026-03-18 20:45:00+00:00,10231.5,10232.5,10226.3,10227.8,916
2026-03-18 22:00:00+00:00,10218.5,10219.2,10213.4,10214.6,1556
2026-03-18 22:15:00+00:00,10214.8,10218.4,10209.7,10211.0,2504
2026-03-18 22:30:00+00:00,10210.9,10213.0,10207.1,10209.8,1736
2026-03-18 22:45:00+00:00,10209.9,10214.6,10209.5,10214.4,1164
2026-03-18 23:00:00+00:00,10214.5,10220.8,10213.6,10218.8,1408
2026-03-18 23:15:00+00:00,10218.9,10222.7,10217.9,10222.4,816
2026-03-18 23:30:00+00:00,10222.3,10227.8,10220.8,10222.7,1212
2026-03-18 23:45:00+00:00,10223.2,10224.1,10216.9,10221.9,3712
2026-03-19 00:00:00+00:00,10222.4,10227.6,10217.8,10224.1,4092
2026-03-19 00:15:00+00:00,10224.0,10225.6,10217.0,10223.5,3332
2026-03-19 00:30:00+00:00,10223.3,10225.9,10213.8,10214.1,3216
2026-03-19 00:45:00+00:00,10214.3,10222.1,10213.5,10221.9,3252
2026-03-19 01:00:00+00:00,10217.4,10225.8,10212.2,10212.2,6644
2026-03-19 01:15:00+00:00,10212.2,10228.8,10212.2,10228.0,4668
2026-03-19 01:30:00+00:00,10228.0,10237.4,10225.8,10229.1,6344
2026-03-19 01:45:00+00:00,10229.1,10239.5,10227.1,10230.2,5884
2026-03-19 02:00:00+00:00,10230.3,10242.9,10219.3,10237.8,10116
2026-03-19 02:15:00+00:00,10237.7,10246.1,10235.8,10245.5,6444
2026-03-19 02:30:00+00:00,10245.7,10252.0,10245.1,10248.8,5352
2026-03-19 02:45:00+00:00,10248.7,10249.7,10235.6,10239.5,5460
2026-03-19 03:00:00+00:00,10239.5,10242.1,10236.0,10241.4,3920
2026-03-19 03:15:00+00:00,10241.4,10242.6,10237.4,10238.3,3444
2026-03-19 03:30:00+00:00,10238.7,10241.9,10233.6,10240.7,4832
2026-03-19 03:45:00+00:00,10240.8,10244.6,10230.1,10230.8,4620
2026-03-19 04:00:00+00:00,10230.4,10230.4,10211.6,10214.0,5700
2026-03-19 04:15:00+00:00,10213.9,10215.2,10205.3,10210.4,4716
2026-03-19 04:30:00+00:00,10210.3,10211.3,10198.6,10199.7,5116
2026-03-19 04:45:00+00:00,10199.6,10200.1,10190.9,10198.6,4888
2026-03-19 05:00:00+00:00,10198.8,10202.3,10192.0,10196.5,5264
2026-03-19 05:15:00+00:00,10196.5,10202.4,10195.1,10195.3,5524
2026-03-19 05:30:00+00:00,10195.3,10195.7,10179.6,10180.9,6220
2026-03-19 05:45:00+00:00,10181.0,10189.5,10180.8,10183.9,7512
2026-03-19 06:00:00+00:00,10184.0,10196.3,10183.8,10191.3,1740
2026-03-19 06:15:00+00:00,10191.5,10205.3,10191.0,10191.3,1552
2026-03-19 06:30:00+00:00,10191.8,10197.5,10186.3,10196.3,1788
2026-03-19 06:45:00+00:00,10196.5,10196.5,10186.3,10193.5,1888
2026-03-19 07:00:00+00:00,10193.3,10197.8,10173.3,10183.5,3192
2026-03-19 07:15:00+00:00,10183.8,10206.3,10183.5,10196.3,3608
2026-03-19 07:30:00+00:00,10197.3,10197.3,10166.0,10169.5,3416
2026-03-19 07:45:00+00:00,10169.8,10180.3,10162.0,10175.8,3880
2026-03-19 08:00:00+00:00,10176.0,10189.5,10160.0,10183.5,12308
2026-03-19 08:15:00+00:00,10184.0,10187.0,10140.0,10142.0,7980
2026-03-19 08:30:00+00:00,10142.3,10149.8,10117.8,10118.5,9580
2026-03-19 08:45:00+00:00,10119.0,10139.8,10114.8,10123.0,7840
2026-03-19 09:00:00+00:00,10123.5,10138.0,10123.0,10135.0,8376
2026-03-19 09:15:00+00:00,10134.5,10144.8,10100.5,10108.3,12056
2026-03-19 09:30:00+00:00,10108.0,10128.8,10097.4,10109.1,10712
2026-03-19 09:45:00+00:00,10108.9,10148.9,10107.3,10142.5,9192
2026-03-19 10:00:00+00:00,10142.0,10142.0,10112.9,10113.6,6484
2026-03-19 10:15:00+00:00,10113.4,10118.0,10104.1,10112.0,5544
2026-03-19 10:30:00+00:00,10111.7,10120.0,10100.0,10104.9,4992
2026-03-19 10:45:00+00:00,10104.4,10109.9,10095.3,10100.9,4952
2026-03-19 11:00:00+00:00,10101.4,10111.1,10091.3,10096.4,6168
2026-03-19 11:15:00+00:00,10096.2,10098.9,10078.8,10091.5,5092
2026-03-19 11:30:00+00:00,10091.7,10097.4,10075.6,10076.8,4720
2026-03-19 11:45:00+00:00,10077.3,10091.8,10070.8,10085.2,4944
2026-03-19 12:00:00+00:00,10085.2,10085.4,10041.9,10050.0,9588
2026-03-19 12:15:00+00:00,10049.2,10051.3,10019.4,10023.2,6116
2026-03-19 12:30:00+00:00,10024.9,10032.6,10015.8,10028.4,7528
2026-03-19 12:45:00+00:00,10029.1,10029.1,10007.2,10017.8,7108
2026-03-19 13:00:00+00:00,10018.0,10021.3,9997.1,10002.6,7532
2026-03-19 13:15:00+00:00,10001.9,10034.1,9994.5,10008.9,10448
2026-03-19 13:30:00+00:00,10009.4,10060.8,10009.1,10044.8,18184
2026-03-19 13:45:00+00:00,10044.3,10070.9,10033.7,10070.2,12372
2026-03-19 14:00:00+00:00,10069.9,10075.5,10056.6,10063.9,11632
2026-03-19 14:15:00+00:00,10063.6,10066.3,10035.7,10039.8,9976
2026-03-19 14:30:00+00:00,10039.5,10070.4,10038.2,10066.2,10216
2026-03-19 14:45:00+00:00,10066.5,10068.2,10040.5,10041.6,8176
2026-03-19 15:00:00+00:00,10041.9,10068.5,10040.6,10061.4,8140
2026-03-19 15:15:00+00:00,10061.2,10078.3,10040.2,10049.8,8236
2026-03-19 15:30:00+00:00,10049.5,10054.5,10030.4,10044.6,7904
2026-03-19 15:45:00+00:00,10044.4,10066.0,10039.4,10060.6,10704
2026-03-19 16:00:00+00:00,10059.1,10078.6,10052.0,10059.6,8972
2026-03-19 16:15:00+00:00,10059.4,10066.7,10045.4,10050.4,8700
2026-03-19 16:30:00+00:00,10050.1,10072.2,10036.0,10071.1,16424
2026-03-19 16:45:00+00:00,10070.3,10070.8,10026.2,10043.3,9904
2026-03-19 17:00:00+00:00,10043.6,10045.3,10009.2,10011.6,4856
2026-03-19 17:15:00+00:00,10011.3,10033.2,10006.2,10029.7,4780
2026-03-19 17:30:00+00:00,10029.9,10035.1,10015.6,10016.4,4436
2026-03-19 17:45:00+00:00,10016.6,10029.0,10014.9,10014.9,3944
2026-03-19 18:00:00+00:00,10014.6,10024.0,10009.9,10021.6,3484
2026-03-19 18:15:00+00:00,10021.8,10025.5,10004.3,10006.0,2756
2026-03-19 18:30:00+00:00,10005.8,10008.2,10000.8,10004.0,2616
2026-03-19 18:45:00+00:00,10003.8,10030.5,10000.8,10026.3,3308
2026-03-19 19:00:00+00:00,10026.8,10089.1,10026.3,10072.8,12756
2026-03-19 19:15:00+00:00,10072.6,10084.4,10046.9,10058.0,9252
2026-03-19 19:30:00+00:00,10057.2,10058.0,10039.9,10058.0,6260
2026-03-19 19:45:00+00:00,10058.3,10059.5,10040.7,10051.8,5288
2026-03-19 20:00:00+00:00,10052.1,10067.9,10048.1,10067.7,1320
2026-03-19 20:15:00+00:00,10068.2,10068.2,10064.5,10065.2,676
2026-03-19 20:30:00+00:00,10064.7,10067.4,10060.0,10065.5,636
2026-03-19 20:45:00+00:00,10065.2,10075.1,10064.5,10065.7,1412
2026-03-19 22:00:00+00:00,10069.5,10072.2,10065.9,10071.1,1248
2026-03-19 22:15:00+00:00,10071.3,10078.1,10070.0,10077.3,1648
2026-03-19 22:30:00+00:00,10077.0,10079.9,10076.5,10077.7,1196
2026-03-19 22:45:00+00:00,10077.5,10077.8,10074.2,10076.5,1132
2026-03-19 23:00:00+00:00,10076.0,10082.0,10075.7,10077.6,1900
2026-03-19 23:15:00+00:00,10077.4,10078.1,10072.3,10073.4,1152
2026-03-19 23:30:00+00:00,10073.7,10075.9,10071.6,10072.1,1304
2026-03-19 23:45:00+00:00,10071.9,10076.3,10070.0,10072.7,1728
2026-03-20 00:00:00+00:00,10072.4,10079.0,10065.9,10076.4,3104
2026-03-20 00:15:00+00:00,10076.7,10076.7,10063.7,10067.0,2920
2026-03-20 00:30:00+00:00,10066.7,10070.6,10065.2,10067.1,2460
2026-03-20 00:45:00+00:00,10067.8,10069.9,10065.4,10067.1,2080
2026-03-20 01:00:00+00:00,10065.7,10070.0,10059.1,10065.9,7512
2026-03-20 01:15:00+00:00,10065.9,10074.6,10059.7,10074.5,6980
2026-03-20 01:30:00+00:00,10074.7,10088.4,10074.1,10088.4,6428
2026-03-20 01:45:00+00:00,10088.5,10093.3,10067.1,10072.3,5768
2026-03-20 02:00:00+00:00,10072.3,10074.1,10066.4,10072.4,5568
2026-03-20 02:15:00+00:00,10072.2,10077.2,10070.6,10071.3,4656
2026-03-20 02:30:00+00:00,10071.4,10075.7,10066.4,10072.1,5160
2026-03-20 02:45:00+00:00,10072.0,10075.0,10065.8,10067.1,3904
2026-03-20 03:00:00+00:00,10067.1,10067.8,10062.4,10066.7,4180
2026-03-20 03:15:00+00:00,10066.6,10071.4,10063.2,10065.8,4104
2026-03-20 03:30:00+00:00,10065.8,10071.4,10061.1,10061.3,4168
2026-03-20 03:45:00+00:00,10061.2,10066.0,10060.1,10065.9,3896
2026-03-20 04:00:00+00:00,10065.9,10070.6,10062.8,10063.3,3272
2026-03-20 04:15:00+00:00,10063.6,10063.6,10055.8,10059.1,2896
2026-03-20 04:30:00+00:00,10059.3,10061.1,10055.8,10056.1,2432
2026-03-20 04:45:00+00:00,10056.2,10058.1,10053.6,10056.4,2860
2026-03-20 05:00:00+00:00,10056.4,10056.4,10049.0,10054.2,5296
2026-03-20 05:15:00+00:00,10054.5,10066.0,10053.8,10064.6,4852
2026-03-20 05:30:00+00:00,10064.5,10067.2,10060.8,10064.9,4264
2026-03-20 05:45:00+00:00,10065.1,10067.7,10063.3,10065.6,3568
2026-03-20 06:00:00+00:00,10065.8,10074.8,10063.4,10068.1,856
2026-03-20 06:15:00+00:00,10068.3,10068.3,10056.5,10059.4,1120
2026-03-20 06:30:00+00:00,10059.9,10064.1,10053.8,10058.0,1296
2026-03-20 06:45:00+00:00,10057.5,10058.7,10052.0,10054.5,1324
2026-03-20 07:00:00+00:00,10054.8,10062.7,10040.7,10061.5,2396
2026-03-20 07:15:00+00:00,10062.0,10089.2,10061.5,10085.0,2368
2026-03-20 07:30:00+00:00,10085.7,10102.1,10085.7,10100.3,2144
2026-03-20 07:45:00+00:00,10099.8,10103.8,10092.7,10098.6,2496
2026-03-20 08:00:00+00:00,10096.1,10126.8,10090.2,10122.6,8808
2026-03-20 08:15:00+00:00,10122.1,10124.6,10097.7,10099.6,6460
2026-03-20 08:30:00+00:00,10098.4,10115.0,10094.6,10105.3,6752
2026-03-20 08:45:00+00:00,10105.1,10121.8,10098.7,10108.2,6576
2026-03-20 09:00:00+00:00,10107.7,10116.6,10085.7,10089.8,7292
2026-03-20 09:15:00+00:00,10089.3,10089.8,10076.3,10079.8,6800
2026-03-20 09:30:00+00:00,10080.3,10099.1,10070.4,10083.2,6836
2026-03-20 09:45:00+00:00,10083.5,10084.5,10043.4,10055.6,9624
2026-03-20 10:00:00+00:00,10055.1,10059.8,10010.3,10013.3,10964
2026-03-20 10:15:00+00:00,10013.0,10023.2,9999.9,10018.5,11592
2026-03-20 10:30:00+00:00,10018.0,10057.5,10017.5,10049.2,6988
2026-03-20 10:45:00+00:00,10049.7,10050.9,10034.6,10041.0,9868
2026-03-20 11:00:00+00:00,10040.0,10078.5,10040.0,10065.7,8764
2026-03-20 11:15:00+00:00,10066.0,10091.3,10059.8,10069.6,8044
2026-03-20 11:30:00+00:00,10069.4,10083.3,10062.7,10076.4,6556
2026-03-20 11:45:00+00:00,10076.7,10086.2,10069.3,10082.4,5844
2026-03-20 12:00:00+00:00,10082.7,10096.8,10067.8,10084.4,8000
2026-03-20 12:15:00+00:00,10083.9,10090.0,10071.2,10086.5,6532
2026-03-20 12:30:00+00:00,10087.0,10092.1,10067.7,10081.2,7416
2026-03-20 12:45:00+00:00,10081.4,10094.4,10072.6,10093.6,6968
2026-03-20 13:00:00+00:00,10093.8,10096.7,10072.4,10078.1,6332
2026-03-20 13:15:00+00:00,10077.8,10084.4,10067.5,10071.7,6180
2026-03-20 13:30:00+00:00,10071.4,10084.9,10057.7,10083.9,13660
2026-03-20 13:45:00+00:00,10083.7,10086.8,10041.8,10043.1,12256
2026-03-20 14:00:00+00:00,10042.9,10043.6,9980.1,9982.8,13504
2026-03-20 14:15:00+00:00,9982.3,9986.0,9957.8,9959.0,14416
2026-03-20 14:30:00+00:00,9959.5,9984.3,9954.1,9961.5,14264
2026-03-20 14:45:00+00:00,9961.2,9966.5,9930.3,9939.3,13844
2026-03-20 15:00:00+00:00,9939.8,9955.2,9925.7,9946.5,14308
2026-03-20 15:15:00+00:00,9946.2,9952.1,9915.2,9924.4,13408
2026-03-20 15:30:00+00:00,9924.6,9948.7,9922.9,9935.4,12688
2026-03-20 15:45:00+00:00,9935.2,9954.1,9926.9,9941.7,11692
2026-03-20 16:00:00+00:00,9941.2,9954.8,9925.0,9928.2,11500
2026-03-20 16:15:00+00:00,9928.4,9938.2,9913.8,9915.5,11844
2026-03-20 16:30:00+00:00,9916.3,9923.2,9877.6,9886.0,17024
2026-03-20 16:45:00+00:00,9886.3,9908.6,9880.6,9900.8,8148
2026-03-20 17:00:00+00:00,9901.8,9912.1,9887.2,9897.9,9592
2026-03-20 17:15:00+00:00,9898.1,9907.6,9883.4,9890.1,6472
2026-03-20 17:30:00+00:00,9889.6,9895.8,9867.8,9880.2,5308
2026-03-20 17:45:00+00:00,9880.4,9894.0,9874.5,9889.3,4568
2026-03-20 18:00:00+00:00,9889.8,9894.0,9868.1,9869.3,4016
2026-03-20 18:15:00+00:00,9869.8,9872.3,9830.7,9848.8,7532
2026-03-20 18:30:00+00:00,9848.5,9852.0,9835.2,9838.9,4924
2026-03-20 18:45:00+00:00,9838.7,9843.6,9830.8,9838.2,4456
2026-03-20 19:00:00+00:00,9838.4,9848.1,9831.0,9837.7,4020
2026-03-20 19:15:00+00:00,9838.2,9841.7,9816.7,9820.4,4148
2026-03-20 19:30:00+00:00,9820.9,9828.8,9797.2,9827.3,5400
2026-03-20 19:45:00+00:00,9826.8,9858.8,9814.5,9851.8,5572
2026-03-20 20:00:00+00:00,9852.1,9858.3,9844.4,9857.8,2296
2026-03-20 20:15:00+00:00,9858.3,9860.8,9846.9,9848.6,1352
2026-03-20 20:30:00+00:00,9848.4,9851.6,9842.3,9845.5,988
2026-03-20 20:45:00+00:00,9845.0,9853.3,9833.0,9840.8,2472
2026-03-22 22:00:00+00:00,9784.8,9797.4,9781.0,9790.0,3996
2026-03-22 22:15:00+00:00,9789.8,9821.9,9789.6,9814.6,5848
2026-03-22 22:30:00+00:00,9815.1,9819.8,9801.3,9802.6,4964
2026-03-22 22:45:00+00:00,9802.5,9810.2,9802.4,9804.5,3832
2026-03-22 23:00:00+00:00,9804.3,9814.0,9804.3,9813.2,3656
2026-03-22 23:15:00+00:00,9812.9,9814.2,9801.5,9802.4,3304
2026-03-22 23:30:00+00:00,9802.3,9805.9,9799.5,9802.1,2892
2026-03-22 23:45:00+00:00,9802.3,9802.4,9789.7,9800.6,5308
2026-03-23 00:00:00+00:00,9801.3,9815.3,9794.6,9811.9,6468
2026-03-23 00:15:00+00:00,9812.4,9817.4,9806.4,9809.0,5536
2026-03-23 00:30:00+00:00,9809.3,9812.2,9792.0,9799.2,6240
2026-03-23 00:45:00+00:00,9798.9,9801.3,9787.7,9793.8,5996
2026-03-23 01:00:00+00:00,9783.1,9825.6,9775.4,9825.5,14532
2026-03-23 01:15:00+00:00,9825.5,9848.5,9824.6,9843.1,11012
2026-03-23 01:30:00+00:00,9842.8,9860.1,9835.0,9850.3,13424
2026-03-23 01:45:00+00:00,9850.6,9854.1,9839.1,9843.7,11148
2026-03-23 02:00:00+00:00,9843.9,9855.3,9836.1,9838.2,10380
2026-03-23 02:15:00+00:00,9838.5,9845.7,9831.4,9839.2,10464
2026-03-23 02:30:00+00:00,9839.2,9839.2,9822.8,9825.1,8236
2026-03-23 02:45:00+00:00,9825.0,9827.3,9816.0,9819.6,7480
2026-03-23 03:00:00+00:00,9820.0,9826.5,9809.1,9810.0,7600
2026-03-23 03:15:00+00:00,9810.2,9816.5,9806.9,9808.0,7072
2026-03-23 03:30:00+00:00,9808.0,9808.8,9800.2,9805.4,8584
2026-03-23 03:45:00+00:00,9805.6,9806.5,9789.2,9794.1,7188
2026-03-23 04:00:00+00:00,9794.0,9797.7,9791.5,9797.2,7140
2026-03-23 04:15:00+00:00,9797.2,9799.3,9794.3,9797.7,6372
2026-03-23 04:30:00+00:00,9797.9,9803.3,9796.3,9796.3,5632
2026-03-23 04:45:00+00:00,9796.3,9811.4,9796.3,9811.4,6696
2026-03-23 05:00:00+00:00,9811.2,9825.5,9807.0,9811.1,8428
2026-03-23 05:15:00+00:00,9811.0,9813.2,9801.4,9803.9,6508
2026-03-23 05:30:00+00:00,9803.9,9807.5,9794.6,9801.0,9304
2026-03-23 05:45:00+00:00,9800.8,9805.1,9791.0,9803.3,8072
2026-03-23 06:00:00+00:00,9803.5,9806.0,9796.8,9801.8,3476
2026-03-23 06:15:00+00:00,9802.0,9810.8,9800.8,9802.8,3860
2026-03-23 06:30:00+00:00,9802.5,9803.0,9789.5,9790.0,3140
2026-03-23 06:45:00+00:00,9790.3,9792.0,9776.5,9782.0,2224
2026-03-23 07:00:00+00:00,9780.3,9798.5,9761.5,9792.5,4160
2026-03-23 07:15:00+00:00,9792.0,9795.5,9768.0,9773.8,4684
2026-03-23 07:30:00+00:00,9773.5,9784.3,9768.0,9783.0,4976
2026-03-23 07:45:00+00:00,9783.8,9794.5,9759.5,9775.8,6052
2026-03-23 08:00:00+00:00,9775.5,9796.0,9765.5,9788.0,21120
2026-03-23 08:15:00+00:00,9787.5,9796.5,9742.2,9742.2,16568
2026-03-23 08:30:00+00:00,9741.9,9782.7,9741.2,9751.4,14728
2026-03-23 08:45:00+00:00,9751.2,9776.7,9746.7,9748.9,11536
2026-03-23 09:00:00+00:00,9747.9,9756.8,9731.0,9745.3,12156
2026-03-23 09:15:00+00:00,9745.8,9769.4,9736.2,9747.4,12108
2026-03-23 09:30:00+00:00,9747.1,9749.5,9710.2,9718.0,10720
2026-03-23 09:45:00+00:00,9718.5,9735.0,9705.4,9708.9,9396
2026-03-23 10:00:00+00:00,9708.4,9722.9,9697.6,9699.1,10192
2026-03-23 10:15:00+00:00,9698.9,9703.4,9676.4,9677.5,8356
2026-03-23 10:30:00+00:00,9677.3,9696.0,9670.1,9677.1,8040
2026-03-23 10:45:00+00:00,9676.6,9703.1,9669.7,9685.7,9684
2026-03-23 11:00:00+00:00,9686.2,9982.2,9686.2,9967.9,22576
2026-03-23 11:15:00+00:00,9967.6,9985.1,9896.5,9932.8,27672
2026-03-23 11:30:00+00:00,9932.5,9991.5,9913.3,9918.3,28616
2026-03-23 11:45:00+00:00,9918.8,9932.8,9883.8,9895.3,27908
2026-03-23 12:00:00+00:00,9894.5,9910.3,9865.0,9865.0,26272
2026-03-23 12:15:00+00:00,9864.8,9943.5,9863.5,9939.8,15152
2026-03-23 12:30:00+00:00,9939.0,9963.3,9899.0,9960.3,22512
2026-03-23 12:45:00+00:00,9963.3,9984.5,9953.0,9975.0,19496
2026-03-23 13:00:00+00:00,9974.5,9988.4,9968.4,9971.6,16460
2026-03-23 13:15:00+00:00,9972.8,9980.1,9934.3,9939.4,12472
2026-03-23 13:30:00+00:00,9938.4,9978.5,9922.8,9955.5,26088
2026-03-23 13:45:00+00:00,9955.3,9978.3,9948.7,9973.3,19400
2026-03-23 14:00:00+00:00,9973.0,9996.7,9969.4,9976.2,17248
2026-03-23 14:15:00+00:00,9976.4,10011.0,9972.7,9985.1,11304
2026-03-23 14:30:00+00:00,9985.4,9993.0,9957.8,9989.4,12188
2026-03-23 14:45:00+00:00,9988.9,10020.5,9981.7,10009.1,10640
2026-03-23 15:00:00+00:00,10009.4,10038.1,10008.1,10026.3,9072
2026-03-23 15:15:00+00:00,10025.8,10028.6,9991.7,9997.8,10528
2026-03-23 15:30:00+00:00,9997.5,10007.4,9974.1,9974.7,10960
2026-03-23 15:45:00+00:00,9974.2,9980.1,9921.3,9923.0,16200
2026-03-23 16:00:00+00:00,9922.3,9937.4,9914.2,9928.9,16840
2026-03-23 16:15:00+00:00,9928.7,9932.5,9894.4,9894.7,13100
2026-03-23 16:30:00+00:00,9893.9,9916.8,9885.5,9915.8,14160
2026-03-23 16:45:00+00:00,9916.1,9925.7,9907.5,9917.7,9740
2026-03-23 17:00:00+00:00,9918.0,9931.9,9903.7,9921.4,8148
2026-03-23 17:15:00+00:00,9922.4,9946.4,9916.4,9944.9,6420
2026-03-23 17:30:00+00:00,9944.6,9981.5,9944.1,9960.0,5800
2026-03-23 17:45:00+00:00,9959.7,9964.0,9949.6,9960.7,4680
2026-03-23 18:00:00+00:00,9960.3,9962.0,9931.6,9948.9,5684
2026-03-23 18:15:00+00:00,9949.1,9951.1,9939.2,9942.5,4704
2026-03-23 18:30:00+00:00,9942.7,9985.0,9942.7,9983.3,4808
2026-03-23 18:45:00+00:00,9983.5,9990.7,9970.9,9971.4,3344
2026-03-23 19:00:00+00:00,9971.2,9971.7,9961.1,9962.0,2808
2026-03-23 19:15:00+00:00,9961.8,9963.3,9941.3,9945.5,2672
2026-03-23 19:30:00+00:00,9946.0,9957.9,9945.7,9957.6,2548
2026-03-23 19:45:00+00:00,9957.1,9966.5,9941.3,9944.8,3548
2026-03-23 20:00:00+00:00,9943.5,9945.0,9933.1,9939.8,1996
2026-03-23 20:15:00+00:00,9940.1,9943.8,9939.6,9941.3,1000
2026-03-23 20:30:00+00:00,9941.6,9951.2,9940.6,9950.5,668
2026-03-23 20:45:00+00:00,9950.2,9951.2,9946.5,9950.5,904
2026-03-23 22:00:00+00:00,9945.2,9955.6,9942.7,9954.2,2356
2026-03-23 22:15:00+00:00,9954.3,9959.1,9952.1,9958.6,1696
2026-03-23 22:30:00+00:00,9958.2,9961.3,9954.7,9960.4,1788
2026-03-23 22:45:00+00:00,9960.5,9973.6,9960.1,9971.1,2348
2026-03-23 23:00:00+00:00,9970.8,9970.8,9965.0,9965.5,2396
2026-03-23 23:15:00+00:00,9965.7,9967.8,9963.9,9964.6,1888
2026-03-23 23:30:00+00:00,9964.5,9966.3,9960.9,9965.8,2188
2026-03-23 23:45:00+00:00,9965.7,9966.5,9956.0,9963.6,4140
2026-03-24 00:00:00+00:00,9963.0,9963.5,9942.7,9942.8,6208
2026-03-24 00:15:00+00:00,9943.0,9943.5,9918.8,9936.9,6344
2026-03-24 00:30:00+00:00,9937.0,9939.7,9903.5,9920.4,7176
2026-03-24 00:45:00+00:00,9920.3,9924.9,9917.2,9919.7,6176
2026-03-24 01:00:00+00:00,9891.6,9895.3,9857.1,9863.4,12836
2026-03-24 01:15:00+00:00,9863.2,9882.9,9852.0,9878.3,12088
2026-03-24 01:30:00+00:00,9878.1,9878.1,9837.0,9838.9,12060
2026-03-24 01:45:00+00:00,9838.7,9846.3,9829.8,9844.4,11024
2026-03-24 02:00:00+00:00,9844.4,9850.9,9832.3,9837.5,11712
2026-03-24 02:15:00+00:00,9837.4,9856.1,9831.5,9849.2,10320
2026-03-24 02:30:00+00:00,9849.2,9862.0,9847.4,9860.2,8264
2026-03-24 02:45:00+00:00,9860.2,9862.9,9845.0,9846.2,7932
2026-03-24 03:00:00+00:00,9846.0,9846.5,9836.5,9841.8,6784
2026-03-24 03:15:00+00:00,9841.8,9854.2,9841.5,9852.5,6164
2026-03-24 03:30:00+00:00,9852.4,9856.4,9838.7,9853.7,8212
2026-03-24 03:45:00+00:00,9853.6,9866.3,9851.5,9866.1,6568
2026-03-24 04:00:00+00:00,9866.1,9873.1,9865.3,9870.6,5448
2026-03-24 04:15:00+00:00,9870.6,9870.6,9856.9,9858.8,5152
2026-03-24 04:30:00+00:00,9858.7,9860.8,9855.6,9857.3,5112
2026-03-24 04:45:00+00:00,9857.2,9864.2,9856.7,9860.2,4672
2026-03-24 05:00:00+00:00,9860.2,9861.4,9831.2,9845.4,8864
2026-03-24 05:15:00+00:00,9845.5,9863.4,9830.3,9831.1,9864
2026-03-24 05:30:00+00:00,9831.7,9862.6,9830.1,9856.1,7832
2026-03-24 05:45:00+00:00,9856.0,9861.7,9853.2,9858.0,6976
2026-03-24 06:00:00+00:00,9858.2,9868.4,9853.3,9866.9,2092
2026-03-24 06:15:00+00:00,9866.7,9886.7,9866.2,9881.8,1868
2026-03-24 06:30:00+00:00,9882.0,9893.9,9880.8,9890.0,1696
2026-03-24 06:45:00+00:00,9889.0,9898.4,9883.3,9895.9,2228
2026-03-24 07:00:00+00:00,9896.2,9921.4,9893.2,9916.2,3824
2026-03-24 07:15:00+00:00,9916.0,9926.1,9908.3,9912.5,4368
2026-03-24 07:30:00+00:00,9912.8,9915.7,9898.2,9907.1,3412
2026-03-24 07:45:00+00:00,9906.9,9913.1,9897.7,9904.2,4520
2026-03-24 08:00:00+00:00,9906.9,9939.0,9895.4,9927.9,13772
2026-03-24 08:15:00+00:00,9929.4,9935.6,9890.9,9897.3,10336
2026-03-24 08:30:00+00:00,9897.1,9917.2,9886.1,9893.7,10704
2026-03-24 08:45:00+00:00,9893.4,9913.0,9877.2,9879.7,10180
2026-03-24 09:00:00+00:00,9880.5,9884.7,9838.5,9839.3,10196
2026-03-24 09:15:00+00:00,9839.5,9864.6,9836.7,9863.9,8644
2026-03-24 09:30:00+00:00,9864.1,9880.0,9857.6,9873.6,8200
2026-03-24 09:45:00+00:00,9873.9,9906.5,9866.0,9899.0,6664
2026-03-24 10:00:00+00:00,9899.5,9911.4,9879.3,9904.7,6924
2026-03-24 10:15:00+00:00,9904.9,9910.6,9894.8,9896.9,6524
2026-03-24 10:30:00+00:00,9897.1,9917.2,9888.5,9915.2,6856
2026-03-24 10:45:00+00:00,9914.9,9920.4,9896.8,9908.7,5060
2026-03-24 11:00:00+00:00,9908.9,9923.3,9897.5,9912.8,6648
2026-03-24 11:15:00+00:00,9913.0,9915.6,9896.6,9913.1,5808
2026-03-24 11:30:00+00:00,9912.9,9921.3,9907.8,9909.8,5640
2026-03-24 11:45:00+00:00,9910.3,9929.4,9884.3,9922.8,8060
2026-03-24 12:00:00+00:00,9922.6,9928.8,9898.8,9912.0,6596
2026-03-24 12:15:00+00:00,9912.4,9920.9,9906.6,9910.0,6164
2026-03-24 12:30:00+00:00,9909.8,9911.0,9864.3,9864.3,7164
2026-03-24 12:45:00+00:00,9864.8,9875.3,9860.2,9865.2,8140
2026-03-24 13:00:00+00:00,9864.7,9875.2,9842.3,9865.3,10788
2026-03-24 13:15:00+00:00,9865.8,9869.7,9850.0,9862.0,7580
2026-03-24 13:30:00+00:00,9861.5,9890.2,9855.3,9865.5,16484
2026-03-24 13:45:00+00:00,9865.3,9888.8,9846.8,9888.8,14344
2026-03-24 14:00:00+00:00,9888.5,9915.2,9887.8,9902.3,9972
2026-03-24 14:15:00+00:00,9902.1,9911.1,9894.3,9906.6,10780
2026-03-24 14:30:00+00:00,9906.1,9925.4,9902.8,9919.0,9940
2026-03-24 14:45:00+00:00,9918.7,9955.8,9904.9,9943.5,20596
2026-03-24 15:00:00+00:00,9943.7,9954.9,9932.0,9941.7,14624
2026-03-24 15:15:00+00:00,9942.2,9962.4,9937.3,9954.2,8996
2026-03-24 15:30:00+00:00,9953.7,9965.4,9944.0,9963.5,7468
2026-03-24 15:45:00+00:00,9963.7,9974.5,9932.0,9932.0,7496
2026-03-24 16:00:00+00:00,9931.5,9936.1,9925.3,9931.6,8728
2026-03-24 16:15:00+00:00,9931.4,9954.1,9931.4,9953.6,6576
2026-03-24 16:30:00+00:00,9953.9,9966.8,9941.4,9964.3,9744
2026-03-24 16:45:00+00:00,9964.8,9971.8,9951.9,9956.6,6220
2026-03-24 17:00:00+00:00,9956.9,9959.6,9917.4,9923.9,10824
2026-03-24 17:15:00+00:00,9924.2,9932.2,9920.1,9932.0,6688
2026-03-24 17:30:00+00:00,9931.5,9939.7,9919.1,9921.6,4808
2026-03-24 17:45:00+00:00,9921.1,9944.9,9919.1,9943.4,7556
2026-03-24 18:00:00+00:00,9942.9,9951.8,9940.7,9944.6,4028
2026-03-24 18:15:00+00:00,9944.9,9956.0,9936.7,9950.6,4244
2026-03-24 18:30:00+00:00,9950.8,9975.6,9949.6,9961.0,4980
2026-03-24 18:45:00+00:00,9961.2,9965.7,9949.6,9954.8,3208
2026-03-24 19:00:00+00:00,9954.6,9985.5,9954.6,9977.3,3428
2026-03-24 19:15:00+00:00,9977.1,9977.1,9956.1,9958.3,2432
2026-03-24 19:30:00+00:00,9958.5,9964.2,9952.9,9956.3,3616
2026-03-24 19:45:00+00:00,9956.1,9958.6,9935.1,9937.3,2984
2026-03-24 20:00:00+00:00,9937.5,9942.5,9936.6,9937.8,1036
2026-03-24 20:15:00+00:00,9938.3,10028.6,9934.6,9992.2,8136
2026-03-24 20:30:00+00:00,9992.0,10027.6,9992.0,10001.9,5600
2026-03-24 20:45:00+00:00,10002.1,10008.1,9986.6,10006.4,3664
2026-03-24 22:00:00+00:00,10016.6,10022.5,10013.5,10014.1,2580
2026-03-24 22:15:00+00:00,10013.8,10013.8,10002.2,10007.2,3444
2026-03-24 22:30:00+00:00,10007.3,10014.6,10007.3,10014.3,2140
2026-03-24 22:45:00+00:00,10014.4,10016.5,10011.9,10016.2,1508
2026-03-24 23:00:00+00:00,10016.1,10016.7,10009.4,10012.6,2572
2026-03-24 23:15:00+00:00,10012.8,10019.9,10012.7,10016.8,1856
2026-03-24 23:30:00+00:00,10016.9,10018.5,10011.8,10012.6,2336
2026-03-24 23:45:00+00:00,10012.5,10013.9,10011.0,10011.8,2116
2026-03-25 00:00:00+00:00,10012.0,10022.5,10006.4,10020.3,4964
2026-03-25 00:15:00+00:00,10020.2,10023.0,10013.6,10016.9,4352
2026-03-25 00:30:00+00:00,10017.0,10035.0,10007.7,10030.7,5116
2026-03-25 00:45:00+00:00,10030.8,10033.3,10027.1,10030.1,3460
2026-03-25 01:00:00+00:00,10033.3,10043.2,10029.2,10033.0,7968
2026-03-25 01:15:00+00:00,10033.7,10043.0,10032.9,10039.9,6700
2026-03-25 01:30:00+00:00,10040.1,10050.1,10034.8,10042.2,8236
2026-03-25 01:45:00+00:00,10041.8,10046.5,10036.7,10037.6,5912
2026-03-25 02:00:00+00:00,10037.4,10037.4,10013.9,10018.0,7652
2026-03-25 02:15:00+00:00,10017.9,10026.9,10017.2,10024.1,5848
2026-03-25 02:30:00+00:00,10024.1,10024.1,10016.0,10016.1,5008
2026-03-25 02:45:00+00:00,10016.1,10019.4,10006.4,10008.7,5412
2026-03-25 03:00:00+00:00,10008.7,10013.6,10002.7,10006.3,5328
2026-03-25 03:15:00+00:00,10006.3,10006.5,10000.7,10003.0,4668
2026-03-25 03:30:00+00:00,10002.9,10008.6,10001.1,10007.0,4864
2026-03-25 03:45:00+00:00,10007.0,10015.4,10006.0,10013.7,4216
2026-03-25 04:00:00+00:00,10014.0,10021.5,10012.1,10020.9,3876
2026-03-25 04:15:00+00:00,10020.7,10027.5,10019.4,10027.5,4056
2026-03-25 04:30:00+00:00,10027.5,10028.8,10024.0,10025.9,3684
2026-03-25 04:45:00+00:00,10025.7,10027.4,10020.1,10026.3,4100
2026-03-25 05:00:00+00:00,10026.5,10026.6,10012.7,10022.1,5752
2026-03-25 05:15:00+00:00,10022.1,10022.3,10010.9,10014.9,5400
2026-03-25 05:30:00+00:00,10014.1,10030.3,10013.7,10029.6,5776
2026-03-25 05:45:00+00:00,10029.4,10030.9,10019.8,10023.3,5548
2026-03-25 06:00:00+00:00,10023.7,10024.9,10006.8,10011.5,1812
2026-03-25 06:15:00+00:00,10011.8,10018.2,10011.8,10016.7,1372
2026-03-25 06:30:00+00:00,10017.0,10018.7,10011.6,10017.7,2072
2026-03-25 06:45:00+00:00,10018.2,10024.4,10017.3,10020.7,936
2026-03-25 07:00:00+00:00,10021.0,10021.0,9999.7,10011.1,2080
2026-03-25 07:15:00+00:00,10010.6,10015.3,9997.2,10002.4,2108
2026-03-25 07:30:00+00:00,10002.7,10026.2,10002.4,10022.8,2244
2026-03-25 07:45:00+00:00,10023.2,10038.3,10018.1,10038.3,2664
2026-03-25 08:00:00+00:00,10038.1,10061.0,10022.5,10055.0,11516
2026-03-25 08:15:00+00:00,10054.7,10070.4,10054.2,10056.4,6404
2026-03-25 08:30:00+00:00,10056.7,10081.0,10054.7,10066.5,9380
2026-03-25 08:45:00+00:00,10064.7,10080.3,10055.5,10063.4,6544
2026-03-25 09:00:00+00:00,10063.6,10077.4,10056.4,10073.2,4880
2026-03-25 09:15:00+00:00,10073.0,10078.8,10045.9,10053.6,5108
2026-03-25 09:30:00+00:00,10054.4,10067.5,10048.4,10049.9,4924
2026-03-25 09:45:00+00:00,10050.6,10063.2,10037.9,10057.6,6964
2026-03-25 10:00:00+00:00,10058.4,10078.7,10057.1,10078.2,5204
2026-03-25 10:15:00+00:00,10077.7,10083.9,10070.0,10075.4,4192
2026-03-25 10:30:00+00:00,10075.6,10089.5,10071.9,10076.8,4056
2026-03-25 10:45:00+00:00,10076.6,10090.1,10073.9,10083.1,3328
2026-03-25 11:00:00+00:00,10083.3,10095.3,10079.8,10089.3,3404
2026-03-25 11:15:00+00:00,10089.5,10102.7,10086.5,10096.6,3096
2026-03-25 11:30:00+00:00,10096.8,10111.8,10096.8,10109.3,2824
2026-03-25 11:45:00+00:00,10108.8,10112.2,10088.6,10108.4,7672
2026-03-25 12:00:00+00:00,10108.9,10119.1,10104.1,10113.4,5076
2026-03-25 12:15:00+00:00,10113.9,10114.4,10061.8,10070.1,13964
2026-03-25 12:30:00+00:00,10069.9,10082.7,10050.2,10073.7,7640
2026-03-25 12:45:00+00:00,10074.1,10099.8,10069.2,10087.8,5284
2026-03-25 13:00:00+00:00,10088.0,10105.6,10082.2,10089.5,6084
2026-03-25 13:15:00+00:00,10090.0,10094.4,10085.9,10089.8,4324
2026-03-25 13:30:00+00:00,10090.1,10102.5,10083.8,10087.2,9644
2026-03-25 13:45:00+00:00,10087.5,10091.7,10066.3,10076.1,10088
2026-03-25 14:00:00+00:00,10075.4,10103.0,10066.3,10102.5,10700
2026-03-25 14:15:00+00:00,10103.0,10109.9,10086.9,10101.0,9036
2026-03-25 14:30:00+00:00,10101.3,10114.6,10096.1,10106.3,8140
2026-03-25 14:45:00+00:00,10106.8,10115.2,10090.6,10095.7,5844
2026-03-25 15:00:00+00:00,10096.0,10096.5,10062.5,10063.8,8136
2026-03-25 15:15:00+00:00,10063.3,10095.1,10041.4,10094.6,10784
2026-03-25 15:30:00+00:00,10094.9,10097.8,10078.2,10091.4,5968
2026-03-25 15:45:00+00:00,10091.7,10093.7,10076.5,10080.0,7500
2026-03-25 16:00:00+00:00,10081.2,10086.4,10073.4,10081.0,7740
2026-03-25 16:15:00+00:00,10080.8,10093.9,10068.3,10092.2,9772
2026-03-25 16:30:00+00:00,10092.4,10121.4,10092.2,10113.9,9940
2026-03-25 16:45:00+00:00,10114.1,10115.4,10103.2,10109.9,4312
2026-03-25 17:00:00+00:00,10110.4,10124.3,10107.2,10122.1,4720
2026-03-25 17:15:00+00:00,10121.8,10125.6,10111.2,10122.8,3156
2026-03-25 17:30:00+00:00,10123.1,10130.0,10117.2,10124.3,3228
2026-03-25 17:45:00+00:00,10124.6,10124.8,10107.3,10110.7,3500
2026-03-25 18:00:00+00:00,10110.5,10116.4,10104.3,10106.8,1868
2026-03-25 18:15:00+00:00,10107.0,10113.0,10100.9,10102.9,1672
2026-03-25 18:30:00+00:00,10103.8,10107.8,10102.4,10105.3,1364
2026-03-25 18:45:00+00:00,10105.1,10109.6,10092.2,10106.3,3236
2026-03-25 19:00:00+00:00,10105.9,10114.8,10102.9,10114.3,2488
2026-03-25 19:15:00+00:00,10114.0,10121.2,10113.3,10113.8,1352
2026-03-25 19:30:00+00:00,10113.5,10113.8,10101.4,10106.6,1448
2026-03-25 19:45:00+00:00,10106.4,10112.1,10098.5,10110.8,2060
2026-03-25 20:00:00+00:00,10111.1,10115.6,10108.4,10110.6,608
2026-03-25 20:15:00+00:00,10110.9,10114.8,10106.7,10106.9,564
2026-03-25 20:30:00+00:00,10107.2,10109.2,10105.0,10105.0,520
2026-03-25 20:45:00+00:00,10105.2,10107.0,10101.0,10105.5,572
2026-03-25 22:00:00+00:00,10089.9,10090.9,10085.3,10086.7,1380
2026-03-25 22:15:00+00:00,10086.4,10086.4,10081.6,10082.9,1568
2026-03-25 22:30:00+00:00,10083.1,10087.2,10082.8,10087.1,1172
2026-03-25 22:45:00+00:00,10087.2,10088.5,10081.9,10082.7,1736
2026-03-25 23:00:00+00:00,10082.8,10086.4,10080.5,10081.3,1836
2026-03-25 23:15:00+00:00,10081.1,10081.6,10076.3,10079.7,1792
2026-03-25 23:30:00+00:00,10079.6,10081.1,10075.7,10075.7,1508
2026-03-25 23:45:00+00:00,10075.5,10084.5,10074.1,10082.9,2508
2026-03-26 00:00:00+00:00,10083.6,10086.7,10082.1,10086.7,2860
2026-03-26 00:15:00+00:00,10086.5,10104.0,10086.1,10099.3,3044
2026-03-26 00:30:00+00:00,10099.1,10102.5,10096.7,10096.9,2044
2026-03-26 00:45:00+00:00,10096.7,10098.2,10086.7,10089.9,2856
2026-03-26 01:00:00+00:00,10098.5,10103.2,10090.4,10090.9,7052
2026-03-26 01:15:00+00:00,10090.9,10092.0,10083.8,10087.6,5820
2026-03-26 01:30:00+00:00,10087.6,10088.1,10080.4,10080.4,6184
2026-03-26 01:45:00+00:00,10080.5,10082.3,10075.4,10079.2,5512
2026-03-26 02:00:00+00:00,10079.2,10083.9,10077.0,10077.6,5868
2026-03-26 02:15:00+00:00,10077.5,10078.0,10062.0,10063.3,6612
2026-03-26 02:30:00+00:00,10062.7,10063.9,10044.5,10051.3,9052
2026-03-26 02:45:00+00:00,10051.5,10057.6,10046.6,10048.7,6208
2026-03-26 03:00:00+00:00,10048.6,10057.8,10047.7,10057.3,5152
2026-03-26 03:15:00+00:00,10057.3,10062.2,10054.4,10060.3,4448
2026-03-26 03:30:00+00:00,10060.3,10075.3,10059.4,10072.3,7688
2026-03-26 03:45:00+00:00,10072.3,10074.2,10058.2,10060.6,5340
2026-03-26 04:00:00+00:00,10060.5,10062.6,10058.4,10061.7,4888
2026-03-26 04:15:00+00:00,10061.5,10065.6,10060.2,10064.9,3988
2026-03-26 04:30:00+00:00,10064.9,10065.6,10059.5,10060.0,3500
2026-03-26 04:45:00+00:00,10059.8,10061.5,10056.0,10057.8,4268
2026-03-26 05:00:00+00:00,10058.0,10063.1,10051.3,10054.4,6956
2026-03-26 05:15:00+00:00,10054.4,10056.5,10041.2,10044.8,6220
2026-03-26 05:30:00+00:00,10044.9,10050.3,10040.8,10045.2,6612
2026-03-26 05:45:00+00:00,10045.2,10046.4,10041.6,10041.6,5548
2026-03-26 06:00:00+00:00,10041.6,10049.8,10037.3,10044.8,1916
2026-03-26 06:15:00+00:00,10045.1,10063.1,10044.3,10060.8,1656
2026-03-26 06:30:00+00:00,10060.3,10066.1,10056.3,10058.8,1328
2026-03-26 06:45:00+00:00,10059.3,10062.6,10054.3,10060.8,1144
2026-03-26 07:00:00+00:00,10060.6,10062.8,10044.3,10049.6,1976
2026-03-26 07:15:00+00:00,10049.1,10058.8,10035.8,10054.1,2284
2026-03-26 07:30:00+00:00,10053.8,10053.8,10040.3,10045.3,1876
2026-03-26 07:45:00+00:00,10045.6,10050.6,10038.6,10042.3,2160
2026-03-26 08:00:00+00:00,10041.3,10049.3,10022.8,10027.3,10792
2026-03-26 08:15:00+00:00,10028.3,10042.8,10018.1,10020.3,7272
2026-03-26 08:30:00+00:00,10021.1,10027.3,10011.8,10014.0,7564
2026-03-26 08:45:00+00:00,10013.5,10031.5,10006.5,10023.5,3808
2026-03-26 09:00:00+00:00,10023.3,10029.5,10007.3,10014.5,4660
2026-03-26 09:15:00+00:00,10014.3,10019.5,9995.3,9995.5,4340
2026-03-26 09:30:00+00:00,9995.3,9995.5,9969.8,9980.3,5760
2026-03-26 09:45:00+00:00,9980.8,9992.3,9972.3,9988.3,3112
2026-03-26 10:00:00+00:00,9987.0,10003.3,9975.8,10003.3,3740
2026-03-26 10:15:00+00:00,10003.8,10010.6,9995.6,10009.1,2928
2026-03-26 10:30:00+00:00,10009.6,10018.2,10002.2,10002.2,3932
2026-03-26 10:45:00+00:00,10002.3,10006.2,9994.3,9999.4,2852
2026-03-26 11:00:00+00:00,10000.7,10004.1,9990.4,9990.7,3268
2026-03-26 11:15:00+00:00,9990.9,9993.8,9971.3,9975.7,3672
2026-03-26 11:30:00+00:00,9976.0,9978.5,9966.4,9971.3,4156
2026-03-26 11:45:00+00:00,9971.8,9975.4,9962.3,9962.6,3420
2026-03-26 12:00:00+00:00,9963.1,9986.3,9952.0,9981.8,4796
2026-03-26 12:15:00+00:00,9981.3,9985.8,9975.2,9976.6,3660
2026-03-26 12:30:00+00:00,9975.7,9976.6,9960.2,9966.1,4800
2026-03-26 12:45:00+00:00,9966.9,9982.0,9966.9,9980.5,4384
2026-03-26 13:00:00+00:00,9980.3,9982.9,9969.0,9974.6,5840
2026-03-26 13:15:00+00:00,9974.6,9981.8,9967.0,9971.3,4152
2026-03-26 13:30:00+00:00,9971.6,9990.2,9967.9,9990.2,10900
2026-03-26 13:45:00+00:00,9990.5,10014.3,9990.0,10011.4,11332
2026-03-26 14:00:00+00:00,10011.1,10014.0,9993.6,10014.0,9520
2026-03-26 14:15:00+00:00,10013.7,10020.0,10006.4,10007.8,4908
2026-03-26 14:30:00+00:00,10008.3,10028.8,9999.9,10004.5,9940
2026-03-26 14:45:00+00:00,10004.3,10009.6,9980.8,9995.8,10832
2026-03-26 15:00:00+00:00,9995.6,9998.8,9981.8,9989.7,9136
2026-03-26 15:15:00+00:00,9990.0,9991.7,9977.2,9987.7,6520
2026-03-26 15:30:00+00:00,9988.0,9989.2,9967.5,9971.6,5512
2026-03-26 15:45:00+00:00,9971.9,9987.9,9967.2,9973.7,7112
2026-03-26 16:00:00+00:00,9973.9,9991.3,9971.5,9987.4,4604
2026-03-26 16:15:00+00:00,9987.2,9987.4,9958.8,9968.5,7156
2026-03-26 16:30:00+00:00,9969.0,9977.8,9954.0,9969.9,9116
2026-03-26 16:45:00+00:00,9970.2,9972.9,9957.8,9964.0,3860
2026-03-26 17:00:00+00:00,9963.5,9975.4,9960.6,9960.6,3820
2026-03-26 17:15:00+00:00,9960.8,9962.1,9943.3,9952.7,2508
2026-03-26 17:30:00+00:00,9952.4,9957.6,9944.8,9946.5,2052
2026-03-26 17:45:00+00:00,9946.7,9949.0,9937.4,9939.3,2680
2026-03-26 18:00:00+00:00,9939.6,9952.9,9939.6,9951.7,2124
2026-03-26 18:15:00+00:00,9951.5,9955.2,9947.3,9952.2,1684
2026-03-26 18:30:00+00:00,9952.5,9972.3,9952.5,9972.0,2152
2026-03-26 18:45:00+00:00,9971.5,9975.5,9967.1,9974.0,2072
2026-03-26 19:00:00+00:00,9974.5,9974.5,9942.6,9949.0,2516
2026-03-26 19:15:00+00:00,9949.3,9959.7,9948.3,9955.0,2408
2026-03-26 19:30:00+00:00,9955.2,9957.2,9943.9,9949.8,2188
2026-03-26 19:45:00+00:00,9950.3,9952.3,9931.0,9935.2,3116
2026-03-26 20:00:00+00:00,9935.0,10009.5,9932.7,9977.3,4812
2026-03-26 20:15:00+00:00,9977.1,9985.0,9948.6,9963.5,5376
2026-03-26 20:30:00+00:00,9963.7,9972.9,9961.5,9969.7,2004
2026-03-26 20:45:00+00:00,9969.4,9969.7,9948.9,9949.6,1800
2026-03-26 22:00:00+00:00,9954.8,9960.7,9951.0,9960.5,2452
2026-03-26 22:15:00+00:00,9960.4,9963.5,9952.4,9956.2,3276
2026-03-26 22:30:00+00:00,9955.6,9962.7,9952.4,9957.0,3108
2026-03-26 22:45:00+00:00,9957.2,9964.0,9954.5,9960.1,2632
2026-03-26 23:00:00+00:00,9959.9,9962.6,9956.0,9957.8,2612
2026-03-26 23:15:00+00:00,9957.7,9961.4,9955.1,9956.8,2544
2026-03-26 23:30:00+00:00,9956.7,9965.4,9956.7,9963.8,2204
2026-03-26 23:45:00+00:00,9963.7,9969.2,9962.5,9966.4,2416
2026-03-27 00:00:00+00:00,9966.6,9973.3,9966.6,9966.9,3800
2026-03-27 00:15:00+00:00,9967.2,9967.3,9951.6,9955.8,5744
2026-03-27 00:30:00+00:00,9956.5,9958.7,9948.7,9950.7,5048
2026-03-27 00:45:00+00:00,9950.8,9954.3,9948.5,9951.5,4384
2026-03-27 01:00:00+00:00,9945.8,9970.6,9939.6,9969.9,7416
2026-03-27 01:15:00+00:00,9970.0,9974.2,9966.0,9968.6,6152
2026-03-27 01:30:00+00:00,9968.5,9977.4,9968.4,9976.1,6228
2026-03-27 01:45:00+00:00,9975.9,9977.6,9968.0,9975.8,5500
2026-03-27 02:00:00+00:00,9976.0,9985.7,9976.0,9982.6,5828
2026-03-27 02:15:00+00:00,9982.5,9984.8,9977.8,9981.7,6380
2026-03-27 02:30:00+00:00,9981.6,9989.6,9981.0,9986.0,5548
2026-03-27 02:45:00+00:00,9986.0,9989.8,9982.3,9982.5,4860
2026-03-27 03:00:00+00:00,9982.5,9985.8,9978.6,9982.9,5228
2026-03-27 03:15:00+00:00,9982.9,9987.4,9981.5,9986.4,4888
2026-03-27 03:30:00+00:00,9986.6,10003.7,9986.4,10001.5,5240
2026-03-27 03:45:00+00:00,10001.7,10007.1,9998.9,10005.4,4880
2026-03-27 04:00:00+00:00,10005.2,10006.1,10000.5,10002.0,4524
2026-03-27 04:15:00+00:00,10002.2,10007.1,10001.6,10002.6,3752
2026-03-27 04:30:00+00:00,10002.5,10009.1,10002.4,10008.4,3440
2026-03-27 04:45:00+00:00,10008.5,10012.2,10008.2,10011.1,3756
2026-03-27 05:00:00+00:00,10011.5,10028.4,10011.5,10027.8,6500
2026-03-27 05:15:00+00:00,10027.5,10029.0,10016.6,10020.8,6036
2026-03-27 05:30:00+00:00,10020.9,10022.9,10013.4,10016.5,5352
2026-03-27 05:45:00+00:00,10016.4,10018.4,10011.5,10011.8,4556
2026-03-27 06:00:00+00:00,10011.8,10012.3,10002.9,10006.8,1380
2026-03-27 06:15:00+00:00,10007.1,10015.5,10006.1,10010.1,1132
2026-03-27 06:30:00+00:00,10009.8,10010.3,9998.2,10000.4,1544
2026-03-27 06:45:00+00:00,10000.7,10001.2,9989.8,9991.5,1112
2026-03-27 07:00:00+00:00,9991.8,10002.4,9990.5,9999.0,1760
2026-03-27 07:15:00+00:00,9998.7,10000.4,9991.0,9991.8,1252
2026-03-27 07:30:00+00:00,9991.5,9998.5,9988.3,9994.5,1488
2026-03-27 07:45:00+00:00,9994.3,10011.6,9989.6,10008.4,1996
2026-03-27 08:00:00+00:00,10008.9,10029.4,9986.9,9992.9,9324
2026-03-27 08:15:00+00:00,9993.4,9995.5,9954.0,9958.4,8096
2026-03-27 08:30:00+00:00,9958.6,9966.3,9935.0,9945.8,7812
2026-03-27 08:45:00+00:00,9946.2,9949.7,9929.7,9931.2,6104
2026-03-27 09:00:00+00:00,9932.2,9934.4,9903.6,9917.5,7392
2026-03-27 09:15:00+00:00,9918.2,9945.6,9914.3,9936.8,6532
2026-03-27 09:30:00+00:00,9937.3,9945.3,9928.1,9935.1,5476
2026-03-27 09:45:00+00:00,9934.1,9934.1,9912.5,9916.5,4524
2026-03-27 10:00:00+00:00,9916.3,9934.9,9910.6,9921.3,5404
2026-03-27 10:15:00+00:00,9921.6,9939.3,9919.9,9934.4,4320
2026-03-27 10:30:00+00:00,9934.7,9941.5,9921.6,9925.4,4916
2026-03-27 10:45:00+00:00,9925.2,9927.4,9899.7,9901.4,4396
2026-03-27 11:00:00+00:00,9901.9,9904.5,9881.5,9896.7,5932
2026-03-27 11:15:00+00:00,9896.4,9917.2,9895.7,9917.1,4268
2026-03-27 11:30:00+00:00,9916.9,9935.2,9916.4,9933.4,3896
2026-03-27 11:45:00+00:00,9933.7,9937.5,9926.3,9928.8,3692
2026-03-27 12:00:00+00:00,9928.3,9929.6,9914.5,9926.3,5076
2026-03-27 12:15:00+00:00,9926.2,9937.7,9922.7,9930.1,4696
2026-03-27 12:30:00+00:00,9930.6,9945.8,9923.7,9940.9,4316
2026-03-27 12:45:00+00:00,9941.1,9950.5,9933.6,9940.1,4472
2026-03-27 13:00:00+00:00,9940.6,9941.6,9916.0,9922.3,6332
2026-03-27 13:15:00+00:00,9922.8,9939.8,9922.0,9932.4,5648
2026-03-27 13:30:00+00:00,9933.1,9951.4,9911.6,9946.5,11832
2026-03-27 13:45:00+00:00,9947.0,9961.3,9932.4,9939.6,7180
2026-03-27 14:00:00+00:00,9939.1,9955.9,9932.8,9945.5,8648
2026-03-27 14:15:00+00:00,9945.2,9966.6,9938.3,9944.0,7216
2026-03-27 14:30:00+00:00,9943.7,9960.4,9943.7,9950.1,6140
2026-03-27 14:45:00+00:00,9949.9,9964.2,9941.2,9960.2,6036
2026-03-27 15:00:00+00:00,9960.4,9984.5,9955.7,9962.0,6600
2026-03-27 15:15:00+00:00,9962.3,9983.7,9950.9,9973.9,8696
2026-03-27 15:30:00+00:00,9973.6,9991.4,9971.7,9974.3,6268
2026-03-27 15:45:00+00:00,9974.0,9983.7,9965.6,9965.6,4988
2026-03-27 16:00:00+00:00,9966.1,9967.3,9947.8,9960.8,4448
2026-03-27 16:15:00+00:00,9961.0,9966.3,9953.4,9965.5,4868
2026-03-27 16:30:00+00:00,9966.0,9978.0,9958.5,9967.7,7356
2026-03-27 16:45:00+00:00,9967.5,9982.1,9964.0,9978.8,3968
2026-03-27 17:00:00+00:00,9979.0,9992.0,9973.0,9976.4,6012
2026-03-27 17:15:00+00:00,9976.9,9979.1,9959.0,9962.5,2680
2026-03-27 17:30:00+00:00,9961.8,9969.5,9957.8,9959.1,2500
2026-03-27 17:45:00+00:00,9958.8,9965.0,9954.6,9954.6,2068
2026-03-27 18:00:00+00:00,9954.4,9956.1,9941.3,9943.5,1500
2026-03-27 18:15:00+00:00,9943.7,9951.2,9940.0,9940.8,2412
2026-03-27 18:30:00+00:00,9941.0,9946.7,9931.9,9941.5,2564
2026-03-27 18:45:00+00:00,9941.8,9944.8,9938.3,9941.3,1436
2026-03-27 19:00:00+00:00,9941.8,9944.0,9933.6,9939.3,1388
2026-03-27 19:15:00+00:00,9938.8,9943.3,9933.9,9936.4,1748
2026-03-27 19:30:00+00:00,9936.6,9941.8,9919.6,9922.3,3200
2026-03-27 19:45:00+00:00,9922.5,9941.1,9915.1,9935.4,4548
2026-03-27 20:00:00+00:00,9934.9,9940.9,9924.5,9928.7,2068
2026-03-27 20:15:00+00:00,9929.0,9930.5,9910.7,9920.1,1704
2026-03-27 20:30:00+00:00,9921.1,9921.3,9908.7,9914.7,1280
2026-03-27 20:45:00+00:00,9914.9,9914.9,9895.9,9895.9,988
2026-03-29 22:00:00+00:00,9870.7,9878.3,9867.7,9877.7,1528
2026-03-29 22:15:00+00:00,9877.4,9888.4,9875.8,9882.6,4488
2026-03-29 22:30:00+00:00,9883.0,9886.7,9872.2,9872.2,4000
2026-03-29 22:45:00+00:00,9872.3,9884.3,9867.7,9883.1,4532
2026-03-29 23:00:00+00:00,9883.0,9887.9,9873.9,9875.5,4136
2026-03-29 23:15:00+00:00,9875.4,9879.9,9873.1,9874.9,3176
2026-03-29 23:30:00+00:00,9874.7,9875.4,9866.6,9871.2,4116
2026-03-29 23:45:00+00:00,9872.2,9874.7,9863.8,9867.8,6044
2026-03-30 00:00:00+00:00,9857.1,9878.5,9856.2,9871.5,11576
2026-03-30 00:15:00+00:00,9871.6,9910.3,9866.7,9901.7,16280
2026-03-30 00:30:00+00:00,9901.8,9902.2,9877.3,9878.0,11052
2026-03-30 00:45:00+00:00,9878.0,9880.3,9861.4,9874.2,9904
2026-03-30 01:00:00+00:00,9874.2,9885.9,9873.4,9878.7,11424
2026-03-30 01:15:00+00:00,9878.7,9885.4,9871.7,9883.8,10508
2026-03-30 01:30:00+00:00,9884.1,9904.0,9882.6,9903.5,10672
2026-03-30 01:45:00+00:00,9903.7,9908.4,9899.0,9904.0,8392
2026-03-30 02:00:00+00:00,9904.2,9913.3,9903.7,9909.2,7712
2026-03-30 02:15:00+00:00,9909.2,9909.3,9894.0,9897.7,7776
2026-03-30 02:30:00+00:00,9897.7,9909.8,9895.5,9908.6,7348
2026-03-30 02:45:00+00:00,9908.7,9926.3,9907.9,9920.8,7880
2026-03-30 03:00:00+00:00,9921.0,9931.4,9919.8,9927.5,6552
2026-03-30 03:15:00+00:00,9927.8,9936.1,9927.3,9934.1,5420
2026-03-30 03:30:00+00:00,9934.1,9936.3,9928.6,9932.9,5988
2026-03-30 03:45:00+00:00,9933.0,9934.9,9928.8,9930.6,5428
2026-03-30 04:00:00+00:00,9930.6,9939.2,9928.5,9938.0,5244
2026-03-30 04:15:00+00:00,9937.9,9944.6,9936.0,9942.3,5224
2026-03-30 04:30:00+00:00,9942.3,9945.1,9935.2,9935.8,5660
2026-03-30 04:45:00+00:00,9935.9,9937.3,9932.8,9933.4,4256
2026-03-30 05:00:00+00:00,9933.6,9948.5,9933.5,9937.8,2096
2026-03-30 05:15:00+00:00,9937.5,9943.3,9936.5,9936.5,2012
2026-03-30 05:30:00+00:00,9936.3,9941.3,9932.8,9934.0,1156
2026-03-30 05:45:00+00:00,9934.3,9936.5,9929.3,9930.0,1244
2026-03-30 06:00:00+00:00,9930.3,9946.0,9926.3,9943.5,2448
2026-03-30 06:15:00+00:00,9944.0,9954.8,9944.0,9952.0,2100
2026-03-30 06:30:00+00:00,9952.3,9965.5,9951.5,9964.5,1908
2026-03-30 06:45:00+00:00,9965.3,9978.0,9956.3,9961.8,2488
2026-03-30 07:00:00+00:00,9961.3,9993.0,9959.5,9987.5,9220
2026-03-30 07:15:00+00:00,9987.3,9987.5,9972.5,9983.0,5592
2026-03-30 07:30:00+00:00,9983.5,9992.3,9976.8,9990.5,5868
2026-03-30 07:45:00+00:00,9991.0,10008.0,9987.5,10007.5,3784
2026-03-30 08:00:00+00:00,10007.3,10018.0,9996.0,10017.4,5260
2026-03-30 08:15:00+00:00,10017.2,10032.7,10015.9,10031.7,4516
2026-03-30 08:30:00+00:00,10031.2,10044.9,10030.2,10040.0,4004
2026-03-30 08:45:00+00:00,10040.3,10053.3,10038.9,10049.6,3624
2026-03-30 09:00:00+00:00,10050.4,10052.7,10037.0,10037.5,4460
2026-03-30 09:15:00+00:00,10037.3,10037.5,10019.6,10024.8,4936
2026-03-30 09:30:00+00:00,10025.0,10031.7,10014.3,10020.7,4128
2026-03-30 09:45:00+00:00,10020.2,10021.7,10010.5,10014.9,3964
2026-03-30 10:00:00+00:00,10015.2,10025.9,10010.9,10024.5,3952
2026-03-30 10:15:00+00:00,10025.3,10032.7,10023.1,10027.2,3016
2026-03-30 10:30:00+00:00,10026.7,10031.9,10023.2,10029.6,2936
2026-03-30 10:45:00+00:00,10029.9,10039.3,10029.9,10036.9,2884
2026-03-30 11:00:00+00:00,10037.4,10050.5,10036.4,10048.0,3276
2026-03-30 11:15:00+00:00,10047.8,10090.5,10045.8,10065.3,9768
2026-03-30 11:30:00+00:00,10065.5,10068.3,10050.6,10060.2,8436
2026-03-30 11:45:00+00:00,10060.5,10068.3,10051.4,10056.9,4584
2026-03-30 12:00:00+00:00,10057.8,10063.0,10050.2,10061.4,4004
2026-03-30 12:15:00+00:00,10061.7,10073.9,10055.9,10073.2,4068
2026-03-30 12:30:00+00:00,10073.4,10080.4,10065.7,10078.0,4328
2026-03-30 12:45:00+00:00,10077.8,10079.3,10071.6,10074.7,3484
2026-03-30 13:00:00+00:00,10074.5,10081.3,10063.6,10070.7,4776
2026-03-30 13:15:00+00:00,10071.2,10083.2,10068.7,10079.4,3968
2026-03-30 13:30:00+00:00,10079.9,10089.4,10068.5,10084.7,10452
2026-03-30 13:45:00+00:00,10084.4,10086.3,10070.5,10077.2,9096
2026-03-30 14:00:00+00:00,10076.7,10096.9,10076.7,10092.9,9264
2026-03-30 14:15:00+00:00,10093.1,10095.2,10080.6,10084.9,9240
2026-03-30 14:30:00+00:00,10084.4,10106.7,10083.1,10090.6,9816
2026-03-30 14:45:00+00:00,10090.3,10121.3,10085.6,10121.3,10976
2026-03-30 15:00:00+00:00,10121.5,10135.3,10109.8,10114.3,7500
2026-03-30 15:15:00+00:00,10114.5,10119.2,10105.8,10109.2,7700
2026-03-30 15:30:00+00:00,10109.9,10147.7,10106.5,10146.8,11076
2026-03-30 15:45:00+00:00,10146.5,10154.7,10141.7,10149.2,6416
2026-03-30 16:00:00+00:00,10149.7,10151.9,10131.7,10139.9,6104
2026-03-30 16:15:00+00:00,10139.4,10139.9,10117.4,10119.1,4544
2026-03-30 16:30:00+00:00,10118.6,10125.6,10117.2,10121.1,4004
2026-03-30 16:45:00+00:00,10120.9,10120.9,10112.2,10114.5,3408
2026-03-30 17:00:00+00:00,10114.2,10124.1,10108.8,10109.8,3324
2026-03-30 17:15:00+00:00,10110.3,10110.8,10088.2,10090.5,3852
2026-03-30 17:30:00+00:00,10091.0,10100.6,10081.6,10099.4,3372
2026-03-30 17:45:00+00:00,10099.6,10102.1,10088.3,10094.0,3400
2026-03-30 18:00:00+00:00,10093.7,10096.9,10085.1,10093.0,3104
2026-03-30 18:15:00+00:00,10093.2,10097.9,10080.6,10081.6,2652
2026-03-30 18:30:00+00:00,10081.9,10091.5,10078.2,10081.6,2460
2026-03-30 18:45:00+00:00,10082.1,10087.1,10068.3,10072.7,2136
2026-03-30 19:00:00+00:00,10073.2,10073.5,10046.2,10047.2,2676
2026-03-30 19:15:00+00:00,10047.7,10053.4,10044.7,10049.4,3116
2026-03-30 19:30:00+00:00,10049.7,10067.7,10049.7,10063.8,2912
2026-03-30 19:45:00+00:00,10063.3,10076.7,10061.8,10075.9,3512
2026-03-30 20:00:00+00:00,10074.3,10074.8,10061.1,10062.2,3292
2026-03-30 20:30:00+00:00,10065.3,10066.6,10062.7,10066.6,924
2026-03-30 20:45:00+00:00,10066.3,10067.7,10064.1,10067.7,804
2026-03-30 22:00:00+00:00,10076.9,10078.1,10069.0,10071.9,1724
2026-03-30 22:15:00+00:00,10072.0,10075.5,10070.9,10074.0,1644
2026-03-30 22:30:00+00:00,10074.1,10074.8,10069.9,10071.0,1700
2026-03-30 22:45:00+00:00,10071.1,10074.0,10069.3,10070.0,1528
2026-03-30 23:00:00+00:00,10069.6,10069.7,10051.6,10056.5,4724
2026-03-30 23:15:00+00:00,10056.6,10061.7,10054.7,10058.3,3204
2026-03-30 23:30:00+00:00,10058.4,10059.1,10052.9,10055.3,2924
2026-03-30 23:45:00+00:00,10055.4,10057.6,10052.1,10057.6,3532
2026-03-31 00:00:00+00:00,10056.9,10059.8,10037.6,10042.8,10672
2026-03-31 00:15:00+00:00,10042.8,10045.8,10026.7,10044.0,10748
2026-03-31 00:30:00+00:00,10044.3,10081.1,10037.1,10080.8,14020
2026-03-31 00:45:00+00:00,10080.8,10112.5,10078.2,10097.4,19600
2026-03-31 01:00:00+00:00,10097.5,10101.6,10070.8,10077.6,16940
2026-03-31 01:15:00+00:00,10077.4,10128.1,10075.3,10127.9,17324
2026-03-31 01:30:00+00:00,10127.7,10147.2,10126.4,10141.7,19396
2026-03-31 01:45:00+00:00,10141.7,10147.6,10134.6,10139.2,16464
2026-03-31 02:00:00+00:00,10139.3,10139.5,10127.2,10134.5,13364
2026-03-31 02:15:00+00:00,10134.4,10146.1,10132.9,10134.5,12796
2026-03-31 02:30:00+00:00,10134.2,10137.0,10126.6,10131.2,11104
2026-03-31 02:45:00+00:00,10131.1,10144.0,10125.9,10125.9,10388
2026-03-31 03:00:00+00:00,10125.9,10139.0,10123.7,10131.1,9712
2026-03-31 03:15:00+00:00,10131.1,10131.9,10115.4,10116.6,8380
2026-03-31 03:30:00+00:00,10117.2,10120.6,10110.1,10111.6,8760
2026-03-31 03:45:00+00:00,10111.5,10115.5,10108.7,10109.9,7880
2026-03-31 04:00:00+00:00,10109.5,10113.5,10106.5,10108.5,7320
2026-03-31 04:15:00+00:00,10108.3,10110.8,10103.2,10104.4,7764
2026-03-31 04:30:00+00:00,10104.4,10111.9,10103.9,10108.6,7564
2026-03-31 04:45:00+00:00,10108.8,10112.4,10096.0,10096.4,7328
2026-03-31 05:00:00+00:00,10096.2,10098.9,10086.6,10086.6,4120
2026-03-31 05:15:00+00:00,10086.8,10107.6,10080.4,10098.9,3624
2026-03-31 05:30:00+00:00,10099.4,10115.3,10097.7,10114.8,3864
2026-03-31 05:45:00+00:00,10114.1,10131.9,10113.6,10120.5,4860
2026-03-31 06:00:00+00:00,10120.0,10120.5,10089.3,10097.3,3232
2026-03-31 06:15:00+00:00,10096.5,10104.2,10091.8,10093.3,3040
2026-03-31 06:30:00+00:00,10094.3,10097.3,10083.4,10084.4,3928
2026-03-31 06:45:00+00:00,10084.7,10097.3,10076.7,10095.8,3500
2026-03-31 07:00:00+00:00,10096.3,10160.6,10096.3,10135.3,13500
2026-03-31 07:15:00+00:00,10134.8,10159.8,10131.4,10158.7,8976
2026-03-31 07:30:00+00:00,10159.0,10191.1,10156.2,10191.0,7552
2026-03-31 07:45:00+00:00,10191.5,10214.2,10189.5,10213.8,6020
2026-03-31 08:00:00+00:00,10214.0,10219.1,10194.9,10197.9,1927
2026-03-31 08:15:00+00:00,10197.9,10212.3,10194.5,10198.3,1606
2026-03-31 08:30:00+00:00,10197.3,10198.6,10185.3,10187.3,1385
2026-03-31 08:45:00+00:00,10187.8,10200.2,10184.9,10192.9,1531
2026-03-31 09:00:00+00:00,10193.1,10205.2,10191.9,10194.8,1238
2026-03-31 09:15:00+00:00,10194.5,10206.2,10187.6,10192.9,1115
2026-03-31 09:30:00+00:00,10192.6,10198.6,10184.3,10197.6,1282
2026-03-31 09:45:00+00:00,10197.1,10205.5,10188.8,10196.3,3474
2026-03-31 10:00:00+00:00,10195.8,10213.2,10195.3,10200.1,4744
2026-03-31 10:15:00+00:00,10200.4,10200.6,10190.5,10198.2,4276
2026-03-31 10:30:00+00:00,10197.7,10199.0,10159.6,10163.9,5192
2026-03-31 10:45:00+00:00,10163.6,10196.9,10160.7,10194.0,4748
2026-03-31 11:00:00+00:00,10194.2,10251.0,10189.9,10215.0,13004
2026-03-31 11:15:00+00:00,10214.8,10234.3,10210.3,10219.4,11260
2026-03-31 11:30:00+00:00,10219.9,10231.2,10209.1,10228.9,6944
2026-03-31 11:45:00+00:00,10228.7,10228.7,10215.7,10223.4,7312
2026-03-31 12:00:00+00:00,10223.9,10236.5,10199.6,10200.6,9156
2026-03-31 12:15:00+00:00,10200.1,10230.1,10194.4,10228.4,9628
2026-03-31 12:30:00+00:00,10228.2,10235.5,10221.4,10230.7,5836
2026-03-31 12:45:00+00:00,10231.2,10231.4,10204.4,10208.4,5156
2026-03-31 13:00:00+00:00,10208.9,10216.3,10200.8,10205.1,6184
2026-03-31 13:15:00+00:00,10205.6,10214.7,10203.1,10212.7,4688
2026-03-31 13:30:00+00:00,10213.2,10215.4,10185.2,10191.4,10188
2026-03-31 13:45:00+00:00,10191.9,10214.1,10191.9,10206.2,7644
2026-03-31 14:00:00+00:00,10205.9,10214.8,10199.2,10209.1,8568
2026-03-31 14:15:00+00:00,10208.8,10223.7,10200.9,10221.7,7940
2026-03-31 14:30:00+00:00,10222.2,10223.7,10189.9,10193.5,7624
2026-03-31 14:45:00+00:00,10193.0,10196.1,10176.3,10186.5,8376
2026-03-31 15:00:00+00:00,10186.3,10211.3,10186.3,10209.1,8748
2026-03-31 15:15:00+00:00,10209.3,10215.4,10177.2,10178.1,11196
2026-03-31 15:30:00+00:00,10178.4,10187.3,10153.1,10180.0,15312
2026-03-31 15:45:00+00:00,10179.3,10188.3,10165.9,10166.9,7812
2026-03-31 16:00:00+00:00,10166.4,10178.4,10158.9,10165.6,6500
2026-03-31 16:15:00+00:00,10165.8,10183.9,10165.1,10177.0,3980
2026-03-31 16:30:00+00:00,10176.0,10283.7,10167.1,10253.7,19884
2026-03-31 16:45:00+00:00,10253.2,10255.0,10212.9,10224.8,23996
2026-03-31 17:00:00+00:00,10225.0,10240.9,10192.3,10202.7,11980
2026-03-31 17:15:00+00:00,10202.3,10213.4,10184.9,10191.4,7608
2026-03-31 17:30:00+00:00,10191.6,10222.3,10191.4,10217.1,9340
2026-03-31 17:45:00+00:00,10217.6,10224.8,10211.7,10215.4,5248
2026-03-31 18:00:00+00:00,10215.7,10229.0,10207.3,10213.7,4544
2026-03-31 18:15:00+00:00,10214.2,10224.1,10204.3,10214.9,4128
2026-03-31 18:30:00+00:00,10215.2,10225.8,10202.8,10219.2,4372
2026-03-31 18:45:00+00:00,10219.7,10234.0,10219.2,10230.6,2952
2026-03-31 19:00:00+00:00,10230.3,10245.9,10226.3,10245.4,2480
2026-03-31 19:15:00+00:00,10245.6,10251.3,10240.7,10247.6,2508
2026-03-31 19:30:00+00:00,10248.1,10270.4,10248.1,10265.0,3268
2026-03-31 19:45:00+00:00,10264.5,10281.3,10256.5,10281.3,4540
2026-03-31 20:00:00+00:00,10282.9,10286.2,10269.5,10278.8,5324
2026-03-31 20:30:00+00:00,10283.7,10284.3,10274.1,10275.0,1780
2026-03-31 20:45:00+00:00,10274.8,10277.2,10271.8,10274.0,1620
2026-03-31 22:00:00+00:00,10277.3,10285.1,10272.9,10283.6,2308
2026-03-31 22:15:00+00:00,10283.9,10285.9,10276.9,10282.4,3500
2026-03-31 22:30:00+00:00,10282.2,10284.4,10277.1,10282.0,2520
2026-03-31 22:45:00+00:00,10282.1,10282.7,10278.9,10281.3,1664
2026-03-31 23:00:00+00:00,10281.2,10281.6,10277.5,10278.9,2224
2026-03-31 23:15:00+00:00,10279.0,10284.9,10277.3,10283.8,1760
2026-03-31 23:30:00+00:00,10283.5,10296.3,10283.1,10287.9,3012
2026-03-31 23:45:00+00:00,10287.6,10302.0,10286.7,10296.8,3408
2026-04-01 00:00:00+00:00,10283.9,10290.3,10278.4,10280.2,8648
2026-04-01 00:15:00+00:00,10280.2,10284.7,10276.1,10281.1,8008
2026-04-01 00:30:00+00:00,10281.2,10285.3,10271.3,10285.2,7276
2026-04-01 00:45:00+00:00,10285.2,10289.6,10281.9,10289.6,6872
2026-04-01 01:00:00+00:00,10289.7,10292.7,10275.5,10285.2,11280
2026-04-01 01:15:00+00:00,10285.3,10285.3,10279.9,10282.5,8816
2026-04-01 01:30:00+00:00,10282.5,10283.4,10273.3,10275.9,8140
2026-04-01 01:45:00+00:00,10275.9,10278.7,10272.7,10272.8,6048
2026-04-01 02:00:00+00:00,10272.9,10280.6,10271.3,10273.9,6396
2026-04-01 02:15:00+00:00,10273.7,10276.4,10267.6,10267.6,4940
2026-04-01 02:30:00+00:00,10267.5,10269.2,10265.3,10267.0,5320
2026-04-01 02:45:00+00:00,10267.0,10274.1,10266.2,10266.6,5168
2026-04-01 03:00:00+00:00,10266.6,10274.9,10265.1,10274.0,5092
2026-04-01 03:15:00+00:00,10274.0,10275.9,10271.9,10273.2,4240
2026-04-01 03:30:00+00:00,10273.1,10282.9,10272.4,10281.4,4324
2026-04-01 03:45:00+00:00,10281.6,10282.5,10275.7,10276.8,3904
2026-04-01 04:00:00+00:00,10276.7,10279.5,10275.0,10275.7,3236
2026-04-01 04:15:00+00:00,10275.7,10280.5,10273.8,10279.9,4000
2026-04-01 04:30:00+00:00,10279.8,10284.9,10278.6,10281.2,3308
2026-04-01 04:45:00+00:00,10281.3,10283.9,10278.0,10279.6,3864
2026-04-01 05:00:00+00:00,10280.0,10284.0,10277.8,10282.8,1116
2026-04-01 05:15:00+00:00,10282.3,10286.2,10280.5,10285.5,1176
2026-04-01 05:30:00+00:00,10285.7,10290.0,10281.0,10288.2,1552
2026-04-01 05:45:00+00:00,10288.5,10289.2,10279.8,10281.1,1384
2026-04-01 06:00:00+00:00,10281.3,10298.8,10277.3,10298.0,1648
2026-04-01 06:15:00+00:00,10297.8,10319.3,10296.3,10318.5,2612
2026-04-01 06:30:00+00:00,10318.3,10334.8,10315.8,10334.0,3796
2026-04-01 06:45:00+00:00,10334.3,10347.0,10323.0,10340.0,3864
2026-04-01 07:00:00+00:00,10339.5,10369.3,10334.3,10357.8,10308
2026-04-01 07:15:00+00:00,10357.5,10361.8,10342.0,10351.3,6324
2026-04-01 07:30:00+00:00,10351.0,10363.4,10346.9,10356.5,6384
2026-04-01 07:45:00+00:00,10356.3,10356.3,10306.9,10310.9,8112
2026-04-01 08:00:00+00:00,10311.2,10326.1,10304.1,10312.0,8220
2026-04-01 08:15:00+00:00,10312.8,10347.0,10309.1,10339.9,6304
2026-04-01 08:30:00+00:00,10339.7,10356.0,10337.4,10347.4,5768
2026-04-01 08:45:00+00:00,10347.1,10356.8,10332.6,10349.4,6740
2026-04-01 09:00:00+00:00,10350.1,10359.2,10341.3,10350.4,5984
2026-04-01 09:15:00+00:00,10350.2,10353.4,10330.9,10349.0,6260
2026-04-01 09:30:00+00:00,10348.5,10364.6,10348.5,10355.3,5428
2026-04-01 09:45:00+00:00,10355.8,10376.2,10352.4,10360.7,5476
2026-04-01 10:00:00+00:00,10360.9,10364.8,10340.1,10346.5,4672
2026-04-01 10:15:00+00:00,10345.5,10357.2,10341.2,10351.5,4484
2026-04-01 10:30:00+00:00,10352.0,10361.4,10343.6,10357.4,4808
2026-04-01 10:45:00+00:00,10357.1,10374.5,10357.1,10370.1,4752
2026-04-01 11:00:00+00:00,10369.1,10379.9,10369.1,10378.4,4044
2026-04-01 11:15:00+00:00,10378.1,10386.7,10374.9,10382.5,3424
2026-04-01 11:30:00+00:00,10382.3,10389.9,10379.0,10385.9,4564
2026-04-01 11:45:00+00:00,10385.7,10389.0,10379.6,10379.8,3804
2026-04-01 12:00:00+00:00,10379.6,10386.3,10372.7,10376.6,4256
2026-04-01 12:15:00+00:00,10376.6,10379.3,10355.3,10365.6,4296
2026-04-01 12:30:00+00:00,10365.8,10404.3,10351.0,10385.5,5440
2026-04-01 12:45:00+00:00,10381.1,10388.7,10338.7,10342.2,11884
2026-04-01 13:00:00+00:00,10341.9,10353.6,10337.5,10350.4,7328
2026-04-01 13:15:00+00:00,10350.1,10362.7,10348.3,10357.1,4936
2026-04-01 13:30:00+00:00,10357.6,10365.0,10321.3,10329.9,11700
2026-04-01 13:45:00+00:00,10329.7,10331.9,10314.2,10325.1,10764
2026-04-01 14:00:00+00:00,10325.4,10328.1,10294.0,10306.8,11464
2026-04-01 14:15:00+00:00,10306.1,10337.8,10305.8,10336.2,8028
2026-04-01 14:30:00+00:00,10335.7,10357.8,10326.9,10345.1,8112
2026-04-01 14:45:00+00:00,10345.4,10353.1,10336.8,10340.8,6572
2026-04-01 15:00:00+00:00,10341.0,10356.0,10338.8,10340.6,6864
2026-04-01 15:15:00+00:00,10341.1,10357.2,10340.6,10355.7,7700
2026-04-01 15:30:00+00:00,10355.5,10381.3,10345.1,10378.8,9512
2026-04-01 15:45:00+00:00,10378.6,10397.6,10378.3,10394.6,4132
2026-04-01 16:00:00+00:00,10394.9,10400.6,10387.5,10392.8,3760
2026-04-01 16:15:00+00:00,10392.5,10395.0,10376.6,10379.6,2636
2026-04-01 16:30:00+00:00,10379.9,10389.3,10378.1,10389.0,1976
2026-04-01 16:45:00+00:00,10389.3,10396.0,10386.6,10393.0,1464
2026-04-01 17:00:00+00:00,10392.5,10405.9,10391.5,10405.2,1388
2026-04-01 17:15:00+00:00,10404.7,10408.4,10402.2,10404.9,1260
2026-04-01 17:30:00+00:00,10404.7,10407.7,10398.3,10402.2,1520
2026-04-01 17:45:00+00:00,10402.0,10405.2,10395.1,10395.1,1372
2026-04-01 18:00:00+00:00,10395.3,10396.0,10385.6,10391.6,2868
2026-04-01 18:15:00+00:00,10391.1,10391.1,10367.1,10368.8,3728
2026-04-01 18:30:00+00:00,10369.1,10383.2,10362.9,10378.7,3496
2026-04-01 18:45:00+00:00,10379.2,10381.7,10368.9,10371.8,2816
2026-04-01 19:00:00+00:00,10372.1,10386.2,10369.8,10385.7,2100
2026-04-01 19:15:00+00:00,10386.2,10401.8,10386.2,10401.6,1740
2026-04-01 19:30:00+00:00,10401.8,10412.7,10396.6,10408.8,3604
2026-04-01 19:45:00+00:00,10408.5,10425.9,10400.6,10419.9,5520
2026-04-01 20:00:00+00:00,10420.1,10424.2,10415.5,10423.1,2984
2026-04-01 20:30:00+00:00,10416.9,10421.0,10416.9,10419.1,616
2026-04-01 20:45:00+00:00,10418.9,10420.8,10416.4,10416.4,864
2026-04-01 22:00:00+00:00,10418.8,10419.0,10412.5,10415.8,1416
2026-04-01 22:15:00+00:00,10415.9,10417.1,10411.4,10416.3,1748
2026-04-01 22:30:00+00:00,10416.0,10417.7,10413.9,10416.9,1388
2026-04-01 22:45:00+00:00,10416.7,10417.4,10408.8,10410.9,2444
2026-04-01 23:00:00+00:00,10411.7,10418.0,10409.8,10417.3,1884
2026-04-01 23:15:00+00:00,10417.5,10417.7,10414.7,10417.5,1432
2026-04-01 23:30:00+00:00,10417.3,10417.3,10413.6,10415.4,1300
2026-04-01 23:45:00+00:00,10415.3,10416.9,10408.2,10413.0,2680
2026-04-02 00:00:00+00:00,10419.2,10425.4,10416.4,10420.5,7924
2026-04-02 00:15:00+00:00,10420.4,10423.4,10409.9,10410.7,7644
2026-04-02 00:30:00+00:00,10410.5,10436.2,10406.7,10431.1,10080
2026-04-02 00:45:00+00:00,10431.1,10436.6,10426.8,10432.8,8484
2026-04-02 01:00:00+00:00,10432.8,10433.0,10383.6,10397.8,14420
2026-04-02 01:15:00+00:00,10397.8,10397.8,10348.1,10352.4,14752
2026-04-02 01:30:00+00:00,10352.3,10353.9,10317.0,10324.7,15300
2026-04-02 01:45:00+00:00,10324.3,10325.4,10308.7,10319.7,11344
2026-04-02 02:00:00+00:00,10319.4,10323.2,10292.3,10294.5,12532
2026-04-02 02:15:00+00:00,10294.5,10307.7,10294.4,10299.8,10528
2026-04-02 02:30:00+00:00,10299.8,10306.2,10294.1,10299.7,9648
2026-04-02 02:45:00+00:00,10299.7,10305.2,10299.2,10302.6,8156
2026-04-02 03:00:00+00:00,10302.5,10302.5,10288.2,10298.2,7076
2026-04-02 03:15:00+00:00,10298.2,10305.0,10297.4,10300.8,6124
2026-04-02 03:30:00+00:00,10300.8,10302.4,10281.0,10287.1,7796
2026-04-02 03:45:00+00:00,10287.1,10287.2,10274.8,10275.1,7352
2026-04-02 04:00:00+00:00,10275.1,10281.3,10272.7,10274.3,7768
2026-04-02 04:15:00+00:00,10274.3,10276.9,10269.8,10269.8,6592
2026-04-02 04:30:00+00:00,10269.9,10270.1,10266.2,10269.1,5472
2026-04-02 04:45:00+00:00,10269.2,10269.9,10259.3,10264.4,5652
2026-04-02 05:00:00+00:00,10264.6,10268.6,10262.2,10264.4,2312
2026-04-02 05:15:00+00:00,10264.7,10267.6,10255.8,10267.4,1980
2026-04-02 05:30:00+00:00,10267.7,10270.6,10258.5,10258.8,1772
2026-04-02 05:45:00+00:00,10259.7,10263.5,10256.8,10260.7,1712
2026-04-02 06:00:00+00:00,10260.5,10271.7,10260.5,10268.9,2252
2026-04-02 06:15:00+00:00,10269.4,10271.9,10266.7,10269.7,2032
2026-04-02 06:30:00+00:00,10269.4,10270.4,10265.0,10269.0,1676
2026-04-02 06:45:00+00:00,10268.5,10283.8,10264.0,10279.4,2168
2026-04-02 07:00:00+00:00,10280.6,10302.7,10275.7,10294.8,9988
2026-04-02 07:15:00+00:00,10294.3,10320.2,10291.4,10319.2,5664
2026-04-02 07:30:00+00:00,10319.0,10337.9,10313.3,10334.4,5272
2026-04-02 07:45:00+00:00,10334.2,10354.7,10333.7,10354.2,3828
2026-04-02 08:00:00+00:00,10354.7,10356.6,10332.6,10342.3,4540
2026-04-02 08:15:00+00:00,10341.8,10354.4,10338.3,10352.9,3956
2026-04-02 08:30:00+00:00,10352.6,10368.4,10352.6,10359.0,3948
2026-04-02 08:45:00+00:00,10359.2,10369.1,10357.2,10366.0,3392
2026-04-02 09:00:00+00:00,10366.5,10369.5,10337.3,10343.1,3460
2026-04-02 09:15:00+00:00,10342.6,10354.4,10340.7,10351.9,3504
2026-04-02 09:30:00+00:00,10351.7,10353.4,10340.1,10346.0,2908
2026-04-02 09:45:00+00:00,10345.7,10359.3,10345.0,10356.7,3360
2026-04-02 10:00:00+00:00,10357.0,10360.4,10346.2,10347.0,3636
2026-04-02 10:15:00+00:00,10347.2,10347.5,10334.1,10339.6,3440
2026-04-02 10:30:00+00:00,10339.3,10346.4,10332.5,10341.4,3876
2026-04-02 10:45:00+00:00,10341.2,10349.0,10334.6,10345.7,3400
2026-04-02 11:00:00+00:00,10345.5,10357.1,10342.8,10343.6,4372
2026-04-02 11:15:00+00:00,10343.6,10343.9,10329.4,10329.9,3516
2026-04-02 11:30:00+00:00,10328.9,10332.4,10311.9,10314.4,3336
2026-04-02 11:45:00+00:00,10314.2,10329.8,10311.0,10312.8,3884
2026-04-02 12:00:00+00:00,10313.3,10314.5,10287.9,10289.5,5332
2026-04-02 12:15:00+00:00,10290.0,10314.6,10286.0,10311.3,4040
2026-04-02 12:30:00+00:00,10311.1,10319.4,10307.8,10315.9,3452
2026-04-02 12:45:00+00:00,10315.6,10327.9,10312.2,10315.9,3920
2026-04-02 13:00:00+00:00,10316.6,10323.6,10307.8,10309.8,4568
2026-04-02 13:15:00+00:00,10310.6,10316.8,10306.4,10314.4,4152
2026-04-02 13:30:00+00:00,10313.9,10343.3,10313.4,10342.0,8664
2026-04-02 13:45:00+00:00,10342.3,10376.4,10341.0,10375.7,7296
2026-04-02 14:00:00+00:00,10376.2,10383.0,10372.2,10377.0,7692
2026-04-02 14:15:00+00:00,10376.7,10401.6,10376.2,10394.3,7108
2026-04-02 14:30:00+00:00,10394.0,10464.7,10393.0,10454.8,21840
2026-04-02 14:45:00+00:00,10455.1,10466.9,10433.9,10458.3,12940
2026-04-02 15:00:00+00:00,10458.5,10461.1,10441.5,10450.9,12872
2026-04-02 15:15:00+00:00,10451.2,10459.0,10424.3,10427.9,10452
2026-04-02 15:30:00+00:00,10427.6,10452.8,10425.7,10443.3,9548
2026-04-02 15:45:00+00:00,10443.5,10443.5,10414.2,10420.8,6424
2026-04-02 16:00:00+00:00,10421.3,10427.0,10405.4,10415.3,5420
2026-04-02 16:15:00+00:00,10416.0,10423.2,10409.8,10420.7,4240
2026-04-02 16:30:00+00:00,10420.2,10435.6,10417.5,10431.1,4908
2026-04-02 16:45:00+00:00,10430.2,10438.6,10426.2,10427.2,1964
2026-04-02 17:00:00+00:00,10426.9,10448.0,10424.7,10445.0,2368
2026-04-02 17:15:00+00:00,10445.3,10451.5,10444.1,10449.5,1840
2026-04-02 17:30:00+00:00,10449.8,10450.5,10438.9,10449.5,1660
2026-04-02 17:45:00+00:00,10449.3,10450.8,10433.2,10440.4,2060
2026-04-02 18:00:00+00:00,10440.6,10447.3,10440.6,10444.6,1764
2026-04-02 18:15:00+00:00,10445.1,10449.3,10441.1,10441.6,1544
2026-04-02 18:30:00+00:00,10441.9,10451.6,10440.9,10449.1,1848
2026-04-02 18:45:00+00:00,10448.6,10459.7,10448.6,10457.0,1128
2026-04-02 19:00:00+00:00,10457.3,10462.1,10453.0,10458.7,1256
2026-04-02 19:15:00+00:00,10459.2,10460.7,10450.3,10452.7,1820
2026-04-02 19:30:00+00:00,10452.5,10453.7,10447.1,10448.3,1164
2026-04-02 19:45:00+00:00,10447.8,10457.0,10442.6,10454.3,3204
2026-04-02 20:00:00+00:00,10454.0,10456.9,10451.3,10455.8,2724
2026-04-02 20:30:00+00:00,10460.8,10461.3,10455.0,10456.1,1204
2026-04-02 20:45:00+00:00,10456.4,10458.6,10452.2,10454.6,1064
2026-04-07 00:00:00+00:00,10478.3,10502.1,10455.0,10499.6,8684
2026-04-07 00:15:00+00:00,10499.5,10515.9,10495.7,10502.0,8540
2026-04-07 00:30:00+00:00,10502.1,10503.0,10495.5,10496.8,7092
2026-04-07 00:45:00+00:00,10496.8,10501.7,10485.0,10485.6,5968
2026-04-07 01:00:00+00:00,10485.6,10496.8,10478.0,10479.3,11284
2026-04-07 01:15:00+00:00,10479.4,10485.7,10475.6,10485.1,7716
2026-04-07 01:30:00+00:00,10485.2,10486.1,10464.8,10469.3,9100
2026-04-07 01:45:00+00:00,10469.3,10478.0,10456.8,10461.5,10624
2026-04-07 02:00:00+00:00,10461.3,10467.1,10457.1,10459.1,10216
2026-04-07 02:15:00+00:00,10459.0,10463.5,10455.9,10462.3,8024
2026-04-07 02:30:00+00:00,10462.2,10468.0,10462.2,10467.3,5860
2026-04-07 02:45:00+00:00,10467.2,10472.6,10462.1,10462.6,5748
2026-04-07 03:00:00+00:00,10462.6,10463.3,10450.8,10454.3,5672
2026-04-07 03:15:00+00:00,10454.3,10454.4,10446.1,10450.8,5520
2026-04-07 03:30:00+00:00,10450.7,10453.6,10449.1,10453.3,5428
2026-04-07 03:45:00+00:00,10453.2,10455.2,10451.6,10453.6,3784
2026-04-07 04:00:00+00:00,10453.6,10455.7,10450.0,10450.2,5684
2026-04-07 04:15:00+00:00,10450.2,10457.9,10449.2,10453.7,6052
2026-04-07 04:30:00+00:00,10454.0,10459.7,10453.9,10455.5,6124
2026-04-07 04:45:00+00:00,10455.7,10457.7,10452.1,10454.1,4488
2026-04-07 05:00:00+00:00,10454.3,10459.8,10453.8,10458.8,1404
2026-04-07 05:15:00+00:00,10458.5,10459.8,10447.0,10448.0,1976
2026-04-07 05:30:00+00:00,10447.8,10453.5,10443.5,10447.8,2472
2026-04-07 05:45:00+00:00,10448.0,10458.8,10447.8,10453.3,1820
2026-04-07 06:00:00+00:00,10453.0,10461.0,10448.5,10456.8,2904
2026-04-07 06:15:00+00:00,10456.5,10461.5,10452.0,10454.0,2436
2026-04-07 06:30:00+00:00,10455.3,10456.0,10441.3,10450.0,2572
2026-04-07 06:45:00+00:00,10449.8,10463.5,10443.0,10454.5,3164
2026-04-07 07:00:00+00:00,10454.3,10460.8,10439.5,10449.0,10464
2026-04-07 07:15:00+00:00,10449.5,10450.8,10418.8,10420.5,7164
2026-04-07 07:30:00+00:00,10421.0,10424.5,10406.5,10415.7,6364
2026-04-07 07:45:00+00:00,10415.7,10422.4,10398.3,10421.4,5696
2026-04-07 08:00:00+00:00,10422.1,10482.1,10420.4,10467.9,17016
2026-04-07 08:15:00+00:00,10467.4,10481.3,10457.3,10475.5,10864
2026-04-07 08:30:00+00:00,10476.0,10489.3,10462.2,10468.3,8444
2026-04-07 08:45:00+00:00,10468.1,10473.7,10456.0,10464.0,6544
2026-04-07 09:00:00+00:00,10463.7,10479.9,10460.2,10469.0,6832
2026-04-07 09:15:00+00:00,10469.3,10480.6,10461.8,10467.0,6440
2026-04-07 09:30:00+00:00,10467.2,10475.6,10460.6,10467.5,5416
2026-04-07 09:45:00+00:00,10468.0,10476.7,10460.1,10468.9,3956
2026-04-07 10:00:00+00:00,10469.4,10475.9,10423.8,10464.4,10964
2026-04-07 10:15:00+00:00,10464.9,10475.8,10437.8,10453.4,10936
2026-04-07 10:30:00+00:00,10453.7,10459.1,10432.4,10445.3,9528
2026-04-07 10:45:00+00:00,10446.7,10448.7,10417.9,10424.1,8868
2026-04-07 11:00:00+00:00,10424.4,10434.7,10413.7,10426.9,7248
2026-04-07 11:15:00+00:00,10427.4,10441.2,10424.4,10425.0,6644
2026-04-07 11:30:00+00:00,10425.0,10429.5,10409.5,10423.1,6788
2026-04-07 11:45:00+00:00,10423.3,10432.2,10419.1,10425.5,5140
2026-04-07 12:00:00+00:00,10426.8,10441.4,10406.7,10419.3,10108
2026-04-07 12:15:00+00:00,10419.6,10442.8,10413.1,10439.7,8956
2026-04-07 12:30:00+00:00,10439.5,10441.5,10417.7,10419.3,5060
2026-04-07 12:45:00+00:00,10419.5,10430.4,10397.2,10399.6,8236
2026-04-07 13:00:00+00:00,10400.3,10414.3,10392.0,10399.4,7704
2026-04-07 13:15:00+00:00,10400.4,10407.8,10390.1,10395.8,6392
2026-04-07 13:30:00+00:00,10395.6,10403.5,10373.3,10375.9,12980
2026-04-07 13:45:00+00:00,10375.7,10386.4,10368.5,10373.1,9376
2026-04-07 14:00:00+00:00,10373.8,10374.6,10346.5,10357.5,11540
2026-04-07 14:15:00+00:00,10357.8,10380.4,10346.3,10378.9,10020
2026-04-07 14:30:00+00:00,10379.4,10397.1,10372.9,10386.4,9344
2026-04-07 14:45:00+00:00,10386.9,10400.9,10360.1,10360.6,9520
2026-04-07 15:00:00+00:00,10360.1,10361.6,10330.2,10333.2,9632
2026-04-07 15:15:00+00:00,10333.7,10360.7,10333.2,10354.7,12856
2026-04-07 15:30:00+00:00,10355.5,10359.4,10339.2,10340.7,11860
2026-04-07 15:45:00+00:00,10341.2,10360.6,10334.0,10355.9,8396
2026-04-07 16:00:00+00:00,10356.1,10383.7,10354.7,10367.7,11192
2026-04-07 16:15:00+00:00,10367.2,10378.3,10357.8,10369.4,9140
2026-04-07 16:30:00+00:00,10368.9,10372.1,10359.3,10365.2,5032
2026-04-07 16:45:00+00:00,10365.7,10378.9,10365.2,10369.2,4288
2026-04-07 17:00:00+00:00,10368.7,10383.3,10365.5,10379.1,4916
2026-04-07 17:15:00+00:00,10379.4,10379.9,10365.7,10370.2,2692
2026-04-07 17:30:00+00:00,10370.7,10400.2,10370.2,10385.8,5480
2026-04-07 17:45:00+00:00,10385.6,10393.8,10381.1,10387.6,3160
2026-04-07 18:00:00+00:00,10387.8,10391.1,10378.7,10386.6,2188
2026-04-07 18:15:00+00:00,10386.4,10394.5,10383.4,10389.1,2520
2026-04-07 18:30:00+00:00,10389.6,10392.3,10380.2,10385.1,2416
2026-04-07 18:45:00+00:00,10385.4,10388.6,10371.5,10380.2,3300
2026-04-07 19:00:00+00:00,10380.0,10381.4,10364.6,10375.3,4448
2026-04-07 19:15:00+00:00,10375.5,10418.9,10373.5,10399.6,12740
2026-04-07 19:30:00+00:00,10399.3,10403.3,10386.4,10395.6,5684
2026-04-07 19:45:00+00:00,10395.4,10434.3,10392.9,10417.7,14436
2026-04-07 20:00:00+00:00,10416.7,10426.5,10411.0,10424.0,5936
2026-04-07 20:30:00+00:00,10418.9,10435.9,10418.1,10426.2,5560
2026-04-07 20:45:00+00:00,10425.9,10431.8,10422.2,10424.7,4976
2026-04-07 22:00:00+00:00,10471.5,10488.7,10470.6,10473.7,5132
2026-04-07 22:15:00+00:00,10473.4,10477.0,10468.4,10471.8,5140
2026-04-07 22:30:00+00:00,10471.9,10531.5,10404.7,10519.4,16216
2026-04-07 22:45:00+00:00,10520.1,10565.8,10513.3,10564.1,9280
2026-04-07 23:00:00+00:00,10564.3,10595.2,10563.7,10594.9,8168
2026-04-07 23:15:00+00:00,10595.1,10619.0,10592.6,10608.3,7056
2026-04-07 23:30:00+00:00,10608.5,10613.7,10600.5,10600.5,6120
2026-04-07 23:45:00+00:00,10600.8,10622.8,10597.2,10622.4,5988
2026-04-08 00:00:00+00:00,10600.8,10604.1,10567.2,10592.1,11888
2026-04-08 00:15:00+00:00,10592.2,10599.9,10557.9,10592.5,11632
2026-04-08 00:30:00+00:00,10592.5,10604.2,10589.8,10597.4,9408
2026-04-08 00:45:00+00:00,10597.4,10609.1,10595.5,10599.0,8376
2026-04-08 01:00:00+00:00,10599.0,10606.7,10591.0,10603.0,8388
2026-04-08 01:15:00+00:00,10603.0,10617.6,10600.7,10617.0,7784
2026-04-08 01:30:00+00:00,10617.0,10631.2,10604.4,10629.6,7100
2026-04-08 01:45:00+00:00,10629.6,10645.5,10629.6,10643.7,6444
2026-04-08 02:00:00+00:00,10643.8,10663.9,10643.8,10655.5,5484
2026-04-08 02:15:00+00:00,10655.5,10677.3,10655.5,10676.3,6024
2026-04-08 02:30:00+00:00,10676.3,10722.1,10676.3,10687.0,6912
2026-04-08 02:45:00+00:00,10686.9,10689.6,10679.8,10680.3,3676
2026-04-08 03:00:00+00:00,10680.4,10681.8,10676.0,10678.4,4052
2026-04-08 03:15:00+00:00,10678.3,10679.1,10659.6,10659.6,4408
2026-04-08 03:30:00+00:00,10659.6,10667.1,10658.6,10662.7,4560
2026-04-08 03:45:00+00:00,10662.7,10667.6,10660.7,10661.7,3920
2026-04-08 04:00:00+00:00,10661.5,10675.8,10661.5,10670.9,4728
2026-04-08 04:15:00+00:00,10670.9,10676.0,10666.0,10675.0,4768
2026-04-08 04:30:00+00:00,10675.0,10678.6,10670.2,10670.9,3636
2026-04-08 04:45:00+00:00,10670.8,10676.8,10668.7,10673.0,4072
2026-04-08 05:00:00+00:00,10672.9,10672.9,10643.7,10648.6,1100
2026-04-08 05:15:00+00:00,10648.9,10664.3,10648.4,10660.0,864
2026-04-08 05:30:00+00:00,10659.5,10668.0,10641.7,10652.9,2016
2026-04-08 05:45:00+00:00,10653.4,10659.3,10640.0,10654.1,1248
2026-04-08 06:00:00+00:00,10654.4,10676.9,10636.6,10650.9,4080
2026-04-08 06:15:00+00:00,10651.7,10660.8,10648.0,10654.9,3732
2026-04-08 06:30:00+00:00,10654.4,10688.9,10651.4,10679.5,4820
2026-04-08 06:45:00+00:00,10679.7,10697.1,10631.6,10650.7,5728
2026-04-08 07:00:00+00:00,10644.3,10690.1,10590.5,10595.3,20692
2026-04-08 07:15:00+00:00,10596.0,10644.8,10596.0,10619.8,12376
2026-04-08 07:30:00+00:00,10619.3,10619.5,10588.2,10588.7,10724
2026-04-08 07:45:00+00:00,10589.0,10598.4,10575.0,10583.3,9200
2026-04-08 08:00:00+00:00,10582.1,10602.3,10580.1,10587.8,9256
2026-04-08 08:15:00+00:00,10588.0,10596.9,10580.0,10592.4,7460
2026-04-08 08:30:00+00:00,10592.2,10614.2,10569.6,10585.6,7664
2026-04-08 08:45:00+00:00,10586.4,10593.4,10570.3,10582.1,6908
2026-04-08 09:00:00+00:00,10582.6,10616.5,10576.0,10611.3,5200
2026-04-08 09:15:00+00:00,10611.5,10624.9,10608.9,10614.6,4336
2026-04-08 09:30:00+00:00,10615.1,10623.4,10585.2,10588.2,5596
2026-04-08 09:45:00+00:00,10588.4,10619.4,10586.3,10607.4,6612
2026-04-08 10:00:00+00:00,10607.9,10611.2,10596.9,10607.4,5644
2026-04-08 10:15:00+00:00,10607.9,10638.5,10594.7,10636.6,5016
2026-04-08 10:30:00+00:00,10636.8,10652.5,10634.6,10650.5,4016
2026-04-08 10:45:00+00:00,10651.0,10652.5,10635.0,10645.1,3976
2026-04-08 11:00:00+00:00,10644.8,10659.4,10635.9,10653.8,4232
2026-04-08 11:15:00+00:00,10654.3,10665.9,10646.3,10657.3,5496
2026-04-08 11:30:00+00:00,10657.8,10670.3,10649.9,10668.9,5508
2026-04-08 11:45:00+00:00,10668.4,10683.1,10658.8,10662.0,4456
2026-04-08 12:00:00+00:00,10661.7,10675.3,10651.3,10665.9,5828
2026-04-08 12:15:00+00:00,10665.4,10669.1,10632.5,10656.3,13116
2026-04-08 12:30:00+00:00,10656.0,10678.4,10652.8,10678.4,5680
2026-04-08 12:45:00+00:00,10678.2,10688.9,10668.3,10672.2,5012
2026-04-08 13:00:00+00:00,10672.5,10676.9,10655.0,10660.7,5920
2026-04-08 13:15:00+00:00,10661.4,10673.5,10651.4,10651.4,6064
2026-04-08 13:30:00+00:00,10651.1,10655.6,10609.2,10627.8,14516
2026-04-08 13:45:00+00:00,10628.1,10652.1,10614.7,10637.6,11156
2026-04-08 14:00:00+00:00,10638.1,10662.1,10637.6,10654.8,11900
2026-04-08 14:15:00+00:00,10655.0,10662.0,10619.0,10622.4,9004
2026-04-08 14:30:00+00:00,10622.7,10627.4,10613.4,10616.3,10088
2026-04-08 14:45:00+00:00,10616.5,10623.1,10595.0,10608.7,9336
2026-04-08 15:00:00+00:00,10609.2,10613.2,10586.3,10593.7,8924
2026-04-08 15:15:00+00:00,10594.0,10613.6,10590.0,10595.6,8248
2026-04-08 15:30:00+00:00,10595.1,10626.1,10591.4,10621.1,11292
2026-04-08 15:45:00+00:00,10621.4,10638.2,10621.4,10632.8,3860
2026-04-08 16:00:00+00:00,10632.3,10646.2,10632.3,10640.0,3692
2026-04-08 16:15:00+00:00,10640.3,10640.3,10625.7,10631.9,3880
2026-04-08 16:30:00+00:00,10632.1,10638.1,10627.6,10636.8,2232
2026-04-08 16:45:00+00:00,10636.6,10644.3,10636.6,10642.3,1728
2026-04-08 17:00:00+00:00,10642.0,10647.2,10636.1,10643.5,1560
2026-04-08 17:15:00+00:00,10643.8,10647.3,10633.6,10638.6,2972
2026-04-08 17:30:00+00:00,10638.4,10648.5,10637.6,10647.3,2532
2026-04-08 17:45:00+00:00,10647.0,10652.0,10643.8,10646.6,1292
2026-04-08 18:00:00+00:00,10645.8,10654.7,10644.1,10646.3,2028
2026-04-08 18:15:00+00:00,10646.6,10652.5,10623.8,10637.7,6912
2026-04-08 18:30:00+00:00,10638.2,10645.6,10627.5,10629.0,2796
2026-04-08 18:45:00+00:00,10628.5,10634.2,10620.1,10620.6,2748
2026-04-08 19:00:00+00:00,10620.8,10635.0,10619.1,10632.0,3012
2026-04-08 19:15:00+00:00,10631.5,10638.0,10626.6,10631.5,2764
2026-04-08 19:30:00+00:00,10632.0,10653.8,10632.0,10650.6,3032
2026-04-08 19:45:00+00:00,10650.4,10680.4,10648.6,10679.4,4944
2026-04-08 20:00:00+00:00,10680.2,10682.9,10672.6,10674.8,2784
2026-04-08 20:30:00+00:00,10673.8,10674.9,10671.3,10671.3,856
2026-04-08 20:45:00+00:00,10671.6,10671.9,10668.4,10669.3,1284
2026-04-08 22:00:00+00:00,10665.0,10667.1,10660.4,10660.6,1488
2026-04-08 22:15:00+00:00,10660.8,10662.7,10652.5,10655.9,2552
2026-04-08 22:30:00+00:00,10656.1,10662.5,10656.1,10658.1,1876
2026-04-08 22:45:00+00:00,10658.3,10659.1,10656.6,10658.3,1160
2026-04-08 23:00:00+00:00,10658.1,10663.6,10656.3,10660.9,1872
2026-04-08 23:15:00+00:00,10661.0,10662.4,10656.9,10657.3,1628
2026-04-08 23:30:00+00:00,10657.4,10658.3,10655.5,10656.1,1688
2026-04-08 23:45:00+00:00,10656.2,10658.1,10654.1,10654.6,1856
2026-04-09 00:00:00+00:00,10660.8,10661.4,10633.1,10639.7,6212
2026-04-09 00:15:00+00:00,10639.7,10647.8,10636.9,10639.3,6724
2026-04-09 00:30:00+00:00,10638.9,10646.2,10638.1,10643.7,6952
2026-04-09 00:45:00+00:00,10643.7,10644.3,10631.4,10631.9,6212
2026-04-09 01:00:00+00:00,10632.0,10637.3,10626.0,10630.7,6596
2026-04-09 01:15:00+00:00,10630.7,10631.0,10617.9,10620.9,6636
2026-04-09 01:30:00+00:00,10620.9,10629.8,10617.3,10620.7,6944
2026-04-09 01:45:00+00:00,10620.6,10631.5,10619.1,10627.5,6536
2026-04-09 02:00:00+00:00,10627.5,10630.0,10621.4,10623.8,5436
2026-04-09 02:15:00+00:00,10623.8,10624.7,10615.6,10620.9,5056
2026-04-09 02:30:00+00:00,10620.9,10628.7,10620.7,10624.8,4364
2026-04-09 02:45:00+00:00,10624.8,10627.9,10623.1,10623.3,4148
2026-04-09 03:00:00+00:00,10623.3,10627.8,10620.5,10622.2,4496
2026-04-09 03:15:00+00:00,10622.2,10625.2,10619.8,10624.3,3212
2026-04-09 03:30:00+00:00,10624.5,10627.9,10622.5,10624.1,3440
2026-04-09 03:45:00+00:00,10624.1,10629.5,10621.6,10627.2,5376
2026-04-09 04:00:00+00:00,10627.2,10629.0,10625.4,10627.5,3716
2026-04-09 04:15:00+00:00,10627.6,10627.8,10619.3,10619.3,3184
2026-04-09 04:30:00+00:00,10619.3,10624.3,10617.6,10623.3,2940
2026-04-09 04:45:00+00:00,10623.2,10624.5,10622.0,10623.1,2896
2026-04-09 05:00:00+00:00,10623.0,10627.5,10621.0,10624.8,1668
2026-04-09 05:15:00+00:00,10625.0,10629.5,10622.8,10629.3,1624
2026-04-09 05:30:00+00:00,10629.0,10638.5,10627.8,10637.0,1472
2026-04-09 05:45:00+00:00,10636.8,10638.0,10625.0,10627.8,1528
2026-04-09 06:00:00+00:00,10628.0,10640.5,10627.0,10631.5,1888
2026-04-09 06:15:00+00:00,10630.5,10636.0,10627.0,10630.0,1788
2026-04-09 06:30:00+00:00,10630.5,10632.3,10619.0,10621.8,2536
2026-04-09 06:45:00+00:00,10621.5,10635.3,10615.0,10632.8,2504
2026-04-09 07:00:00+00:00,10633.0,10645.0,10618.0,10623.3,10424
2026-04-09 07:15:00+00:00,10622.3,10623.5,10592.5,10595.8,6688
2026-04-09 07:30:00+00:00,10595.5,10598.5,10581.8,10586.3,6836
2026-04-09 07:45:00+00:00,10587.0,10606.3,10575.7,10600.7,5332
2026-04-09 08:00:00+00:00,10601.0,10603.5,10578.7,10581.5,5840
2026-04-09 08:15:00+00:00,10581.8,10592.8,10578.0,10580.1,5200
2026-04-09 08:30:00+00:00,10581.0,10588.5,10575.8,10586.2,4636
2026-04-09 08:45:00+00:00,10585.9,10587.7,10567.8,10568.5,4428
2026-04-09 09:00:00+00:00,10569.0,10578.4,10563.6,10576.1,4896
2026-04-09 09:15:00+00:00,10575.8,10584.6,10570.3,10579.4,3956
2026-04-09 09:30:00+00:00,10579.1,10579.4,10568.4,10572.9,3876
2026-04-09 09:45:00+00:00,10572.4,10586.6,10572.4,10581.2,3476
2026-04-09 10:00:00+00:00,10581.5,10587.1,10566.1,10567.4,4036
2026-04-09 10:15:00+00:00,10567.7,10577.8,10564.7,10571.1,3832
2026-04-09 10:30:00+00:00,10571.1,10579.2,10566.7,10576.9,3296
2026-04-09 10:45:00+00:00,10576.7,10579.5,10567.8,10572.2,4360
2026-04-09 11:00:00+00:00,10571.5,10582.2,10568.3,10574.8,4736
2026-04-09 11:15:00+00:00,10574.6,10575.1,10565.1,10569.4,3652
2026-04-09 11:30:00+00:00,10569.6,10588.9,10568.9,10583.9,3728
2026-04-09 11:45:00+00:00,10584.1,10589.5,10581.8,10584.4,3452
2026-04-09 12:00:00+00:00,10584.6,10590.8,10577.2,10578.4,4176
2026-04-09 12:15:00+00:00,10578.2,10588.5,10574.7,10588.5,3296
2026-04-09 12:30:00+00:00,10588.8,10592.7,10575.0,10581.0,6524
2026-04-09 12:45:00+00:00,10580.5,10585.2,10569.2,10578.5,4032
2026-04-09 13:00:00+00:00,10579.0,10581.9,10567.7,10570.4,5352
2026-04-09 13:15:00+00:00,10570.2,10572.1,10561.5,10567.8,4332
2026-04-09 13:30:00+00:00,10568.0,10587.0,10565.0,10583.5,7516
2026-04-09 13:45:00+00:00,10584.0,10595.7,10580.0,10584.8,6920
2026-04-09 14:00:00+00:00,10584.3,10587.4,10569.4,10571.9,6760
2026-04-09 14:15:00+00:00,10571.4,10576.4,10556.4,10564.1,6140
2026-04-09 14:30:00+00:00,10564.3,10575.3,10560.5,10562.5,5996
2026-04-09 14:45:00+00:00,10562.3,10567.1,10555.6,10566.9,6612
2026-04-09 15:00:00+00:00,10567.1,10569.1,10551.1,10564.4,6056
2026-04-09 15:15:00+00:00,10564.2,10581.4,10563.9,10578.2,7784
2026-04-09 15:30:00+00:00,10576.7,10608.0,10573.2,10605.0,17044
2026-04-09 15:45:00+00:00,10604.5,10627.4,10600.3,10624.7,6992
2026-04-09 16:00:00+00:00,10624.9,10640.9,10624.7,10627.2,5832
2026-04-09 16:15:00+00:00,10627.0,10637.9,10623.7,10625.7,3576
2026-04-09 16:30:00+00:00,10625.2,10629.7,10618.3,10620.8,3556
2026-04-09 16:45:00+00:00,10620.3,10629.5,10615.8,10625.8,3232
2026-04-09 17:00:00+00:00,10626.0,10627.2,10616.1,10626.8,3072
2026-04-09 17:15:00+00:00,10626.5,10631.2,10625.8,10628.8,2096
2026-04-09 17:30:00+00:00,10628.5,10637.2,10623.8,10627.3,2392
2026-04-09 17:45:00+00:00,10627.5,10629.3,10619.4,10622.3,2008
2026-04-09 18:00:00+00:00,10622.1,10622.6,10603.5,10610.5,4960
2026-04-09 18:15:00+00:00,10610.0,10618.9,10609.2,10614.9,3580
2026-04-09 18:30:00+00:00,10614.7,10618.9,10607.0,10614.4,2636
2026-04-09 18:45:00+00:00,10614.2,10617.7,10611.0,10615.5,1900
2026-04-09 19:00:00+00:00,10615.7,10627.7,10612.0,10624.9,1704
2026-04-09 19:15:00+00:00,10625.2,10627.4,10619.2,10622.5,1668
2026-04-09 19:30:00+00:00,10622.7,10626.4,10618.0,10620.2,1668
2026-04-09 19:45:00+00:00,10620.0,10620.5,10593.5,10603.6,4064
2026-04-09 20:00:00+00:00,10603.1,10605.3,10597.7,10601.0,1936
2026-04-09 20:30:00+00:00,10601.5,10605.0,10601.3,10604.5,904
2026-04-09 20:45:00+00:00,10604.2,10604.8,10599.1,10602.1,856
2026-04-09 22:00:00+00:00,10603.2,10604.3,10600.4,10603.8,1088
2026-04-09 22:15:00+00:00,10603.6,10604.3,10597.1,10597.3,1612
2026-04-09 22:30:00+00:00,10597.5,10601.1,10596.8,10599.2,2164
2026-04-09 22:45:00+00:00,10599.1,10599.5,10594.1,10595.2,1640
2026-04-09 23:00:00+00:00,10595.3,10596.0,10592.3,10595.9,1352
2026-04-09 23:15:00+00:00,10595.8,10596.6,10594.7,10595.2,856
2026-04-09 23:30:00+00:00,10595.5,10596.7,10594.4,10595.5,936
2026-04-09 23:45:00+00:00,10595.6,10600.1,10595.0,10597.4,1540
2026-04-10 00:00:00+00:00,10592.8,10593.9,10578.7,10584.1,5668
2026-04-10 00:15:00+00:00,10584.0,10591.7,10582.5,10590.2,4584
2026-04-10 00:30:00+00:00,10590.3,10594.7,10586.9,10591.0,4036
2026-04-10 00:45:00+00:00,10591.0,10599.7,10590.7,10599.4,3700
2026-04-10 01:00:00+00:00,10598.8,10598.8,10593.7,10594.7,4528
2026-04-10 01:15:00+00:00,10594.7,10598.1,10593.0,10593.9,4352
2026-04-10 01:30:00+00:00,10593.8,10606.5,10590.3,10606.1,5944
2026-04-10 01:45:00+00:00,10606.1,10606.1,10597.9,10598.2,3928
2026-04-10 02:00:00+00:00,10598.3,10599.0,10593.6,10593.8,4168
2026-04-10 02:15:00+00:00,10593.9,10596.4,10589.0,10594.6,3752
2026-04-10 02:30:00+00:00,10594.2,10600.0,10593.8,10599.3,3200
2026-04-10 02:45:00+00:00,10599.1,10599.6,10596.1,10597.3,2552
2026-04-10 03:00:00+00:00,10597.5,10603.5,10597.5,10602.3,2620
2026-04-10 03:15:00+00:00,10602.2,10602.5,10594.7,10595.1,2496
2026-04-10 03:30:00+00:00,10595.2,10603.2,10595.1,10599.8,3856
2026-04-10 03:45:00+00:00,10599.8,10603.2,10595.8,10597.9,3204
2026-04-10 04:00:00+00:00,10598.1,10601.3,10597.7,10598.8,2888
2026-04-10 04:15:00+00:00,10598.6,10604.2,10598.3,10603.4,2532
2026-04-10 04:30:00+00:00,10603.4,10603.4,10598.9,10602.3,2748
2026-04-10 04:45:00+00:00,10601.9,10603.9,10599.7,10600.2,2168
2026-04-10 05:00:00+00:00,10600.2,10605.1,10597.7,10598.4,936
2026-04-10 05:15:00+00:00,10598.7,10600.9,10596.2,10596.5,816
2026-04-10 05:30:00+00:00,10596.7,10601.4,10594.0,10598.4,1364
2026-04-10 05:45:00+00:00,10598.7,10601.4,10597.2,10599.7,916
2026-04-10 06:00:00+00:00,10599.2,10603.4,10589.3,10591.8,1428
2026-04-10 06:15:00+00:00,10592.0,10592.3,10586.6,10589.3,1272
2026-04-10 06:30:00+00:00,10589.6,10592.3,10577.9,10586.6,1776
2026-04-10 06:45:00+00:00,10586.4,10602.7,10583.1,10597.5,2468
2026-04-10 07:00:00+00:00,10596.8,10617.5,10580.1,10612.0,8648
2026-04-10 07:15:00+00:00,10612.2,10618.8,10606.6,10615.8,5184
2026-04-10 07:30:00+00:00,10615.6,10625.0,10610.2,10610.7,4000
2026-04-10 07:45:00+00:00,10610.2,10619.6,10607.2,10617.9,3496
2026-04-10 08:00:00+00:00,10618.4,10620.7,10601.6,10619.1,4240
2026-04-10 08:15:00+00:00,10618.6,10626.8,10615.4,10626.3,3624
2026-04-10 08:30:00+00:00,10625.8,10631.0,10620.7,10628.4,2864
2026-04-10 08:45:00+00:00,10627.9,10629.6,10602.3,10607.5,3744
2026-04-10 09:00:00+00:00,10608.0,10625.3,10607.5,10624.8,3080
2026-04-10 09:15:00+00:00,10625.3,10661.7,10623.3,10648.4,10056
2026-04-10 09:30:00+00:00,10648.9,10650.9,10637.0,10643.9,4464
2026-04-10 09:45:00+00:00,10643.7,10647.9,10635.1,10636.9,4836
2026-04-10 10:00:00+00:00,10636.6,10640.4,10622.2,10629.1,3972
2026-04-10 10:15:00+00:00,10628.6,10649.9,10628.1,10645.3,3476
2026-04-10 10:30:00+00:00,10645.6,10649.2,10636.6,10639.2,3464
2026-04-10 10:45:00+00:00,10639.7,10649.7,10633.7,10634.6,3864
2026-04-10 11:00:00+00:00,10634.9,10646.8,10633.2,10638.0,4168
2026-04-10 11:15:00+00:00,10637.5,10644.4,10631.5,10637.1,3092
2026-04-10 11:30:00+00:00,10637.4,10641.3,10632.0,10638.1,3320
2026-04-10 11:45:00+00:00,10638.3,10643.2,10633.3,10635.8,2808
2026-04-10 12:00:00+00:00,10635.3,10643.6,10632.3,10641.7,3696
2026-04-10 12:15:00+00:00,10641.5,10645.9,10630.8,10644.8,3992
2026-04-10 12:30:00+00:00,10651.5,10653.4,10639.0,10647.4,5780
2026-04-10 12:45:00+00:00,10647.6,10649.0,10637.7,10640.2,3840
2026-04-10 13:00:00+00:00,10640.0,10648.0,10635.8,10638.3,3784
2026-04-10 13:15:00+00:00,10638.6,10642.5,10630.8,10635.0,3372
2026-04-10 13:30:00+00:00,10635.3,10636.5,10614.4,10619.9,7184
2026-04-10 13:45:00+00:00,10620.4,10621.5,10602.2,10621.2,6056
2026-04-10 14:00:00+00:00,10619.5,10626.9,10613.1,10625.6,5836
2026-04-10 14:15:00+00:00,10625.1,10627.1,10617.8,10623.4,4308
2026-04-10 14:30:00+00:00,10623.9,10626.6,10603.3,10610.1,5200
2026-04-10 14:45:00+00:00,10611.1,10612.7,10602.4,10604.5,4724
2026-04-10 15:00:00+00:00,10603.8,10612.3,10595.8,10608.8,4232
2026-04-10 15:15:00+00:00,10609.0,10613.0,10594.0,10594.5,5200
2026-04-10 15:30:00+00:00,10596.0,10602.2,10584.9,10592.2,10136
2026-04-10 15:45:00+00:00,10591.9,10595.9,10583.7,10585.9,4516
2026-04-10 16:00:00+00:00,10586.4,10588.4,10579.9,10585.9,3316
2026-04-10 16:15:00+00:00,10586.1,10589.9,10579.0,10581.0,2444
2026-04-10 16:30:00+00:00,10580.5,10583.2,10572.1,10576.0,2676
2026-04-10 16:45:00+00:00,10576.5,10589.9,10576.0,10587.2,2404
2026-04-10 17:00:00+00:00,10587.4,10587.7,10572.3,10576.8,1832
2026-04-10 17:15:00+00:00,10577.0,10578.3,10568.1,10571.1,1660
2026-04-10 17:30:00+00:00,10570.6,10577.3,10567.9,10574.3,1804
2026-04-10 17:45:00+00:00,10574.1,10584.5,10573.6,10582.5,1328
2026-04-10 18:00:00+00:00,10582.0,10582.0,10574.4,10579.6,1696
2026-04-10 18:15:00+00:00,10580.1,10586.5,10579.8,10584.5,1548
2026-04-10 18:30:00+00:00,10585.0,10587.3,10581.6,10582.1,1412
2026-04-10 18:45:00+00:00,10582.6,10585.8,10580.8,10584.6,1068
2026-04-10 19:00:00+00:00,10585.1,10589.5,10582.0,10589.0,1076
2026-04-10 19:15:00+00:00,10589.7,10591.9,10586.2,10588.7,1048
2026-04-10 19:30:00+00:00,10588.5,10592.0,10585.0,10589.5,1568
2026-04-10 19:45:00+00:00,10589.0,10598.9,10587.5,10595.9,2808
2026-04-12 22:00:00+00:00,10521.1,10528.4,10519.4,10524.7,3792
2026-04-12 22:15:00+00:00,10524.6,10527.0,10513.5,10515.9,4744
2026-04-12 22:30:00+00:00,10516.1,10523.8,10511.7,10521.4,4416
2026-04-12 22:45:00+00:00,10521.5,10523.8,10518.4,10522.8,2364
2026-04-12 23:00:00+00:00,10522.6,10522.8,10517.9,10520.2,2488
2026-04-12 23:15:00+00:00,10520.3,10521.4,10517.6,10520.5,1872
2026-04-12 23:30:00+00:00,10520.6,10520.6,10516.5,10518.4,1408
2026-04-12 23:45:00+00:00,10518.6,10527.9,10499.3,10501.2,3380
2026-04-13 00:00:00+00:00,10500.8,10539.0,10494.3,10538.5,9400
2026-04-13 00:15:00+00:00,10538.1,10538.7,10524.6,10534.5,9088
2026-04-13 00:30:00+00:00,10534.6,10550.5,10534.6,10546.0,6988
2026-04-13 00:45:00+00:00,10546.2,10557.1,10545.2,10552.9,6544
2026-04-13 01:00:00+00:00,10553.3,10557.4,10548.9,10552.0,7948
2026-04-13 01:15:00+00:00,10552.1,10552.7,10541.3,10545.5,6128
2026-04-13 01:30:00+00:00,10545.3,10545.3,10536.3,10536.5,6028
2026-04-13 01:45:00+00:00,10536.5,10541.7,10532.3,10539.9,5212
2026-04-13 02:00:00+00:00,10539.9,10543.1,10533.5,10535.0,5216
2026-04-13 02:15:00+00:00,10535.0,10537.5,10533.0,10533.3,4236
2026-04-13 02:30:00+00:00,10533.3,10535.0,10528.9,10531.4,3896
2026-04-13 02:45:00+00:00,10531.4,10539.0,10528.8,10538.2,3640
2026-04-13 03:00:00+00:00,10538.4,10540.5,10527.5,10528.7,4492
2026-04-13 03:15:00+00:00,10528.5,10533.2,10527.8,10532.4,3368
2026-04-13 03:30:00+00:00,10532.2,10534.0,10527.5,10532.5,3588
2026-04-13 03:45:00+00:00,10532.9,10532.9,10524.4,10527.5,3140
2026-04-13 04:00:00+00:00,10527.5,10529.5,10524.9,10525.1,3196
2026-04-13 04:15:00+00:00,10525.3,10529.7,10524.0,10528.7,3444
2026-04-13 04:30:00+00:00,10528.8,10534.2,10528.7,10532.2,3260
2026-04-13 04:45:00+00:00,10532.2,10541.5,10531.8,10536.5,3872
2026-04-13 05:00:00+00:00,10537.3,10539.5,10532.5,10534.0,1552
2026-04-13 05:15:00+00:00,10534.3,10537.5,10532.0,10536.8,1200
2026-04-13 05:30:00+00:00,10536.5,10539.3,10533.3,10533.8,1380
2026-04-13 05:45:00+00:00,10535.3,10541.5,10534.5,10535.0,1236
2026-04-13 06:00:00+00:00,10535.3,10540.8,10527.0,10528.3,2552
2026-04-13 06:15:00+00:00,10528.0,10549.5,10527.3,10542.5,2036
2026-04-13 06:30:00+00:00,10542.3,10542.3,10533.0,10540.3,2028
2026-04-13 06:45:00+00:00,10539.5,10548.8,10529.5,10547.8,2332
2026-04-13 07:00:00+00:00,10548.3,10555.8,10526.0,10548.5,8464
2026-04-13 07:15:00+00:00,10548.0,10562.1,10546.8,10559.6,4900
2026-04-13 07:30:00+00:00,10559.9,10563.4,10548.8,10557.4,4020
2026-04-13 07:45:00+00:00,10557.9,10564.8,10553.0,10557.4,3688
2026-04-13 08:00:00+00:00,10556.9,10563.9,10547.9,10552.1,4576
2026-04-13 08:15:00+00:00,10551.9,10566.3,10550.1,10557.9,3528
2026-04-13 08:30:00+00:00,10558.4,10561.7,10549.3,10554.1,4180
2026-04-13 08:45:00+00:00,10554.8,10562.8,10549.0,10562.8,3576
2026-04-13 09:00:00+00:00,10563.0,10574.2,10562.3,10567.7,4268
2026-04-13 09:15:00+00:00,10567.5,10572.0,10562.7,10563.7,2840
2026-04-13 09:30:00+00:00,10563.4,10567.1,10556.9,10559.1,2400
2026-04-13 09:45:00+00:00,10558.6,10560.6,10552.6,10557.1,2288
2026-04-13 10:00:00+00:00,10557.6,10567.7,10556.6,10566.3,2784
2026-04-13 10:15:00+00:00,10566.1,10568.4,10557.7,10566.7,2368
2026-04-13 10:30:00+00:00,10566.4,10570.6,10561.6,10563.4,2476
2026-04-13 10:45:00+00:00,10563.1,10567.8,10553.9,10562.6,2928
2026-04-13 11:00:00+00:00,10562.8,10570.5,10556.6,10562.2,4032
2026-04-13 11:15:00+00:00,10562.4,10566.9,10551.7,10553.7,2976
2026-04-13 11:30:00+00:00,10553.4,10559.7,10538.7,10546.9,4048
2026-04-13 11:45:00+00:00,10546.7,10550.4,10534.9,10535.9,4572
2026-04-13 12:00:00+00:00,10536.1,10549.7,10529.3,10547.9,5152
2026-04-13 12:15:00+00:00,10548.2,10554.3,10545.8,10553.8,2684
2026-04-13 12:30:00+00:00,10554.3,10556.8,10546.5,10547.8,3244
2026-04-13 12:45:00+00:00,10548.2,10561.4,10548.0,10561.4,3920
2026-04-13 13:00:00+00:00,10561.9,10564.1,10553.7,10559.6,3588
2026-04-13 13:15:00+00:00,10559.3,10565.3,10556.5,10558.7,3420
2026-04-13 13:30:00+00:00,10559.2,10560.9,10546.4,10556.4,5820
2026-04-13 13:45:00+00:00,10556.2,10594.0,10554.0,10586.1,11668
2026-04-13 14:00:00+00:00,10584.9,10585.2,10567.1,10577.0,7180
2026-04-13 14:15:00+00:00,10576.7,10583.9,10566.5,10579.2,7176
2026-04-13 14:30:00+00:00,10579.5,10593.5,10577.8,10591.1,4144
2026-04-13 14:45:00+00:00,10591.3,10593.1,10576.4,10581.7,3972
2026-04-13 15:00:00+00:00,10581.2,10587.1,10571.2,10584.2,5128
2026-04-13 15:15:00+00:00,10584.4,10585.2,10574.2,10578.2,4984
2026-04-13 15:30:00+00:00,10577.9,10587.1,10568.2,10576.0,7580
2026-04-13 15:45:00+00:00,10574.0,10578.6,10570.7,10574.9,3248
2026-04-13 16:00:00+00:00,10575.2,10591.1,10570.4,10579.9,5384
2026-04-13 16:15:00+00:00,10580.4,10602.3,10579.5,10597.8,4820
2026-04-13 16:30:00+00:00,10597.6,10609.2,10594.6,10603.3,8124
2026-04-13 16:45:00+00:00,10603.0,10615.7,10598.8,10604.5,5160
2026-04-13 17:00:00+00:00,10604.8,10611.2,10603.8,10610.3,2424
2026-04-13 17:15:00+00:00,10610.5,10614.0,10605.5,10607.8,1924
2026-04-13 17:30:00+00:00,10608.0,10609.8,10604.1,10604.6,1936
2026-04-13 17:45:00+00:00,10604.8,10605.8,10601.6,10604.6,1072
2026-04-13 18:00:00+00:00,10604.8,10614.8,10604.8,10613.8,1392
2026-04-13 18:15:00+00:00,10613.3,10614.8,10607.8,10611.3,1496
2026-04-13 18:30:00+00:00,10611.1,10611.3,10607.1,10610.6,1708
2026-04-13 18:45:00+00:00,10610.8,10616.8,10609.6,10609.9,1984
2026-04-13 19:00:00+00:00,10610.1,10614.8,10604.9,10606.4,1312
2026-04-13 19:15:00+00:00,10606.7,10615.4,10605.4,10614.6,1124
2026-04-13 19:30:00+00:00,10613.9,10616.8,10608.7,10610.9,1480
2026-04-13 19:45:00+00:00,10610.7,10618.9,10603.0,10611.9,3096
2026-04-13 20:00:00+00:00,10613.2,10616.2,10609.8,10612.1,2092
2026-04-13 20:30:00+00:00,10612.1,10615.8,10612.1,10614.8,700
2026-04-13 20:45:00+00:00,10615.0,10617.4,10615.0,10616.1,524
2026-04-13 22:00:00+00:00,10615.2,10618.8,10615.1,10615.4,1076
2026-04-13 22:15:00+00:00,10615.3,10616.2,10613.6,10613.8,608
2026-04-13 22:30:00+00:00,10614.0,10616.0,10613.6,10614.4,652
2026-04-13 22:45:00+00:00,10614.5,10616.3,10613.1,10615.5,832
2026-04-13 23:00:00+00:00,10615.6,10620.0,10613.3,10617.4,1680
2026-04-13 23:15:00+00:00,10617.6,10618.4,10616.0,10616.0,772
2026-04-13 23:30:00+00:00,10615.8,10617.1,10615.0,10616.7,888
2026-04-13 23:45:00+00:00,10616.6,10618.2,10613.1,10613.7,1192
2026-04-14 00:00:00+00:00,10623.9,10624.6,10595.7,10600.4,4808
2026-04-14 00:15:00+00:00,10600.4,10607.5,10594.5,10596.2,4728
2026-04-14 00:30:00+00:00,10596.2,10600.5,10593.6,10594.6,4084
2026-04-14 00:45:00+00:00,10594.8,10597.4,10590.2,10592.1,3536
2026-04-14 01:00:00+00:00,10592.0,10592.0,10583.9,10589.7,4020
2026-04-14 01:15:00+00:00,10589.7,10591.1,10588.0,10589.4,3024
2026-04-14 01:30:00+00:00,10589.3,10591.1,10581.2,10586.8,3748
2026-04-14 01:45:00+00:00,10586.8,10589.4,10580.3,10581.2,2516
2026-04-14 02:00:00+00:00,10581.4,10586.2,10579.3,10586.0,2452
2026-04-14 02:15:00+00:00,10586.2,10589.5,10585.2,10585.4,1924
2026-04-14 02:30:00+00:00,10585.2,10585.3,10580.8,10582.2,2876
2026-04-14 02:45:00+00:00,10582.2,10583.0,10579.8,10582.5,1944
2026-04-14 03:00:00+00:00,10582.3,10582.3,10579.2,10581.3,1992
2026-04-14 03:15:00+00:00,10581.1,10582.0,10579.4,10580.9,1744
2026-04-14 03:30:00+00:00,10580.7,10581.1,10579.9,10580.3,1368
2026-04-14 03:45:00+00:00,10580.2,10581.1,10577.7,10578.1,1848
2026-04-14 04:00:00+00:00,10578.0,10583.6,10577.8,10582.9,1776
2026-04-14 04:15:00+00:00,10582.7,10584.6,10581.4,10582.6,2104
2026-04-14 04:30:00+00:00,10582.4,10583.3,10580.6,10580.9,1736
2026-04-14 04:45:00+00:00,10580.3,10583.2,10580.2,10582.9,1500
2026-04-14 05:00:00+00:00,10582.6,10582.6,10579.4,10580.7,576
2026-04-14 05:15:00+00:00,10580.4,10581.4,10576.5,10578.0,460
2026-04-14 05:30:00+00:00,10578.2,10578.5,10572.5,10577.5,776
2026-04-14 05:45:00+00:00,10577.2,10586.4,10576.7,10582.9,1004
2026-04-14 06:00:00+00:00,10582.7,10582.9,10572.8,10580.7,1368
2026-04-14 06:15:00+00:00,10580.5,10587.7,10577.5,10581.0,1120
2026-04-14 06:30:00+00:00,10581.7,10592.4,10576.3,10590.7,1676
2026-04-14 06:45:00+00:00,10591.2,10593.2,10580.3,10588.2,1444
2026-04-14 07:00:00+00:00,10582.5,10613.5,10576.9,10609.1,10624
2026-04-14 07:15:00+00:00,10609.3,10615.1,10595.9,10609.7,5680
2026-04-14 07:30:00+00:00,10609.9,10621.5,10607.7,10614.3,5104
2026-04-14 07:45:00+00:00,10614.5,10624.0,10609.8,10622.0,4320
2026-04-14 08:00:00+00:00,10621.5,10632.7,10612.9,10618.7,6180
2026-04-14 08:15:00+00:00,10619.2,10622.2,10611.1,10618.5,4484
2026-04-14 08:30:00+00:00,10619.0,10622.7,10605.9,10610.8,3976
2026-04-14 08:45:00+00:00,10610.6,10613.5,10602.2,10609.1,3184
2026-04-14 09:00:00+00:00,10608.6,10613.5,10594.1,10599.8,3648
2026-04-14 09:15:00+00:00,10600.1,10603.8,10593.4,10600.8,2880
2026-04-14 09:30:00+00:00,10601.1,10601.7,10587.4,10589.7,3132
2026-04-14 09:45:00+00:00,10589.5,10599.1,10582.9,10598.1,2440
2026-04-14 10:00:00+00:00,10598.6,10599.1,10587.1,10591.8,2672
2026-04-14 10:15:00+00:00,10592.1,10596.2,10586.4,10587.7,2412
2026-04-14 10:30:00+00:00,10588.2,10590.6,10573.3,10574.6,3364
2026-04-14 10:45:00+00:00,10574.1,10581.9,10573.0,10574.2,2584
2026-04-14 11:00:00+00:00,10574.0,10579.6,10569.3,10575.6,3132
2026-04-14 11:15:00+00:00,10575.4,10591.0,10573.9,10587.7,2452
2026-04-14 11:30:00+00:00,10588.2,10594.3,10586.2,10589.1,2244
2026-04-14 11:45:00+00:00,10589.1,10604.4,10582.1,10593.2,4716
2026-04-14 12:00:00+00:00,10593.5,10598.7,10588.8,10591.8,3176
2026-04-14 12:15:00+00:00,10592.0,10603.1,10587.0,10603.1,3032
2026-04-14 12:30:00+00:00,10606.8,10616.2,10589.5,10593.7,4204
2026-04-14 12:45:00+00:00,10593.5,10597.2,10590.6,10594.3,3092
2026-04-14 13:00:00+00:00,10593.8,10604.2,10590.6,10600.9,3280
2026-04-14 13:15:00+00:00,10601.1,10604.8,10594.1,10594.9,3328
2026-04-14 13:30:00+00:00,10594.4,10603.4,10581.9,10599.2,8404
2026-04-14 13:45:00+00:00,10598.9,10604.7,10594.9,10602.5,4888
2026-04-14 14:00:00+00:00,10603.0,10608.6,10596.0,10606.4,5676
2026-04-14 14:15:00+00:00,10606.2,10608.0,10584.8,10589.4,4524
2026-04-14 14:30:00+00:00,10589.7,10596.2,10584.9,10591.4,4120
2026-04-14 14:45:00+00:00,10591.2,10598.5,10587.8,10588.6,3820
2026-04-14 15:00:00+00:00,10588.3,10592.5,10583.5,10591.5,4152
2026-04-14 15:15:00+00:00,10591.2,10602.1,10588.7,10600.2,5008
2026-04-14 15:30:00+00:00,10599.9,10617.0,10598.4,10614.0,5364
2026-04-14 15:45:00+00:00,10614.5,10620.2,10610.3,10618.5,2604
2026-04-14 16:00:00+00:00,10618.2,10621.0,10612.5,10614.1,1936
2026-04-14 16:15:00+00:00,10613.8,10616.8,10609.8,10614.8,1312
2026-04-14 16:30:00+00:00,10615.3,10615.3,10607.9,10609.6,1496
2026-04-14 16:45:00+00:00,10609.8,10610.3,10601.2,10604.4,1476
2026-04-14 17:00:00+00:00,10604.7,10611.1,10603.9,10608.4,1192
2026-04-14 17:15:00+00:00,10608.6,10616.8,10608.6,10614.8,976
2026-04-14 17:30:00+00:00,10614.6,10615.3,10608.9,10609.9,932
2026-04-14 17:45:00+00:00,10609.7,10609.9,10602.5,10605.5,1320
2026-04-14 18:00:00+00:00,10605.7,10621.8,10605.7,10620.3,956
2026-04-14 18:15:00+00:00,10620.6,10621.8,10608.7,10615.4,2280
2026-04-14 18:30:00+00:00,10615.6,10623.1,10614.9,10620.9,1476
2026-04-14 18:45:00+00:00,10620.6,10631.0,10620.4,10630.3,1252
2026-04-14 19:00:00+00:00,10629.8,10630.9,10625.8,10629.6,1000
2026-04-14 19:15:00+00:00,10629.9,10638.6,10629.6,10638.6,796
2026-04-14 19:30:00+00:00,10638.3,10641.8,10630.1,10631.1,1332
2026-04-14 19:45:00+00:00,10631.4,10633.9,10618.3,10623.2,2184
2026-04-14 20:00:00+00:00,10623.0,10623.1,10617.6,10620.3,1516
2026-04-14 20:30:00+00:00,10622.9,10623.2,10620.8,10622.4,488
2026-04-14 20:45:00+00:00,10622.1,10622.4,10621.1,10621.9,316
2026-04-14 22:00:00+00:00,10622.2,10625.9,10622.2,10624.1,1200
2026-04-14 22:15:00+00:00,10623.9,10626.2,10623.8,10624.1,1000
2026-04-14 22:30:00+00:00,10624.2,10625.1,10622.5,10624.6,660
2026-04-14 22:45:00+00:00,10624.5,10625.1,10622.3,10622.8,548
2026-04-14 23:00:00+00:00,10622.5,10625.4,10622.5,10624.1,488
2026-04-14 23:15:00+00:00,10624.4,10626.0,10624.1,10625.3,572
2026-04-14 23:30:00+00:00,10625.4,10630.2,10624.4,10627.6,2372
2026-04-14 23:45:00+00:00,10627.8,10631.5,10626.3,10627.1,1772
2026-04-15 00:00:00+00:00,10633.4,10634.6,10618.9,10623.4,5116
2026-04-15 00:15:00+00:00,10623.5,10627.0,10619.3,10622.5,3700
2026-04-15 00:30:00+00:00,10622.1,10626.0,10619.3,10619.5,3876
2026-04-15 00:45:00+00:00,10619.3,10623.9,10619.3,10622.2,2920
2026-04-15 01:00:00+00:00,10621.8,10622.1,10613.7,10616.8,4192
2026-04-15 01:15:00+00:00,10616.6,10618.8,10615.6,10616.3,3852
2026-04-15 01:30:00+00:00,10615.9,10615.9,10609.0,10609.1,4448
2026-04-15 01:45:00+00:00,10608.9,10612.8,10607.3,10611.8,3340
2026-04-15 02:00:00+00:00,10612.0,10615.3,10609.3,10611.6,3764
2026-04-15 02:15:00+00:00,10611.4,10613.6,10611.2,10611.9,2548
2026-04-15 02:30:00+00:00,10611.9,10612.4,10607.8,10611.7,3200
2026-04-15 02:45:00+00:00,10611.7,10614.4,10610.9,10611.9,2452
2026-04-15 03:00:00+00:00,10611.5,10612.3,10609.0,10610.9,2660
2026-04-15 03:15:00+00:00,10610.7,10611.3,10608.0,10608.2,2464
2026-04-15 03:30:00+00:00,10608.0,10609.1,10607.8,10608.3,2804
2026-04-15 03:45:00+00:00,10608.2,10609.8,10607.5,10609.2,2320
2026-04-15 04:00:00+00:00,10609.3,10613.5,10609.2,10612.5,2040
2026-04-15 04:15:00+00:00,10612.3,10613.2,10610.4,10612.0,1636
2026-04-15 04:30:00+00:00,10611.8,10612.5,10606.9,10607.3,1908
2026-04-15 04:45:00+00:00,10606.9,10609.2,10605.6,10606.1,2676
2026-04-15 05:00:00+00:00,10606.1,10616.5,10601.9,10604.6,3960
2026-04-15 05:15:00+00:00,10604.9,10605.1,10594.0,10598.2,1656
2026-04-15 05:30:00+00:00,10598.4,10600.9,10595.5,10597.0,1920
2026-04-15 05:45:00+00:00,10596.7,10603.9,10593.2,10602.7,1600
2026-04-15 06:00:00+00:00,10603.7,10610.1,10599.5,10605.4,1904
2026-04-15 06:15:00+00:00,10604.4,10610.4,10604.4,10609.4,1436
2026-04-15 06:30:00+00:00,10608.9,10616.9,10606.9,10615.6,1516
2026-04-15 06:45:00+00:00,10615.4,10619.8,10608.4,10614.9,1632
2026-04-15 07:00:00+00:00,10614.4,10638.9,10611.9,10627.9,8832
2026-04-15 07:15:00+00:00,10628.1,10631.0,10620.6,10622.3,5028
2026-04-15 07:30:00+00:00,10622.1,10626.2,10613.2,10616.5,4024
2026-04-15 07:45:00+00:00,10616.8,10618.3,10605.7,10608.7,4124
2026-04-15 08:00:00+00:00,10609.2,10611.2,10596.4,10608.1,4248
2026-04-15 08:15:00+00:00,10608.4,10615.3,10607.7,10614.5,3752
2026-04-15 08:30:00+00:00,10614.2,10617.0,10608.1,10613.3,3384
2026-04-15 08:45:00+00:00,10613.6,10615.3,10608.2,10615.3,2656
2026-04-15 09:00:00+00:00,10615.3,10618.3,10601.3,10615.4,5944
2026-04-15 09:15:00+00:00,10614.9,10619.2,10602.7,10605.7,3508
2026-04-15 09:30:00+00:00,10606.4,10613.5,10603.2,10609.2,3240
2026-04-15 09:45:00+00:00,10608.7,10617.0,10607.2,10609.0,2768
2026-04-15 10:00:00+00:00,10610.0,10622.1,10609.5,10614.9,4224
2026-04-15 10:15:00+00:00,10614.7,10615.3,10601.9,10604.9,5736
2026-04-15 10:30:00+00:00,10605.4,10623.1,10601.0,10619.8,4744
2026-04-15 10:45:00+00:00,10619.6,10627.7,10613.8,10617.7,3868
2026-04-15 11:00:00+00:00,10618.2,10623.0,10612.8,10615.3,2916
2026-04-15 11:15:00+00:00,10614.8,10621.6,10611.9,10614.9,2648
2026-04-15 11:30:00+00:00,10615.9,10626.0,10614.9,10621.4,3236
2026-04-15 11:45:00+00:00,10622.2,10641.7,10617.8,10627.7,5636
2026-04-15 12:00:00+00:00,10627.2,10628.3,10614.5,10621.5,5040
2026-04-15 12:15:00+00:00,10621.8,10621.8,10608.8,10616.0,3580
2026-04-15 12:30:00+00:00,10616.2,10620.2,10610.0,10613.5,3600
2026-04-15 12:45:00+00:00,10613.7,10616.5,10609.0,10612.6,2592
2026-04-15 13:00:00+00:00,10612.1,10617.7,10605.9,10606.2,3620
2026-04-15 13:15:00+00:00,10605.9,10614.4,10603.1,10612.2,3608
2026-04-15 13:30:00+00:00,10612.7,10613.7,10594.5,10595.0,7252
2026-04-15 13:45:00+00:00,10595.2,10602.4,10590.5,10601.1,5404
2026-04-15 14:00:00+00:00,10600.6,10602.1,10588.8,10590.3,5316
2026-04-15 14:15:00+00:00,10590.0,10593.0,10580.4,10590.3,4476
2026-04-15 14:30:00+00:00,10590.8,10591.0,10572.6,10579.6,4848
2026-04-15 14:45:00+00:00,10580.1,10584.2,10574.7,10580.0,3920
2026-04-15 15:00:00+00:00,10580.3,10582.0,10572.5,10574.0,5376
2026-04-15 15:15:00+00:00,10573.7,10576.8,10568.2,10570.8,5308
2026-04-15 15:30:00+00:00,10572.2,10574.5,10554.9,10561.1,6452
2026-04-15 15:45:00+00:00,10560.9,10561.1,10548.9,10550.9,2916
2026-04-15 16:00:00+00:00,10551.4,10555.4,10546.7,10554.2,2448
2026-04-15 16:15:00+00:00,10553.9,10558.4,10552.7,10556.9,1804
2026-04-15 16:30:00+00:00,10557.2,10558.4,10544.3,10548.0,2420
2026-04-15 16:45:00+00:00,10548.5,10550.0,10542.1,10545.8,2652
2026-04-15 17:00:00+00:00,10546.0,10557.9,10546.0,10553.5,1308
2026-04-15 17:15:00+00:00,10553.7,10554.5,10549.8,10552.0,1276
2026-04-15 17:30:00+00:00,10552.3,10553.0,10543.8,10547.6,1248
2026-04-15 17:45:00+00:00,10547.8,10551.3,10547.1,10547.8,1296
2026-04-15 18:00:00+00:00,10547.6,10555.5,10543.1,10554.5,3376
2026-04-15 18:15:00+00:00,10554.8,10556.0,10550.6,10554.5,1280
2026-04-15 18:30:00+00:00,10554.3,10556.5,10552.3,10555.1,1276
2026-04-15 18:45:00+00:00,10555.3,10563.5,10555.3,10561.5,932
2026-04-15 19:00:00+00:00,10561.0,10562.0,10552.8,10554.6,1388
2026-04-15 19:15:00+00:00,10554.3,10563.0,10552.8,10563.0,1228
2026-04-15 19:30:00+00:00,10562.5,10562.5,10551.1,10555.8,1600
2026-04-15 19:45:00+00:00,10556.3,10566.5,10550.9,10552.1,1960
2026-04-15 20:00:00+00:00,10552.4,10554.7,10546.9,10549.0,1616
2026-04-15 20:30:00+00:00,10552.6,10555.2,10552.6,10553.6,404
2026-04-15 20:45:00+00:00,10553.9,10554.9,10551.8,10553.4,480
2026-04-15 22:00:00+00:00,10551.1,10552.9,10550.5,10551.8,912
2026-04-15 22:15:00+00:00,10552.0,10553.3,10550.7,10552.8,964
2026-04-15 22:30:00+00:00,10552.9,10556.8,10552.9,10555.2,784
2026-04-15 22:45:00+00:00,10555.4,10556.6,10555.2,10556.6,476
2026-04-15 23:00:00+00:00,10556.8,10557.9,10555.8,10556.6,684
2026-04-15 23:15:00+00:00,10556.3,10557.3,10555.0,10556.3,604
2026-04-15 23:30:00+00:00,10556.0,10558.7,10555.8,10558.4,556
2026-04-15 23:45:00+00:00,10558.1,10561.1,10558.1,10560.2,800
2026-04-16 00:00:00+00:00,10558.4,10560.5,10552.3,10559.3,5008
2026-04-16 00:15:00+00:00,10559.0,10568.8,10559.0,10560.1,4492
2026-04-16 00:30:00+00:00,10560.5,10563.6,10559.3,10561.5,3240
2026-04-16 00:45:00+00:00,10561.6,10564.2,10560.3,10562.3,3328
2026-04-16 01:00:00+00:00,10561.7,10561.7,10552.2,10555.6,4036
2026-04-16 01:15:00+00:00,10555.8,10557.6,10553.9,10554.4,3512
2026-04-16 01:30:00+00:00,10554.3,10559.9,10548.3,10556.1,4260
2026-04-16 01:45:00+00:00,10556.1,10556.1,10549.9,10552.9,3264
2026-04-16 02:00:00+00:00,10553.1,10563.2,10553.1,10560.2,3964
2026-04-16 02:15:00+00:00,10560.2,10561.6,10557.5,10559.8,2964
2026-04-16 02:30:00+00:00,10559.8,10565.0,10559.6,10562.3,2764
2026-04-16 02:45:00+00:00,10562.4,10564.4,10560.9,10563.1,2632
2026-04-16 03:00:00+00:00,10562.6,10569.3,10562.3,10562.6,3100
2026-04-16 03:15:00+00:00,10562.8,10564.3,10557.6,10559.4,2232
2026-04-16 03:30:00+00:00,10559.7,10561.4,10558.9,10559.3,2808
2026-04-16 03:45:00+00:00,10559.1,10561.2,10558.6,10559.0,1792
2026-04-16 04:00:00+00:00,10559.0,10560.8,10555.9,10560.5,2632
2026-04-16 04:15:00+00:00,10560.7,10563.6,10557.9,10558.9,2164
2026-04-16 04:30:00+00:00,10558.8,10560.2,10557.3,10558.6,1788
2026-04-16 04:45:00+00:00,10558.5,10560.6,10557.5,10560.5,2160
2026-04-16 05:00:00+00:00,10560.7,10562.1,10557.3,10560.6,1008
2026-04-16 05:15:00+00:00,10560.3,10563.8,10560.1,10563.1,836
2026-04-16 05:30:00+00:00,10562.8,10568.1,10558.8,10558.8,1444
2026-04-16 05:45:00+00:00,10559.3,10565.1,10558.3,10564.3,948
2026-04-16 06:00:00+00:00,10562.8,10566.3,10556.3,10559.3,1068
2026-04-16 06:15:00+00:00,10559.8,10561.1,10553.8,10555.6,1048
2026-04-16 06:30:00+00:00,10555.8,10567.6,10554.6,10566.6,1288
2026-04-16 06:45:00+00:00,10566.3,10568.6,10556.1,10561.3,1444
2026-04-16 07:00:00+00:00,10560.6,10587.1,10558.6,10573.3,7208
2026-04-16 07:15:00+00:00,10573.8,10587.6,10570.3,10586.8,3104
2026-04-16 07:30:00+00:00,10587.3,10590.8,10578.1,10586.0,3344
2026-04-16 07:45:00+00:00,10586.0,10590.3,10578.8,10585.5,3336
2026-04-16 08:00:00+00:00,10585.7,10586.1,10574.6,10576.8,3820
2026-04-16 08:15:00+00:00,10577.1,10584.5,10574.7,10580.8,3008
2026-04-16 08:30:00+00:00,10580.3,10581.0,10572.2,10575.3,3264
2026-04-16 08:45:00+00:00,10575.8,10578.3,10565.9,10572.8,2748
2026-04-16 09:00:00+00:00,10572.1,10574.8,10567.2,10574.8,2492
2026-04-16 09:15:00+00:00,10574.6,10581.4,10571.9,10580.9,2524
2026-04-16 09:30:00+00:00,10581.2,10590.1,10578.2,10590.1,1824
2026-04-16 09:45:00+00:00,10590.0,10600.5,10589.5,10600.5,1812
2026-04-16 10:00:00+00:00,10600.5,10609.7,10600.3,10605.8,2060
2026-04-16 10:15:00+00:00,10606.1,10611.0,10604.6,10609.0,1732
2026-04-16 10:30:00+00:00,10608.8,10613.0,10603.2,10612.0,2112
2026-04-16 10:45:00+00:00,10611.8,10618.4,10608.8,10617.2,1776
2026-04-16 11:00:00+00:00,10618.2,10624.4,10615.4,10618.2,2100
2026-04-16 11:15:00+00:00,10618.2,10626.4,10617.5,10626.4,1656
2026-04-16 11:30:00+00:00,10626.4,10634.7,10626.4,10634.1,1660
2026-04-16 11:45:00+00:00,10634.9,10639.0,10630.7,10637.5,2116
2026-04-16 12:00:00+00:00,10637.8,10640.0,10623.2,10624.3,2264
2026-04-16 12:15:00+00:00,10623.8,10628.8,10617.0,10628.1,1960
2026-04-16 12:30:00+00:00,10627.6,10637.4,10623.7,10634.2,2396
2026-04-16 12:45:00+00:00,10633.7,10641.5,10630.5,10638.6,1732
2026-04-16 13:00:00+00:00,10638.8,10643.3,10629.5,10640.3,2404
2026-04-16 13:15:00+00:00,10640.6,10643.8,10635.7,10637.2,2656
2026-04-16 13:30:00+00:00,10636.9,10646.6,10619.1,10621.8,6068
2026-04-16 13:45:00+00:00,10621.3,10623.3,10598.1,10615.9,6748
2026-04-16 14:00:00+00:00,10615.5,10619.4,10606.8,10609.5,6608
2026-04-16 14:15:00+00:00,10609.7,10610.4,10586.2,10594.5,6320
2026-04-16 14:30:00+00:00,10595.0,10596.4,10580.4,10587.8,6156
2026-04-16 14:45:00+00:00,10587.4,10595.5,10583.4,10587.3,4548
2026-04-16 15:00:00+00:00,10587.5,10601.5,10587.3,10593.7,4636
2026-04-16 15:15:00+00:00,10594.0,10596.7,10586.0,10586.3,4560
2026-04-16 15:30:00+00:00,10585.8,10604.3,10584.0,10590.3,9264
2026-04-16 15:45:00+00:00,10590.1,10595.6,10581.7,10584.2,3676
2026-04-16 16:00:00+00:00,10584.5,10586.0,10574.1,10574.9,2536
2026-04-16 16:15:00+00:00,10574.6,10576.9,10565.0,10571.4,2016
2026-04-16 16:30:00+00:00,10571.9,10572.7,10559.0,10567.0,4044
2026-04-16 16:45:00+00:00,10567.5,10571.4,10562.5,10563.8,2124
2026-04-16 17:00:00+00:00,10563.5,10565.7,10556.3,10559.0,2148
2026-04-16 17:15:00+00:00,10558.8,10571.5,10558.3,10570.5,1900
2026-04-16 17:30:00+00:00,10570.7,10579.9,10570.2,10578.4,1356
2026-04-16 17:45:00+00:00,10578.7,10581.7,10575.2,10580.9,1664
2026-04-16 18:00:00+00:00,10581.2,10586.1,10576.2,10581.9,2308
2026-04-16 18:15:00+00:00,10582.4,10590.4,10581.4,10582.4,1736
2026-04-16 18:30:00+00:00,10582.2,10585.9,10581.9,10583.9,1244
2026-04-16 18:45:00+00:00,10584.2,10584.9,10578.5,10580.7,1288
2026-04-16 19:00:00+00:00,10581.0,10583.0,10577.1,10578.1,1012
2026-04-16 19:15:00+00:00,10578.3,10585.3,10578.3,10581.8,808
2026-04-16 19:30:00+00:00,10582.1,10584.1,10579.3,10582.1,960
2026-04-16 19:45:00+00:00,10581.6,10590.3,10580.1,10584.6,2052
2026-04-16 20:00:00+00:00,10586.7,10586.9,10583.0,10583.8,2352
2026-04-16 20:30:00+00:00,10584.9,10588.3,10584.9,10587.2,360
2026-04-16 20:45:00+00:00,10587.5,10588.5,10586.7,10587.0,332
2026-04-16 22:00:00+00:00,10587.5,10590.2,10586.9,10589.6,988
2026-04-16 22:15:00+00:00,10589.4,10591.1,10588.6,10590.7,820
2026-04-16 22:30:00+00:00,10590.8,10591.9,10590.4,10591.5,508
2026-04-16 22:45:00+00:00,10591.4,10591.8,10590.5,10591.0,568
2026-04-16 23:00:00+00:00,10590.7,10592.5,10590.2,10590.5,608
2026-04-16 23:15:00+00:00,10590.3,10593.6,10590.3,10591.8,460
2026-04-16 23:30:00+00:00,10591.5,10594.4,10590.9,10593.2,688
2026-04-16 23:45:00+00:00,10593.1,10593.4,10591.3,10592.6,732
2026-04-17 00:00:00+00:00,10597.0,10597.4,10586.4,10591.3,5004
2026-04-17 00:15:00+00:00,10592.5,10595.6,10588.3,10593.3,4644
2026-04-17 00:30:00+00:00,10593.3,10598.7,10592.8,10597.0,3436
2026-04-17 00:45:00+00:00,10597.1,10600.5,10597.0,10599.8,2260
2026-04-17 01:00:00+00:00,10599.7,10600.9,10593.2,10596.7,3296
2026-04-17 01:15:00+00:00,10596.5,10597.7,10593.3,10595.9,3100
2026-04-17 01:30:00+00:00,10595.9,10599.1,10594.5,10598.0,2580
2026-04-17 01:45:00+00:00,10598.0,10601.8,10597.8,10601.2,2192
2026-04-17 02:00:00+00:00,10601.3,10602.3,10596.9,10599.5,2476
2026-04-17 02:15:00+00:00,10599.6,10603.7,10599.1,10603.1,2844
2026-04-17 02:30:00+00:00,10603.2,10607.1,10603.0,10603.5,2428
2026-04-17 02:45:00+00:00,10603.5,10605.0,10600.3,10600.3,1800
2026-04-17 03:00:00+00:00,10600.3,10600.4,10595.7,10595.9,1752
2026-04-17 03:15:00+00:00,10595.9,10599.6,10595.8,10597.4,1724
2026-04-17 03:30:00+00:00,10597.4,10597.4,10593.2,10594.6,1844
2026-04-17 03:45:00+00:00,10594.6,10595.3,10593.3,10593.3,1452
2026-04-17 04:00:00+00:00,10593.3,10598.7,10592.6,10596.7,1672
2026-04-17 04:15:00+00:00,10596.7,10600.8,10596.3,10599.7,1696
2026-04-17 04:30:00+00:00,10599.7,10601.4,10593.3,10598.7,2092
2026-04-17 04:45:00+00:00,10598.7,10601.6,10598.2,10599.4,1832
2026-04-17 05:00:00+00:00,10599.5,10600.9,10596.7,10598.7,480
2026-04-17 05:15:00+00:00,10597.7,10599.2,10595.2,10599.0,624
2026-04-17 05:30:00+00:00,10598.2,10604.9,10597.5,10604.4,584
2026-04-17 05:45:00+00:00,10604.7,10608.4,10603.9,10604.0,504
2026-04-17 06:00:00+00:00,10603.7,10603.7,10596.5,10597.5,1272
2026-04-17 06:15:00+00:00,10597.3,10601.5,10589.1,10589.6,772
2026-04-17 06:30:00+00:00,10589.8,10593.8,10583.6,10592.6,1144
2026-04-17 06:45:00+00:00,10593.6,10597.0,10583.7,10588.6,1360
2026-04-17 07:00:00+00:00,10587.6,10601.0,10570.3,10581.9,6900
2026-04-17 07:15:00+00:00,10582.8,10585.5,10574.2,10580.8,3988
2026-04-17 07:30:00+00:00,10580.5,10581.8,10567.5,10572.3,3508
2026-04-17 07:45:00+00:00,10572.1,10577.0,10567.9,10571.0,2904
2026-04-17 08:00:00+00:00,10570.7,10580.1,10566.3,10575.4,2924
2026-04-17 08:15:00+00:00,10575.2,10578.3,10567.6,10576.5,2392
2026-04-17 08:30:00+00:00,10577.0,10582.2,10569.7,10577.0,2380
2026-04-17 08:45:00+00:00,10576.7,10585.0,10572.4,10584.0,1920
2026-04-17 09:00:00+00:00,10584.2,10596.1,10580.2,10591.7,3220
2026-04-17 09:15:00+00:00,10591.4,10592.1,10581.0,10583.0,2748
2026-04-17 09:30:00+00:00,10583.2,10588.6,10581.8,10582.6,2188
2026-04-17 09:45:00+00:00,10582.4,10588.3,10574.6,10581.1,2524
2026-04-17 10:00:00+00:00,10580.8,10580.8,10567.8,10571.1,2504
2026-04-17 10:15:00+00:00,10570.3,10570.6,10562.7,10565.5,1944
2026-04-17 10:30:00+00:00,10565.2,10569.7,10563.8,10567.5,1712
2026-04-17 10:45:00+00:00,10567.3,10567.3,10559.4,10560.4,1852
2026-04-17 11:00:00+00:00,10560.9,10563.5,10550.2,10550.2,2540
2026-04-17 11:15:00+00:00,10550.4,10556.3,10548.1,10553.5,2020
2026-04-17 11:30:00+00:00,10553.8,10567.2,10553.3,10563.2,2064
2026-04-17 11:45:00+00:00,10562.7,10566.4,10557.8,10562.3,1868
2026-04-17 12:00:00+00:00,10562.6,10569.1,10556.8,10568.6,2424
2026-04-17 12:15:00+00:00,10568.9,10580.4,10567.3,10579.1,4812
2026-04-17 12:30:00+00:00,10579.4,10587.0,10578.9,10585.0,3384
2026-04-17 12:45:00+00:00,10585.5,10642.7,10581.8,10637.0,18828
2026-04-17 13:00:00+00:00,10636.8,10653.8,10625.3,10648.8,13044
2026-04-17 13:15:00+00:00,10648.6,10662.5,10633.9,10633.9,11624
2026-04-17 13:30:00+00:00,10634.9,10645.3,10627.5,10639.6,12132
2026-04-17 13:45:00+00:00,10639.9,10650.0,10626.2,10646.1,9132
2026-04-17 14:00:00+00:00,10646.4,10649.6,10636.2,10646.7,6964
2026-04-17 14:15:00+00:00,10646.4,10654.7,10633.6,10648.7,6112
2026-04-17 14:30:00+00:00,10649.0,10661.0,10643.7,10658.5,7012
2026-04-17 14:45:00+00:00,10658.3,10658.7,10646.3,10650.7,5428
2026-04-17 15:00:00+00:00,10651.2,10660.8,10643.2,10657.9,6616
2026-04-17 15:15:00+00:00,10658.1,10663.0,10651.0,10660.1,6128
2026-04-17 15:30:00+00:00,10660.6,10681.4,10654.9,10671.7,7036
2026-04-17 15:45:00+00:00,10672.0,10685.6,10671.7,10678.2,3892
2026-04-17 16:00:00+00:00,10678.7,10685.2,10674.7,10680.2,2556
2026-04-17 16:15:00+00:00,10679.9,10686.4,10674.0,10685.2,1796
2026-04-17 16:30:00+00:00,10685.4,10689.1,10680.2,10685.7,1328
2026-04-17 16:45:00+00:00,10685.4,10694.1,10681.7,10693.6,1400
2026-04-17 17:00:00+00:00,10693.4,10695.9,10675.0,10684.2,2416
2026-04-17 17:15:00+00:00,10685.0,10687.9,10666.9,10672.1,4612
2026-04-17 17:30:00+00:00,10672.3,10676.3,10665.9,10667.4,2120
2026-04-17 17:45:00+00:00,10667.1,10679.3,10666.6,10678.3,1592
2026-04-17 18:00:00+00:00,10678.5,10680.3,10670.6,10671.9,1632
2026-04-17 18:15:00+00:00,10671.4,10684.0,10670.9,10678.8,2428
2026-04-17 18:30:00+00:00,10679.1,10685.3,10677.1,10679.8,1320
2026-04-17 18:45:00+00:00,10679.6,10682.8,10675.9,10679.8,1372
2026-04-17 19:00:00+00:00,10680.3,10684.3,10674.1,10680.3,1200
2026-04-17 19:15:00+00:00,10680.1,10682.3,10674.1,10675.4,1184
2026-04-17 19:30:00+00:00,10675.6,10685.8,10675.4,10685.3,1032
2026-04-17 19:45:00+00:00,10684.8,10698.2,10676.9,10694.5,2144
2026-04-19 22:00:00+00:00,10625.9,10636.7,10624.3,10628.1,3628
2026-04-19 22:15:00+00:00,10627.4,10632.4,10626.3,10627.0,3700
2026-04-19 22:30:00+00:00,10626.9,10637.6,10626.1,10636.1,2452
2026-04-19 22:45:00+00:00,10636.2,10638.4,10632.7,10632.9,2160
2026-04-19 23:00:00+00:00,10633.2,10636.6,10628.7,10629.8,2192
2026-04-19 23:15:00+00:00,10629.5,10631.2,10628.2,10630.0,1688
2026-04-19 23:30:00+00:00,10630.2,10630.6,10620.6,10622.7,1760
2026-04-19 23:45:00+00:00,10622.5,10624.6,10618.5,10622.2,2508
2026-04-20 00:00:00+00:00,10618.6,10620.7,10597.5,10603.3,9644
2026-04-20 00:15:00+00:00,10603.1,10625.9,10602.4,10624.5,10224
2026-04-20 00:30:00+00:00,10624.4,10626.6,10616.9,10621.9,6436
2026-04-20 00:45:00+00:00,10622.5,10627.0,10621.6,10626.4,4092
2026-04-20 01:00:00+00:00,10626.4,10637.0,10626.3,10631.0,6748
2026-04-20 01:15:00+00:00,10630.9,10632.5,10624.0,10626.1,4940
2026-04-20 01:30:00+00:00,10625.9,10628.1,10623.2,10625.1,5096
2026-04-20 01:45:00+00:00,10624.9,10626.8,10621.9,10622.5,3736
2026-04-20 02:00:00+00:00,10622.6,10626.5,10621.8,10624.3,3576
2026-04-20 02:15:00+00:00,10624.3,10629.9,10623.6,10629.0,3004
2026-04-20 02:30:00+00:00,10629.0,10630.5,10624.1,10625.1,3020
2026-04-20 02:45:00+00:00,10625.5,10627.6,10622.0,10627.5,2828
2026-04-20 03:00:00+00:00,10627.3,10630.1,10625.5,10625.8,755
2026-04-20 03:15:00+00:00,10625.8,10627.7,10623.1,10626.4,665
2026-04-20 03:30:00+00:00,10626.3,10629.6,10626.3,10627.3,699
2026-04-20 03:45:00+00:00,10627.2,10628.0,10625.1,10626.3,705
2026-04-20 04:00:00+00:00,10626.3,10627.9,10624.1,10625.3,2788
2026-04-20 04:15:00+00:00,10625.3,10625.6,10622.8,10624.0,2320
2026-04-20 04:30:00+00:00,10624.0,10624.9,10619.3,10624.5,2532
2026-04-20 04:45:00+00:00,10624.6,10628.2,10624.1,10626.3,3044
2026-04-20 05:00:00+00:00,10626.3,10626.8,10622.3,10624.1,1132
2026-04-20 05:15:00+00:00,10623.8,10626.1,10612.8,10613.3,1488
2026-04-20 05:30:00+00:00,10614.3,10618.6,10609.1,10609.3,2068
2026-04-20 05:45:00+00:00,10609.6,10617.3,10606.8,10614.1,1448
2026-04-20 06:00:00+00:00,10614.3,10629.1,10613.8,10617.8,2076
2026-04-20 06:15:00+00:00,10617.6,10620.1,10613.3,10615.1,1220
2026-04-20 06:30:00+00:00,10616.8,10623.3,10614.8,10615.8,2056
2026-04-20 06:45:00+00:00,10616.1,10618.3,10608.3,10615.6,3296
2026-04-20 07:00:00+00:00,10615.8,10632.8,10608.3,10625.3,9968
2026-04-20 07:15:00+00:00,10625.0,10630.5,10604.3,10613.3,5228
2026-04-20 07:30:00+00:00,10613.0,10617.5,10596.3,10607.8,6976
2026-04-20 07:45:00+00:00,10607.5,10608.8,10598.5,10605.3,3620
2026-04-20 08:00:00+00:00,10605.0,10614.5,10596.0,10605.8,4452
2026-04-20 08:15:00+00:00,10605.5,10607.0,10595.8,10603.0,4536
2026-04-20 08:30:00+00:00,10602.8,10603.3,10593.8,10596.0,3356
2026-04-20 08:45:00+00:00,10596.3,10604.8,10595.8,10601.0,3960
2026-04-20 09:00:00+00:00,10600.8,10608.8,10592.3,10598.8,3204
2026-04-20 09:15:00+00:00,10598.5,10611.8,10596.0,10610.0,2536
2026-04-20 09:30:00+00:00,10609.8,10615.3,10601.2,10604.9,2228
2026-04-20 09:45:00+00:00,10604.7,10604.7,10593.5,10595.0,1856
2026-04-20 10:00:00+00:00,10595.2,10607.5,10594.2,10599.7,3104
2026-04-20 10:15:00+00:00,10600.2,10608.4,10599.5,10605.0,2436
2026-04-20 10:30:00+00:00,10605.3,10607.2,10591.4,10592.5,1756
2026-04-20 10:45:00+00:00,10593.0,10598.1,10591.7,10593.2,2232
2026-04-20 11:00:00+00:00,10592.7,10596.0,10580.8,10594.2,3196
2026-04-20 11:15:00+00:00,10594.7,10597.1,10589.3,10592.8,2104
2026-04-20 11:30:00+00:00,10593.1,10597.3,10586.5,10592.2,3508
2026-04-20 11:45:00+00:00,10592.5,10602.6,10592.2,10601.3,3080
2026-04-20 12:00:00+00:00,10601.3,10601.3,10590.9,10598.2,3944
2026-04-20 12:15:00+00:00,10598.5,10607.0,10595.0,10603.2,3004
2026-04-20 12:30:00+00:00,10603.7,10607.1,10591.2,10599.0,3392
2026-04-20 12:45:00+00:00,10598.8,10599.8,10590.0,10592.0,2696
2026-04-20 13:00:00+00:00,10592.5,10618.5,10585.2,10613.3,5824
2026-04-20 13:15:00+00:00,10613.5,10622.4,10612.2,10620.4,4120
2026-04-20 13:30:00+00:00,10620.7,10629.6,10615.6,10626.2,5736
2026-04-20 13:45:00+00:00,10625.9,10626.7,10615.9,10621.8,4268
2026-04-20 14:00:00+00:00,10621.3,10623.5,10600.1,10604.0,4624
2026-04-20 14:15:00+00:00,10604.2,10620.5,10602.0,10619.5,4464
2026-04-20 14:30:00+00:00,10619.8,10622.7,10606.0,10612.7,4328
2026-04-20 14:45:00+00:00,10612.5,10614.8,10586.5,10597.6,8496
2026-04-20 15:00:00+00:00,10597.9,10600.6,10585.0,10589.2,5672
2026-04-20 15:15:00+00:00,10589.5,10607.6,10587.7,10607.1,7388
2026-04-20 15:30:00+00:00,10606.8,10612.8,10599.6,10608.5,8900
2026-04-20 15:45:00+00:00,10608.7,10611.4,10605.5,10606.9,2336
2026-04-20 16:00:00+00:00,10607.2,10607.2,10597.2,10599.0,2056
2026-04-20 16:15:00+00:00,10599.2,10605.2,10594.0,10603.5,1700
2026-04-20 16:30:00+00:00,10603.7,10604.7,10596.0,10597.5,1900
2026-04-20 16:45:00+00:00,10597.3,10602.5,10596.0,10599.5,1324
2026-04-20 17:00:00+00:00,10600.0,10610.0,10598.5,10609.0,1580
2026-04-20 17:15:00+00:00,10608.7,10608.7,10601.3,10605.0,992
2026-04-20 17:30:00+00:00,10604.8,10611.5,10599.3,10608.0,2160
2026-04-20 17:45:00+00:00,10607.7,10609.0,10600.8,10603.0,908
2026-04-20 18:00:00+00:00,10603.5,10608.0,10598.8,10605.5,1720
2026-04-20 18:15:00+00:00,10605.3,10608.5,10602.1,10604.1,1204
2026-04-20 18:30:00+00:00,10604.6,10609.8,10602.1,10607.1,1060
2026-04-20 18:45:00+00:00,10606.6,10613.8,10606.6,10612.5,708
2026-04-20 19:00:00+00:00,10612.3,10614.5,10608.6,10612.1,700
2026-04-20 19:15:00+00:00,10611.6,10611.6,10605.9,10606.6,616
2026-04-20 19:30:00+00:00,10606.4,10607.6,10603.2,10604.4,1184
2026-04-20 19:45:00+00:00,10604.2,10616.1,10603.9,10615.8,1900
2026-04-20 20:00:00+00:00,10616.0,10616.9,10614.0,10614.0,968
2026-04-20 20:30:00+00:00,10614.8,10628.3,10612.5,10625.4,2688
2026-04-20 20:45:00+00:00,10625.2,10625.4,10619.0,10619.5,1464
2026-04-20 22:00:00+00:00,10624.9,10628.7,10624.7,10625.0,1048
2026-04-20 22:15:00+00:00,10625.1,10626.2,10623.7,10624.4,924
2026-04-20 22:30:00+00:00,10624.5,10625.5,10622.9,10625.0,696
2026-04-20 22:45:00+00:00,10624.8,10626.6,10624.5,10626.3,492
2026-04-20 23:00:00+00:00,10626.2,10626.5,10624.8,10625.8,468
2026-04-20 23:15:00+00:00,10625.7,10626.1,10622.0,10622.0,516
2026-04-20 23:30:00+00:00,10621.9,10622.8,10621.2,10622.3,564
2026-04-20 23:45:00+00:00,10622.0,10622.3,10619.0,10619.8,640
2026-04-21 00:00:00+00:00,10617.2,10626.6,10607.9,10624.1,4568
2026-04-21 00:15:00+00:00,10624.1,10624.3,10614.1,10617.6,4288
2026-04-21 00:30:00+00:00,10617.6,10618.3,10611.1,10616.7,3888
2026-04-21 00:45:00+00:00,10616.8,10626.4,10615.4,10621.1,7028
2026-04-21 01:00:00+00:00,10622.1,10622.1,10615.2,10618.4,4888
2026-04-21 01:15:00+00:00,10618.3,10622.8,10616.4,10621.5,3852
2026-04-21 01:30:00+00:00,10621.5,10623.3,10616.4,10618.7,4920
2026-04-21 01:45:00+00:00,10618.7,10621.6,10614.3,10618.9,3764
2026-04-21 02:00:00+00:00,10619.0,10619.0,10613.9,10616.2,3328
2026-04-21 02:15:00+00:00,10615.8,10617.5,10613.3,10617.1,2728
2026-04-21 02:30:00+00:00,10616.9,10620.6,10614.1,10618.7,3412
2026-04-21 02:45:00+00:00,10618.7,10619.1,10616.2,10618.1,2264
2026-04-21 03:00:00+00:00,10618.1,10619.6,10615.7,10616.5,2532
2026-04-21 03:15:00+00:00,10616.7,10616.7,10610.4,10614.7,3160
2026-04-21 03:30:00+00:00,10614.8,10615.2,10610.6,10612.0,2148
2026-04-21 03:45:00+00:00,10611.8,10616.5,10611.8,10616.2,1932
2026-04-21 04:00:00+00:00,10616.4,10618.0,10614.3,10615.0,2004
2026-04-21 04:15:00+00:00,10615.0,10620.8,10614.8,10619.8,1972
2026-04-21 04:30:00+00:00,10619.8,10623.5,10619.5,10621.3,1684
2026-04-21 04:45:00+00:00,10621.5,10622.6,10620.5,10621.5,1456
2026-04-21 05:00:00+00:00,10621.7,10630.2,10621.5,10626.0,920
2026-04-21 05:15:00+00:00,10626.5,10630.0,10624.5,10624.5,928
2026-04-21 05:30:00+00:00,10624.0,10626.3,10622.5,10625.8,988
2026-04-21 05:45:00+00:00,10625.5,10625.8,10621.1,10623.6,1192
2026-04-21 06:00:00+00:00,10623.8,10623.8,10609.7,10620.6,2132
2026-04-21 06:15:00+00:00,10621.6,10622.3,10614.4,10615.6,1004
2026-04-21 06:30:00+00:00,10616.1,10619.9,10612.9,10614.4,1028
2026-04-21 06:45:00+00:00,10614.2,10619.4,10606.7,10616.2,1540
2026-04-21 07:00:00+00:00,10616.7,10626.5,10603.8,10614.5,6044
2026-04-21 07:15:00+00:00,10614.8,10621.6,10611.2,10617.0,3676
2026-04-21 07:30:00+00:00,10617.3,10622.1,10606.2,10617.1,4104
2026-04-21 07:45:00+00:00,10616.9,10630.9,10615.6,10628.5,3920
2026-04-21 08:00:00+00:00,10628.2,10629.5,10609.8,10612.1,5012
2026-04-21 08:15:00+00:00,10612.6,10629.7,10612.3,10624.4,3456
2026-04-21 08:30:00+00:00,10623.9,10623.9,10615.2,10622.3,3440
2026-04-21 08:45:00+00:00,10622.6,10630.2,10619.9,10628.0,2788
2026-04-21 09:00:00+00:00,10627.7,10628.7,10618.5,10623.5,3704
2026-04-21 09:15:00+00:00,10623.2,10635.2,10622.7,10625.5,2556
2026-04-21 09:30:00+00:00,10625.0,10627.0,10620.2,10625.3,2280
2026-04-21 09:45:00+00:00,10625.6,10634.5,10623.3,10627.1,2784
2026-04-21 10:00:00+00:00,10626.8,10627.1,10618.1,10620.3,2768
2026-04-21 10:15:00+00:00,10620.5,10621.8,10611.7,10614.8,1896
2026-04-21 10:30:00+00:00,10614.3,10630.8,10612.8,10624.3,2488
2026-04-21 10:45:00+00:00,10623.6,10626.7,10621.7,10621.8,2292
2026-04-21 11:00:00+00:00,10622.0,10627.0,10605.4,10609.7,4752
2026-04-21 11:15:00+00:00,10610.2,10612.5,10600.7,10606.1,2368
2026-04-21 11:30:00+00:00,10606.4,10611.0,10600.3,10601.3,2288
2026-04-21 11:45:00+00:00,10601.0,10601.0,10592.7,10593.2,2388
2026-04-21 12:00:00+00:00,10593.7,10596.4,10590.7,10592.3,2736
2026-04-21 12:15:00+00:00,10592.1,10592.3,10580.8,10584.0,3348
2026-04-21 12:30:00+00:00,10584.5,10590.4,10571.0,10574.2,5516
2026-04-21 12:45:00+00:00,10574.4,10577.9,10566.1,10571.2,3668
2026-04-21 13:00:00+00:00,10571.7,10574.4,10555.9,10556.1,3828
2026-04-21 13:15:00+00:00,10556.4,10564.4,10554.2,10564.1,3648
2026-04-21 13:30:00+00:00,10564.4,10568.5,10549.1,10553.9,6832
2026-04-21 13:45:00+00:00,10554.1,10559.8,10547.9,10551.1,5276
2026-04-21 14:00:00+00:00,10550.9,10552.5,10537.3,10540.1,5160
2026-04-21 14:15:00+00:00,10540.6,10550.1,10535.0,10540.8,4736
2026-04-21 14:30:00+00:00,10540.3,10540.8,10515.8,10519.3,5452
2026-04-21 14:45:00+00:00,10518.8,10519.1,10502.6,10504.1,6552
2026-04-21 15:00:00+00:00,10504.6,10507.5,10486.6,10506.2,8756
2026-04-21 15:15:00+00:00,10506.5,10510.9,10498.2,10503.2,7620
2026-04-21 15:30:00+00:00,10503.4,10506.7,10483.8,10490.3,9936
2026-04-21 15:45:00+00:00,10490.0,10499.5,10488.6,10494.0,4728
2026-04-21 16:00:00+00:00,10494.5,10508.7,10489.0,10492.5,5356
2026-04-21 16:15:00+00:00,10492.8,10493.3,10485.1,10490.0,3032
2026-04-21 16:30:00+00:00,10490.3,10497.5,10483.1,10483.6,2864
2026-04-21 16:45:00+00:00,10483.9,10493.5,10473.9,10475.2,2536
2026-04-21 17:00:00+00:00,10474.7,10482.4,10460.5,10464.5,6132
2026-04-21 17:15:00+00:00,10464.8,10469.5,10455.3,10465.3,3260
2026-04-21 17:30:00+00:00,10465.8,10482.4,10465.3,10474.0,6356
2026-04-21 17:45:00+00:00,10473.7,10474.5,10463.3,10465.8,3188
2026-04-21 18:00:00+00:00,10466.3,10475.2,10463.3,10468.8,2668
2026-04-21 18:15:00+00:00,10469.3,10473.8,10461.3,10469.3,4256
2026-04-21 18:30:00+00:00,10469.6,10477.0,10464.8,10467.8,1832
2026-04-21 18:45:00+00:00,10467.6,10482.0,10461.4,10471.6,5768
2026-04-21 19:00:00+00:00,10471.8,10480.3,10468.1,10473.1,3620
2026-04-21 19:15:00+00:00,10472.9,10486.3,10469.1,10482.8,3504
2026-04-21 19:30:00+00:00,10482.6,10484.3,10435.9,10439.9,7700
2026-04-21 19:45:00+00:00,10440.1,10454.3,10433.2,10434.9,6932
2026-04-21 20:00:00+00:00,10433.8,10482.2,10427.7,10470.1,9932
2026-04-21 20:30:00+00:00,10464.1,10467.5,10462.0,10462.8,2328
2026-04-21 20:45:00+00:00,10463.1,10470.2,10460.3,10463.9,2116
2026-04-21 22:00:00+00:00,10469.5,10473.5,10467.2,10472.2,1460
2026-04-21 22:15:00+00:00,10472.1,10472.9,10469.8,10470.8,1016
2026-04-21 22:30:00+00:00,10471.2,10472.1,10469.0,10469.9,836
2026-04-21 22:45:00+00:00,10470.2,10470.7,10465.2,10467.4,1252
2026-04-21 23:00:00+00:00,10467.3,10471.0,10466.0,10469.8,956
2026-04-21 23:15:00+00:00,10469.7,10471.4,10468.1,10469.2,852
2026-04-21 23:30:00+00:00,10469.3,10472.5,10467.6,10472.2,988
2026-04-21 23:45:00+00:00,10472.0,10474.5,10472.0,10474.5,1184
2026-04-22 00:00:00+00:00,10474.1,10479.8,10471.4,10472.6,6060
2026-04-22 00:15:00+00:00,10472.7,10477.9,10469.5,10474.1,4612
2026-04-22 00:30:00+00:00,10474.0,10479.2,10473.5,10479.1,3240
2026-04-22 00:45:00+00:00,10479.1,10481.4,10476.7,10477.6,3736
2026-04-22 01:00:00+00:00,10477.6,10480.6,10469.0,10472.2,4592
2026-04-22 01:15:00+00:00,10472.4,10474.2,10465.3,10466.2,3868
2026-04-22 01:30:00+00:00,10466.2,10473.0,10464.0,10469.5,4720
2026-04-22 01:45:00+00:00,10469.5,10472.1,10463.6,10468.7,3756
2026-04-22 02:00:00+00:00,10468.9,10478.0,10468.5,10477.9,3212
2026-04-22 02:15:00+00:00,10478.0,10478.4,10475.1,10476.2,2676
2026-04-22 02:30:00+00:00,10476.0,10477.7,10473.3,10476.2,2428
2026-04-22 02:45:00+00:00,10476.3,10477.3,10474.8,10477.0,1932
2026-04-22 03:00:00+00:00,10477.2,10480.1,10469.8,10469.8,2652
2026-04-22 03:15:00+00:00,10469.6,10471.0,10464.4,10471.0,2712
2026-04-22 03:30:00+00:00,10471.2,10477.5,10467.9,10469.3,2996
2026-04-22 03:45:00+00:00,10469.3,10472.8,10466.0,10467.6,2216
2026-04-22 04:00:00+00:00,10467.7,10473.2,10467.5,10471.7,2580
2026-04-22 04:15:00+00:00,10471.7,10472.1,10466.9,10467.4,2568
2026-04-22 04:30:00+00:00,10467.4,10467.8,10465.9,10465.9,2316
2026-04-22 04:45:00+00:00,10465.7,10468.0,10461.2,10461.3,2676
2026-04-22 05:00:00+00:00,10461.3,10470.2,10459.0,10469.4,908
2026-04-22 05:15:00+00:00,10469.2,10486.8,10468.7,10479.1,2184
2026-04-22 05:30:00+00:00,10478.9,10486.3,10477.6,10484.6,884
2026-04-22 05:45:00+00:00,10483.8,10490.3,10482.9,10485.6,824
2026-04-22 06:00:00+00:00,10485.3,10485.3,10467.5,10477.4,1440
2026-04-22 06:15:00+00:00,10477.9,10485.1,10473.4,10484.9,800
2026-04-22 06:30:00+00:00,10485.4,10491.3,10485.4,10485.4,1364
2026-04-22 06:45:00+00:00,10484.9,10490.8,10479.4,10484.9,1092
2026-04-22 07:00:00+00:00,10483.9,10504.9,10483.9,10488.9,5860
2026-04-22 07:15:00+00:00,10488.4,10496.2,10477.9,10489.3,4472
2026-04-22 07:30:00+00:00,10489.6,10512.3,10489.3,10509.3,4468
2026-04-22 07:45:00+00:00,10509.5,10512.5,10502.0,10507.6,3472
2026-04-22 08:00:00+00:00,10507.1,10523.8,10506.1,10511.9,4124
2026-04-22 08:15:00+00:00,10511.4,10512.4,10495.6,10500.0,4524
2026-04-22 08:30:00+00:00,10500.5,10503.3,10488.8,10501.6,4648
2026-04-22 08:45:00+00:00,10502.3,10506.1,10495.1,10502.1,3120
2026-04-22 09:00:00+00:00,10502.6,10509.8,10497.0,10501.6,4468
2026-04-22 09:15:00+00:00,10501.4,10503.4,10493.4,10497.5,2840
2026-04-22 09:30:00+00:00,10497.0,10507.5,10494.5,10505.2,2520
2026-04-22 09:45:00+00:00,10504.7,10505.2,10481.4,10490.8,3632
2026-04-22 10:00:00+00:00,10491.3,10496.1,10476.3,10482.8,4384
2026-04-22 10:15:00+00:00,10482.8,10496.2,10482.8,10495.3,2800
2026-04-22 10:30:00+00:00,10495.1,10501.2,10489.4,10494.4,2460
2026-04-22 10:45:00+00:00,10494.4,10508.0,10494.3,10505.3,2272
2026-04-22 11:00:00+00:00,10505.0,10509.8,10495.4,10497.9,3212
2026-04-22 11:15:00+00:00,10497.4,10504.7,10495.8,10501.4,2384
2026-04-22 11:30:00+00:00,10501.9,10506.8,10492.4,10493.4,3132
2026-04-22 11:45:00+00:00,10493.6,10508.1,10493.6,10502.1,2704
2026-04-22 12:00:00+00:00,10501.9,10508.7,10500.8,10505.5,2536
2026-04-22 12:15:00+00:00,10505.2,10508.0,10495.0,10496.0,2968
2026-04-22 12:30:00+00:00,10495.7,10496.5,10483.2,10486.9,4332
2026-04-22 12:45:00+00:00,10487.2,10492.4,10483.9,10485.0,3020
2026-04-22 13:00:00+00:00,10484.8,10499.6,10483.3,10491.5,5096
2026-04-22 13:15:00+00:00,10491.2,10498.7,10484.0,10496.3,5672
2026-04-22 13:30:00+00:00,10496.5,10497.0,10481.9,10484.4,6964
2026-04-22 13:45:00+00:00,10484.7,10495.1,10478.5,10487.7,5336
2026-04-22 14:00:00+00:00,10487.4,10488.4,10472.5,10478.6,4376
2026-04-22 14:15:00+00:00,10478.3,10489.9,10478.3,10484.7,4616
2026-04-22 14:30:00+00:00,10484.5,10492.8,10480.1,10483.1,5892
2026-04-22 14:45:00+00:00,10482.9,10484.9,10467.4,10476.3,4144
2026-04-22 15:00:00+00:00,10476.5,10481.8,10470.7,10476.2,5780
2026-04-22 15:15:00+00:00,10476.0,10480.9,10469.8,10480.5,5128
2026-04-22 15:30:00+00:00,10481.0,10482.9,10459.9,10462.2,6972
2026-04-22 15:45:00+00:00,10461.7,10477.4,10460.7,10472.4,2744
2026-04-22 16:00:00+00:00,10477.6,10480.9,10471.4,10475.9,2696
2026-04-22 16:15:00+00:00,10475.4,10476.1,10464.2,10465.5,2144
2026-04-22 16:30:00+00:00,10466.0,10473.7,10461.0,10463.5,2096
2026-04-22 16:45:00+00:00,10463.0,10467.7,10459.0,10460.0,1976
2026-04-22 17:00:00+00:00,10459.8,10474.2,10458.8,10466.3,3600
2026-04-22 17:15:00+00:00,10466.8,10471.2,10463.0,10468.5,1028
2026-04-22 17:30:00+00:00,10468.3,10475.5,10467.8,10474.0,1072
2026-04-22 17:45:00+00:00,10474.5,10474.7,10468.8,10473.2,1572
2026-04-22 18:00:00+00:00,10473.5,10473.7,10465.6,10466.6,1036
2026-04-22 18:15:00+00:00,10466.3,10467.1,10458.4,10463.8,1328
2026-04-22 18:30:00+00:00,10464.1,10469.6,10463.1,10466.8,828
2026-04-22 18:45:00+00:00,10466.6,10467.1,10462.1,10466.1,744
2026-04-22 19:00:00+00:00,10465.4,10468.3,10453.7,10465.3,2668
2026-04-22 19:15:00+00:00,10465.6,10472.1,10465.6,10470.8,808
2026-04-22 19:30:00+00:00,10471.1,10476.1,10465.1,10474.1,1068
2026-04-22 19:45:00+00:00,10473.8,10478.8,10471.1,10474.6,2560
2026-04-22 20:00:00+00:00,10476.1,10477.5,10470.2,10470.5,4180
2026-04-22 20:30:00+00:00,10470.5,10472.0,10462.9,10466.5,1228
2026-04-22 20:45:00+00:00,10466.2,10469.8,10466.0,10469.3,1036
2026-04-22 22:00:00+00:00,10458.3,10462.1,10458.2,10460.1,1088
2026-04-22 22:15:00+00:00,10459.9,10462.6,10459.8,10460.6,940
2026-04-22 22:30:00+00:00,10460.7,10461.3,10459.0,10460.0,1012
2026-04-22 22:45:00+00:00,10460.2,10461.8,10459.8,10461.1,520
2026-04-22 23:00:00+00:00,10461.2,10462.3,10459.8,10461.8,652
2026-04-22 23:15:00+00:00,10462.1,10463.6,10461.6,10462.9,420
2026-04-22 23:30:00+00:00,10462.7,10462.7,10461.1,10462.0,360
2026-04-22 23:45:00+00:00,10461.8,10463.6,10461.7,10463.0,916
2026-04-23 00:00:00+00:00,10460.1,10462.2,10416.4,10416.5,9116
2026-04-23 00:15:00+00:00,10416.3,10447.9,10387.6,10445.5,17372
2026-04-23 00:30:00+00:00,10446.3,10457.9,10443.3,10447.8,11204
2026-04-23 00:45:00+00:00,10447.4,10454.0,10441.7,10450.0,8460
2026-04-23 01:00:00+00:00,10450.0,10451.0,10439.3,10441.4,8020
2026-04-23 01:15:00+00:00,10441.4,10443.1,10431.6,10432.8,5864
2026-04-23 01:30:00+00:00,10433.6,10438.5,10427.0,10428.3,7536
2026-04-23 01:45:00+00:00,10428.3,10428.9,10417.3,10423.0,6128
2026-04-23 02:00:00+00:00,10423.2,10423.7,10402.7,10402.8,6404
2026-04-23 02:15:00+00:00,10402.8,10418.0,10400.0,10407.7,9156
2026-04-23 02:30:00+00:00,10407.5,10411.8,10401.8,10402.7,7540
2026-04-23 02:45:00+00:00,10402.7,10411.6,10402.4,10403.5,6144
2026-04-23 03:00:00+00:00,10404.0,10407.4,10397.1,10398.2,7260
2026-04-23 03:15:00+00:00,10398.1,10401.2,10394.7,10395.1,6292
2026-04-23 03:30:00+00:00,10394.9,10395.7,10385.8,10394.8,7320
2026-04-23 03:45:00+00:00,10394.8,10404.7,10394.6,10403.0,6444
2026-04-23 04:00:00+00:00,10403.2,10405.6,10397.2,10404.4,5124
2026-04-23 04:15:00+00:00,10404.6,10408.0,10403.7,10407.5,4020
2026-04-23 04:30:00+00:00,10407.5,10416.2,10407.5,10416.2,3696
2026-04-23 04:45:00+00:00,10416.2,10418.5,10413.5,10415.2,3364
2026-04-23 05:00:00+00:00,10415.0,10420.8,10415.0,10420.3,1104
2026-04-23 05:15:00+00:00,10420.5,10421.3,10415.3,10417.0,928
2026-04-23 05:30:00+00:00,10418.0,10425.3,10414.8,10416.0,1680
2026-04-23 05:45:00+00:00,10415.8,10429.3,10415.8,10428.3,1416
2026-04-23 06:00:00+00:00,10428.0,10431.5,10415.5,10418.5,2152
2026-04-23 06:15:00+00:00,10418.3,10428.0,10418.0,10427.5,1364
2026-04-23 06:30:00+00:00,10427.3,10429.5,10420.8,10421.5,1248
2026-04-23 06:45:00+00:00,10421.8,10427.3,10412.0,10426.5,2164
2026-04-23 07:00:00+00:00,10428.3,10430.0,10408.3,10424.0,8120
2026-04-23 07:15:00+00:00,10424.5,10431.8,10419.5,10429.2,4756
2026-04-23 07:30:00+00:00,10431.2,10439.4,10425.3,10439.4,5320
2026-04-23 07:45:00+00:00,10438.9,10445.3,10429.3,10433.5,4144
2026-04-23 08:00:00+00:00,10432.2,10433.7,10412.2,10413.9,5148
2026-04-23 08:15:00+00:00,10413.6,10428.6,10409.6,10420.7,4676
2026-04-23 08:30:00+00:00,10417.5,10417.5,10395.6,10396.8,5536
2026-04-23 08:45:00+00:00,10396.6,10402.1,10389.0,10390.3,4840
2026-04-23 09:00:00+00:00,10390.1,10392.2,10370.9,10386.2,6124
2026-04-23 09:15:00+00:00,10386.5,10398.8,10385.1,10389.6,5752
2026-04-23 09:30:00+00:00,10390.6,10396.0,10382.2,10386.7,4176
2026-04-23 09:45:00+00:00,10386.5,10386.5,10371.2,10374.4,4236
2026-04-23 10:00:00+00:00,10374.6,10375.1,10360.7,10366.6,5036
2026-04-23 10:15:00+00:00,10367.1,10385.1,10367.1,10375.6,3960
2026-04-23 10:30:00+00:00,10376.1,10392.2,10373.4,10385.3,3824
2026-04-23 10:45:00+00:00,10385.0,10405.7,10384.8,10403.9,3120
2026-04-23 11:00:00+00:00,10403.2,10409.8,10392.7,10394.6,3792
2026-04-23 11:15:00+00:00,10395.1,10400.6,10389.5,10392.7,3268
2026-04-23 11:30:00+00:00,10393.2,10395.8,10383.6,10393.9,4844
2026-04-23 11:45:00+00:00,10394.4,10415.4,10392.9,10413.4,5600
2026-04-23 12:00:00+00:00,10413.2,10433.6,10411.4,10427.0,6032
2026-04-23 12:15:00+00:00,10426.5,10429.3,10414.4,10425.4,4140
2026-04-23 12:30:00+00:00,10425.2,10426.7,10416.1,10419.0,4348
2026-04-23 12:45:00+00:00,10419.3,10430.8,10403.4,10429.8,6116
2026-04-23 13:00:00+00:00,10430.3,10436.7,10421.0,10424.7,4252
2026-04-23 13:15:00+00:00,10424.9,10440.7,10424.9,10439.7,3364
2026-04-23 13:30:00+00:00,10439.4,10453.9,10430.6,10443.7,6648
2026-04-23 13:45:00+00:00,10442.7,10448.2,10435.9,10444.1,4952
2026-04-23 14:00:00+00:00,10445.0,10456.9,10432.3,10456.1,6216
2026-04-23 14:15:00+00:00,10455.9,10464.4,10451.9,10461.7,4052
2026-04-23 14:30:00+00:00,10462.0,10467.0,10455.2,10465.2,4220
2026-04-23 14:45:00+00:00,10465.5,10468.4,10460.1,10467.9,3792
2026-04-23 15:00:00+00:00,10467.6,10467.8,10458.1,10461.9,3792
2026-04-23 15:15:00+00:00,10462.1,10471.5,10459.9,10467.7,4184
2026-04-23 15:30:00+00:00,10467.9,10467.9,10443.6,10443.6,5624
2026-04-23 15:45:00+00:00,10444.1,10458.2,10436.8,10454.2,5736
2026-04-23 16:00:00+00:00,10454.5,10457.9,10444.0,10453.2,3064
2026-04-23 16:15:00+00:00,10453.3,10455.2,10446.1,10450.3,2072
2026-04-23 16:30:00+00:00,10450.0,10452.8,10446.3,10452.3,1952
2026-04-23 16:45:00+00:00,10452.8,10455.8,10447.3,10450.3,2088
2026-04-23 17:00:00+00:00,10450.6,10451.8,10406.9,10407.1,10388
2026-04-23 17:15:00+00:00,10407.4,10408.4,10381.8,10383.0,7672
2026-04-23 17:30:00+00:00,10383.3,10397.7,10350.0,10354.5,9624
2026-04-23 17:45:00+00:00,10355.2,10404.2,10341.6,10391.0,16116
2026-04-23 18:00:00+00:00,10390.8,10409.4,10388.3,10403.4,8688
2026-04-23 18:15:00+00:00,10403.2,10415.9,10402.2,10415.6,4388
2026-04-23 18:30:00+00:00,10415.4,10423.6,10408.2,10414.6,3132
2026-04-23 18:45:00+00:00,10414.1,10415.1,10393.8,10399.0,3252
2026-04-23 19:00:00+00:00,10398.8,10406.5,10394.8,10403.5,3720
2026-04-23 19:15:00+00:00,10403.7,10407.7,10399.5,10402.3,1788
2026-04-23 19:30:00+00:00,10401.8,10404.7,10386.1,10394.3,3744
2026-04-23 19:45:00+00:00,10394.1,10411.5,10394.1,10406.8,3684
2026-04-23 20:00:00+00:00,10406.8,10410.1,10398.5,10399.5,4648
2026-04-23 20:30:00+00:00,10401.5,10404.1,10400.3,10403.2,1512
2026-04-23 20:45:00+00:00,10403.1,10403.8,10395.0,10397.5,1620
2026-04-23 22:00:00+00:00,10411.0,10414.9,10411.0,10413.8,1604
2026-04-23 22:15:00+00:00,10414.0,10415.1,10410.7,10411.8,1144
2026-04-23 22:30:00+00:00,10411.9,10414.1,10409.6,10411.8,1332
2026-04-23 22:45:00+00:00,10412.0,10415.6,10412.0,10414.7,1144
2026-04-23 23:00:00+00:00,10414.6,10415.8,10412.8,10413.1,1116
2026-04-23 23:15:00+00:00,10413.3,10415.9,10412.3,10415.6,816
2026-04-23 23:30:00+00:00,10415.7,10419.9,10415.6,10418.3,1148
2026-04-23 23:45:00+00:00,10418.4,10423.2,10418.4,10422.7,1168
2026-04-24 00:00:00+00:00,10425.6,10425.9,10399.1,10406.3,6012
2026-04-24 00:15:00+00:00,10406.3,10411.5,10400.8,10404.5,5136
2026-04-24 00:30:00+00:00,10404.9,10406.5,10390.9,10392.0,5308
2026-04-24 00:45:00+00:00,10392.1,10396.0,10386.8,10391.6,5292
2026-04-24 01:00:00+00:00,10392.2,10393.1,10383.3,10385.4,5940
2026-04-24 01:15:00+00:00,10385.4,10387.3,10380.8,10385.4,5116
2026-04-24 01:30:00+00:00,10385.4,10387.1,10372.3,10374.0,6680
2026-04-24 01:45:00+00:00,10374.3,10381.6,10372.9,10380.4,4960
2026-04-24 02:00:00+00:00,10380.7,10380.9,10370.9,10374.2,5480
2026-04-24 02:15:00+00:00,10373.6,10376.8,10362.9,10365.5,5476
2026-04-24 02:30:00+00:00,10365.5,10370.9,10364.4,10366.1,4744
2026-04-24 02:45:00+00:00,10366.1,10368.3,10361.7,10367.8,4544
2026-04-24 03:00:00+00:00,10367.4,10370.4,10362.1,10362.1,4736
2026-04-24 03:15:00+00:00,10362.1,10369.1,10360.3,10364.1,4504
2026-04-24 03:30:00+00:00,10363.9,10368.8,10361.6,10365.3,5864
2026-04-24 03:45:00+00:00,10365.9,10376.6,10365.3,10370.1,3976
2026-04-24 04:00:00+00:00,10369.9,10375.9,10367.2,10372.2,4812
2026-04-24 04:15:00+00:00,10372.1,10372.6,10369.5,10371.4,3472
2026-04-24 04:30:00+00:00,10371.4,10384.6,10371.3,10384.6,4356
2026-04-24 04:45:00+00:00,10384.8,10392.0,10384.1,10389.6,3872
2026-04-24 05:00:00+00:00,10389.7,10390.6,10380.6,10384.4,1428
2026-04-24 05:15:00+00:00,10384.6,10387.3,10383.1,10383.9,1644
2026-04-24 05:30:00+00:00,10385.4,10393.8,10385.4,10390.4,1112
2026-04-24 05:45:00+00:00,10390.1,10391.6,10387.4,10388.6,984
2026-04-24 06:00:00+00:00,10388.4,10396.1,10387.4,10393.6,1308
2026-04-24 06:15:00+00:00,10393.9,10394.8,10385.2,10386.4,1440
2026-04-24 06:30:00+00:00,10386.7,10390.9,10381.9,10388.9,1940
2026-04-24 06:45:00+00:00,10389.4,10402.8,10378.0,10402.1,1984
2026-04-24 07:00:00+00:00,10402.6,10422.9,10397.9,10408.6,6960
2026-04-24 07:15:00+00:00,10409.0,10416.9,10399.3,10414.5,4404
2026-04-24 07:30:00+00:00,10413.7,10418.5,10405.5,10413.1,4700
2026-04-24 07:45:00+00:00,10412.9,10421.6,10409.0,10420.3,3324
2026-04-24 08:00:00+00:00,10419.3,10422.0,10392.4,10393.9,5296
2026-04-24 08:15:00+00:00,10394.4,10413.2,10385.4,10391.2,6208
2026-04-24 08:30:00+00:00,10390.9,10391.9,10377.3,10379.5,5052
2026-04-24 08:45:00+00:00,10379.0,10384.6,10365.1,10372.1,4848
2026-04-24 09:00:00+00:00,10373.1,10385.5,10369.1,10383.3,4384
2026-04-24 09:15:00+00:00,10383.8,10387.5,10369.0,10375.4,5240
2026-04-24 09:30:00+00:00,10374.4,10389.6,10371.5,10388.4,3276
2026-04-24 09:45:00+00:00,10389.1,10391.1,10376.8,10384.4,3628
2026-04-24 10:00:00+00:00,10383.9,10398.7,10383.4,10387.9,3912
2026-04-24 10:15:00+00:00,10387.4,10395.9,10386.3,10394.9,2580
2026-04-24 10:30:00+00:00,10395.2,10402.2,10392.9,10398.9,2448
2026-04-24 10:45:00+00:00,10399.4,10404.1,10393.6,10393.8,2464
2026-04-24 11:00:00+00:00,10394.6,10430.8,10393.1,10423.0,11804
2026-04-24 11:15:00+00:00,10422.0,10447.8,10420.5,10445.7,10912
2026-04-24 11:30:00+00:00,10446.2,10449.9,10422.2,10423.6,5720
2026-04-24 11:45:00+00:00,10423.4,10428.0,10416.8,10426.7,4544
2026-04-24 12:00:00+00:00,10427.2,10436.0,10418.4,10433.1,4860
2026-04-24 12:15:00+00:00,10433.3,10436.3,10422.6,10431.4,5336
2026-04-24 12:30:00+00:00,10431.9,10431.9,10405.1,10406.6,4244
2026-04-24 12:45:00+00:00,10406.9,10408.7,10393.2,10401.1,4424
2026-04-24 13:00:00+00:00,10401.3,10418.3,10401.3,10413.2,4268
2026-04-24 13:15:00+00:00,10413.5,10415.2,10403.7,10410.3,4228
2026-04-24 13:30:00+00:00,10410.5,10414.2,10385.0,10407.1,8068
2026-04-24 13:45:00+00:00,10407.4,10409.4,10397.4,10400.6,6288
2026-04-24 14:00:00+00:00,10400.8,10416.0,10392.2,10409.7,8520
2026-04-24 14:15:00+00:00,10409.5,10417.1,10398.4,10406.8,5144
2026-04-24 14:30:00+00:00,10407.0,10411.6,10399.5,10399.5,5800
2026-04-24 14:45:00+00:00,10399.8,10403.5,10391.1,10399.4,4408
2026-04-24 15:00:00+00:00,10399.6,10405.9,10396.4,10398.6,4692
2026-04-24 15:15:00+00:00,10398.4,10400.1,10385.1,10387.6,5696
2026-04-24 15:30:00+00:00,10387.8,10418.1,10370.6,10406.2,9404
2026-04-24 15:45:00+00:00,10405.9,10424.1,10389.2,10391.0,10356
2026-04-24 16:00:00+00:00,10391.2,10397.9,10387.2,10391.9,4084
2026-04-24 16:15:00+00:00,10391.7,10400.1,10390.4,10393.2,2664
2026-04-24 16:30:00+00:00,10393.7,10399.1,10375.5,10380.8,2208
2026-04-24 16:45:00+00:00,10381.0,10389.7,10379.8,10386.7,2076
2026-04-24 17:00:00+00:00,10387.0,10390.0,10381.8,10381.8,1900
2026-04-24 17:15:00+00:00,10381.5,10382.3,10376.8,10380.8,1344
2026-04-24 17:30:00+00:00,10380.5,10384.8,10376.8,10384.8,1640
2026-04-24 17:45:00+00:00,10385.0,10393.0,10383.5,10383.8,1632
2026-04-24 18:00:00+00:00,10384.0,10384.3,10377.3,10381.3,1228
2026-04-24 18:15:00+00:00,10381.6,10382.6,10374.9,10375.1,1392
2026-04-24 18:30:00+00:00,10375.4,10380.4,10374.6,10377.4,908
2026-04-24 18:45:00+00:00,10377.6,10378.1,10372.4,10375.4,992
2026-04-24 19:00:00+00:00,10375.7,10380.4,10375.7,10378.4,1064
2026-04-24 19:15:00+00:00,10378.2,10382.9,10375.4,10379.2,1076
2026-04-24 19:30:00+00:00,10379.4,10383.1,10376.4,10378.2,1280
2026-04-24 19:45:00+00:00,10377.9,10388.4,10376.0,10386.1,2060
2026-04-26 22:00:00+00:00,10365.8,10366.8,10358.4,10361.2,2268
2026-04-26 22:15:00+00:00,10361.4,10365.2,10360.9,10365.0,1808
2026-04-26 22:30:00+00:00,10364.7,10367.2,10362.7,10366.5,1312
2026-04-26 22:45:00+00:00,10366.7,10369.5,10366.0,10369.3,756
2026-04-26 23:00:00+00:00,10369.5,10369.8,10364.7,10365.2,1088
2026-04-26 23:15:00+00:00,10365.3,10368.0,10365.0,10365.5,1004
2026-04-26 23:30:00+00:00,10365.2,10365.2,10362.2,10363.8,1108
2026-04-26 23:45:00+00:00,10363.7,10366.2,10362.7,10365.5,1248
2026-04-27 00:00:00+00:00,10368.8,10380.6,10368.8,10375.4,7600
2026-04-27 00:15:00+00:00,10375.4,10377.2,10369.0,10369.7,5404
2026-04-27 00:30:00+00:00,10369.8,10375.8,10368.9,10374.7,4420
2026-04-27 00:45:00+00:00,10375.1,10383.5,10373.8,10381.9,4872
2026-04-27 01:00:00+00:00,10382.0,10395.3,10380.8,10382.6,10156
2026-04-27 01:15:00+00:00,10382.6,10389.4,10380.0,10386.4,6648
2026-04-27 01:30:00+00:00,10386.6,10391.6,10383.0,10389.6,6572
2026-04-27 01:45:00+00:00,10389.6,10397.9,10389.6,10395.1,5912
2026-04-27 02:00:00+00:00,10395.1,10396.0,10386.1,10389.7,4428
2026-04-27 02:15:00+00:00,10389.7,10394.1,10388.9,10389.5,4036
2026-04-27 02:30:00+00:00,10389.4,10392.6,10385.4,10386.2,3668
2026-04-27 02:45:00+00:00,10386.0,10388.1,10385.2,10385.4,2808
2026-04-27 03:00:00+00:00,10385.2,10389.5,10381.0,10382.1,4472
2026-04-27 03:15:00+00:00,10382.1,10384.1,10380.5,10383.3,3052
2026-04-27 03:30:00+00:00,10383.6,10389.6,10382.7,10388.7,3592
2026-04-27 03:45:00+00:00,10388.7,10389.1,10384.4,10385.1,2380
2026-04-27 04:00:00+00:00,10385.1,10385.1,10380.4,10384.4,2600
2026-04-27 04:15:00+00:00,10384.4,10390.7,10383.9,10389.4,2164
2026-04-27 04:30:00+00:00,10389.4,10391.2,10388.5,10388.9,2504
2026-04-27 04:45:00+00:00,10388.9,10390.4,10382.0,10383.7,3132
2026-04-27 05:00:00+00:00,10383.9,10384.7,10374.2,10375.2,1632
2026-04-27 05:15:00+00:00,10374.9,10380.4,10374.7,10377.2,1692
2026-04-27 05:30:00+00:00,10377.4,10377.9,10366.9,10373.2,1528
2026-04-27 05:45:00+00:00,10372.9,10377.2,10372.4,10376.4,952
2026-04-27 06:00:00+00:00,10376.7,10388.9,10373.4,10382.9,1800
2026-04-27 06:15:00+00:00,10382.7,10390.9,10381.9,10388.9,1244
2026-04-27 06:30:00+00:00,10389.4,10390.4,10377.2,10377.4,1500
2026-04-27 06:45:00+00:00,10377.7,10380.7,10369.7,10373.4,1204
2026-04-27 07:00:00+00:00,10373.9,10382.9,10362.7,10380.4,7376
2026-04-27 07:15:00+00:00,10379.9,10387.7,10368.4,10373.4,4476
2026-04-27 07:30:00+00:00,10373.7,10378.9,10369.2,10376.4,3840
2026-04-27 07:45:00+00:00,10375.9,10380.9,10361.8,10361.8,3488
2026-04-27 08:00:00+00:00,10361.6,10364.8,10346.3,10352.1,5008
2026-04-27 08:15:00+00:00,10352.3,10378.3,10351.8,10377.2,3728
2026-04-27 08:30:00+00:00,10377.0,10386.3,10369.1,10375.8,3320
2026-04-27 08:45:00+00:00,10376.0,10387.6,10375.8,10386.9,2708
2026-04-27 09:00:00+00:00,10386.6,10388.6,10381.9,10385.3,2532
2026-04-27 09:15:00+00:00,10385.1,10385.3,10376.5,10381.0,2008
2026-04-27 09:30:00+00:00,10380.7,10386.9,10378.3,10386.9,1692
2026-04-27 09:45:00+00:00,10386.7,10393.7,10385.8,10391.0,2148
2026-04-27 10:00:00+00:00,10390.8,10396.7,10387.7,10391.9,2104
2026-04-27 10:15:00+00:00,10392.1,10398.4,10391.1,10391.9,1796
2026-04-27 10:30:00+00:00,10392.2,10402.6,10391.2,10401.8,2052
2026-04-27 10:45:00+00:00,10401.6,10404.7,10395.8,10397.5,2608
2026-04-27 11:00:00+00:00,10397.8,10400.7,10394.7,10396.6,2432
2026-04-27 11:15:00+00:00,10396.3,10407.4,10395.8,10405.4,2136
2026-04-27 11:30:00+00:00,10405.7,10411.4,10403.1,10406.2,2036
2026-04-27 11:45:00+00:00,10406.7,10409.6,10398.1,10401.3,1812
2026-04-27 12:00:00+00:00,10401.5,10402.5,10378.2,10382.2,2896
2026-04-27 12:15:00+00:00,10382.5,10384.2,10363.5,10363.7,3028
2026-04-27 12:30:00+00:00,10363.3,10368.2,10357.2,10359.5,3404
2026-04-27 12:45:00+00:00,10359.7,10360.7,10335.2,10339.9,4236
2026-04-27 13:00:00+00:00,10339.6,10346.4,10333.9,10334.9,5196
2026-04-27 13:15:00+00:00,10335.1,10344.7,10335.1,10344.5,3488
2026-04-27 13:30:00+00:00,10344.7,10373.7,10344.4,10363.7,7208
2026-04-27 13:45:00+00:00,10364.0,10370.2,10348.0,10367.4,6076
2026-04-27 14:00:00+00:00,10368.2,10370.1,10347.8,10357.6,6192
2026-04-27 14:15:00+00:00,10357.3,10358.3,10342.4,10342.7,4640
2026-04-27 14:30:00+00:00,10342.9,10343.5,10330.5,10341.5,5580
2026-04-27 14:45:00+00:00,10342.5,10342.5,10327.0,10328.0,3996
2026-04-27 15:00:00+00:00,10327.7,10329.2,10316.9,10325.1,4628
2026-04-27 15:15:00+00:00,10325.6,10332.9,10319.4,10332.7,4708
2026-04-27 15:30:00+00:00,10333.4,10336.1,10317.7,10325.3,5932
2026-04-27 15:45:00+00:00,10325.8,10333.9,10320.2,10332.9,2560
2026-04-27 16:00:00+00:00,10333.1,10333.4,10327.9,10331.6,1964
2026-04-27 16:15:00+00:00,10331.4,10334.4,10326.4,10327.2,1328
2026-04-27 16:30:00+00:00,10327.4,10330.7,10321.2,10323.0,1292
2026-04-27 16:45:00+00:00,10322.5,10326.9,10322.0,10325.7,956
2026-04-27 17:00:00+00:00,10326.0,10329.2,10323.2,10323.7,1140
2026-04-27 17:15:00+00:00,10324.0,10325.0,10314.8,10323.5,1724
2026-04-27 17:30:00+00:00,10323.0,10328.7,10321.0,10322.0,992
2026-04-27 17:45:00+00:00,10322.3,10322.8,10317.1,10317.6,860
2026-04-27 18:00:00+00:00,10317.1,10320.1,10314.9,10316.6,744
2026-04-27 18:15:00+00:00,10316.3,10325.3,10314.9,10323.6,596
2026-04-27 18:30:00+00:00,10323.1,10330.0,10320.3,10327.1,672
2026-04-27 18:45:00+00:00,10326.8,10333.0,10326.8,10331.0,668
2026-04-27 19:00:00+00:00,10331.3,10336.7,10329.7,10336.4,840
2026-04-27 19:15:00+00:00,10336.2,10343.4,10335.4,10338.4,1104
2026-04-27 19:30:00+00:00,10337.9,10339.9,10331.7,10335.7,1280
2026-04-27 19:45:00+00:00,10335.5,10339.9,10317.6,10319.1,2280
2026-04-27 20:00:00+00:00,10318.8,10319.1,10315.1,10316.6,800
2026-04-27 20:30:00+00:00,10316.6,10319.4,10316.4,10318.9,304
2026-04-27 20:45:00+00:00,10318.6,10319.6,10316.9,10317.2,380
2026-04-27 22:00:00+00:00,10319.5,10332.9,10319.0,10332.3,2084
2026-04-27 22:15:00+00:00,10332.2,10335.6,10332.2,10333.7,1244
2026-04-27 22:30:00+00:00,10333.9,10334.8,10332.6,10333.7,1036
2026-04-27 22:45:00+00:00,10333.8,10334.0,10331.0,10331.6,796
2026-04-27 23:00:00+00:00,10331.5,10332.5,10330.2,10330.5,576
2026-04-27 23:15:00+00:00,10330.7,10333.2,10330.7,10332.5,608
2026-04-27 23:30:00+00:00,10332.6,10335.0,10332.0,10333.9,692
2026-04-27 23:45:00+00:00,10333.8,10334.3,10331.8,10332.5,1168
2026-04-28 00:00:00+00:00,10337.4,10338.4,10328.5,10330.3,5412
2026-04-28 00:15:00+00:00,10330.3,10334.3,10321.2,10326.9,5484
2026-04-28 00:30:00+00:00,10327.0,10334.3,10325.6,10334.2,3712
2026-04-28 00:45:00+00:00,10334.3,10338.3,10332.5,10332.5,2808
2026-04-28 01:00:00+00:00,10332.3,10335.3,10329.9,10334.4,5220
2026-04-28 01:15:00+00:00,10334.2,10340.3,10332.7,10340.0,3808
2026-04-28 01:30:00+00:00,10340.0,10346.3,10335.8,10344.8,4380
2026-04-28 01:45:00+00:00,10344.8,10345.2,10335.9,10336.6,5400
2026-04-28 02:00:00+00:00,10336.7,10341.1,10332.7,10340.8,4944
2026-04-28 02:15:00+00:00,10340.8,10344.2,10339.9,10341.8,3196
2026-04-28 02:30:00+00:00,10341.8,10342.2,10333.3,10334.3,3780
2026-04-28 02:45:00+00:00,10334.4,10336.4,10329.6,10332.1,2872
2026-04-28 03:00:00+00:00,10332.1,10335.3,10329.2,10334.6,3768
2026-04-28 03:15:00+00:00,10334.6,10336.4,10331.9,10335.6,2724
2026-04-28 03:30:00+00:00,10335.7,10343.3,10334.8,10338.6,3180
2026-04-28 03:45:00+00:00,10338.6,10340.3,10336.4,10340.1,2492
2026-04-28 04:00:00+00:00,10340.2,10341.6,10337.2,10339.6,2756
2026-04-28 04:15:00+00:00,10339.7,10342.8,10339.0,10339.9,2724
2026-04-28 04:30:00+00:00,10339.9,10342.1,10338.8,10339.0,2308
2026-04-28 04:45:00+00:00,10339.0,10341.2,10334.7,10335.9,2568
2026-04-28 05:00:00+00:00,10336.1,10337.7,10322.8,10325.1,1360
2026-04-28 05:15:00+00:00,10324.8,10325.6,10321.8,10322.3,624
2026-04-28 05:30:00+00:00,10322.1,10322.1,10308.9,10317.1,1552
2026-04-28 05:45:00+00:00,10317.4,10323.6,10315.6,10318.4,1032
2026-04-28 06:00:00+00:00,10318.1,10327.8,10316.4,10322.6,1692
2026-04-28 06:15:00+00:00,10323.1,10326.1,10317.7,10325.9,1232
2026-04-28 06:30:00+00:00,10325.6,10326.4,10318.7,10321.7,1324
2026-04-28 06:45:00+00:00,10322.2,10328.4,10318.9,10321.7,1536
2026-04-28 07:00:00+00:00,10322.4,10332.3,10299.1,10311.0,7644
2026-04-28 07:15:00+00:00,10311.8,10329.1,10309.0,10323.7,5116
2026-04-28 07:30:00+00:00,10324.7,10350.9,10324.7,10349.0,4504
2026-04-28 07:45:00+00:00,10348.7,10350.5,10340.1,10348.0,3696
2026-04-28 08:00:00+00:00,10346.0,10346.8,10321.9,10329.4,6628
2026-04-28 08:15:00+00:00,10329.9,10350.1,10329.9,10350.1,4884
2026-04-28 08:30:00+00:00,10349.9,10351.4,10340.4,10341.1,4316
2026-04-28 08:45:00+00:00,10341.1,10349.2,10338.6,10348.7,3428
2026-04-28 09:00:00+00:00,10347.7,10364.8,10342.2,10363.8,4620
2026-04-28 09:15:00+00:00,10363.3,10376.9,10358.1,10371.3,3888
2026-04-28 09:30:00+00:00,10371.6,10373.3,10364.1,10370.1,3244
2026-04-28 09:45:00+00:00,10370.1,10372.5,10358.2,10365.9,2936
2026-04-28 10:00:00+00:00,10365.4,10374.8,10358.6,10362.9,3432
2026-04-28 10:15:00+00:00,10362.7,10368.8,10357.5,10366.1,3068
2026-04-28 10:30:00+00:00,10366.4,10375.3,10366.4,10367.4,2724
2026-04-28 10:45:00+00:00,10367.6,10377.3,10365.4,10374.8,2228
2026-04-28 11:00:00+00:00,10374.6,10382.8,10355.9,10359.6,3764
2026-04-28 11:15:00+00:00,10359.4,10360.8,10333.7,10335.4,4020
2026-04-28 11:30:00+00:00,10335.7,10337.2,10316.2,10327.0,4468
2026-04-28 11:45:00+00:00,10327.3,10331.5,10311.9,10319.7,5716
2026-04-28 12:00:00+00:00,10320.2,10330.9,10314.2,10327.4,6484
2026-04-28 12:15:00+00:00,10327.9,10334.6,10303.6,10307.3,9384
2026-04-28 12:30:00+00:00,10307.7,10317.4,10287.7,10312.9,6568
2026-04-28 12:45:00+00:00,10312.6,10335.8,10312.1,10330.2,4384
2026-04-28 13:00:00+00:00,10329.5,10331.0,10310.0,10311.3,4612
2026-04-28 13:15:00+00:00,10311.1,10315.2,10299.1,10308.6,5284
2026-04-28 13:30:00+00:00,10308.4,10322.6,10300.7,10318.1,7656
2026-04-28 13:45:00+00:00,10317.6,10321.1,10303.7,10307.9,5512
2026-04-28 14:00:00+00:00,10307.7,10314.1,10300.5,10308.7,5976
2026-04-28 14:15:00+00:00,10308.9,10320.0,10304.4,10312.0,4764
2026-04-28 14:30:00+00:00,10311.8,10311.8,10295.6,10299.3,5628
2026-04-28 14:45:00+00:00,10299.8,10311.7,10293.4,10311.2,7712
2026-04-28 15:00:00+00:00,10311.7,10331.5,10311.7,10326.9,6368
2026-04-28 15:15:00+00:00,10327.1,10335.2,10324.7,10330.9,5348
2026-04-28 15:30:00+00:00,10330.7,10334.4,10323.5,10330.1,6580
2026-04-28 15:45:00+00:00,10329.9,10333.6,10322.9,10327.3,4048
2026-04-28 16:00:00+00:00,10327.6,10328.3,10320.3,10320.8,2548
2026-04-28 16:15:00+00:00,10320.6,10321.3,10313.6,10319.8,1916
2026-04-28 16:30:00+00:00,10319.6,10321.1,10309.9,10310.9,1688
2026-04-28 16:45:00+00:00,10310.4,10315.9,10305.9,10307.4,2488
2026-04-28 17:00:00+00:00,10306.9,10309.4,10300.7,10309.4,1074
2026-04-28 17:15:00+00:00,10309.7,10312.4,10304.7,10308.7,1024
2026-04-28 17:30:00+00:00,10309.0,10316.9,10307.5,10310.2,996
2026-04-28 17:45:00+00:00,10310.0,10311.7,10303.8,10309.5,856
2026-04-28 18:00:00+00:00,10309.7,10316.4,10307.7,10308.0,1212
2026-04-28 18:15:00+00:00,10308.2,10311.5,10303.3,10306.5,1904
2026-04-28 18:30:00+00:00,10306.3,10306.5,10300.6,10305.5,960
2026-04-28 18:45:00+00:00,10305.8,10308.0,10302.1,10302.1,824
2026-04-28 19:00:00+00:00,10301.8,10308.4,10299.8,10306.6,868
2026-04-28 19:15:00+00:00,10306.9,10310.4,10305.6,10307.1,1120
2026-04-28 19:30:00+00:00,10306.6,10306.9,10299.2,10302.7,1176
2026-04-28 19:45:00+00:00,10302.4,10307.4,10300.2,10305.9,2128
2026-04-28 20:00:00+00:00,10305.2,10310.4,10301.9,10307.7,1648
2026-04-28 20:30:00+00:00,10307.8,10308.2,10306.0,10306.5,712
2026-04-28 20:45:00+00:00,10306.7,10307.0,10305.2,10306.7,524
2026-04-28 22:00:00+00:00,10309.4,10312.0,10308.7,10311.2,988
2026-04-28 22:15:00+00:00,10311.3,10311.5,10308.8,10309.1,708
2026-04-28 22:30:00+00:00,10309.2,10310.8,10308.8,10309.6,784
2026-04-28 22:45:00+00:00,10309.3,10310.3,10309.1,10310.3,280
2026-04-28 23:00:00+00:00,10310.6,10310.6,10308.7,10309.8,680
2026-04-28 23:15:00+00:00,10310.0,10310.4,10309.8,10310.2,276
2026-04-28 23:30:00+00:00,10310.4,10313.1,10310.4,10312.9,532
2026-04-28 23:45:00+00:00,10313.0,10313.9,10312.4,10313.9,436
2026-04-29 00:00:00+00:00,10324.4,10324.7,10308.1,10310.9,3952
2026-04-29 00:15:00+00:00,10310.8,10312.2,10308.1,10308.4,3420
2026-04-29 00:30:00+00:00,10308.8,10312.6,10308.2,10312.6,2284
2026-04-29 00:45:00+00:00,10312.6,10312.6,10308.5,10309.9,3004
2026-04-29 01:00:00+00:00,10309.9,10310.0,10292.7,10297.1,8468
2026-04-29 01:15:00+00:00,10296.8,10304.0,10296.8,10300.6,6056
2026-04-29 01:30:00+00:00,10301.0,10315.5,10300.0,10312.9,6640
2026-04-29 01:45:00+00:00,10313.0,10314.4,10309.4,10312.1,4364
2026-04-29 02:00:00+00:00,10312.2,10320.1,10312.2,10316.4,4728
2026-04-29 02:15:00+00:00,10316.4,10320.6,10314.3,10314.9,3876
2026-04-29 02:30:00+00:00,10314.9,10315.5,10311.0,10311.9,3768
2026-04-29 02:45:00+00:00,10311.9,10313.5,10307.2,10307.3,3020
2026-04-29 03:00:00+00:00,10307.4,10312.0,10306.4,10311.5,3152
2026-04-29 03:15:00+00:00,10311.3,10313.7,10310.3,10312.3,2516
2026-04-29 03:30:00+00:00,10312.5,10312.8,10308.3,10308.4,2032
2026-04-29 03:45:00+00:00,10308.3,10310.7,10306.8,10310.7,1896
2026-04-29 04:00:00+00:00,10310.5,10313.1,10310.2,10312.3,1820
2026-04-29 04:15:00+00:00,10312.4,10313.3,10310.8,10312.6,1604
2026-04-29 04:30:00+00:00,10312.6,10316.3,10312.4,10315.6,2436
2026-04-29 04:45:00+00:00,10315.2,10321.6,10315.2,10316.8,1940
2026-04-29 05:00:00+00:00,10317.2,10319.6,10314.1,10315.1,1108
2026-04-29 05:15:00+00:00,10315.4,10319.1,10312.6,10318.8,808
2026-04-29 05:30:00+00:00,10318.6,10322.3,10317.6,10319.1,828
2026-04-29 05:45:00+00:00,10318.9,10322.1,10318.1,10320.9,1020
2026-04-29 06:00:00+00:00,10320.6,10326.8,10320.1,10322.6,1744
2026-04-29 06:15:00+00:00,10322.4,10322.6,10313.4,10315.2,1204
2026-04-29 06:30:00+00:00,10316.7,10320.4,10311.2,10315.7,1172
2026-04-29 06:45:00+00:00,10315.9,10317.2,10298.6,10305.5,1792
2026-04-29 07:00:00+00:00,10306.0,10332.3,10290.8,10293.9,7904
2026-04-29 07:15:00+00:00,10294.8,10295.4,10280.2,10285.7,4360
2026-04-29 07:30:00+00:00,10286.0,10292.9,10273.9,10273.9,4392
2026-04-29 07:45:00+00:00,10274.1,10278.9,10258.6,10269.3,4756
2026-04-29 08:00:00+00:00,10270.3,10279.6,10264.2,10268.9,6644
2026-04-29 08:15:00+00:00,10269.4,10283.6,10267.9,10277.9,4892
2026-04-29 08:30:00+00:00,10277.6,10280.9,10259.8,10268.8,5680
2026-04-29 08:45:00+00:00,10269.0,10275.9,10264.8,10271.9,4260
2026-04-29 09:00:00+00:00,10271.6,10277.8,10262.3,10269.2,4264
2026-04-29 09:15:00+00:00,10268.9,10274.5,10265.8,10268.7,3452
2026-04-29 09:30:00+00:00,10268.2,10277.4,10261.5,10261.5,4196
2026-04-29 09:45:00+00:00,10262.0,10263.5,10244.2,10253.3,3792
2026-04-29 10:00:00+00:00,10252.8,10263.5,10250.3,10263.3,3168
2026-04-29 10:15:00+00:00,10263.5,10278.6,10263.0,10270.2,3096
2026-04-29 10:30:00+00:00,10270.4,10278.2,10251.4,10252.6,3612
2026-04-29 10:45:00+00:00,10252.1,10255.8,10245.9,10250.9,3096
2026-04-29 11:00:00+00:00,10250.6,10255.9,10242.6,10249.5,3980
2026-04-29 11:15:00+00:00,10250.0,10258.0,10248.3,10252.6,3404
2026-04-29 11:30:00+00:00,10252.3,10259.1,10247.8,10253.5,3324
2026-04-29 11:45:00+00:00,10253.0,10256.5,10246.0,10249.9,3132
2026-04-29 12:00:00+00:00,10249.1,10253.5,10243.0,10243.3,3100
2026-04-29 12:15:00+00:00,10243.0,10249.7,10236.4,10239.9,4228
2026-04-29 12:30:00+00:00,10240.1,10242.3,10227.5,10236.1,4188
2026-04-29 12:45:00+00:00,10235.9,10260.4,10233.8,10257.9,3868
2026-04-29 13:00:00+00:00,10258.6,10262.6,10245.4,10250.4,3888
2026-04-29 13:15:00+00:00,10249.9,10252.4,10231.9,10233.1,5104
2026-04-29 13:30:00+00:00,10233.6,10242.0,10215.2,10215.7,7656
2026-04-29 13:45:00+00:00,10215.2,10215.7,10197.5,10214.2,6392
2026-04-29 14:00:00+00:00,10214.9,10226.0,10210.2,10218.0,6164
2026-04-29 14:15:00+00:00,10217.7,10222.2,10206.0,10206.0,4424
2026-04-29 14:30:00+00:00,10206.3,10210.9,10201.5,10206.3,4404
2026-04-29 14:45:00+00:00,10206.5,10207.8,10197.3,10202.8,3464
2026-04-29 15:00:00+00:00,10203.1,10209.6,10187.9,10190.7,4304
2026-04-29 15:15:00+00:00,10190.9,10211.1,10190.7,10210.6,5212
2026-04-29 15:30:00+00:00,10210.4,10219.1,10201.2,10213.3,7192
2026-04-29 15:45:00+00:00,10213.1,10217.3,10188.0,10197.2,7864
2026-04-29 16:00:00+00:00,10197.5,10208.1,10195.2,10201.7,4080
2026-04-29 16:15:00+00:00,10202.2,10212.6,10201.9,10205.2,3052
2026-04-29 16:30:00+00:00,10204.9,10206.2,10194.8,10204.0,3304
2026-04-29 16:45:00+00:00,10204.5,10208.4,10198.1,10203.1,2456
2026-04-29 17:00:00+00:00,10202.6,10203.3,10194.9,10197.6,2096
2026-04-29 17:15:00+00:00,10197.1,10206.1,10194.6,10205.3,2788
2026-04-29 17:30:00+00:00,10205.6,10208.6,10197.4,10200.4,1660
2026-04-29 17:45:00+00:00,10200.6,10209.3,10199.2,10200.4,2208
2026-04-29 18:00:00+00:00,10205.4,10210.6,10186.7,10188.2,3980
2026-04-29 18:15:00+00:00,10188.0,10194.0,10184.8,10190.0,2492
2026-04-29 18:30:00+00:00,10190.2,10192.0,10173.4,10174.8,6092
2026-04-29 18:45:00+00:00,10175.1,10192.3,10170.9,10191.3,4132
2026-04-29 19:00:00+00:00,10191.8,10200.7,10188.6,10200.0,2772
2026-04-29 19:15:00+00:00,10200.2,10203.7,10196.3,10196.8,2152
2026-04-29 19:30:00+00:00,10196.3,10198.0,10186.3,10197.8,2616
2026-04-29 19:45:00+00:00,10197.5,10202.8,10188.4,10200.0,2888
2026-04-29 20:00:00+00:00,10200.8,10222.8,10180.1,10182.1,12920
2026-04-29 20:30:00+00:00,10196.1,10202.0,10190.2,10196.3,5556
2026-04-29 20:45:00+00:00,10196.2,10198.9,10178.7,10179.0,5360
2026-04-29 22:00:00+00:00,10203.8,10215.2,10200.5,10214.7,3208
2026-04-29 22:15:00+00:00,10214.8,10219.9,10208.9,10211.0,4380
2026-04-29 22:30:00+00:00,10210.9,10214.5,10206.9,10210.3,2968
2026-04-29 22:45:00+00:00,10210.4,10214.3,10206.4,10207.4,1940
2026-04-29 23:00:00+00:00,10207.7,10209.7,10206.1,10208.4,2024
2026-04-29 23:15:00+00:00,10208.3,10208.4,10203.2,10206.7,1176
2026-04-29 23:30:00+00:00,10206.8,10212.9,10206.8,10212.7,1692
2026-04-29 23:45:00+00:00,10212.5,10216.2,10210.4,10212.0,2084
2026-04-30 00:00:00+00:00,10223.1,10223.4,10201.5,10209.7,7460
2026-04-30 00:15:00+00:00,10209.8,10214.0,10207.4,10210.2,6004
2026-04-30 00:30:00+00:00,10210.4,10217.9,10210.2,10213.3,5536
2026-04-30 00:45:00+00:00,10213.3,10220.3,10212.7,10217.9,5000
2026-04-30 01:00:00+00:00,10217.8,10219.0,10210.0,10212.3,6504
2026-04-30 01:15:00+00:00,10212.3,10221.8,10211.1,10219.6,5164
2026-04-30 01:30:00+00:00,10219.8,10227.1,10215.3,10220.5,6872
2026-04-30 01:45:00+00:00,10220.1,10231.7,10219.0,10231.4,4908
2026-04-30 02:00:00+00:00,10231.6,10233.0,10227.3,10229.3,4280
2026-04-30 02:15:00+00:00,10229.5,10230.4,10215.9,10216.5,4264
2026-04-30 02:30:00+00:00,10216.2,10221.1,10197.1,10215.5,13928
2026-04-30 02:45:00+00:00,10215.7,10216.4,10204.6,10209.2,8464
2026-04-30 03:00:00+00:00,10208.9,10211.4,10200.6,10203.0,6836
2026-04-30 03:15:00+00:00,10203.0,10204.6,10195.7,10198.8,6412
2026-04-30 03:30:00+00:00,10197.9,10204.3,10197.7,10201.0,5996
2026-04-30 03:45:00+00:00,10200.9,10203.6,10198.1,10199.2,5004
2026-04-30 04:00:00+00:00,10199.6,10200.8,10194.6,10196.8,7948
2026-04-30 04:15:00+00:00,10196.8,10198.7,10190.5,10191.2,7380
2026-04-30 04:30:00+00:00,10191.2,10191.4,10180.7,10185.0,8436
2026-04-30 04:45:00+00:00,10184.9,10188.8,10182.9,10183.9,6268
2026-04-30 05:00:00+00:00,10184.0,10208.0,10183.7,10204.7,2508
2026-04-30 05:15:00+00:00,10205.0,10206.5,10191.0,10198.5,3156
2026-04-30 05:30:00+00:00,10199.0,10214.7,10199.0,10211.5,2296
2026-04-30 05:45:00+00:00,10211.7,10212.0,10203.5,10207.0,2192
2026-04-30 06:00:00+00:00,10206.7,10207.7,10181.2,10182.7,3272
2026-04-30 06:15:00+00:00,10183.0,10195.5,10181.7,10194.2,2880
2026-04-30 06:30:00+00:00,10194.5,10220.5,10194.5,10204.3,4308
2026-04-30 06:45:00+00:00,10203.8,10213.0,10197.5,10209.3,3808
2026-04-30 07:00:00+00:00,10209.8,10220.0,10203.5,10210.5,10568
2026-04-30 07:15:00+00:00,10210.0,10227.5,10205.8,10222.8,6444
2026-04-30 07:30:00+00:00,10223.0,10234.0,10215.0,10233.5,5804
2026-04-30 07:45:00+00:00,10233.0,10240.0,10228.0,10238.5,4780
2026-04-30 08:00:00+00:00,10238.3,10260.5,10234.0,10259.0,6012
2026-04-30 08:15:00+00:00,10258.8,10264.8,10254.0,10264.5,4416
2026-04-30 08:30:00+00:00,10264.3,10266.5,10255.0,10258.5,4736
2026-04-30 08:45:00+00:00,10258.8,10269.0,10257.0,10265.0,3676
2026-04-30 09:00:00+00:00,10265.3,10285.0,10265.0,10282.0,4928
2026-04-30 09:15:00+00:00,10281.8,10292.3,10278.0,10291.5,5188
2026-04-30 09:30:00+00:00,10291.0,10312.5,10291.0,10310.5,6996
2026-04-30 09:45:00+00:00,10310.8,10318.0,10306.5,10306.5,4184
2026-04-30 10:00:00+00:00,10307.0,10323.0,10305.3,10317.5,4064
2026-04-30 10:15:00+00:00,10318.5,10327.0,10316.0,10323.0,3740
2026-04-30 10:30:00+00:00,10323.3,10327.0,10304.8,10312.5,6336
2026-04-30 10:45:00+00:00,10313.0,10330.0,10306.5,10328.5,4712
2026-04-30 11:00:00+00:00,10329.3,10360.0,10329.0,10348.5,7496
2026-04-30 11:15:00+00:00,10348.3,10353.5,10342.5,10348.5,4504
2026-04-30 11:30:00+00:00,10348.3,10351.5,10340.0,10347.5,4984
2026-04-30 11:45:00+00:00,10347.3,10361.5,10345.0,10356.5,4060
2026-04-30 12:00:00+00:00,10356.3,10363.0,10352.5,10362.8,4192
2026-04-30 12:15:00+00:00,10363.0,10384.0,10360.5,10380.8,5672
2026-04-30 12:30:00+00:00,10380.5,10388.3,10372.0,10376.8,6148
2026-04-30 12:45:00+00:00,10376.5,10385.8,10369.5,10370.3,5332
2026-04-30 13:00:00+00:00,10370.5,10380.0,10363.9,10367.7,6712
2026-04-30 13:15:00+00:00,10368.2,10373.9,10358.8,10360.0,4504
2026-04-30 13:30:00+00:00,10360.8,10362.0,10343.8,10352.1,8824
2026-04-30 13:45:00+00:00,10351.8,10364.0,10347.0,10358.7,6484
2026-04-30 14:00:00+00:00,10360.2,10365.1,10347.9,10358.7,6740
2026-04-30 14:15:00+00:00,10358.5,10381.2,10357.5,10380.7,5840
2026-04-30 14:30:00+00:00,10380.4,10388.8,10370.2,10372.8,8412
2026-04-30 14:45:00+00:00,10372.5,10387.6,10371.1,10372.4,6412
2026-04-30 15:00:00+00:00,10372.2,10378.5,10364.6,10375.8,6752
2026-04-30 15:15:00+00:00,10375.5,10378.4,10357.9,10372.7,8260
2026-04-30 15:30:00+00:00,10373.0,10383.7,10364.8,10366.5,10208
2026-04-30 15:45:00+00:00,10366.3,10368.8,10361.8,10363.1,3896
2026-04-30 16:00:00+00:00,10363.3,10365.3,10357.8,10362.2,2872
2026-04-30 16:15:00+00:00,10361.4,10364.4,10355.7,10361.2,2288
2026-04-30 16:30:00+00:00,10361.4,10365.2,10359.9,10362.9,1932
2026-04-30 16:45:00+00:00,10363.2,10363.7,10356.5,10360.2,1880
2026-04-30 17:00:00+00:00,10360.5,10362.2,10356.0,10359.7,1568
2026-04-30 17:15:00+00:00,10359.5,10360.5,10354.8,10358.5,996
2026-04-30 17:30:00+00:00,10358.7,10364.5,10357.0,10358.3,1776
2026-04-30 17:45:00+00:00,10358.0,10359.3,10351.3,10351.8,1428
2026-04-30 18:00:00+00:00,10351.3,10357.5,10350.3,10354.1,1372
2026-04-30 18:15:00+00:00,10354.3,10360.0,10354.3,10358.8,920
2026-04-30 18:30:00+00:00,10359.0,10362.0,10357.6,10361.5,1420
2026-04-30 18:45:00+00:00,10361.8,10369.0,10361.5,10362.8,996
2026-04-30 19:00:00+00:00,10363.3,10380.8,10362.8,10380.0,1768
2026-04-30 19:15:00+00:00,10379.6,10382.0,10377.1,10379.8,1468
2026-04-30 19:30:00+00:00,10379.3,10380.1,10368.4,10371.1,1956
2026-04-30 19:45:00+00:00,10370.9,10371.4,10355.5,10355.5,2760
2026-04-30 20:00:00+00:00,10355.5,10362.4,10354.1,10357.1,4036
2026-04-30 20:30:00+00:00,10359.1,10365.1,10355.0,10355.4,3788
2026-04-30 20:45:00+00:00,10355.7,10359.7,10354.9,10359.4,1724
2026-04-30 22:00:00+00:00,10365.3,10374.7,10365.3,10372.1,1948
2026-04-30 22:15:00+00:00,10371.9,10372.6,10366.6,10367.7,1192
2026-04-30 22:30:00+00:00,10367.8,10368.0,10365.0,10366.7,1088
2026-04-30 22:45:00+00:00,10366.5,10366.7,10356.8,10360.1,1864
2026-04-30 23:00:00+00:00,10360.3,10363.1,10359.5,10360.3,1604
2026-04-30 23:15:00+00:00,10360.0,10365.0,10359.5,10364.3,980
2026-04-30 23:30:00+00:00,10364.5,10367.5,10363.3,10364.5,1056
2026-04-30 23:45:00+00:00,10364.0,10366.8,10360.7,10362.8,1896
2026-05-01 00:00:00+00:00,10371.0,10375.4,10337.2,10337.5,5932
2026-05-01 00:15:00+00:00,10337.5,10345.5,10337.5,10341.0,4420
2026-05-01 00:30:00+00:00,10341.0,10344.4,10329.2,10343.5,4288
2026-05-01 00:45:00+00:00,10343.5,10346.5,10340.6,10343.1,2712
2026-05-01 01:00:00+00:00,10343.0,10346.5,10342.3,10346.1,3256
2026-05-01 01:15:00+00:00,10346.1,10350.3,10337.6,10350.1,3076
2026-05-01 01:30:00+00:00,10350.1,10364.3,10350.0,10364.2,2904
2026-05-01 01:45:00+00:00,10364.2,10373.3,10363.9,10368.5,2744
2026-05-01 02:00:00+00:00,10368.4,10372.7,10368.4,10372.2,2244
2026-05-01 02:15:00+00:00,10371.6,10372.6,10370.2,10371.9,2060
2026-05-01 02:30:00+00:00,10372.0,10373.4,10370.9,10371.2,2028
2026-05-01 02:45:00+00:00,10371.2,10371.2,10369.4,10369.8,1316
2026-05-01 03:00:00+00:00,10369.8,10371.3,10369.3,10370.7,1872
2026-05-01 03:15:00+00:00,10370.5,10373.0,10369.7,10373.0,1316
2026-05-01 03:30:00+00:00,10373.1,10377.0,10372.4,10373.3,2512
2026-05-01 03:45:00+00:00,10373.0,10376.3,10372.9,10374.8,2312
2026-05-01 04:00:00+00:00,10375.1,10375.2,10370.5,10371.6,2700
2026-05-01 04:15:00+00:00,10371.4,10374.4,10370.7,10373.3,1868
2026-05-01 04:30:00+00:00,10373.1,10373.1,10369.7,10370.6,1860
2026-05-01 04:45:00+00:00,10370.7,10370.7,10367.4,10367.9,1628
2026-05-01 05:00:00+00:00,10367.9,10374.6,10366.6,10373.3,320
2026-05-01 05:15:00+00:00,10373.1,10373.1,10369.6,10371.6,268
2026-05-01 05:30:00+00:00,10370.9,10372.1,10370.6,10371.6,292
2026-05-01 05:45:00+00:00,10370.9,10370.9,10365.2,10368.9,388
2026-05-01 06:00:00+00:00,10369.7,10373.1,10360.5,10366.7,620
2026-05-01 06:15:00+00:00,10366.2,10368.7,10359.0,10360.5,592
2026-05-01 06:30:00+00:00,10361.5,10363.0,10338.9,10340.6,900
2026-05-01 06:45:00+00:00,10341.1,10358.5,10338.9,10351.1,1268
2026-05-01 07:00:00+00:00,10350.6,10351.1,10317.7,10335.9,5192
2026-05-01 07:15:00+00:00,10335.9,10346.3,10330.8,10334.3,3008
2026-05-01 07:30:00+00:00,10334.0,10337.6,10317.6,10319.0,2508
2026-05-01 07:45:00+00:00,10319.0,10326.6,10318.1,10320.4,2036
2026-05-01 08:00:00+00:00,10321.1,10331.2,10316.5,10323.9,1976
2026-05-01 08:15:00+00:00,10324.4,10327.3,10319.3,10319.3,1260
2026-05-01 08:30:00+00:00,10319.1,10321.1,10315.3,10318.2,1204
2026-05-01 08:45:00+00:00,10317.7,10317.7,10303.1,10306.3,1796
2026-05-01 09:00:00+00:00,10306.1,10306.6,10292.6,10298.3,1412
2026-05-01 09:15:00+00:00,10298.8,10314.3,10298.6,10311.8,976
2026-05-01 09:30:00+00:00,10312.1,10323.4,10309.6,10322.6,1280
2026-05-01 09:45:00+00:00,10322.9,10326.9,10318.0,10319.5,1068
2026-05-01 10:00:00+00:00,10319.0,10320.1,10310.6,10313.9,832
2026-05-01 10:15:00+00:00,10313.9,10321.3,10311.4,10320.3,860
2026-05-01 10:30:00+00:00,10320.3,10321.0,10311.2,10314.6,944
2026-05-01 10:45:00+00:00,10315.1,10325.0,10314.6,10324.5,968
2026-05-01 11:00:00+00:00,10325.0,10328.2,10315.8,10318.4,1276
2026-05-01 11:15:00+00:00,10318.7,10326.2,10317.7,10322.4,872
2026-05-01 11:30:00+00:00,10323.4,10324.6,10321.0,10321.0,752
2026-05-01 11:45:00+00:00,10321.5,10322.7,10312.6,10315.9,824
2026-05-01 12:00:00+00:00,10315.4,10324.1,10308.2,10320.5,1580
2026-05-01 12:15:00+00:00,10320.0,10331.2,10317.2,10328.0,2044
2026-05-01 12:30:00+00:00,10327.7,10328.7,10317.5,10320.2,1392
2026-05-01 12:45:00+00:00,10320.4,10320.7,10309.6,10311.0,1296
2026-05-01 13:00:00+00:00,10310.7,10324.2,10309.7,10322.2,1216
2026-05-01 13:15:00+00:00,10322.7,10324.1,10318.8,10321.6,1016
2026-05-01 13:30:00+00:00,10321.1,10334.9,10311.0,10332.8,3860
2026-05-01 13:45:00+00:00,10332.5,10366.6,10327.3,10361.1,3508
2026-05-01 14:00:00+00:00,10362.1,10385.2,10346.4,10360.9,3152
2026-05-01 14:15:00+00:00,10361.2,10369.3,10360.7,10363.3,1836
2026-05-01 14:30:00+00:00,10362.8,10369.2,10359.3,10364.3,2076
2026-05-01 14:45:00+00:00,10363.9,10375.0,10362.9,10373.5,1788
2026-05-01 15:00:00+00:00,10373.0,10377.4,10365.5,10374.2,2076
2026-05-01 15:15:00+00:00,10374.7,10381.1,10369.3,10374.7,2260
2026-05-01 15:30:00+00:00,10375.2,10382.2,10365.7,10380.5,2680
2026-05-01 15:45:00+00:00,10380.7,10387.4,10376.0,10377.0,1824
2026-05-01 16:00:00+00:00,10377.5,10380.6,10372.0,10380.6,936
2026-05-01 16:15:00+00:00,10380.1,10382.8,10370.6,10374.3,2260
2026-05-01 16:30:00+00:00,10374.1,10374.1,10367.1,10371.1,1072
2026-05-01 16:45:00+00:00,10370.6,10374.1,10365.7,10367.4,656
2026-05-01 17:00:00+00:00,10367.7,10372.1,10364.7,10371.2,420
2026-05-01 17:15:00+00:00,10371.4,10376.6,10370.4,10375.6,420
2026-05-01 17:30:00+00:00,10374.9,10382.4,10374.6,10381.6,608
2026-05-01 17:45:00+00:00,10381.1,10386.8,10380.9,10382.6,796
2026-05-01 18:00:00+00:00,10382.9,10383.1,10376.7,10377.2,616
2026-05-01 18:15:00+00:00,10376.9,10387.1,10375.7,10386.6,616
2026-05-01 18:30:00+00:00,10387.1,10392.6,10377.7,10377.7,832
2026-05-01 18:45:00+00:00,10378.2,10383.2,10376.7,10379.2,680
2026-05-01 19:00:00+00:00,10378.4,10381.4,10376.2,10381.2,488
2026-05-01 19:15:00+00:00,10381.7,10388.9,10381.4,10386.7,484
2026-05-01 19:30:00+00:00,10387.2,10387.7,10379.7,10382.7,716
2026-05-01 19:45:00+00:00,10382.2,10385.4,10360.3,10362.6,2188
2026-05-05 00:15:00+00:00,10308.6,10308.6,10288.3,10289.9,6228
2026-05-05 00:30:00+00:00,10289.8,10293.5,10288.2,10292.8,4144
2026-05-05 00:45:00+00:00,10292.9,10299.9,10292.2,10296.5,3640
2026-05-05 01:00:00+00:00,10296.5,10296.8,10282.5,10290.8,5000
2026-05-05 01:15:00+00:00,10290.8,10293.7,10285.4,10287.3,3912
2026-05-05 01:30:00+00:00,10287.6,10288.0,10268.5,10271.8,4836
2026-05-05 01:45:00+00:00,10271.7,10278.2,10269.5,10269.5,3324
2026-05-05 02:00:00+00:00,10269.5,10280.9,10269.4,10279.0,3164
2026-05-05 02:15:00+00:00,10278.9,10282.9,10278.8,10281.5,2472
2026-05-05 02:30:00+00:00,10281.6,10287.5,10281.5,10285.5,2636
2026-05-05 02:45:00+00:00,10285.5,10285.6,10273.3,10274.1,3660
2026-05-05 03:00:00+00:00,10274.7,10276.8,10270.3,10276.8,2372
2026-05-05 03:15:00+00:00,10277.0,10279.4,10271.9,10273.1,2204
2026-05-05 03:30:00+00:00,10273.1,10275.4,10272.3,10272.9,1592
2026-05-05 03:45:00+00:00,10273.0,10274.5,10271.6,10271.6,1920
2026-05-05 04:00:00+00:00,10271.6,10272.7,10265.0,10269.8,2276
2026-05-05 04:15:00+00:00,10269.6,10269.8,10266.8,10267.6,1984
2026-05-05 04:30:00+00:00,10267.5,10270.6,10262.8,10270.3,2412
2026-05-05 04:45:00+00:00,10270.3,10281.1,10270.3,10279.5,2712
2026-05-05 05:00:00+00:00,10279.3,10281.0,10256.8,10262.5,836
2026-05-05 05:15:00+00:00,10262.3,10265.8,10260.0,10261.5,768
2026-05-05 05:30:00+00:00,10261.8,10268.3,10259.0,10265.0,808
2026-05-05 05:45:00+00:00,10266.3,10278.5,10266.3,10276.0,412
2026-05-05 06:00:00+00:00,10275.3,10276.5,10261.5,10265.8,2052
2026-05-05 06:15:00+00:00,10266.3,10268.0,10257.8,10262.8,1956
2026-05-05 06:30:00+00:00,10263.3,10282.0,10257.0,10280.8,2288
2026-05-05 06:45:00+00:00,10281.0,10307.3,10279.0,10294.5,2488
2026-05-05 07:00:00+00:00,10294.8,10307.8,10249.8,10249.8,12380
2026-05-05 07:15:00+00:00,10250.0,10263.8,10236.3,10260.5,6612
2026-05-05 07:30:00+00:00,10260.8,10285.2,10256.3,10272.3,8272
2026-05-05 07:45:00+00:00,10272.0,10278.0,10255.7,10259.2,5184
2026-05-05 08:00:00+00:00,10259.0,10276.9,10257.3,10270.9,4996
2026-05-05 08:15:00+00:00,10270.7,10294.8,10268.4,10281.6,4576
2026-05-05 08:30:00+00:00,10281.4,10286.0,10273.0,10276.0,4084
2026-05-05 08:45:00+00:00,10275.7,10280.2,10261.7,10266.5,3904
2026-05-05 09:00:00+00:00,10267.3,10272.3,10262.0,10265.3,3800
2026-05-05 09:15:00+00:00,10264.8,10272.1,10257.7,10270.1,3204
2026-05-05 09:30:00+00:00,10270.6,10271.5,10259.5,10261.5,3420
2026-05-05 09:45:00+00:00,10261.7,10267.9,10256.4,10262.6,2912
2026-05-05 10:00:00+00:00,10262.9,10272.3,10260.0,10265.8,2680
2026-05-05 10:15:00+00:00,10265.5,10265.8,10252.1,10258.0,2076
2026-05-05 10:30:00+00:00,10258.5,10274.2,10251.1,10251.5,4012
2026-05-05 10:45:00+00:00,10251.0,10259.1,10248.1,10255.8,2800
2026-05-05 11:00:00+00:00,10255.6,10258.1,10240.9,10241.4,4272
2026-05-05 11:15:00+00:00,10241.9,10243.9,10230.8,10235.1,4084
2026-05-05 11:30:00+00:00,10235.3,10238.2,10230.2,10237.2,3180
2026-05-05 11:45:00+00:00,10237.0,10237.5,10221.5,10222.5,2832
2026-05-05 12:00:00+00:00,10222.2,10231.8,10211.9,10225.1,5304
2026-05-05 12:15:00+00:00,10225.3,10241.1,10221.6,10237.6,4772
2026-05-05 12:30:00+00:00,10238.0,10238.8,10220.0,10228.5,3788
2026-05-05 12:45:00+00:00,10228.7,10230.0,10214.7,10216.9,3184
2026-05-05 13:00:00+00:00,10217.1,10226.8,10211.2,10222.5,3560
2026-05-05 13:15:00+00:00,10223.0,10231.6,10211.3,10218.6,3428
2026-05-05 13:30:00+00:00,10219.8,10221.5,10183.8,10184.3,6380
2026-05-05 13:45:00+00:00,10184.6,10200.9,10181.1,10200.6,4996
2026-05-05 14:00:00+00:00,10200.8,10201.6,10182.6,10187.5,7300
2026-05-05 14:15:00+00:00,10187.0,10188.4,10170.6,10177.9,6704
2026-05-05 14:30:00+00:00,10177.7,10187.1,10163.1,10183.2,5620
2026-05-05 14:45:00+00:00,10182.7,10191.5,10176.6,10183.9,4340
2026-05-05 15:00:00+00:00,10184.1,10202.7,10180.1,10201.7,4416
2026-05-05 15:15:00+00:00,10201.9,10223.2,10201.7,10220.7,4872
2026-05-05 15:30:00+00:00,10220.2,10225.0,10206.1,10221.5,6912
2026-05-05 15:45:00+00:00,10221.3,10233.4,10220.0,10225.9,2856
2026-05-05 16:00:00+00:00,10226.9,10236.1,10220.5,10235.4,2168
2026-05-05 16:15:00+00:00,10235.1,10241.1,10231.4,10240.9,1556
2026-05-05 16:30:00+00:00,10240.6,10245.1,10237.1,10241.9,1204
2026-05-05 16:45:00+00:00,10241.6,10246.8,10241.4,10243.4,892
2026-05-05 17:00:00+00:00,10243.6,10244.4,10237.9,10242.9,668
2026-05-05 17:15:00+00:00,10243.1,10249.4,10242.9,10248.6,740
2026-05-05 17:30:00+00:00,10248.9,10256.8,10247.9,10251.4,920
2026-05-05 17:45:00+00:00,10251.6,10258.3,10250.4,10258.3,696
2026-05-05 18:00:00+00:00,10258.1,10258.8,10254.4,10258.3,676
2026-05-05 18:15:00+00:00,10258.8,10262.6,10257.1,10261.8,488
2026-05-05 18:30:00+00:00,10262.1,10265.6,10258.4,10263.8,588
2026-05-05 18:45:00+00:00,10263.3,10266.1,10262.9,10265.4,624
2026-05-05 19:00:00+00:00,10265.8,10266.3,10261.4,10263.9,452
2026-05-05 19:15:00+00:00,10263.4,10266.4,10261.9,10262.9,680
2026-05-05 19:30:00+00:00,10262.6,10271.4,10261.4,10267.4,796
2026-05-05 19:45:00+00:00,10267.1,10270.9,10257.9,10264.9,2252
2026-05-05 20:00:00+00:00,10265.3,10268.2,10263.9,10267.9,1400
2026-05-05 20:30:00+00:00,10279.2,10279.2,10272.9,10272.9,1592
2026-05-05 20:45:00+00:00,10273.1,10274.2,10270.4,10273.1,1088
2026-05-05 22:00:00+00:00,10273.8,10275.4,10271.8,10272.5,1424
2026-05-05 22:15:00+00:00,10272.2,10273.9,10271.2,10273.4,1380
2026-05-05 22:30:00+00:00,10273.2,10276.9,10272.9,10276.1,1152
2026-05-05 22:45:00+00:00,10276.0,10301.0,10275.7,10298.6,5576
2026-05-05 23:00:00+00:00,10299.1,10301.0,10294.7,10300.9,3980
2026-05-05 23:15:00+00:00,10301.0,10301.3,10295.7,10296.2,2428
2026-05-05 23:30:00+00:00,10295.9,10298.9,10295.9,10296.3,1896
2026-05-05 23:45:00+00:00,10296.2,10297.9,10295.7,10296.9,1412
2026-05-06 00:00:00+00:00,10300.4,10310.4,10291.7,10302.6,7880
2026-05-06 00:15:00+00:00,10302.6,10303.8,10296.4,10298.1,8196
2026-05-06 00:30:00+00:00,10298.0,10302.7,10296.0,10301.7,6652
2026-05-06 00:45:00+00:00,10302.0,10313.8,10299.9,10313.2,5820
2026-05-06 01:00:00+00:00,10313.0,10322.8,10312.0,10322.2,6988
2026-05-06 01:15:00+00:00,10322.4,10325.6,10319.4,10322.7,5436
2026-05-06 01:30:00+00:00,10322.9,10328.9,10319.4,10322.5,6192
2026-05-06 01:45:00+00:00,10322.6,10327.7,10321.4,10326.9,5340
2026-05-06 02:00:00+00:00,10326.7,10329.4,10322.8,10328.7,6268
2026-05-06 02:15:00+00:00,10328.9,10334.3,10326.7,10326.9,4708
2026-05-06 02:30:00+00:00,10326.9,10329.9,10319.6,10321.6,3776
2026-05-06 02:45:00+00:00,10321.5,10323.0,10317.6,10318.3,3524
2026-05-06 03:00:00+00:00,10317.9,10321.8,10311.4,10321.1,3988
2026-05-06 03:15:00+00:00,10321.0,10323.1,10317.4,10318.6,3632
2026-05-06 03:30:00+00:00,10318.8,10327.2,10318.8,10324.1,3876
2026-05-06 03:45:00+00:00,10324.1,10325.7,10317.7,10325.6,3200
2026-05-06 04:00:00+00:00,10325.8,10331.1,10325.8,10330.6,3308
2026-05-06 04:15:00+00:00,10330.6,10337.3,10327.1,10335.8,3724
2026-05-06 04:30:00+00:00,10336.0,10340.1,10333.2,10338.3,4740
2026-05-06 04:45:00+00:00,10338.4,10341.8,10331.9,10332.3,4512
2026-05-06 05:00:00+00:00,10332.3,10333.6,10319.7,10326.1,1972
2026-05-06 05:15:00+00:00,10325.9,10326.4,10321.7,10323.4,1728
2026-05-06 05:30:00+00:00,10323.2,10329.9,10320.9,10328.1,2068
2026-05-06 05:45:00+00:00,10327.9,10339.1,10327.4,10335.4,1584
2026-05-06 06:00:00+00:00,10335.1,10345.6,10331.7,10334.1,2420
2026-05-06 06:15:00+00:00,10333.9,10341.6,10332.7,10336.1,1472
2026-05-06 06:30:00+00:00,10335.9,10345.1,10333.2,10343.9,1956
2026-05-06 06:45:00+00:00,10344.4,10348.6,10330.7,10336.9,2104
2026-05-06 07:00:00+00:00,10337.2,10378.0,10322.7,10372.7,10248
2026-05-06 07:15:00+00:00,10372.9,10378.3,10346.1,10359.1,6008
2026-05-06 07:30:00+00:00,10359.3,10380.7,10356.2,10379.7,4448
2026-05-06 07:45:00+00:00,10380.2,10387.2,10372.0,10384.2,4912
2026-05-06 08:00:00+00:00,10384.5,10396.6,10379.3,10392.1,5292
2026-05-06 08:15:00+00:00,10391.6,10399.0,10387.6,10397.2,3892
2026-05-06 08:30:00+00:00,10397.0,10409.4,10392.0,10408.9,3312
2026-05-06 08:45:00+00:00,10409.1,10458.0,10406.4,10444.6,16700
2026-05-06 09:00:00+00:00,10444.4,10454.8,10434.0,10438.0,10292
2026-05-06 09:15:00+00:00,10438.2,10446.0,10433.4,10434.4,7428
2026-05-06 09:30:00+00:00,10433.9,10448.5,10432.9,10441.8,6700
2026-05-06 09:45:00+00:00,10441.6,10445.8,10432.9,10433.7,5096
2026-05-06 10:00:00+00:00,10433.4,10443.1,10431.3,10432.7,5556
2026-05-06 10:15:00+00:00,10433.2,10448.7,10432.4,10445.9,4784
2026-05-06 10:30:00+00:00,10445.4,10452.9,10442.5,10451.0,4532
2026-05-06 10:45:00+00:00,10451.0,10469.7,10449.6,10456.8,8024
2026-05-06 11:00:00+00:00,10457.3,10468.7,10448.7,10468.2,8056
2026-05-06 11:15:00+00:00,10467.7,10486.5,10464.5,10476.6,5364
2026-05-06 11:30:00+00:00,10475.6,10487.7,10471.7,10474.5,6628
2026-05-06 11:45:00+00:00,10474.7,10485.7,10465.8,10479.3,6260
2026-05-06 12:00:00+00:00,10478.3,10479.7,10433.3,10452.4,7892
2026-05-06 12:15:00+00:00,10452.4,10456.8,10431.1,10446.5,7796
2026-05-06 12:30:00+00:00,10447.0,10451.9,10442.6,10449.4,5424
2026-05-06 12:45:00+00:00,10450.1,10453.1,10443.6,10448.8,4728
2026-05-06 13:00:00+00:00,10448.6,10456.3,10436.6,10450.2,6684
2026-05-06 13:15:00+00:00,10449.9,10454.2,10439.0,10441.2,5588
2026-05-06 13:30:00+00:00,10441.5,10453.2,10437.2,10437.7,8708
2026-05-06 13:45:00+00:00,10437.5,10440.8,10425.6,10433.5,5468
2026-05-06 14:00:00+00:00,10434.0,10446.4,10432.0,10438.6,6952
2026-05-06 14:15:00+00:00,10438.4,10454.1,10433.0,10434.7,6372
2026-05-06 14:30:00+00:00,10435.2,10444.9,10431.8,10441.7,6812
2026-05-06 14:45:00+00:00,10441.9,10445.4,10421.2,10438.3,5752
2026-05-06 15:00:00+00:00,10438.5,10445.5,10435.0,10440.1,5104
2026-05-06 15:15:00+00:00,10439.9,10454.3,10435.9,10440.1,5736
2026-05-06 15:30:00+00:00,10440.6,10450.9,10426.4,10429.4,6852
2026-05-06 15:45:00+00:00,10429.6,10436.3,10425.7,10428.2,3372
2026-05-06 16:00:00+00:00,10427.9,10432.7,10426.7,10431.7,2120
2026-05-06 16:15:00+00:00,10431.5,10433.7,10427.3,10427.8,1276
2026-05-06 16:30:00+00:00,10428.0,10439.0,10426.3,10435.7,1328
2026-05-06 16:45:00+00:00,10435.2,10436.2,10423.1,10427.5,2884
2026-05-06 17:00:00+00:00,10427.3,10436.3,10425.3,10430.3,1696
2026-05-06 17:15:00+00:00,10430.0,10430.8,10424.3,10424.8,1092
2026-05-06 17:30:00+00:00,10425.1,10426.3,10420.4,10425.1,1068
2026-05-06 17:45:00+00:00,10425.3,10428.8,10422.9,10428.8,884
2026-05-06 18:00:00+00:00,10429.1,10433.6,10428.3,10430.3,1016
2026-05-06 18:15:00+00:00,10430.8,10436.3,10430.8,10433.3,936
2026-05-06 18:30:00+00:00,10432.8,10435.8,10428.9,10432.9,1092
2026-05-06 18:45:00+00:00,10433.1,10439.1,10431.4,10438.3,1028
2026-05-06 19:00:00+00:00,10438.1,10446.3,10437.3,10444.8,1204
2026-05-06 19:15:00+00:00,10445.0,10447.8,10442.3,10446.8,1096
2026-05-06 19:30:00+00:00,10446.3,10450.5,10443.3,10448.3,1276
2026-05-06 19:45:00+00:00,10448.0,10454.3,10445.1,10445.1,2420
2026-05-06 20:00:00+00:00,10450.7,10451.4,10442.0,10450.1,2356
2026-05-06 20:30:00+00:00,10451.7,10452.2,10446.3,10446.8,1444
2026-05-06 20:45:00+00:00,10446.5,10446.8,10443.8,10446.3,1088
2026-05-06 22:00:00+00:00,10437.4,10437.7,10434.8,10436.4,1140
2026-05-06 22:15:00+00:00,10436.2,10438.7,10433.2,10433.6,1756
2026-05-06 22:30:00+00:00,10433.7,10435.8,10433.2,10435.7,1144
2026-05-06 22:45:00+00:00,10435.5,10436.1,10434.2,10435.0,1048
2026-05-06 23:00:00+00:00,10434.7,10437.7,10434.0,10436.2,1044
2026-05-06 23:15:00+00:00,10436.3,10437.7,10435.0,10435.8,1016
2026-05-06 23:30:00+00:00,10435.7,10436.4,10434.5,10435.9,1060
2026-05-06 23:45:00+00:00,10436.1,10438.4,10433.7,10436.2,1912
2026-05-07 00:00:00+00:00,10429.7,10443.8,10428.5,10443.2,6800
2026-05-07 00:15:00+00:00,10443.2,10444.4,10434.1,10437.9,8640
2026-05-07 00:30:00+00:00,10438.1,10446.9,10436.9,10444.0,6512
2026-05-07 00:45:00+00:00,10443.9,10449.7,10442.7,10448.0,6172
2026-05-07 01:00:00+00:00,10447.6,10451.9,10439.7,10448.5,7624
2026-05-07 01:15:00+00:00,10448.6,10453.6,10445.7,10450.3,6444
2026-05-07 01:30:00+00:00,10450.2,10453.9,10447.0,10449.9,5472
2026-05-07 01:45:00+00:00,10450.1,10454.0,10448.8,10448.8,4832
2026-05-07 02:00:00+00:00,10448.6,10455.1,10448.3,10449.1,5740
2026-05-07 02:15:00+00:00,10449.1,10453.0,10447.3,10451.2,5592
2026-05-07 02:30:00+00:00,10451.3,10455.4,10447.9,10451.5,5084
2026-05-07 02:45:00+00:00,10451.5,10453.4,10450.4,10451.9,3948
2026-05-07 03:00:00+00:00,10451.7,10452.4,10447.6,10448.9,3760
2026-05-07 03:15:00+00:00,10449.3,10454.4,10448.9,10451.9,3524
2026-05-07 03:30:00+00:00,10451.9,10454.5,10450.8,10453.5,3260
2026-05-07 03:45:00+00:00,10453.4,10454.4,10449.7,10450.0,2840
2026-05-07 04:00:00+00:00,10450.0,10451.8,10447.4,10449.0,3388
2026-05-07 04:15:00+00:00,10449.0,10449.9,10447.8,10449.0,2388
2026-05-07 04:30:00+00:00,10448.8,10449.5,10444.0,10446.0,2396
2026-05-07 04:45:00+00:00,10446.0,10449.4,10445.4,10448.0,2636
2026-05-07 05:00:00+00:00,10448.5,10452.5,10448.2,10450.0,1492
2026-05-07 05:15:00+00:00,10449.7,10450.0,10445.0,10447.0,1436
2026-05-07 05:30:00+00:00,10447.2,10452.5,10446.7,10450.5,1284
2026-05-07 05:45:00+00:00,10450.0,10451.5,10447.2,10447.5,1176
2026-05-07 06:00:00+00:00,10448.7,10451.5,10440.5,10447.0,1756
2026-05-07 06:15:00+00:00,10447.2,10450.5,10444.2,10449.2,1116
2026-05-07 06:30:00+00:00,10448.7,10473.2,10446.5,10468.0,2336
2026-05-07 06:45:00+00:00,10467.7,10468.7,10455.0,10455.0,2952
2026-05-07 07:00:00+00:00,10455.2,10455.2,10406.5,10411.0,10676
2026-05-07 07:15:00+00:00,10410.7,10412.2,10390.2,10392.7,7732
2026-05-07 07:30:00+00:00,10393.5,10398.6,10388.9,10393.0,5712
2026-05-07 07:45:00+00:00,10392.7,10393.5,10376.5,10382.0,4444
2026-05-07 08:00:00+00:00,10381.7,10401.0,10379.0,10400.3,4872
2026-05-07 08:15:00+00:00,10399.8,10407.5,10391.9,10396.2,5880
2026-05-07 08:30:00+00:00,10396.4,10401.4,10385.3,10387.7,4116
2026-05-07 08:45:00+00:00,10387.5,10388.0,10370.5,10372.5,3508
2026-05-07 09:00:00+00:00,10372.3,10376.9,10363.0,10368.6,3960
2026-05-07 09:15:00+00:00,10368.8,10371.3,10362.8,10367.9,3032
2026-05-07 09:30:00+00:00,10367.4,10374.3,10365.6,10370.5,3160
2026-05-07 09:45:00+00:00,10371.0,10375.0,10366.5,10374.5,3208
2026-05-07 10:00:00+00:00,10372.5,10376.2,10368.5,10371.6,3136
2026-05-07 10:15:00+00:00,10371.3,10372.3,10360.3,10366.2,2856
2026-05-07 10:30:00+00:00,10366.0,10375.7,10360.0,10373.9,3348
2026-05-07 10:45:00+00:00,10374.2,10375.9,10364.8,10366.7,2956
2026-05-07 11:00:00+00:00,10367.2,10386.9,10367.2,10384.3,3100
2026-05-07 11:15:00+00:00,10384.6,10388.7,10379.5,10381.1,2948
2026-05-07 11:30:00+00:00,10381.1,10385.2,10377.8,10381.0,2772
2026-05-07 11:45:00+00:00,10380.7,10384.4,10372.1,10377.7,2636
2026-05-07 12:00:00+00:00,10378.2,10380.6,10368.9,10376.6,3156
2026-05-07 12:15:00+00:00,10376.1,10385.7,10374.0,10383.2,3140
2026-05-07 12:30:00+00:00,10382.9,10386.2,10375.6,10377.6,3256
2026-05-07 12:45:00+00:00,10377.3,10384.9,10371.6,10384.9,3116
2026-05-07 13:00:00+00:00,10385.2,10386.9,10367.4,10367.4,3916
2026-05-07 13:15:00+00:00,10367.9,10371.5,10360.9,10365.9,4092
2026-05-07 13:30:00+00:00,10365.7,10366.2,10336.8,10337.8,7796
2026-05-07 13:45:00+00:00,10338.0,10340.8,10322.9,10329.8,7240
2026-05-07 14:00:00+00:00,10329.3,10330.3,10305.2,10310.0,5552
2026-05-07 14:15:00+00:00,10309.7,10309.7,10294.0,10295.3,4836
2026-05-07 14:30:00+00:00,10295.5,10309.7,10295.5,10302.4,5568
2026-05-07 14:45:00+00:00,10302.7,10308.8,10297.2,10306.8,5412
2026-05-07 15:00:00+00:00,10306.4,10311.8,10296.0,10305.0,5212
2026-05-07 15:15:00+00:00,10305.2,10305.2,10285.6,10290.8,7720
2026-05-07 15:30:00+00:00,10291.3,10296.3,10261.0,10262.0,8392
2026-05-07 15:45:00+00:00,10262.2,10262.2,10239.4,10242.2,4460
2026-05-07 16:00:00+00:00,10242.9,10250.4,10225.5,10236.4,6660
2026-05-07 16:15:00+00:00,10236.2,10242.9,10229.2,10240.4,5604
2026-05-07 16:30:00+00:00,10240.2,10242.7,10232.5,10238.4,4056
2026-05-07 16:45:00+00:00,10238.0,10238.0,10231.5,10234.0,3320
2026-05-07 17:00:00+00:00,10235.0,10246.4,10232.2,10241.0,3044
2026-05-07 17:15:00+00:00,10240.7,10245.9,10212.1,10226.0,7872
2026-05-07 17:30:00+00:00,10226.3,10233.3,10217.6,10218.8,5632
2026-05-07 17:45:00+00:00,10218.6,10231.8,10216.9,10230.3,5452
2026-05-07 18:00:00+00:00,10230.5,10234.8,10226.1,10232.1,4028
2026-05-07 18:15:00+00:00,10232.3,10238.5,10227.8,10228.6,2548
2026-05-07 18:30:00+00:00,10228.3,10229.6,10208.4,10215.2,4120
2026-05-07 18:45:00+00:00,10214.9,10223.6,10204.7,10223.6,6316
2026-05-07 19:00:00+00:00,10223.4,10237.1,10220.6,10232.3,3456
2026-05-07 19:15:00+00:00,10232.1,10233.6,10221.9,10230.1,5296
2026-05-07 19:30:00+00:00,10230.4,10236.6,10228.6,10230.9,2824
2026-05-07 19:45:00+00:00,10230.6,10231.4,10204.0,10207.7,4624
2026-05-07 20:00:00+00:00,10204.6,10220.6,10197.9,10211.6,4400
2026-05-07 20:30:00+00:00,10209.2,10211.0,10193.6,10201.2,4172
2026-05-07 20:45:00+00:00,10201.4,10202.9,10192.8,10194.4,3660
2026-05-07 22:00:00+00:00,10189.7,10194.7,10186.8,10191.4,2192
2026-05-07 22:15:00+00:00,10191.9,10200.6,10189.2,10198.8,3612
2026-05-07 22:30:00+00:00,10198.9,10199.2,10188.1,10193.4,2952
2026-05-07 22:45:00+00:00,10193.6,10194.2,10189.8,10191.5,1528
2026-05-07 23:00:00+00:00,10191.7,10194.9,10190.5,10193.5,1504
2026-05-07 23:15:00+00:00,10193.6,10197.8,10193.4,10197.3,1032
2026-05-07 23:30:00+00:00,10197.6,10199.4,10196.0,10199.3,1220
2026-05-07 23:45:00+00:00,10199.5,10204.8,10197.7,10204.8,1736
2026-05-08 00:00:00+00:00,10228.5,10237.7,10222.2,10223.1,6236
2026-05-08 00:15:00+00:00,10223.1,10227.8,10211.7,10212.9,5800
2026-05-08 00:30:00+00:00,10213.0,10218.2,10211.0,10212.0,4760
2026-05-08 00:45:00+00:00,10212.0,10219.5,10209.1,10218.2,4336
2026-05-08 01:00:00+00:00,10218.2,10227.1,10217.3,10224.4,5992
2026-05-08 01:15:00+00:00,10224.2,10224.2,10217.1,10219.4,4480
2026-05-08 01:30:00+00:00,10219.5,10219.7,10210.9,10215.7,4744
2026-05-08 01:45:00+00:00,10215.7,10218.1,10209.3,10209.6,4388
2026-05-08 02:00:00+00:00,10209.4,10213.0,10207.8,10209.0,4340
2026-05-08 02:15:00+00:00,10208.9,10212.8,10203.5,10209.4,5204
2026-05-08 02:30:00+00:00,10209.4,10210.8,10201.2,10204.1,7476
2026-05-08 02:45:00+00:00,10204.9,10215.7,10204.9,10209.6,4684
2026-05-08 03:00:00+00:00,10209.6,10210.7,10204.0,10207.8,4328
2026-05-08 03:15:00+00:00,10207.8,10208.6,10204.6,10206.8,3092
2026-05-08 03:30:00+00:00,10206.8,10217.2,10206.8,10216.0,4048
2026-05-08 03:45:00+00:00,10216.3,10218.1,10211.9,10215.4,3232
2026-05-08 04:00:00+00:00,10215.4,10220.1,10213.4,10214.0,3576
2026-05-08 04:15:00+00:00,10214.0,10217.5,10209.2,10216.3,4028
2026-05-08 04:30:00+00:00,10216.6,10217.8,10207.5,10208.9,3284
2026-05-08 04:45:00+00:00,10208.9,10220.3,10208.2,10215.9,3536
2026-05-08 05:00:00+00:00,10216.1,10219.4,10212.7,10215.2,1696
2026-05-08 05:15:00+00:00,10215.4,10217.4,10211.9,10215.9,1220
2026-05-08 05:30:00+00:00,10215.7,10221.9,10213.7,10216.2,1976
2026-05-08 05:45:00+00:00,10216.4,10222.4,10214.4,10218.4,1136
2026-05-08 06:00:00+00:00,10216.4,10218.2,10206.7,10210.7,1884
2026-05-08 06:15:00+00:00,10210.5,10216.7,10206.0,10215.0,1448
2026-05-08 06:30:00+00:00,10215.2,10217.0,10205.0,10205.0,1932
2026-05-08 06:45:00+00:00,10205.3,10205.8,10187.9,10197.3,1944
2026-05-08 07:00:00+00:00,10196.6,10223.3,10191.0,10194.2,9072
2026-05-08 07:15:00+00:00,10193.9,10205.1,10183.9,10191.3,6612
2026-05-08 07:30:00+00:00,10191.5,10202.3,10186.5,10200.5,5864
2026-05-08 07:45:00+00:00,10201.5,10224.7,10198.5,10224.7,4980
2026-05-08 08:00:00+00:00,10225.2,10227.0,10196.1,10203.9,5464
2026-05-08 08:15:00+00:00,10203.6,10211.7,10197.8,10202.7,4776
2026-05-08 08:30:00+00:00,10203.2,10214.7,10201.9,10205.3,4392
2026-05-08 08:45:00+00:00,10205.6,10208.4,10196.4,10206.3,3920
2026-05-08 09:00:00+00:00,10206.8,10229.5,10206.1,10229.5,3984
2026-05-08 09:15:00+00:00,10229.8,10260.6,10227.0,10259.2,4204
2026-05-08 09:30:00+00:00,10258.7,10263.6,10250.7,10259.4,3616
2026-05-08 09:45:00+00:00,10259.4,10261.0,10239.2,10243.2,4236
2026-05-08 10:00:00+00:00,10242.9,10251.3,10240.9,10242.3,3148
2026-05-08 10:15:00+00:00,10242.8,10254.3,10237.8,10250.4,2508
2026-05-08 10:30:00+00:00,10250.6,10271.6,10249.9,10269.6,2500
2026-05-08 10:45:00+00:00,10269.3,10270.1,10252.8,10267.6,3456
2026-05-08 11:00:00+00:00,10267.8,10272.0,10255.8,10256.7,3332
2026-05-08 11:15:00+00:00,10257.5,10262.2,10251.6,10258.1,2668
2026-05-08 11:30:00+00:00,10258.6,10262.2,10251.0,10251.0,2260
2026-05-08 11:45:00+00:00,10250.7,10262.2,10246.8,10260.4,2308
2026-05-08 12:00:00+00:00,10261.2,10269.2,10259.1,10263.6,3252
2026-05-08 12:15:00+00:00,10263.8,10269.7,10261.6,10265.4,2452
2026-05-08 12:30:00+00:00,10266.4,10278.0,10265.5,10266.7,4804
2026-05-08 12:45:00+00:00,10266.2,10275.2,10258.6,10264.1,4008
2026-05-08 13:00:00+00:00,10263.6,10265.1,10247.2,10251.6,4172
2026-05-08 13:15:00+00:00,10252.1,10275.7,10251.6,10272.9,3076
2026-05-08 13:30:00+00:00,10273.2,10278.9,10258.4,10260.6,6288
2026-05-08 13:45:00+00:00,10260.3,10271.1,10255.3,10269.3,4532
2026-05-08 14:00:00+00:00,10268.8,10270.0,10240.6,10244.6,5524
2026-05-08 14:15:00+00:00,10245.1,10254.9,10236.4,10247.9,4728
2026-05-08 14:30:00+00:00,10247.7,10252.3,10241.7,10245.6,4116
2026-05-08 14:45:00+00:00,10245.8,10251.9,10235.9,10237.6,3648
2026-05-08 15:00:00+00:00,10237.1,10239.9,10223.3,10228.1,3976
2026-05-08 15:15:00+00:00,10227.6,10230.8,10221.9,10229.8,4104
2026-05-08 15:30:00+00:00,10230.0,10240.0,10217.8,10226.3,7008
2026-05-08 15:45:00+00:00,10226.0,10239.5,10224.5,10236.5,2864
2026-05-08 16:00:00+00:00,10235.5,10246.3,10235.5,10241.7,2636
2026-05-08 16:15:00+00:00,10242.0,10243.2,10238.5,10242.7,1352
2026-05-08 16:30:00+00:00,10243.0,10244.5,10238.5,10243.3,1364
2026-05-08 16:45:00+00:00,10243.0,10249.5,10239.3,10240.3,1732
2026-05-08 17:00:00+00:00,10240.0,10250.5,10238.0,10249.8,1464
2026-05-08 17:15:00+00:00,10249.5,10252.5,10246.5,10250.0,1204
2026-05-08 17:30:00+00:00,10249.8,10251.0,10247.3,10249.8,904
2026-05-08 17:45:00+00:00,10249.5,10252.3,10249.0,10250.3,724
2026-05-08 18:00:00+00:00,10249.8,10261.2,10249.8,10258.3,2268
2026-05-08 18:15:00+00:00,10258.5,10260.8,10255.3,10256.8,1004
2026-05-08 18:30:00+00:00,10256.5,10260.0,10250.1,10250.1,1092
2026-05-08 18:45:00+00:00,10249.6,10254.8,10241.9,10247.1,2100
2026-05-08 19:00:00+00:00,10247.4,10250.6,10245.1,10249.6,908
2026-05-08 19:15:00+00:00,10249.8,10258.8,10248.6,10256.8,912
2026-05-08 19:30:00+00:00,10256.6,10261.5,10254.6,10259.1,1396
2026-05-08 19:45:00+00:00,10258.8,10262.8,10250.1,10261.1,2776
2026-05-10 22:00:00+00:00,10238.9,10242.6,10234.4,10238.9,2232
2026-05-10 22:15:00+00:00,10239.4,10239.5,10230.5,10238.9,3124
2026-05-10 22:30:00+00:00,10239.1,10239.1,10235.0,10238.0,1536
2026-05-10 22:45:00+00:00,10237.9,10245.2,10237.9,10243.5,1212
2026-05-10 23:00:00+00:00,10243.3,10247.9,10242.6,10245.5,1804
2026-05-10 23:15:00+00:00,10245.2,10247.9,10242.8,10243.3,1280
2026-05-10 23:30:00+00:00,10243.1,10244.3,10241.2,10242.9,1816
2026-05-10 23:45:00+00:00,10243.1,10244.5,10240.6,10241.6,2656
2026-05-11 00:00:00+00:00,10244.7,10246.8,10238.5,10240.0,5696
2026-05-11 00:15:00+00:00,10240.0,10244.4,10230.9,10244.3,5392
2026-05-11 00:30:00+00:00,10244.3,10246.2,10241.1,10245.2,3444
2026-05-11 00:45:00+00:00,10245.2,10253.2,10234.4,10241.4,8848
2026-05-11 01:00:00+00:00,10241.0,10247.7,10238.9,10244.3,7608
2026-05-11 01:15:00+00:00,10244.4,10248.4,10241.5,10248.4,5156
2026-05-11 01:30:00+00:00,10248.4,10249.0,10235.1,10245.7,5996
2026-05-11 01:45:00+00:00,10245.7,10253.0,10243.3,10245.5,5412
2026-05-11 02:00:00+00:00,10245.4,10251.6,10244.9,10249.0,4548
2026-05-11 02:15:00+00:00,10249.0,10252.2,10242.8,10251.4,3456
2026-05-11 02:30:00+00:00,10251.5,10253.8,10242.2,10242.9,3896
2026-05-11 02:45:00+00:00,10243.0,10243.2,10233.7,10235.2,2796
2026-05-11 03:00:00+00:00,10235.6,10237.6,10232.4,10235.5,3588
2026-05-11 03:15:00+00:00,10235.4,10241.7,10230.3,10240.7,3676
2026-05-11 03:30:00+00:00,10240.7,10246.3,10240.5,10246.0,3168
2026-05-11 03:45:00+00:00,10245.7,10247.9,10243.2,10244.9,2272
2026-05-11 04:00:00+00:00,10244.9,10246.8,10240.6,10244.5,2852
2026-05-11 04:15:00+00:00,10244.8,10248.7,10244.3,10246.2,2140
2026-05-11 04:30:00+00:00,10246.0,10249.3,10243.0,10243.7,2692
2026-05-11 04:45:00+00:00,10243.9,10245.1,10237.4,10238.7,2840
2026-05-11 05:00:00+00:00,10239.3,10241.8,10238.3,10239.5,920
2026-05-11 05:15:00+00:00,10239.3,10248.0,10239.0,10247.8,816
2026-05-11 05:30:00+00:00,10247.5,10253.8,10247.3,10250.8,1208
2026-05-11 05:45:00+00:00,10250.5,10262.3,10250.3,10260.3,1216
2026-05-11 06:00:00+00:00,10260.0,10263.5,10253.3,10254.0,1640
2026-05-11 06:15:00+00:00,10253.8,10263.5,10252.0,10259.8,1232
2026-05-11 06:30:00+00:00,10259.5,10260.0,10249.0,10252.5,1636
2026-05-11 06:45:00+00:00,10252.8,10267.0,10251.8,10258.5,1564
2026-05-11 07:00:00+00:00,10258.8,10287.0,10253.0,10279.0,6432
2026-05-11 07:15:00+00:00,10278.5,10282.9,10247.6,10250.1,3656
2026-05-11 07:30:00+00:00,10249.9,10261.3,10246.1,10248.8,3908
2026-05-11 07:45:00+00:00,10249.1,10256.8,10245.8,10256.8,2912
2026-05-11 08:00:00+00:00,10257.1,10263.3,10245.8,10260.3,3804
2026-05-11 08:15:00+00:00,10260.6,10267.6,10256.6,10256.6,3324
2026-05-11 08:30:00+00:00,10256.8,10264.8,10253.6,10253.8,2572
2026-05-11 08:45:00+00:00,10253.3,10254.1,10238.3,10248.8,2436
2026-05-11 09:00:00+00:00,10248.3,10252.6,10243.3,10244.3,2868
2026-05-11 09:15:00+00:00,10244.6,10249.6,10243.8,10248.3,1996
2026-05-11 09:30:00+00:00,10248.1,10260.1,10241.8,10259.1,2060
2026-05-11 09:45:00+00:00,10259.3,10265.0,10251.1,10251.4,2588
2026-05-11 10:00:00+00:00,10250.9,10254.9,10245.5,10250.7,2700
2026-05-11 10:15:00+00:00,10250.4,10254.1,10247.1,10248.9,2484
2026-05-11 10:30:00+00:00,10248.6,10252.8,10233.9,10243.5,3260
2026-05-11 10:45:00+00:00,10243.7,10244.9,10235.2,10238.9,3000
2026-05-11 11:00:00+00:00,10239.1,10245.6,10235.6,10236.6,3108
2026-05-11 11:15:00+00:00,10236.8,10240.9,10234.9,10237.2,2060
2026-05-11 11:30:00+00:00,10238.0,10243.6,10232.7,10237.8,2600
2026-05-11 11:45:00+00:00,10238.3,10240.3,10226.3,10234.8,2448
2026-05-11 12:00:00+00:00,10234.3,10236.8,10226.2,10227.7,2812
2026-05-11 12:15:00+00:00,10228.2,10240.8,10226.5,10237.7,2548
2026-05-11 12:30:00+00:00,10237.5,10243.4,10236.2,10238.4,2740
2026-05-11 12:45:00+00:00,10238.4,10243.0,10226.4,10243.0,3632
2026-05-11 13:00:00+00:00,10243.5,10263.4,10241.5,10263.1,2704
2026-05-11 13:15:00+00:00,10263.4,10274.2,10263.4,10270.1,2416
2026-05-11 13:30:00+00:00,10270.4,10284.3,10268.7,10272.6,6716
2026-05-11 13:45:00+00:00,10272.4,10287.1,10271.9,10287.1,4296
2026-05-11 14:00:00+00:00,10286.6,10286.6,10259.2,10264.7,3484
2026-05-11 14:15:00+00:00,10265.2,10285.8,10263.7,10284.3,2988
2026-05-11 14:30:00+00:00,10284.5,10284.5,10266.0,10266.3,4528
2026-05-11 14:45:00+00:00,10266.6,10270.9,10258.5,10259.8,2944
2026-05-11 15:00:00+00:00,10260.0,10272.1,10257.3,10270.1,3356
2026-05-11 15:15:00+00:00,10269.9,10277.3,10266.8,10268.8,3464
2026-05-11 15:30:00+00:00,10268.3,10271.1,10249.9,10252.1,4608
2026-05-11 15:45:00+00:00,10251.9,10254.1,10243.4,10244.6,2352
2026-05-11 16:00:00+00:00,10243.9,10249.9,10241.9,10246.6,1208
2026-05-11 16:15:00+00:00,10247.1,10253.1,10244.6,10249.1,872
2026-05-11 16:30:00+00:00,10248.9,10248.9,10233.7,10236.2,2380
2026-05-11 16:45:00+00:00,10235.9,10240.7,10227.7,10229.0,1788
2026-05-11 17:00:00+00:00,10229.2,10231.2,10223.0,10230.2,1228
2026-05-11 17:15:00+00:00,10230.0,10236.0,10227.0,10233.2,648
2026-05-11 17:30:00+00:00,10233.5,10243.7,10233.2,10243.7,648
2026-05-11 17:45:00+00:00,10243.5,10243.7,10236.2,10240.7,704
2026-05-11 18:00:00+00:00,10241.0,10249.4,10241.0,10243.7,748
2026-05-11 18:15:00+00:00,10243.5,10248.7,10240.8,10245.7,836
2026-05-11 18:30:00+00:00,10246.0,10247.2,10241.8,10244.3,568
2026-05-11 18:45:00+00:00,10244.0,10248.0,10238.8,10238.8,800
2026-05-11 19:00:00+00:00,10238.5,10243.7,10235.3,10235.8,812
2026-05-11 19:15:00+00:00,10235.3,10236.0,10229.3,10229.3,844
2026-05-11 19:30:00+00:00,10229.1,10229.1,10221.4,10223.4,1160
2026-05-11 19:45:00+00:00,10223.6,10245.3,10223.6,10244.5,1892
2026-05-11 20:00:00+00:00,10245.0,10246.0,10231.4,10239.0,2264
2026-05-11 20:30:00+00:00,10238.5,10240.9,10238.5,10239.9,708
2026-05-11 20:45:00+00:00,10240.2,10240.9,10237.8,10239.5,668
2026-05-11 22:00:00+00:00,10243.7,10246.3,10242.2,10246.2,792
2026-05-11 22:15:00+00:00,10246.1,10247.6,10245.7,10246.9,748
2026-05-11 22:30:00+00:00,10247.0,10249.0,10246.8,10248.7,540
2026-05-11 22:45:00+00:00,10248.6,10249.2,10246.6,10246.8,464
2026-05-11 23:00:00+00:00,10247.0,10247.3,10246.1,10246.4,672
2026-05-11 23:15:00+00:00,10246.2,10247.3,10244.5,10247.1,592
2026-05-11 23:30:00+00:00,10247.0,10247.2,10245.4,10246.8,580
2026-05-11 23:45:00+00:00,10246.7,10246.9,10242.8,10245.0,1280
2026-05-12 00:00:00+00:00,10239.5,10239.5,10232.6,10234.8,6284
2026-05-12 00:15:00+00:00,10234.8,10237.6,10229.2,10233.2,5088
2026-05-12 00:30:00+00:00,10233.2,10233.5,10226.5,10228.4,4628
2026-05-12 00:45:00+00:00,10228.6,10232.8,10228.3,10231.4,4148
2026-05-12 01:00:00+00:00,10231.3,10232.3,10217.5,10219.8,5936
2026-05-12 01:15:00+00:00,10219.8,10220.2,10201.8,10202.2,8232
2026-05-12 01:30:00+00:00,10202.2,10202.8,10173.5,10194.6,11644
2026-05-12 01:45:00+00:00,10194.8,10201.8,10192.5,10194.4,10208
2026-05-12 02:00:00+00:00,10193.9,10217.2,10192.8,10215.7,8892
2026-05-12 02:15:00+00:00,10215.7,10216.1,10209.7,10211.3,6508
2026-05-12 02:30:00+00:00,10211.0,10216.7,10209.1,10212.8,6156
2026-05-12 02:45:00+00:00,10212.8,10222.6,10212.8,10218.6,5260
2026-05-12 03:00:00+00:00,10218.6,10221.7,10214.4,10218.0,5832
2026-05-12 03:15:00+00:00,10218.2,10218.8,10212.8,10213.8,3808
2026-05-12 03:30:00+00:00,10213.9,10219.1,10213.9,10217.8,3896
2026-05-12 03:45:00+00:00,10217.7,10218.1,10210.6,10212.9,3676
2026-05-12 04:00:00+00:00,10212.7,10218.6,10211.2,10212.1,4128
2026-05-12 04:15:00+00:00,10211.9,10218.3,10211.0,10217.4,3728
2026-05-12 04:30:00+00:00,10217.4,10220.6,10215.8,10220.1,3144
2026-05-12 04:45:00+00:00,10220.3,10221.6,10209.2,10209.7,4796
2026-05-12 05:00:00+00:00,10209.3,10213.2,10206.4,10209.7,2924
2026-05-12 05:15:00+00:00,10209.9,10214.7,10206.7,10213.7,2752
2026-05-12 05:30:00+00:00,10213.9,10215.9,10207.2,10209.2,2060
2026-05-12 05:45:00+00:00,10209.5,10217.2,10207.0,10217.2,1944
2026-05-12 06:00:00+00:00,10217.4,10217.4,10200.0,10205.5,2280
2026-05-12 06:15:00+00:00,10205.8,10208.2,10198.0,10200.3,1964
2026-05-12 06:30:00+00:00,10200.5,10201.0,10191.6,10194.3,2540
2026-05-12 06:45:00+00:00,10194.8,10196.8,10171.7,10195.1,3088
2026-05-12 07:00:00+00:00,10196.1,10199.1,10149.8,10161.0,11044
2026-05-12 07:15:00+00:00,10161.2,10184.9,10159.0,10184.2,5988
2026-05-12 07:30:00+00:00,10183.9,10220.9,10183.9,10220.1,5944
2026-05-12 07:45:00+00:00,10220.3,10225.3,10205.4,10208.2,4516
2026-05-12 08:00:00+00:00,10208.9,10225.1,10203.5,10219.6,5056
2026-05-12 08:15:00+00:00,10219.9,10223.7,10212.3,10215.4,4736
2026-05-12 08:30:00+00:00,10215.9,10226.6,10215.9,10220.9,4288
2026-05-12 08:45:00+00:00,10221.2,10234.1,10216.5,10217.8,4736
2026-05-12 09:00:00+00:00,10216.8,10222.1,10210.1,10211.4,4328
2026-05-12 09:15:00+00:00,10211.9,10218.8,10209.5,10210.2,2964
2026-05-12 09:30:00+00:00,10210.7,10222.9,10206.6,10209.9,6720
2026-05-12 09:45:00+00:00,10210.7,10215.2,10201.0,10208.9,3784
2026-05-12 10:00:00+00:00,10209.1,10225.8,10209.1,10222.1,3348
2026-05-12 10:15:00+00:00,10221.3,10231.4,10221.3,10231.4,2708
2026-05-12 10:30:00+00:00,10231.6,10238.5,10227.4,10231.1,3136
2026-05-12 10:45:00+00:00,10230.8,10234.2,10224.6,10232.7,2608
2026-05-12 11:00:00+00:00,10233.2,10242.5,10229.6,10230.4,3964
2026-05-12 11:15:00+00:00,10230.6,10231.6,10219.3,10223.1,2892
2026-05-12 11:30:00+00:00,10223.4,10231.7,10219.7,10229.6,2648
2026-05-12 11:45:00+00:00,10229.9,10232.1,10220.7,10220.7,3088
2026-05-12 12:00:00+00:00,10220.4,10227.0,10214.3,10219.2,3216
2026-05-12 12:15:00+00:00,10219.0,10231.5,10217.3,10231.5,3408
2026-05-12 12:30:00+00:00,10232.2,10240.3,10220.8,10235.8,5228
2026-05-12 12:45:00+00:00,10236.0,10242.9,10232.8,10234.1,3412
2026-05-12 13:00:00+00:00,10233.6,10235.1,10223.2,10225.0,3544
2026-05-12 13:15:00+00:00,10225.2,10231.6,10223.0,10226.8,3440
2026-05-12 13:30:00+00:00,10227.1,10238.0,10219.1,10222.0,7060
2026-05-12 13:45:00+00:00,10221.8,10240.5,10217.7,10234.5,4204
2026-05-12 14:00:00+00:00,10235.2,10240.6,10227.9,10238.3,4488
2026-05-12 14:15:00+00:00,10238.1,10243.6,10229.4,10243.6,4296
2026-05-12 14:30:00+00:00,10243.4,10247.8,10234.6,10246.0,4788
2026-05-12 14:45:00+00:00,10245.5,10250.0,10235.4,10238.4,3964
2026-05-12 15:00:00+00:00,10238.6,10247.4,10233.7,10243.6,4212
2026-05-12 15:15:00+00:00,10243.4,10255.2,10238.8,10255.0,4536
2026-05-12 15:30:00+00:00,10255.2,10271.7,10255.2,10270.5,6688
2026-05-12 15:45:00+00:00,10270.7,10277.7,10267.0,10267.9,2736
2026-05-12 16:00:00+00:00,10267.4,10269.9,10254.8,10257.8,2644
2026-05-12 16:15:00+00:00,10258.0,10265.5,10257.5,10259.0,1644
2026-05-12 16:30:00+00:00,10258.8,10265.0,10255.8,10262.8,1984
2026-05-12 16:45:00+00:00,10263.5,10269.0,10257.5,10269.0,1772
2026-05-12 17:00:00+00:00,10269.2,10275.0,10267.0,10274.5,1708
2026-05-12 17:15:00+00:00,10274.7,10283.5,10274.7,10277.2,1504
2026-05-12 17:30:00+00:00,10277.5,10280.5,10273.8,10279.5,1148
2026-05-12 17:45:00+00:00,10280.0,10283.5,10278.0,10279.0,1264
2026-05-12 18:00:00+00:00,10278.8,10284.5,10277.3,10281.5,1808
2026-05-12 18:15:00+00:00,10282.0,10294.7,10281.5,10292.0,1360
2026-05-12 18:30:00+00:00,10291.5,10294.0,10290.2,10293.0,1128
2026-05-12 18:45:00+00:00,10292.5,10294.2,10286.3,10286.3,1080
2026-05-12 19:00:00+00:00,10286.0,10296.7,10283.3,10295.2,1024
2026-05-12 19:15:00+00:00,10295.5,10296.0,10282.8,10283.8,860
2026-05-12 19:30:00+00:00,10284.0,10291.3,10280.8,10284.0,1448
2026-05-12 19:45:00+00:00,10283.8,10289.8,10281.8,10287.5,2464
2026-05-12 20:00:00+00:00,10286.3,10286.3,10275.7,10279.8,1872
2026-05-12 20:30:00+00:00,10279.1,10280.8,10276.2,10279.9,916
2026-05-12 20:45:00+00:00,10279.6,10282.3,10279.6,10280.4,364
2026-05-12 22:00:00+00:00,10284.0,10284.8,10282.5,10282.8,828
2026-05-12 22:15:00+00:00,10282.6,10287.2,10282.6,10286.0,1092
2026-05-12 22:30:00+00:00,10285.9,10286.8,10284.8,10285.0,924
2026-05-12 22:45:00+00:00,10285.2,10286.3,10282.2,10282.3,884
2026-05-12 23:00:00+00:00,10282.4,10283.9,10280.2,10281.0,1428
2026-05-12 23:15:00+00:00,10281.2,10282.1,10279.4,10279.9,1188
2026-05-12 23:30:00+00:00,10280.0,10280.0,10273.2,10274.0,1660
2026-05-12 23:45:00+00:00,10273.9,10277.0,10273.3,10273.5,1948
2026-05-13 00:00:00+00:00,10269.8,10280.7,10269.8,10271.4,7736
2026-05-13 00:15:00+00:00,10271.4,10283.2,10270.5,10280.1,7308
2026-05-13 00:30:00+00:00,10280.2,10286.6,10277.5,10283.6,6532
2026-05-13 00:45:00+00:00,10283.5,10291.3,10281.7,10290.5,5388
2026-05-13 01:00:00+00:00,10290.4,10302.1,10290.2,10299.5,5244
2026-05-13 01:15:00+00:00,10299.3,10305.2,10293.4,10305.2,5480
2026-05-13 01:30:00+00:00,10305.1,10308.1,10300.3,10308.0,5788
2026-05-13 01:45:00+00:00,10308.1,10312.1,10305.9,10307.6,5488
2026-05-13 02:00:00+00:00,10307.6,10307.8,10301.3,10301.8,5216
2026-05-13 02:15:00+00:00,10302.0,10306.0,10301.8,10304.3,3584
2026-05-13 02:30:00+00:00,10304.3,10307.2,10302.6,10306.1,3192
2026-05-13 02:45:00+00:00,10306.7,10312.0,10302.9,10302.9,3808
2026-05-13 03:00:00+00:00,10302.6,10303.0,10298.8,10299.6,4040
2026-05-13 03:15:00+00:00,10299.6,10306.6,10298.9,10306.4,3384
2026-05-13 03:30:00+00:00,10306.0,10315.7,10305.9,10312.6,3460
2026-05-13 03:45:00+00:00,10312.6,10317.7,10312.0,10312.1,2976
2026-05-13 04:00:00+00:00,10311.9,10315.5,10311.2,10314.8,2744
2026-05-13 04:15:00+00:00,10314.8,10317.4,10313.8,10317.3,1828
2026-05-13 04:30:00+00:00,10317.1,10317.4,10312.4,10313.1,2964
2026-05-13 04:45:00+00:00,10312.9,10316.8,10311.0,10312.4,2884
2026-05-13 05:00:00+00:00,10312.2,10317.4,10309.2,10315.9,1424
2026-05-13 05:15:00+00:00,10315.6,10317.4,10310.9,10311.7,1184
2026-05-13 05:30:00+00:00,10312.4,10314.9,10310.7,10312.2,1044
2026-05-13 05:45:00+00:00,10312.4,10313.2,10306.7,10311.2,952
2026-05-13 06:00:00+00:00,10311.4,10311.4,10300.0,10309.7,1356
2026-05-13 06:15:00+00:00,10309.0,10311.2,10306.7,10308.7,1128
2026-05-13 06:30:00+00:00,10308.5,10319.7,10307.0,10318.2,1484
2026-05-13 06:45:00+00:00,10317.7,10324.7,10312.7,10319.2,1884
2026-05-13 07:00:00+00:00,10319.0,10347.2,10314.7,10341.1,8200
2026-05-13 07:15:00+00:00,10340.9,10348.0,10340.0,10345.1,3864
2026-05-13 07:30:00+00:00,10344.8,10360.6,10343.5,10356.3,3700
2026-05-13 07:45:00+00:00,10356.5,10357.3,10333.3,10341.2,3300
2026-05-13 08:00:00+00:00,10341.7,10346.1,10329.1,10329.1,3168
2026-05-13 08:15:00+00:00,10328.6,10334.5,10321.1,10334.0,2816
2026-05-13 08:30:00+00:00,10334.2,10335.9,10322.8,10325.0,2852
2026-05-13 08:45:00+00:00,10325.5,10326.0,10310.7,10315.7,3460
2026-05-13 09:00:00+00:00,10316.0,10322.0,10308.5,10310.0,3060
2026-05-13 09:15:00+00:00,10309.2,10314.8,10303.2,10303.4,2424
2026-05-13 09:30:00+00:00,10303.4,10303.9,10289.2,10293.6,3380
2026-05-13 09:45:00+00:00,10293.6,10300.7,10290.0,10296.7,2972
2026-05-13 10:00:00+00:00,10297.0,10308.2,10278.7,10282.2,4644
2026-05-13 10:15:00+00:00,10282.7,10287.9,10270.2,10270.4,3712
2026-05-13 10:30:00+00:00,10270.2,10281.0,10266.7,10279.5,2884
2026-05-13 10:45:00+00:00,10280.0,10280.0,10270.8,10271.3,2024
2026-05-13 11:00:00+00:00,10271.5,10277.0,10265.6,10267.7,2236
2026-05-13 11:15:00+00:00,10267.9,10271.4,10262.5,10263.2,1844
2026-05-13 11:30:00+00:00,10263.7,10274.1,10262.2,10271.8,2140
2026-05-13 11:45:00+00:00,10272.5,10279.6,10272.3,10278.4,1552
2026-05-13 12:00:00+00:00,10278.2,10284.2,10276.7,10279.4,2012
2026-05-13 12:15:00+00:00,10279.1,10279.4,10263.9,10265.0,2732
2026-05-13 12:30:00+00:00,10263.5,10263.5,10239.7,10244.6,4404
2026-05-13 12:45:00+00:00,10244.3,10263.1,10243.8,10261.3,2676
2026-05-13 13:00:00+00:00,10261.8,10270.4,10259.1,10267.4,2468
2026-05-13 13:15:00+00:00,10267.4,10274.5,10267.1,10273.6,1880
2026-05-13 13:30:00+00:00,10274.1,10304.1,10273.8,10302.6,6180
2026-05-13 13:45:00+00:00,10302.8,10312.1,10297.2,10307.6,4636
2026-05-13 14:00:00+00:00,10307.1,10313.6,10304.4,10305.9,3844
2026-05-13 14:15:00+00:00,10305.6,10314.5,10301.5,10312.5,2968
2026-05-13 14:30:00+00:00,10312.2,10321.2,10312.2,10312.7,2924
2026-05-13 14:45:00+00:00,10312.9,10316.9,10296.4,10298.9,2844
2026-05-13 15:00:00+00:00,10298.6,10306.3,10295.6,10296.8,2700
2026-05-13 15:15:00+00:00,10297.0,10305.0,10294.5,10298.4,3664
2026-05-13 15:30:00+00:00,10298.1,10340.0,10296.6,10329.8,6400
2026-05-13 15:45:00+00:00,10330.3,10332.5,10318.3,10332.0,2584
2026-05-13 16:00:00+00:00,10331.5,10338.0,10329.0,10335.8,2108
2026-05-13 16:15:00+00:00,10335.5,10355.2,10332.3,10345.0,2872
2026-05-13 16:30:00+00:00,10344.5,10350.5,10340.5,10347.0,2036
2026-05-13 16:45:00+00:00,10347.5,10352.2,10343.5,10349.0,1412
2026-05-13 17:00:00+00:00,10349.2,10353.0,10347.5,10349.5,856
2026-05-13 17:15:00+00:00,10349.3,10358.2,10348.0,10356.5,804
2026-05-13 17:30:00+00:00,10356.2,10356.5,10350.0,10351.3,948
2026-05-13 17:45:00+00:00,10351.5,10352.3,10343.8,10344.3,780
2026-05-13 18:00:00+00:00,10344.6,10346.8,10335.6,10337.4,1144
2026-05-13 18:15:00+00:00,10337.6,10341.1,10334.4,10335.9,1004
2026-05-13 18:30:00+00:00,10335.6,10337.6,10329.9,10331.7,1116
2026-05-13 18:45:00+00:00,10330.9,10340.6,10329.9,10336.4,1340
2026-05-13 19:00:00+00:00,10336.7,10342.9,10334.7,10338.2,1380
2026-05-13 19:15:00+00:00,10338.7,10347.9,10336.4,10347.1,956
2026-05-13 19:30:00+00:00,10347.6,10351.4,10343.7,10346.7,1032
2026-05-13 19:45:00+00:00,10346.9,10358.1,10345.9,10356.6,2464
2026-05-13 20:00:00+00:00,10356.9,10361.0,10354.4,10360.0,1852
2026-05-13 20:30:00+00:00,10362.6,10366.1,10362.4,10364.9,400
2026-05-13 20:45:00+00:00,10364.6,10364.6,10363.2,10364.2,316
2026-05-13 22:00:00+00:00,10347.6,10349.0,10346.4,10347.3,972
2026-05-13 22:15:00+00:00,10347.6,10349.5,10344.9,10346.1,1188
2026-05-13 22:30:00+00:00,10346.2,10348.5,10345.9,10348.5,784
2026-05-13 22:45:00+00:00,10348.4,10351.9,10348.1,10349.3,1480
2026-05-13 23:00:00+00:00,10349.4,10354.1,10349.3,10352.7,1496
2026-05-13 23:15:00+00:00,10352.9,10352.9,10349.5,10350.0,968
2026-05-13 23:30:00+00:00,10349.9,10350.7,10347.6,10348.8,1060
2026-05-13 23:45:00+00:00,10348.9,10351.2,10347.8,10351.0,1524
2026-05-14 00:00:00+00:00,10351.8,10351.8,10344.0,10348.3,5208
2026-05-14 00:15:00+00:00,10348.7,10357.2,10348.7,10349.6,5712
2026-05-14 00:30:00+00:00,10349.8,10350.6,10343.1,10346.6,4864
2026-05-14 00:45:00+00:00,10346.8,10348.9,10345.1,10345.5,3956
2026-05-14 01:00:00+00:00,10345.5,10347.5,10337.6,10340.1,4552
2026-05-14 01:15:00+00:00,10339.9,10341.1,10336.1,10339.6,3940
2026-05-14 01:30:00+00:00,10339.5,10339.7,10324.2,10326.3,4516
2026-05-14 01:45:00+00:00,10326.9,10327.6,10318.6,10320.1,4276
2026-05-14 02:00:00+00:00,10320.3,10324.0,10319.4,10320.1,3820
2026-05-14 02:15:00+00:00,10320.1,10321.9,10315.8,10320.3,3388
2026-05-14 02:30:00+00:00,10320.5,10325.0,10318.8,10322.1,2996
2026-05-14 02:45:00+00:00,10322.1,10322.1,10312.2,10314.8,4504
2026-05-14 03:00:00+00:00,10314.6,10317.1,10310.8,10312.6,3684
2026-05-14 03:15:00+00:00,10312.4,10313.5,10306.3,10311.0,3384
2026-05-14 03:30:00+00:00,10311.0,10311.2,10304.9,10310.3,3844
2026-05-14 03:45:00+00:00,10310.3,10312.7,10305.3,10307.8,3468
2026-05-14 04:00:00+00:00,10307.7,10308.3,10304.8,10308.0,3256
2026-05-14 04:15:00+00:00,10308.0,10313.9,10308.0,10311.7,2992
2026-05-14 04:30:00+00:00,10311.6,10316.3,10310.3,10315.3,2376
2026-05-14 04:45:00+00:00,10315.3,10315.4,10308.3,10309.3,3940
2026-05-14 05:00:00+00:00,10309.1,10312.3,10306.3,10310.3,932
2026-05-14 05:15:00+00:00,10309.8,10310.6,10305.8,10310.1,728
2026-05-14 05:30:00+00:00,10309.8,10311.3,10305.1,10306.8,908
2026-05-14 05:45:00+00:00,10307.3,10318.1,10307.3,10317.6,1456
2026-05-14 06:00:00+00:00,10316.6,10335.6,10316.6,10324.6,1448
2026-05-14 06:15:00+00:00,10324.3,10324.8,10318.8,10319.6,1120
2026-05-14 06:30:00+00:00,10320.1,10328.8,10317.8,10324.8,1260
2026-05-14 06:45:00+00:00,10325.1,10331.3,10316.8,10324.8,1336
2026-05-14 07:00:00+00:00,10324.6,10343.8,10321.3,10324.8,6360
2026-05-14 07:15:00+00:00,10324.3,10332.1,10321.1,10330.3,2716
2026-05-14 07:30:00+00:00,10330.6,10340.6,10323.3,10329.0,2792
2026-05-14 07:45:00+00:00,10329.0,10334.6,10310.3,10311.6,2612
2026-05-14 08:00:00+00:00,10311.1,10328.4,10308.1,10326.4,3132
2026-05-14 08:15:00+00:00,10326.7,10341.5,10326.2,10337.9,2784
2026-05-14 08:30:00+00:00,10337.9,10345.0,10334.4,10338.7,3100
2026-05-14 08:45:00+00:00,10339.2,10352.3,10337.9,10348.3,2488
2026-05-14 09:00:00+00:00,10348.5,10352.0,10343.5,10349.2,2732
2026-05-14 09:15:00+00:00,10348.9,10352.3,10347.7,10348.4,1972
2026-05-14 09:30:00+00:00,10347.9,10352.0,10337.3,10347.4,2840
2026-05-14 09:45:00+00:00,10347.1,10354.6,10342.4,10342.4,2160
2026-05-14 10:00:00+00:00,10341.9,10356.4,10341.0,10353.3,3080
2026-05-14 10:15:00+00:00,10353.5,10357.6,10349.5,10354.8,2700
2026-05-14 10:30:00+00:00,10355.3,10358.4,10352.1,10356.7,1860
2026-05-14 10:45:00+00:00,10356.9,10364.9,10353.5,10361.6,2540
2026-05-14 11:00:00+00:00,10361.9,10374.4,10361.9,10372.9,2212
2026-05-14 11:15:00+00:00,10372.4,10376.5,10368.5,10370.2,2236
2026-05-14 11:30:00+00:00,10370.0,10374.4,10367.4,10367.4,1532
2026-05-14 11:45:00+00:00,10367.4,10374.0,10360.1,10360.1,2016
2026-05-14 12:00:00+00:00,10360.8,10372.5,10357.0,10362.1,2740
2026-05-14 12:15:00+00:00,10361.6,10365.4,10359.1,10359.1,2248
2026-05-14 12:30:00+00:00,10358.9,10367.4,10356.9,10365.7,2136
2026-05-14 12:45:00+00:00,10365.3,10371.2,10361.3,10370.2,1852
2026-05-14 13:00:00+00:00,10370.0,10372.6,10362.5,10368.8,1792
2026-05-14 13:15:00+00:00,10369.1,10369.1,10360.8,10364.5,1816
2026-05-14 13:30:00+00:00,10364.2,10365.3,10337.7,10339.4,4892
2026-05-14 13:45:00+00:00,10338.9,10342.8,10330.9,10334.9,4632
2026-05-14 14:00:00+00:00,10334.7,10343.9,10332.2,10342.8,4092
2026-05-14 14:15:00+00:00,10343.1,10344.9,10317.9,10329.9,3620
2026-05-14 14:30:00+00:00,10330.3,10347.6,10329.1,10342.9,3024
2026-05-14 14:45:00+00:00,10343.1,10361.6,10340.1,10359.6,3656
2026-05-14 15:00:00+00:00,10359.3,10364.7,10355.5,10357.7,2956
2026-05-14 15:15:00+00:00,10357.9,10366.6,10351.4,10361.4,2780
2026-05-14 15:30:00+00:00,10361.7,10382.2,10359.2,10380.9,5128
2026-05-14 15:45:00+00:00,10381.2,10387.4,10374.4,10382.1,2232
2026-05-14 16:00:00+00:00,10382.6,10383.1,10371.6,10378.6,2820
2026-05-14 16:15:00+00:00,10378.3,10397.8,10378.1,10385.3,2504
2026-05-14 16:30:00+00:00,10384.8,10390.8,10382.4,10387.3,1824
2026-05-14 16:45:00+00:00,10386.8,10387.8,10368.9,10376.9,2036
2026-05-14 17:00:00+00:00,10377.2,10390.9,10376.9,10388.4,1588
2026-05-14 17:15:00+00:00,10388.1,10390.6,10379.7,10385.4,2520
2026-05-14 17:30:00+00:00,10385.6,10400.3,10385.4,10398.8,1432
2026-05-14 17:45:00+00:00,10398.4,10402.1,10389.4,10390.4,1056
2026-05-14 18:00:00+00:00,10389.9,10397.4,10382.9,10395.4,2032
2026-05-14 18:15:00+00:00,10395.6,10402.9,10383.7,10383.7,1292
2026-05-14 18:30:00+00:00,10384.2,10387.7,10377.0,10381.0,1436
2026-05-14 18:45:00+00:00,10380.7,10382.0,10378.2,10381.5,988
2026-05-14 19:00:00+00:00,10380.5,10381.5,10376.0,10379.0,752
2026-05-14 19:15:00+00:00,10378.5,10381.5,10371.6,10371.6,736
2026-05-14 19:30:00+00:00,10371.3,10372.3,10362.1,10362.9,1172
2026-05-14 19:45:00+00:00,10362.6,10369.6,10355.2,10362.9,2832
2026-05-14 20:00:00+00:00,10362.9,10366.5,10362.6,10363.6,1372
2026-05-14 20:30:00+00:00,10356.4,10358.6,10355.5,10357.1,1164
2026-05-14 20:45:00+00:00,10356.9,10359.8,10356.9,10359.6,752
2026-05-14 22:00:00+00:00,10363.8,10365.7,10362.1,10362.6,960
2026-05-14 22:15:00+00:00,10362.3,10362.8,10359.7,10362.8,1232
2026-05-14 22:30:00+00:00,10362.6,10364.3,10362.6,10363.3,780
2026-05-14 22:45:00+00:00,10363.2,10365.0,10362.9,10363.1,840
2026-05-14 23:00:00+00:00,10363.2,10365.3,10363.1,10365.0,740
2026-05-14 23:15:00+00:00,10365.3,10365.8,10363.1,10365.5,660
2026-05-14 23:30:00+00:00,10365.8,10367.0,10365.3,10365.3,724
2026-05-14 23:45:00+00:00,10365.4,10365.4,10358.6,10359.4,2000
2026-05-15 00:00:00+00:00,10359.5,10359.9,10340.9,10358.5,6280
2026-05-15 00:15:00+00:00,10358.5,10367.6,10358.5,10364.1,4500
2026-05-15 00:30:00+00:00,10364.9,10364.9,10353.8,10355.3,6252
2026-05-15 00:45:00+00:00,10355.5,10360.2,10352.4,10354.6,4924
2026-05-15 01:00:00+00:00,10354.5,10354.5,10331.1,10333.0,6328
2026-05-15 01:15:00+00:00,10332.7,10332.7,10315.1,10315.8,6796
2026-05-15 01:30:00+00:00,10315.8,10318.9,10306.2,10314.4,8100
2026-05-15 01:45:00+00:00,10314.4,10314.6,10296.7,10299.7,7568
2026-05-15 02:00:00+00:00,10299.8,10305.4,10297.2,10303.4,7416
2026-05-15 02:15:00+00:00,10303.2,10311.2,10300.6,10305.7,6020
2026-05-15 02:30:00+00:00,10305.7,10307.7,10301.3,10305.5,6024
2026-05-15 02:45:00+00:00,10305.8,10316.2,10303.5,10308.3,6732
2026-05-15 03:00:00+00:00,10307.8,10312.8,10307.6,10312.0,5052
2026-05-15 03:15:00+00:00,10312.0,10312.3,10308.1,10308.7,4396
2026-05-15 03:30:00+00:00,10308.4,10310.6,10302.6,10303.9,6684
2026-05-15 03:45:00+00:00,10304.0,10309.8,10303.7,10309.0,4024
2026-05-15 04:00:00+00:00,10309.0,10310.0,10304.5,10306.3,4160
2026-05-15 04:15:00+00:00,10306.3,10309.0,10302.5,10304.7,4428
2026-05-15 04:30:00+00:00,10304.7,10306.8,10299.5,10299.6,4984
2026-05-15 04:45:00+00:00,10299.2,10299.4,10291.1,10295.1,4728
2026-05-15 05:00:00+00:00,10295.2,10296.3,10285.9,10292.6,2624
2026-05-15 05:15:00+00:00,10293.1,10296.4,10287.4,10287.7,2360
2026-05-15 05:30:00+00:00,10287.4,10287.4,10270.7,10272.0,2392
2026-05-15 05:45:00+00:00,10272.5,10273.5,10264.3,10268.5,3016
2026-05-15 06:00:00+00:00,10268.3,10279.5,10267.3,10277.7,3968
2026-05-15 06:15:00+00:00,10278.2,10295.4,10275.5,10295.4,2464
2026-05-15 06:30:00+00:00,10295.7,10303.4,10291.4,10298.9,2776
2026-05-15 06:45:00+00:00,10298.2,10304.4,10290.5,10304.4,1848
2026-05-15 07:00:00+00:00,10304.9,10308.6,10283.1,10297.8,8768
2026-05-15 07:15:00+00:00,10297.6,10314.6,10297.6,10310.4,4896
2026-05-15 07:30:00+00:00,10310.6,10313.9,10285.4,10290.5,4728
2026-05-15 07:45:00+00:00,10290.3,10296.1,10282.8,10291.7,4064
2026-05-15 08:00:00+00:00,10292.0,10296.2,10273.0,10277.4,5088
2026-05-15 08:15:00+00:00,10276.9,10276.9,10246.9,10249.6,6064
2026-05-15 08:30:00+00:00,10249.4,10257.6,10233.0,10253.3,5896
2026-05-15 08:45:00+00:00,10253.6,10253.6,10237.5,10241.8,3836
2026-05-15 09:00:00+00:00,10242.3,10243.6,10220.1,10232.1,5264
2026-05-15 09:15:00+00:00,10231.6,10231.6,10216.2,10229.5,4280
2026-05-15 09:30:00+00:00,10229.1,10232.7,10219.4,10226.0,3924
2026-05-15 09:45:00+00:00,10225.5,10228.2,10216.0,10223.6,4488
2026-05-15 10:00:00+00:00,10224.1,10235.5,10216.8,10235.5,4356
2026-05-15 10:15:00+00:00,10236.0,10237.6,10224.6,10227.2,3588
2026-05-15 10:30:00+00:00,10227.4,10233.1,10219.5,10232.9,3908
2026-05-15 10:45:00+00:00,10233.4,10249.7,10231.1,10245.2,6896
2026-05-15 11:00:00+00:00,10244.7,10252.4,10229.5,10236.4,4512
2026-05-15 11:15:00+00:00,10236.2,10236.9,10212.3,10219.5,2556
2026-05-15 11:30:00+00:00,10219.7,10220.5,10194.7,10200.2,3264
2026-05-15 11:45:00+00:00,10200.5,10204.2,10190.3,10200.0,3540
2026-05-15 12:00:00+00:00,10199.2,10199.2,10172.8,10174.0,4024
2026-05-15 12:15:00+00:00,10173.5,10176.5,10166.3,10175.5,3612
2026-05-15 12:30:00+00:00,10175.7,10176.0,10164.1,10165.4,4064
2026-05-15 12:45:00+00:00,10165.1,10184.4,10164.1,10180.9,3816
2026-05-15 13:00:00+00:00,10181.4,10192.5,10173.3,10191.1,3100
2026-05-15 13:15:00+00:00,10191.1,10210.1,10188.1,10209.7,3252
2026-05-15 13:30:00+00:00,10208.8,10214.0,10187.3,10189.5,7500
2026-05-15 13:45:00+00:00,10189.3,10205.7,10179.7,10191.1,7072
2026-05-15 14:00:00+00:00,10190.6,10193.5,10175.7,10189.5,6564
2026-05-15 14:15:00+00:00,10189.0,10203.6,10185.0,10190.3,5356
2026-05-15 14:30:00+00:00,10189.8,10198.7,10182.7,10193.8,4444
2026-05-15 14:45:00+00:00,10194.0,10194.5,10179.4,10187.7,4544
2026-05-15 15:00:00+00:00,10187.5,10194.9,10182.9,10185.0,4032
2026-05-15 15:15:00+00:00,10185.3,10185.5,10162.5,10175.5,4776
2026-05-15 15:30:00+00:00,10175.3,10193.2,10167.5,10170.5,7892
2026-05-15 15:45:00+00:00,10170.3,10176.0,10160.1,10175.5,4196
2026-05-15 16:00:00+00:00,10176.0,10181.5,10165.8,10181.5,2872
2026-05-15 16:15:00+00:00,10181.0,10191.0,10179.0,10189.2,1860
2026-05-15 16:30:00+00:00,10189.5,10190.2,10180.3,10187.3,1792
2026-05-15 16:45:00+00:00,10187.5,10188.0,10181.5,10183.0,1564
2026-05-15 17:00:00+00:00,10184.0,10195.0,10181.5,10189.0,996
2026-05-15 17:15:00+00:00,10189.5,10200.7,10188.5,10196.0,1088
2026-05-15 17:30:00+00:00,10195.8,10198.0,10192.3,10197.0,956
2026-05-15 17:45:00+00:00,10196.8,10199.5,10195.0,10199.5,788
2026-05-15 18:00:00+00:00,10199.8,10203.0,10196.3,10198.3,1024
2026-05-15 18:15:00+00:00,10198.5,10202.0,10190.8,10201.0,1904
2026-05-15 18:30:00+00:00,10201.3,10201.5,10191.6,10200.0,2048
2026-05-15 18:45:00+00:00,10200.3,10203.5,10195.3,10200.6,1000
2026-05-15 19:00:00+00:00,10200.3,10201.1,10191.7,10196.7,1288
2026-05-15 19:15:00+00:00,10196.4,10202.2,10195.2,10199.0,1108
2026-05-15 19:30:00+00:00,10198.7,10201.7,10196.2,10197.2,1140
2026-05-15 19:45:00+00:00,10197.0,10202.5,10191.7,10197.7,2372
2026-05-17 22:00:00+00:00,10192.8,10198.9,10192.6,10194.9,3116
2026-05-17 22:15:00+00:00,10195.0,10196.2,10186.9,10191.2,4268
2026-05-17 22:30:00+00:00,10191.4,10195.8,10187.8,10194.2,3752
2026-05-17 22:45:00+00:00,10194.3,10196.0,10188.6,10193.6,3292
2026-05-17 23:00:00+00:00,10194.0,10194.8,10184.5,10186.9,4064
2026-05-17 23:15:00+00:00,10187.0,10187.0,10176.8,10179.5,4604
2026-05-17 23:30:00+00:00,10179.4,10182.9,10163.3,10177.0,5340
2026-05-17 23:45:00+00:00,10177.3,10181.8,10172.5,10177.9,6204
2026-05-18 00:00:00+00:00,10169.8,10179.4,10162.2,10173.2,16792
2026-05-18 00:15:00+00:00,10173.1,10187.1,10171.3,10184.3,15332
2026-05-18 00:30:00+00:00,10183.7,10190.4,10178.1,10180.8,14240
2026-05-18 00:45:00+00:00,10180.8,10194.8,10179.0,10194.0,13272
2026-05-18 01:00:00+00:00,10194.1,10198.2,10158.4,10158.4,17060
2026-05-18 01:15:00+00:00,10158.3,10159.9,10142.8,10152.3,15740
2026-05-18 01:30:00+00:00,10152.1,10154.7,10139.5,10153.8,13704
2026-05-18 01:45:00+00:00,10153.8,10164.8,10149.4,10157.0,11336
2026-05-18 02:00:00+00:00,10157.2,10157.4,10146.5,10155.2,11428
2026-05-18 02:15:00+00:00,10155.4,10160.5,10153.1,10157.1,8688
2026-05-18 02:30:00+00:00,10157.1,10158.5,10149.8,10150.8,8288
2026-05-18 02:45:00+00:00,10151.0,10152.6,10136.0,10137.5,8236
2026-05-18 03:00:00+00:00,10137.7,10145.9,10137.0,10138.3,8080
2026-05-18 03:15:00+00:00,10137.8,10141.9,10135.1,10141.3,6952
2026-05-18 03:30:00+00:00,10140.8,10155.2,10131.4,10154.0,9664
2026-05-18 03:45:00+00:00,10153.9,10154.3,10146.5,10149.0,6768
2026-05-18 04:00:00+00:00,10149.2,10164.8,10146.4,10163.3,7236
2026-05-18 04:15:00+00:00,10162.5,10170.2,10154.9,10157.7,7488
2026-05-18 04:30:00+00:00,10157.4,10163.8,10154.8,10162.6,6844
2026-05-18 04:45:00+00:00,10162.5,10165.3,10154.5,10158.0,7028
2026-05-18 05:00:00+00:00,10158.2,10172.5,10156.8,10167.0,3404
2026-05-18 05:15:00+00:00,10166.3,10166.8,10149.8,10161.5,4240
2026-05-18 05:30:00+00:00,10161.8,10170.3,10158.3,10163.8,4120
2026-05-18 05:45:00+00:00,10163.0,10164.5,10146.3,10147.3,2228
2026-05-18 06:00:00+00:00,10146.8,10148.3,10129.8,10138.0,4136
2026-05-18 06:15:00+00:00,10137.8,10141.5,10123.3,10124.5,3904
2026-05-18 06:30:00+00:00,10124.3,10133.5,10111.5,10133.5,4492
2026-05-18 06:45:00+00:00,10133.3,10149.5,10133.3,10149.0,4004
2026-05-18 07:00:00+00:00,10149.3,10184.8,10145.8,10171.0,10216
2026-05-18 07:15:00+00:00,10170.5,10206.8,10167.5,10203.8,7036
2026-05-18 07:30:00+00:00,10204.5,10210.5,10176.6,10181.5,6680
2026-05-18 07:45:00+00:00,10181.2,10197.9,10180.7,10194.6,5496
2026-05-18 08:00:00+00:00,10195.1,10203.7,10189.8,10199.7,4548
2026-05-18 08:15:00+00:00,10198.9,10210.3,10196.2,10208.5,3740
2026-05-18 08:30:00+00:00,10208.3,10211.6,10201.1,10209.0,3848
2026-05-18 08:45:00+00:00,10209.5,10216.7,10207.3,10212.7,3316
2026-05-18 09:00:00+00:00,10212.7,10213.5,10199.3,10203.1,3192
2026-05-18 09:15:00+00:00,10202.6,10220.5,10201.6,10220.0,3132
2026-05-18 09:30:00+00:00,10219.5,10223.4,10214.8,10219.9,2828
2026-05-18 09:45:00+00:00,10219.4,10225.4,10213.7,10224.9,2848
2026-05-18 10:00:00+00:00,10225.4,10228.4,10203.4,10203.6,4076
2026-05-18 10:15:00+00:00,10203.9,10210.3,10202.0,10209.8,2752
2026-05-18 10:30:00+00:00,10209.5,10217.4,10202.9,10216.6,3420
2026-05-18 10:45:00+00:00,10216.4,10222.7,10210.0,10218.7,2404
2026-05-18 11:00:00+00:00,10218.2,10223.7,10196.7,10209.3,4840
2026-05-18 11:15:00+00:00,10208.8,10223.8,10208.6,10218.8,2744
2026-05-18 11:30:00+00:00,10218.5,10269.5,10217.0,10263.5,12208
2026-05-18 11:45:00+00:00,10264.0,10266.0,10244.0,10244.7,7044
2026-05-18 12:00:00+00:00,10244.4,10252.7,10241.5,10244.6,4368
2026-05-18 12:15:00+00:00,10245.1,10245.6,10236.8,10242.6,3816
2026-05-18 12:30:00+00:00,10242.1,10289.6,10240.8,10287.4,7928
2026-05-18 12:45:00+00:00,10287.9,10297.8,10280.4,10295.6,7868
2026-05-18 13:00:00+00:00,10296.1,10298.6,10281.7,10287.3,7104
2026-05-18 13:15:00+00:00,10287.8,10292.0,10281.1,10287.9,3528
2026-05-18 13:30:00+00:00,10288.1,10309.7,10285.9,10305.2,7660
2026-05-18 13:45:00+00:00,10305.0,10332.5,10301.8,10327.5,7776
2026-05-18 14:00:00+00:00,10327.3,10331.7,10306.7,10312.4,7344
2026-05-18 14:15:00+00:00,10312.2,10333.5,10311.4,10330.6,6380
2026-05-18 14:30:00+00:00,10330.8,10332.1,10315.1,10324.7,7892
2026-05-18 14:45:00+00:00,10324.5,10338.1,10319.0,10331.9,5224
2026-05-18 15:00:00+00:00,10331.6,10334.4,10299.7,10307.5,8460
2026-05-18 15:15:00+00:00,10307.2,10315.7,10292.8,10293.1,7320
2026-05-18 15:30:00+00:00,10293.8,10331.2,10292.1,10325.2,8728
2026-05-18 15:45:00+00:00,10325.7,10333.9,10322.5,10331.5,4940
2026-05-18 16:00:00+00:00,10331.8,10337.3,10322.3,10329.6,4044
2026-05-18 16:15:00+00:00,10329.8,10343.1,10318.9,10325.9,5492
2026-05-18 16:30:00+00:00,10326.1,10344.6,10320.4,10332.6,4896
2026-05-18 16:45:00+00:00,10332.4,10339.3,10329.4,10329.4,3716
2026-05-18 17:00:00+00:00,10328.1,10339.9,10319.4,10336.6,3692
2026-05-18 17:15:00+00:00,10336.9,10345.9,10336.1,10343.1,2480
2026-05-18 17:30:00+00:00,10343.4,10346.4,10333.7,10335.9,2668
2026-05-18 17:45:00+00:00,10335.4,10338.4,10329.2,10329.9,1860
2026-05-18 18:00:00+00:00,10330.2,10331.9,10313.0,10313.3,3468
2026-05-18 18:15:00+00:00,10313.0,10313.3,10293.9,10300.3,4908
2026-05-18 18:30:00+00:00,10300.6,10307.1,10297.8,10305.8,3304
2026-05-18 18:45:00+00:00,10305.6,10306.3,10292.6,10295.1,3404
2026-05-18 19:00:00+00:00,10294.9,10337.2,10293.4,10329.0,15120
2026-05-18 19:15:00+00:00,10329.2,10334.4,10316.0,10319.0,4544
2026-05-18 19:30:00+00:00,10319.3,10333.7,10317.3,10331.5,4216
2026-05-18 19:45:00+00:00,10331.2,10353.9,10330.0,10352.9,4412
2026-05-18 20:00:00+00:00,10352.9,10353.6,10344.2,10348.8,2264
2026-05-18 20:30:00+00:00,10349.0,10351.5,10346.4,10351.0,1116
2026-05-18 20:45:00+00:00,10351.2,10352.0,10346.9,10347.4,972
2026-05-18 22:00:00+00:00,10353.7,10358.9,10353.5,10355.0,1772
2026-05-18 22:15:00+00:00,10354.9,10364.0,10354.6,10362.0,2620
2026-05-18 22:30:00+00:00,10362.4,10364.9,10361.3,10361.6,2164
2026-05-18 22:45:00+00:00,10361.3,10361.6,10357.7,10361.0,1624
2026-05-18 23:00:00+00:00,10361.1,10365.5,10360.7,10362.1,2240
2026-05-18 23:15:00+00:00,10362.3,10363.1,10359.7,10361.9,1464
2026-05-18 23:30:00+00:00,10361.7,10362.2,10359.2,10361.1,1516
2026-05-18 23:45:00+00:00,10361.3,10361.4,10353.6,10355.7,3260
2026-05-19 00:00:00+00:00,10362.2,10366.2,10339.0,10348.2,9340
2026-05-19 00:15:00+00:00,10348.3,10357.4,10339.9,10345.2,10896
2026-05-19 00:30:00+00:00,10345.3,10346.1,10331.5,10335.5,8592
2026-05-19 00:45:00+00:00,10335.6,10338.0,10326.7,10328.2,7944
2026-05-19 01:00:00+00:00,10328.1,10342.4,10321.1,10333.7,10180
2026-05-19 01:15:00+00:00,10333.8,10335.2,10317.7,10324.6,8796
2026-05-19 01:30:00+00:00,10324.8,10328.1,10316.9,10326.1,9104
2026-05-19 01:45:00+00:00,10326.1,10328.2,10318.7,10319.0,8468
2026-05-19 02:00:00+00:00,10319.0,10323.4,10309.9,10312.7,10096
2026-05-19 02:15:00+00:00,10312.6,10316.7,10309.8,10313.1,7632
2026-05-19 02:30:00+00:00,10313.0,10316.3,10309.3,10312.9,7524
2026-05-19 02:45:00+00:00,10312.5,10314.5,10306.4,10308.8,6396
2026-05-19 03:00:00+00:00,10308.4,10312.7,10302.4,10310.3,6376
2026-05-19 03:15:00+00:00,10310.6,10318.6,10308.5,10317.7,5056
2026-05-19 03:30:00+00:00,10317.3,10325.3,10317.3,10321.6,6416
2026-05-19 03:45:00+00:00,10321.5,10321.5,10311.4,10311.5,5664
2026-05-19 04:00:00+00:00,10311.6,10311.9,10300.7,10302.1,8208
2026-05-19 04:15:00+00:00,10302.1,10303.0,10293.4,10295.9,6580
2026-05-19 04:30:00+00:00,10295.5,10307.0,10295.3,10303.1,6372
2026-05-19 04:45:00+00:00,10303.1,10310.0,10300.6,10308.5,6908
2026-05-19 05:00:00+00:00,10308.7,10315.3,10307.6,10313.1,3292
2026-05-19 05:15:00+00:00,10313.5,10316.8,10301.1,10314.6,3476
2026-05-19 05:30:00+00:00,10314.8,10319.8,10308.1,10312.1,2956
2026-05-19 05:45:00+00:00,10312.6,10322.3,10312.1,10318.6,3636
2026-05-19 06:00:00+00:00,10319.8,10332.8,10316.8,10331.0,3256
2026-05-19 06:15:00+00:00,10330.8,10339.5,10328.3,10337.5,2096
2026-05-19 06:30:00+00:00,10336.8,10353.2,10335.3,10350.0,2188
2026-05-19 06:45:00+00:00,10349.7,10349.8,10338.8,10341.5,1976
2026-05-19 07:00:00+00:00,10341.8,10383.0,10340.5,10373.8,8024
2026-05-19 07:15:00+00:00,10373.1,10376.9,10366.2,10372.4,4368
2026-05-19 07:30:00+00:00,10372.2,10384.2,10369.0,10382.4,3848
2026-05-19 07:45:00+00:00,10381.9,10394.9,10380.4,10391.6,3868
2026-05-19 08:00:00+00:00,10392.1,10401.3,10372.4,10378.8,4660
2026-05-19 08:15:00+00:00,10379.0,10394.0,10375.0,10378.7,4508
2026-05-19 08:30:00+00:00,10379.0,10399.1,10377.0,10395.7,3716
2026-05-19 08:45:00+00:00,10395.9,10403.3,10389.3,10389.6,2636
2026-05-19 09:00:00+00:00,10389.1,10396.9,10384.1,10393.1,3404
2026-05-19 09:15:00+00:00,10393.3,10393.3,10379.1,10383.3,3780
2026-05-19 09:30:00+00:00,10383.6,10387.5,10369.6,10375.8,4336
2026-05-19 09:45:00+00:00,10375.8,10388.1,10370.5,10387.3,2780
2026-05-19 10:00:00+00:00,10387.3,10397.9,10385.1,10397.9,3168
2026-05-19 10:15:00+00:00,10398.1,10399.9,10392.7,10392.7,2024
2026-05-19 10:30:00+00:00,10393.2,10410.1,10382.1,10385.6,4300
2026-05-19 10:45:00+00:00,10385.9,10399.5,10382.1,10390.4,6108
2026-05-19 11:00:00+00:00,10389.9,10397.4,10383.7,10384.7,4004
2026-05-19 11:15:00+00:00,10384.2,10384.8,10376.3,10381.4,3632
2026-05-19 11:30:00+00:00,10381.1,10384.3,10378.1,10382.3,2464
2026-05-19 11:45:00+00:00,10381.8,10383.1,10365.0,10366.0,2948
2026-05-19 12:00:00+00:00,10365.3,10375.6,10359.3,10375.6,3828
2026-05-19 12:15:00+00:00,10375.1,10389.1,10374.6,10387.6,3208
2026-05-19 12:30:00+00:00,10387.1,10395.2,10386.8,10389.6,3000
2026-05-19 12:45:00+00:00,10389.9,10394.0,10382.5,10383.5,2228
2026-05-19 13:00:00+00:00,10383.8,10384.1,10355.5,10374.8,5356
2026-05-19 13:15:00+00:00,10374.5,10375.7,10339.0,10339.5,6056
2026-05-19 13:30:00+00:00,10340.0,10341.8,10323.7,10331.9,8500
2026-05-19 13:45:00+00:00,10331.7,10348.3,10324.5,10334.8,6476
2026-05-19 14:00:00+00:00,10334.6,10347.1,10329.1,10343.5,7196
2026-05-19 14:15:00+00:00,10344.0,10344.6,10318.4,10328.4,6936
2026-05-19 14:30:00+00:00,10328.6,10337.6,10324.4,10327.2,6080
2026-05-19 14:45:00+00:00,10327.0,10329.7,10315.6,10322.7,4644
2026-05-19 15:00:00+00:00,10323.0,10342.5,10323.0,10336.2,4820
2026-05-19 15:15:00+00:00,10336.5,10345.3,10325.7,10325.7,5884
2026-05-19 15:30:00+00:00,10325.2,10340.2,10318.0,10323.0,7044
2026-05-19 15:45:00+00:00,10323.2,10331.7,10320.0,10324.0,3104
2026-05-19 16:00:00+00:00,10324.5,10328.4,10314.0,10322.5,3060
2026-05-19 16:15:00+00:00,10322.8,10345.2,10322.5,10342.9,2744
2026-05-19 16:30:00+00:00,10342.7,10347.4,10339.0,10341.2,2856
2026-05-19 16:45:00+00:00,10341.5,10348.7,10341.2,10347.2,1880
2026-05-19 17:00:00+00:00,10346.7,10348.4,10336.5,10337.7,1500
2026-05-19 17:15:00+00:00,10338.5,10341.0,10331.8,10332.0,1296
2026-05-19 17:30:00+00:00,10331.8,10334.3,10324.6,10329.6,1960
2026-05-19 17:45:00+00:00,10330.0,10331.8,10321.6,10322.3,1800
2026-05-19 18:00:00+00:00,10322.6,10323.8,10318.1,10320.6,1920
2026-05-19 18:15:00+00:00,10320.9,10321.9,10308.9,10309.7,2364
2026-05-19 18:30:00+00:00,10309.4,10315.2,10303.7,10311.2,2076
2026-05-19 18:45:00+00:00,10310.9,10312.7,10303.2,10305.2,1932
2026-05-19 19:00:00+00:00,10305.5,10317.2,10304.7,10316.7,1432
2026-05-19 19:15:00+00:00,10316.9,10319.2,10304.5,10309.2,1732
2026-05-19 19:30:00+00:00,10309.5,10310.7,10303.7,10304.7,1548
2026-05-19 19:45:00+00:00,10304.3,10307.2,10287.8,10294.1,3608
2026-05-19 20:00:00+00:00,10294.1,10294.1,10286.0,10291.0,2480
2026-05-19 20:30:00+00:00,10288.9,10288.9,10286.8,10288.0,864
2026-05-19 20:45:00+00:00,10288.2,10289.0,10286.3,10288.0,848
2026-05-19 22:00:00+00:00,10293.2,10298.5,10293.1,10294.6,1548
2026-05-19 22:15:00+00:00,10294.5,10295.2,10287.3,10288.0,3156
2026-05-19 22:30:00+00:00,10288.2,10293.5,10287.0,10289.6,3108
2026-05-19 22:45:00+00:00,10289.8,10294.9,10287.6,10294.0,1936
2026-05-19 23:00:00+00:00,10293.9,10304.4,10292.9,10302.9,1612
2026-05-19 23:15:00+00:00,10303.1,10307.4,10301.9,10306.3,1756
2026-05-19 23:30:00+00:00,10306.6,10316.3,10306.6,10310.5,2560
2026-05-19 23:45:00+00:00,10310.6,10311.0,10305.0,10305.2,2876
2026-05-20 00:00:00+00:00,10298.6,10299.0,10277.8,10280.3,9472
2026-05-20 00:15:00+00:00,10280.4,10280.9,10263.9,10277.3,12128
2026-05-20 00:30:00+00:00,10277.4,10291.3,10264.6,10271.7,11232
2026-05-20 00:45:00+00:00,10271.7,10280.7,10269.3,10274.1,9796
2026-05-20 01:00:00+00:00,10273.9,10279.2,10260.6,10275.5,11796
2026-05-20 01:15:00+00:00,10275.5,10278.9,10260.7,10262.6,9820
2026-05-20 01:30:00+00:00,10263.0,10264.1,10251.5,10257.4,10156
2026-05-20 01:45:00+00:00,10257.4,10284.9,10255.6,10275.5,10648
2026-05-20 02:00:00+00:00,10275.9,10277.4,10269.3,10274.9,8104
2026-05-20 02:15:00+00:00,10275.0,10280.2,10268.3,10268.3,7616
2026-05-20 02:30:00+00:00,10268.2,10268.2,10246.2,10253.5,10916
2026-05-20 02:45:00+00:00,10253.5,10255.2,10246.6,10247.0,7700
2026-05-20 03:00:00+00:00,10247.0,10247.0,10233.8,10236.4,7916
2026-05-20 03:15:00+00:00,10236.4,10252.1,10236.1,10250.3,6760
2026-05-20 03:30:00+00:00,10250.5,10262.8,10244.7,10257.6,7836
2026-05-20 03:45:00+00:00,10257.6,10258.4,10252.4,10255.2,6188
2026-05-20 04:00:00+00:00,10255.3,10266.1,10255.3,10265.6,6428
2026-05-20 04:15:00+00:00,10265.6,10268.1,10260.1,10263.1,5404
2026-05-20 04:30:00+00:00,10263.2,10263.4,10254.6,10261.3,5860
2026-05-20 04:45:00+00:00,10261.3,10262.6,10255.7,10259.6,5400
2026-05-20 05:00:00+00:00,10259.4,10270.6,10257.9,10266.7,2560
2026-05-20 05:15:00+00:00,10266.9,10266.9,10254.0,10254.7,2048
2026-05-20 05:30:00+00:00,10255.2,10274.6,10255.2,10266.7,2408
2026-05-20 05:45:00+00:00,10267.2,10274.2,10264.2,10267.4,1728
2026-05-20 06:00:00+00:00,10267.2,10293.3,10261.2,10280.4,2760
2026-05-20 06:15:00+00:00,10280.9,10289.9,10277.7,10286.4,2400
2026-05-20 06:30:00+00:00,10287.1,10292.1,10283.9,10284.4,1644
2026-05-20 06:45:00+00:00,10284.2,10291.6,10273.7,10276.0,1772
2026-05-20 07:00:00+00:00,10274.7,10300.4,10274.2,10281.5,7216
2026-05-20 07:15:00+00:00,10281.0,10303.8,10277.5,10302.8,3348
2026-05-20 07:30:00+00:00,10303.0,10305.3,10285.3,10294.5,3048
2026-05-20 07:45:00+00:00,10294.0,10296.5,10279.9,10280.0,2500
2026-05-20 08:00:00+00:00,10279.7,10290.9,10277.5,10288.5,3216
2026-05-20 08:15:00+00:00,10288.2,10303.1,10279.5,10303.1,3056
2026-05-20 08:30:00+00:00,10303.6,10316.9,10298.1,10310.4,3292
2026-05-20 08:45:00+00:00,10310.4,10325.3,10308.4,10321.4,2580
2026-05-20 09:00:00+00:00,10320.7,10326.4,10314.0,10314.3,2484
2026-05-20 09:15:00+00:00,10314.1,10322.8,10312.4,10322.2,1680
2026-05-20 09:30:00+00:00,10322.2,10325.5,10318.2,10324.0,1520
2026-05-20 09:45:00+00:00,10323.5,10332.8,10323.0,10328.1,1704
2026-05-20 10:00:00+00:00,10328.4,10342.3,10327.4,10342.3,1560
2026-05-20 10:15:00+00:00,10341.8,10346.1,10339.9,10341.2,1880
2026-05-20 10:30:00+00:00,10340.9,10348.2,10336.9,10340.6,2688
2026-05-20 10:45:00+00:00,10341.1,10345.0,10332.5,10334.0,1576
2026-05-20 11:00:00+00:00,10333.2,10333.2,10327.5,10328.0,1800
2026-05-20 11:15:00+00:00,10328.2,10346.1,10328.0,10346.0,1440
2026-05-20 11:30:00+00:00,10346.5,10354.8,10345.5,10351.4,1852
2026-05-20 11:45:00+00:00,10351.3,10351.8,10338.1,10338.6,2504
2026-05-20 12:00:00+00:00,10338.1,10351.8,10336.1,10350.6,1984
2026-05-20 12:15:00+00:00,10350.6,10357.9,10348.7,10357.4,2232
2026-05-20 12:30:00+00:00,10356.9,10359.9,10348.4,10351.8,2512
2026-05-20 12:45:00+00:00,10351.6,10352.3,10344.9,10349.6,2248
2026-05-20 13:00:00+00:00,10349.6,10365.9,10347.6,10363.4,2252
2026-05-20 13:15:00+00:00,10363.6,10364.9,10357.2,10362.1,3032
2026-05-20 13:30:00+00:00,10361.9,10373.5,10355.7,10363.1,6696
2026-05-20 13:45:00+00:00,10363.6,10390.5,10362.6,10383.9,5000
2026-05-20 14:00:00+00:00,10384.4,10384.4,10344.9,10356.9,6480
2026-05-20 14:15:00+00:00,10357.4,10402.5,10356.9,10396.1,12028
2026-05-20 14:30:00+00:00,10395.8,10404.5,10388.8,10393.0,5512
2026-05-20 14:45:00+00:00,10393.3,10407.4,10386.9,10405.3,4504
2026-05-20 15:00:00+00:00,10406.0,10415.9,10405.1,10414.3,4056
2026-05-20 15:15:00+00:00,10414.8,10459.2,10413.8,10423.6,13828
2026-05-20 15:30:00+00:00,10423.1,10446.1,10417.2,10444.9,7232
2026-05-20 15:45:00+00:00,10445.1,10450.1,10429.2,10431.9,3484
2026-05-20 16:00:00+00:00,10431.2,10437.4,10422.5,10431.2,2492
2026-05-20 16:15:00+00:00,10431.7,10439.2,10422.3,10427.5,3968
2026-05-20 16:30:00+00:00,10427.8,10438.2,10422.3,10438.2,3228
2026-05-20 16:45:00+00:00,10438.5,10439.5,10428.8,10435.3,2680
2026-05-20 17:00:00+00:00,10436.5,10442.8,10428.8,10439.3,2580
2026-05-20 17:15:00+00:00,10440.0,10447.3,10438.3,10444.5,1840
2026-05-20 17:30:00+00:00,10444.8,10449.3,10440.3,10444.0,1932
2026-05-20 17:45:00+00:00,10444.3,10446.3,10435.3,10436.8,860
2026-05-20 18:00:00+00:00,10436.6,10444.3,10432.1,10441.3,1888
2026-05-20 18:15:00+00:00,10441.1,10445.6,10438.8,10444.3,1068
2026-05-20 18:30:00+00:00,10444.6,10450.3,10443.3,10443.3,1212
2026-05-20 18:45:00+00:00,10443.1,10451.6,10442.6,10449.3,1368
2026-05-20 19:00:00+00:00,10449.8,10454.8,10446.6,10447.8,944
2026-05-20 19:15:00+00:00,10447.6,10454.3,10446.6,10448.1,704
2026-05-20 19:30:00+00:00,10448.3,10450.1,10442.4,10443.4,1460
2026-05-20 19:45:00+00:00,10443.1,10446.9,10436.9,10440.4,2316
2026-05-20 20:00:00+00:00,10438.7,10439.5,10433.7,10437.1,3672
2026-05-20 20:30:00+00:00,10445.2,10446.4,10430.5,10435.0,5464
2026-05-20 20:45:00+00:00,10434.8,10437.6,10427.7,10430.4,3976
2026-05-20 22:00:00+00:00,10405.6,10407.2,10391.0,10399.0,3776
2026-05-20 22:15:00+00:00,10399.1,10400.8,10391.4,10399.2,4164
2026-05-20 22:30:00+00:00,10399.6,10401.4,10398.0,10400.6,2948
2026-05-20 22:45:00+00:00,10400.5,10402.2,10398.5,10402.1,1792
2026-05-20 23:00:00+00:00,10402.3,10408.7,10401.7,10405.6,1876
2026-05-20 23:15:00+00:00,10405.4,10405.6,10398.9,10400.7,1960
2026-05-20 23:30:00+00:00,10400.8,10403.5,10400.0,10401.9,1760
2026-05-20 23:45:00+00:00,10401.8,10405.2,10400.2,10403.9,3240
2026-05-21 00:00:00+00:00,10406.0,10412.2,10399.2,10410.8,8232
2026-05-21 00:15:00+00:00,10410.9,10418.5,10405.4,10417.6,8208
2026-05-21 00:30:00+00:00,10417.7,10425.4,10415.0,10422.5,5808
2026-05-21 00:45:00+00:00,10422.6,10427.3,10422.0,10423.5,4428
2026-05-21 01:00:00+00:00,10423.3,10429.6,10420.0,10428.2,5956
2026-05-21 01:15:00+00:00,10428.3,10432.1,10424.5,10425.1,5200
2026-05-21 01:30:00+00:00,10425.0,10428.8,10421.2,10426.2,6652
2026-05-21 01:45:00+00:00,10426.4,10428.4,10416.1,10421.7,5348
2026-05-21 02:00:00+00:00,10421.8,10431.4,10419.6,10421.1,5032
2026-05-21 02:15:00+00:00,10421.1,10424.6,10417.6,10421.1,4460
2026-05-21 02:30:00+00:00,10421.1,10422.1,10414.2,10416.6,4448
2026-05-21 02:45:00+00:00,10416.5,10417.0,10409.6,10412.0,4348
2026-05-21 03:00:00+00:00,10412.1,10416.6,10411.3,10412.8,3364
2026-05-21 03:15:00+00:00,10412.7,10416.9,10411.1,10413.3,3364
2026-05-21 03:30:00+00:00,10413.5,10415.1,10409.3,10412.4,3336
2026-05-21 03:45:00+00:00,10412.3,10412.4,10402.9,10404.0,3492
2026-05-21 04:00:00+00:00,10403.8,10409.8,10403.4,10408.5,3464
2026-05-21 04:15:00+00:00,10408.7,10411.2,10407.2,10409.3,3192
2026-05-21 04:30:00+00:00,10409.3,10413.8,10408.7,10413.5,2920
2026-05-21 04:45:00+00:00,10413.9,10418.7,10413.2,10417.0,2908
2026-05-21 05:00:00+00:00,10417.2,10421.5,10412.5,10416.0,1208
2026-05-21 05:15:00+00:00,10416.3,10417.3,10409.5,10410.0,1104
2026-05-21 05:30:00+00:00,10410.3,10410.3,10397.8,10398.5,1796
2026-05-21 05:45:00+00:00,10398.3,10400.8,10384.0,10390.5,2624
2026-05-21 06:00:00+00:00,10391.5,10399.3,10384.0,10387.3,2376
2026-05-21 06:15:00+00:00,10386.3,10393.5,10380.5,10384.5,2620
2026-05-21 06:30:00+00:00,10385.5,10387.0,10370.3,10370.5,2096
2026-05-21 06:45:00+00:00,10370.3,10374.5,10366.3,10373.8,1828
2026-05-21 07:00:00+00:00,10373.3,10392.0,10367.5,10389.0,5784
2026-05-21 07:15:00+00:00,10388.3,10398.5,10382.5,10383.8,4192
2026-05-21 07:30:00+00:00,10383.5,10390.0,10380.8,10382.8,3628
2026-05-21 07:45:00+00:00,10382.3,10398.5,10380.5,10384.3,2724
2026-05-21 08:00:00+00:00,10384.0,10415.0,10383.0,10414.0,4520
2026-05-21 08:15:00+00:00,10414.3,10421.8,10401.5,10418.3,5340
2026-05-21 08:30:00+00:00,10418.0,10434.0,10412.5,10431.4,3796
2026-05-21 08:45:00+00:00,10431.9,10432.4,10417.3,10418.4,4116
2026-05-21 09:00:00+00:00,10417.6,10438.1,10415.4,10435.2,3748
2026-05-21 09:15:00+00:00,10435.4,10442.7,10433.6,10439.9,2844
2026-05-21 09:30:00+00:00,10440.4,10441.9,10426.9,10427.4,2640
2026-05-21 09:45:00+00:00,10427.7,10434.2,10425.0,10432.4,2164
2026-05-21 10:00:00+00:00,10432.2,10438.9,10429.2,10436.9,1992
2026-05-21 10:15:00+00:00,10436.6,10440.9,10393.0,10396.5,7680
2026-05-21 10:30:00+00:00,10396.8,10397.0,10350.3,10373.9,12020
2026-05-21 10:45:00+00:00,10373.7,10384.8,10361.2,10376.5,8220
2026-05-21 11:00:00+00:00,10376.3,10393.1,10368.3,10388.5,6420
2026-05-21 11:15:00+00:00,10388.0,10404.7,10385.5,10393.7,4148
2026-05-21 11:30:00+00:00,10394.0,10396.9,10383.6,10391.6,3392
2026-05-21 11:45:00+00:00,10391.9,10397.8,10388.4,10396.1,2780
2026-05-21 12:00:00+00:00,10396.6,10406.2,10395.5,10402.2,3184
2026-05-21 12:15:00+00:00,10402.4,10406.5,10388.1,10391.8,3284
2026-05-21 12:30:00+00:00,10391.6,10405.7,10386.2,10396.8,7236
2026-05-21 12:45:00+00:00,10396.5,10408.3,10396.1,10401.2,4028
2026-05-21 13:00:00+00:00,10400.5,10412.5,10396.6,10401.5,4252
2026-05-21 13:15:00+00:00,10401.3,10413.5,10400.8,10409.8,3168
2026-05-21 13:30:00+00:00,10410.3,10412.7,10387.8,10405.8,7044
2026-05-21 13:45:00+00:00,10405.6,10467.4,10405.6,10466.6,10072
2026-05-21 14:00:00+00:00,10467.4,10471.6,10453.0,10458.8,6404
2026-05-21 14:15:00+00:00,10458.6,10465.4,10448.0,10463.4,5668
2026-05-21 14:30:00+00:00,10463.9,10466.9,10457.9,10458.0,4112
2026-05-21 14:45:00+00:00,10458.2,10466.2,10455.5,10464.4,4080
2026-05-21 15:00:00+00:00,10464.2,10472.6,10451.8,10464.3,5792
2026-05-21 15:15:00+00:00,10464.1,10471.6,10462.6,10466.4,5000
2026-05-21 15:30:00+00:00,10465.9,10467.9,10440.8,10454.5,6564
2026-05-21 15:45:00+00:00,10454.7,10460.0,10450.3,10451.8,2248
2026-05-21 16:00:00+00:00,10452.3,10467.1,10451.3,10466.3,4108
2026-05-21 16:15:00+00:00,10466.1,10470.8,10461.8,10469.3,2524
2026-05-21 16:30:00+00:00,10469.1,10472.3,10466.8,10469.8,1868
2026-05-21 16:45:00+00:00,10470.1,10471.8,10462.4,10466.4,1700
2026-05-21 17:00:00+00:00,10466.6,10487.8,10463.9,10475.1,5208
2026-05-21 17:15:00+00:00,10475.3,10505.2,10474.6,10502.8,9872
2026-05-21 17:30:00+00:00,10502.5,10514.0,10500.3,10510.7,3760
2026-05-21 17:45:00+00:00,10510.5,10522.0,10506.3,10511.8,4076
2026-05-21 18:00:00+00:00,10511.5,10515.3,10499.3,10513.0,4516
2026-05-21 18:15:00+00:00,10513.3,10522.2,10510.8,10516.3,2488
2026-05-21 18:30:00+00:00,10516.5,10517.3,10507.3,10514.5,2028
2026-05-21 18:45:00+00:00,10515.0,10518.3,10491.4,10498.3,8544
2026-05-21 19:00:00+00:00,10498.6,10514.1,10495.9,10513.3,3664
2026-05-21 19:15:00+00:00,10513.1,10516.3,10503.6,10505.4,1968
2026-05-21 19:30:00+00:00,10505.9,10508.8,10497.4,10498.4,2140
2026-05-21 19:45:00+00:00,10498.1,10502.9,10490.2,10499.1,3808
2026-05-21 20:00:00+00:00,10499.9,10504.6,10497.9,10502.8,1868
2026-05-21 20:30:00+00:00,10500.2,10502.4,10499.7,10501.6,508
2026-05-21 20:45:00+00:00,10501.9,10503.2,10501.2,10501.9,540
2026-05-21 22:00:00+00:00,10508.5,10510.6,10507.8,10510.0,1428
2026-05-21 22:15:00+00:00,10509.8,10511.1,10505.7,10507.9,1576
2026-05-21 22:30:00+00:00,10508.0,10508.7,10504.9,10507.2,1736
2026-05-21 22:45:00+00:00,10507.3,10513.3,10507.3,10512.3,1572
2026-05-21 23:00:00+00:00,10512.4,10513.6,10511.4,10512.1,820
2026-05-21 23:15:00+00:00,10512.3,10513.1,10511.2,10512.1,536
2026-05-21 23:30:00+00:00,10512.3,10514.3,10510.9,10512.9,708
2026-05-21 23:45:00+00:00,10512.6,10520.1,10512.6,10516.8,1688
2026-05-22 00:00:00+00:00,10517.4,10517.4,10497.8,10500.3,7188
2026-05-22 00:15:00+00:00,10500.3,10507.5,10499.4,10501.3,7416
2026-05-22 00:30:00+00:00,10500.7,10503.7,10497.0,10499.0,5380
2026-05-22 00:45:00+00:00,10499.1,10501.9,10497.9,10497.9,4324
2026-05-22 01:00:00+00:00,10498.1,10501.2,10493.1,10500.0,6452
2026-05-22 01:15:00+00:00,10500.0,10505.6,10498.2,10505.1,5504
2026-05-22 01:30:00+00:00,10504.9,10505.4,10493.7,10499.9,6164
2026-05-22 01:45:00+00:00,10499.9,10507.0,10498.1,10501.3,5412
2026-05-22 02:00:00+00:00,10501.3,10503.9,10496.8,10502.3,4476
2026-05-22 02:15:00+00:00,10502.3,10504.3,10495.6,10498.7,4436
2026-05-22 02:30:00+00:00,10498.7,10506.3,10495.5,10503.5,4000
2026-05-22 02:45:00+00:00,10503.4,10508.3,10503.2,10504.7,3876
2026-05-22 03:00:00+00:00,10504.3,10505.7,10499.3,10501.5,3388
2026-05-22 03:15:00+00:00,10501.6,10503.5,10499.5,10503.3,2876
2026-05-22 03:30:00+00:00,10503.3,10506.0,10502.4,10505.1,2776
2026-05-22 03:45:00+00:00,10505.3,10514.3,10505.1,10512.6,2608
2026-05-22 04:00:00+00:00,10512.6,10522.8,10512.5,10517.9,3460
2026-05-22 04:15:00+00:00,10517.8,10518.5,10515.3,10516.5,2664
2026-05-22 04:30:00+00:00,10516.1,10516.3,10510.1,10511.1,3024
2026-05-22 04:45:00+00:00,10511.1,10512.6,10507.8,10510.8,2924
2026-05-22 05:00:00+00:00,10510.8,10518.3,10510.3,10512.1,1556
2026-05-22 05:15:00+00:00,10512.6,10512.6,10506.8,10508.1,1240
2026-05-22 05:30:00+00:00,10508.4,10514.1,10507.8,10512.4,1228
2026-05-22 05:45:00+00:00,10512.1,10512.4,10491.7,10493.4,1548
2026-05-22 06:00:00+00:00,10491.7,10510.4,10487.4,10509.9,1764
2026-05-22 06:15:00+00:00,10510.4,10514.9,10497.9,10498.4,1684
2026-05-22 06:30:00+00:00,10499.4,10505.9,10498.4,10504.4,1848
2026-05-22 06:45:00+00:00,10504.2,10505.9,10496.0,10496.5,1420
2026-05-22 07:00:00+00:00,10496.2,10497.5,10472.5,10474.6,7356
2026-05-22 07:15:00+00:00,10474.4,10492.5,10470.7,10486.9,3792
2026-05-22 07:30:00+00:00,10487.4,10488.5,10468.4,10484.2,3860
2026-05-22 07:45:00+00:00,10484.4,10488.8,10481.4,10488.1,2736
2026-05-22 08:00:00+00:00,10488.8,10493.6,10477.1,10484.5,3516
2026-05-22 08:15:00+00:00,10484.2,10492.0,10478.5,10484.0,4140
2026-05-22 08:30:00+00:00,10484.2,10486.0,10461.8,10480.8,4784
2026-05-22 08:45:00+00:00,10480.8,10483.0,10474.4,10477.4,2460
2026-05-22 09:00:00+00:00,10477.2,10477.8,10468.9,10473.2,2720
2026-05-22 09:15:00+00:00,10473.5,10487.2,10470.7,10482.7,2428
2026-05-22 09:30:00+00:00,10482.9,10482.9,10474.2,10479.5,2412
2026-05-22 09:45:00+00:00,10479.0,10487.9,10478.2,10484.4,2088
2026-05-22 10:00:00+00:00,10485.4,10495.6,10482.7,10491.8,2436
2026-05-22 10:15:00+00:00,10492.3,10497.8,10489.4,10491.5,1920
2026-05-22 10:30:00+00:00,10492.0,10494.7,10480.5,10482.5,1860
2026-05-22 10:45:00+00:00,10482.8,10483.3,10467.7,10472.2,2140
2026-05-22 11:00:00+00:00,10472.0,10476.9,10464.8,10466.1,2364
2026-05-22 11:15:00+00:00,10466.4,10468.3,10459.6,10463.5,2016
2026-05-22 11:30:00+00:00,10463.8,10471.3,10461.1,10470.3,2068
2026-05-22 11:45:00+00:00,10470.1,10481.0,10470.1,10471.5,2860
2026-05-22 12:00:00+00:00,10471.8,10496.6,10467.3,10486.9,5252
2026-05-22 12:15:00+00:00,10487.9,10490.4,10476.3,10479.7,6268
2026-05-22 12:30:00+00:00,10479.4,10479.7,10467.9,10470.9,2892
2026-05-22 12:45:00+00:00,10470.6,10485.5,10468.4,10483.5,2420
2026-05-22 13:00:00+00:00,10485.0,10489.0,10474.6,10480.3,4324
2026-05-22 13:15:00+00:00,10480.5,10484.3,10472.4,10472.4,2808
2026-05-22 13:30:00+00:00,10472.1,10478.8,10465.5,10478.8,6920
2026-05-22 13:45:00+00:00,10478.3,10482.3,10469.5,10476.0,4744
2026-05-22 14:00:00+00:00,10476.3,10476.3,10449.7,10452.7,6040
2026-05-22 14:15:00+00:00,10452.2,10467.3,10452.2,10464.6,3716
2026-05-22 14:30:00+00:00,10464.4,10467.5,10458.8,10462.5,3228
2026-05-22 14:45:00+00:00,10463.0,10471.7,10463.0,10467.9,3148
2026-05-22 15:00:00+00:00,10468.2,10471.9,10463.7,10471.4,2772
2026-05-22 15:15:00+00:00,10471.1,10480.1,10469.0,10474.4,3068
2026-05-22 15:30:00+00:00,10474.9,10476.4,10460.7,10467.4,5108
2026-05-22 15:45:00+00:00,10467.2,10471.7,10450.9,10455.0,2336
2026-05-22 16:00:00+00:00,10455.2,10459.4,10446.2,10455.9,2388
2026-05-22 16:15:00+00:00,10455.7,10456.2,10447.2,10452.5,2220
2026-05-22 16:30:00+00:00,10452.7,10457.5,10451.2,10453.5,1636
2026-05-22 16:45:00+00:00,10454.0,10457.0,10445.5,10447.0,1508
2026-05-22 17:00:00+00:00,10447.3,10453.3,10447.3,10452.0,1260
2026-05-22 17:15:00+00:00,10451.8,10463.5,10440.0,10462.5,3972
2026-05-22 17:30:00+00:00,10462.7,10469.5,10453.5,10456.5,3540
2026-05-22 17:45:00+00:00,10456.8,10461.3,10455.8,10458.5,1544
2026-05-22 18:00:00+00:00,10458.8,10462.3,10454.0,10459.0,1460
2026-05-22 18:15:00+00:00,10458.8,10463.0,10456.0,10458.8,1084
2026-05-22 18:30:00+00:00,10458.5,10463.8,10457.1,10458.6,1072
2026-05-22 18:45:00+00:00,10458.8,10462.1,10455.1,10459.6,916
2026-05-22 19:00:00+00:00,10459.1,10460.3,10449.9,10454.6,2068
2026-05-22 19:15:00+00:00,10454.1,10455.6,10445.1,10445.6,1080
2026-05-22 19:30:00+00:00,10445.9,10451.9,10444.1,10450.1,1768
2026-05-22 19:45:00+00:00,10450.6,10451.1,10440.2,10443.9,2520
2026-05-26 00:15:00+00:00,10506.2,10520.3,10504.5,10515.8,9396
2026-05-26 00:30:00+00:00,10515.5,10524.8,10514.3,10515.3,7212
2026-05-26 00:45:00+00:00,10515.3,10515.3,10501.8,10507.3,6500
2026-05-26 01:00:00+00:00,10507.2,10511.2,10501.9,10506.8,9936
2026-05-26 01:15:00+00:00,10507.0,10512.0,10499.1,10501.3,7764
2026-05-26 01:30:00+00:00,10501.3,10501.5,10486.8,10489.2,9100
2026-05-26 01:45:00+00:00,10488.8,10503.3,10488.1,10501.8,6324
2026-05-26 02:00:00+00:00,10501.8,10503.7,10497.6,10499.0,5188
2026-05-26 02:15:00+00:00,10499.2,10500.2,10489.7,10494.7,4912
2026-05-26 02:30:00+00:00,10494.5,10497.9,10493.5,10495.7,4744
2026-05-26 02:45:00+00:00,10495.7,10496.1,10492.3,10494.0,4088
2026-05-26 03:00:00+00:00,10493.8,10493.8,10489.7,10489.7,3668
2026-05-26 03:15:00+00:00,10489.7,10501.2,10489.3,10499.5,3712
2026-05-26 03:30:00+00:00,10499.6,10503.6,10499.3,10500.8,3540
2026-05-26 03:45:00+00:00,10500.6,10501.8,10496.6,10500.0,3292
2026-05-26 04:00:00+00:00,10500.0,10500.6,10493.6,10495.8,2864
2026-05-26 04:15:00+00:00,10495.6,10501.4,10494.5,10498.0,3404
2026-05-26 04:30:00+00:00,10498.2,10498.5,10495.3,10495.3,3440
2026-05-26 04:45:00+00:00,10495.3,10495.7,10489.5,10492.8,3972
2026-05-26 05:00:00+00:00,10492.4,10494.8,10487.3,10492.8,2192
2026-05-26 05:15:00+00:00,10492.5,10494.8,10490.5,10493.3,1528
2026-05-26 05:30:00+00:00,10492.8,10496.8,10489.5,10493.3,1752
2026-05-26 05:45:00+00:00,10493.0,10495.3,10488.5,10491.5,1628
2026-05-26 06:00:00+00:00,10491.8,10499.5,10481.8,10498.3,1768
2026-05-26 06:15:00+00:00,10498.0,10503.5,10494.5,10501.3,2180
2026-05-26 06:30:00+00:00,10501.5,10527.5,10500.5,10524.8,2284
2026-05-26 06:45:00+00:00,10525.0,10534.5,10515.5,10531.0,3368
2026-05-26 07:00:00+00:00,10530.5,10548.3,10515.5,10544.5,12828
2026-05-26 07:15:00+00:00,10545.0,10548.3,10535.8,10538.0,5716
2026-05-26 07:30:00+00:00,10538.8,10541.4,10517.9,10535.3,6140
2026-05-26 07:45:00+00:00,10535.5,10546.6,10529.6,10538.0,4592
2026-05-26 08:00:00+00:00,10538.5,10540.5,10529.1,10529.1,4100
2026-05-26 08:15:00+00:00,10528.8,10543.4,10527.4,10539.6,3268
2026-05-26 08:30:00+00:00,10539.4,10542.6,10534.7,10538.7,3524
2026-05-26 08:45:00+00:00,10538.4,10540.4,10527.9,10528.4,2736
2026-05-26 09:00:00+00:00,10528.6,10534.0,10525.4,10530.6,2964
2026-05-26 09:15:00+00:00,10530.1,10547.2,10528.6,10546.4,3108
2026-05-26 09:30:00+00:00,10546.1,10547.4,10529.3,10530.3,2820
2026-05-26 09:45:00+00:00,10530.8,10533.8,10523.8,10527.3,2220
2026-05-26 10:00:00+00:00,10527.6,10534.4,10523.5,10533.6,2368
2026-05-26 10:15:00+00:00,10534.1,10545.3,10530.9,10541.9,3072
2026-05-26 10:30:00+00:00,10542.2,10548.3,10536.1,10538.8,3624
2026-05-26 10:45:00+00:00,10538.6,10542.8,10531.4,10540.1,2096
2026-05-26 11:00:00+00:00,10539.8,10541.6,10533.2,10535.7,2088
2026-05-26 11:15:00+00:00,10535.9,10535.9,10526.8,10526.8,3056
2026-05-26 11:30:00+00:00,10526.5,10527.5,10500.6,10516.7,6208
2026-05-26 11:45:00+00:00,10515.2,10520.6,10513.2,10513.3,3020
2026-05-26 12:00:00+00:00,10512.8,10520.9,10509.0,10519.6,2884
2026-05-26 12:15:00+00:00,10519.4,10525.4,10514.5,10518.7,2596
2026-05-26 12:30:00+00:00,10518.9,10521.4,10512.0,10517.4,2400
2026-05-26 12:45:00+00:00,10517.9,10530.0,10515.9,10529.2,2392
2026-05-26 13:00:00+00:00,10528.7,10540.0,10528.7,10538.7,2608
2026-05-26 13:15:00+00:00,10539.0,10553.6,10538.2,10546.9,3048
2026-05-26 13:30:00+00:00,10546.6,10558.3,10541.3,10546.1,8300
2026-05-26 13:45:00+00:00,10545.9,10548.4,10524.8,10530.7,6872
2026-05-26 14:00:00+00:00,10531.0,10543.4,10522.0,10526.9,5408
2026-05-26 14:15:00+00:00,10526.7,10531.6,10514.7,10516.2,3932
2026-05-26 14:30:00+00:00,10516.4,10520.7,10505.2,10507.5,4800
2026-05-26 14:45:00+00:00,10508.0,10516.3,10506.5,10509.3,3600
2026-05-26 15:00:00+00:00,10509.8,10516.3,10497.6,10506.6,3780
2026-05-26 15:15:00+00:00,10506.4,10507.4,10497.0,10499.5,4100
2026-05-26 15:30:00+00:00,10500.0,10502.2,10485.0,10498.5,6172
2026-05-26 15:45:00+00:00,10498.8,10501.5,10493.6,10497.3,3332
2026-05-26 16:00:00+00:00,10497.8,10502.8,10496.1,10497.8,1824
2026-05-26 16:15:00+00:00,10497.6,10503.8,10496.8,10501.6,1768
2026-05-26 16:30:00+00:00,10501.1,10504.1,10496.9,10499.4,1540
2026-05-26 16:45:00+00:00,10498.9,10500.4,10490.4,10492.1,1512
2026-05-26 17:00:00+00:00,10491.6,10495.4,10485.4,10491.2,1388
2026-05-26 17:15:00+00:00,10491.7,10492.4,10483.2,10483.2,1236
2026-05-26 17:30:00+00:00,10483.0,10489.9,10481.0,10486.7,1420
2026-05-26 17:45:00+00:00,10487.0,10489.0,10484.5,10485.5,1032
2026-05-26 18:00:00+00:00,10486.0,10491.0,10482.7,10490.0,1076
2026-05-26 18:15:00+00:00,10490.2,10491.0,10486.0,10488.0,1168
2026-05-26 18:30:00+00:00,10488.5,10495.0,10487.7,10494.0,920
2026-05-26 18:45:00+00:00,10493.7,10496.0,10492.7,10495.0,1024
2026-05-26 19:00:00+00:00,10494.8,10497.0,10492.8,10494.0,1068
2026-05-26 19:15:00+00:00,10494.3,10500.3,10494.3,10498.0,904
2026-05-26 19:30:00+00:00,10498.5,10505.0,10498.3,10502.3,1168
2026-05-26 19:45:00+00:00,10502.0,10507.3,10500.5,10507.0,1976
2026-05-26 20:00:00+00:00,10505.9,10508.3,10503.7,10503.7,1168
2026-05-26 20:30:00+00:00,10503.0,10504.4,10501.7,10501.7,264
2026-05-26 20:45:00+00:00,10502.0,10502.0,10497.8,10499.2,748
2026-05-26 22:00:00+00:00,10503.1,10503.3,10497.7,10500.0,1460
2026-05-26 22:15:00+00:00,10499.9,10502.6,10498.2,10500.9,1364
2026-05-26 22:30:00+00:00,10501.0,10504.0,10500.9,10501.5,808
2026-05-26 22:45:00+00:00,10501.7,10502.6,10499.5,10501.4,1100
2026-05-26 23:00:00+00:00,10501.5,10503.9,10501.4,10501.9,1008
2026-05-26 23:15:00+00:00,10502.0,10507.3,10501.6,10507.3,1048
2026-05-26 23:30:00+00:00,10507.1,10510.2,10505.1,10510.2,1184
2026-05-26 23:45:00+00:00,10510.5,10512.9,10509.8,10511.6,1920
2026-05-27 00:00:00+00:00,10510.6,10516.4,10507.1,10511.7,5680
2026-05-27 00:15:00+00:00,10511.7,10511.7,10500.0,10504.6,5728
2026-05-27 00:30:00+00:00,10504.5,10507.6,10502.3,10506.3,4552
2026-05-27 00:45:00+00:00,10506.2,10509.1,10506.2,10509.1,4336
2026-05-27 01:00:00+00:00,10509.1,10509.1,10502.6,10505.6,5396
2026-05-27 01:15:00+00:00,10505.8,10506.6,10499.2,10502.3,3468
2026-05-27 01:30:00+00:00,10502.3,10502.3,10491.2,10492.9,5056
2026-05-27 01:45:00+00:00,10492.9,10494.2,10485.0,10487.1,4128
2026-05-27 02:00:00+00:00,10487.0,10492.1,10486.8,10492.1,3324
2026-05-27 02:15:00+00:00,10492.1,10492.7,10490.4,10492.0,2268
2026-05-27 02:30:00+00:00,10491.9,10492.3,10486.6,10487.5,2408
2026-05-27 02:45:00+00:00,10487.5,10491.3,10487.3,10489.0,2128
2026-05-27 03:00:00+00:00,10489.0,10492.8,10486.8,10486.8,2316
2026-05-27 03:15:00+00:00,10486.8,10487.7,10483.2,10485.1,1956
2026-05-27 03:30:00+00:00,10485.1,10485.1,10480.8,10481.3,2844
2026-05-27 03:45:00+00:00,10481.3,10481.3,10474.6,10474.6,2396
2026-05-27 04:00:00+00:00,10474.5,10477.6,10473.7,10476.3,2952
2026-05-27 04:15:00+00:00,10476.3,10477.6,10470.6,10472.6,3480
2026-05-27 04:30:00+00:00,10472.5,10478.1,10470.3,10477.4,3572
2026-05-27 04:45:00+00:00,10477.4,10489.1,10477.2,10487.1,3020
2026-05-27 05:00:00+00:00,10487.1,10487.6,10481.6,10484.4,1608
2026-05-27 05:15:00+00:00,10484.1,10488.4,10479.1,10488.1,568
2026-05-27 05:30:00+00:00,10487.9,10489.1,10478.9,10486.6,1076
2026-05-27 05:45:00+00:00,10486.4,10490.4,10484.7,10488.9,1008
2026-05-27 06:00:00+00:00,10489.2,10500.4,10488.7,10492.4,1384
2026-05-27 06:15:00+00:00,10492.2,10496.2,10488.4,10492.2,1096
2026-05-27 06:30:00+00:00,10491.7,10491.7,10484.7,10487.7,1276
2026-05-27 06:45:00+00:00,10487.2,10496.2,10470.5,10487.0,1468
2026-05-27 07:00:00+00:00,10487.2,10501.3,10482.4,10491.7,6748
2026-05-27 07:15:00+00:00,10491.4,10494.2,10480.2,10480.7,4000
2026-05-27 07:30:00+00:00,10481.2,10483.7,10473.0,10475.2,3092
2026-05-27 07:45:00+00:00,10475.0,10483.5,10472.6,10477.9,2272
2026-05-27 08:00:00+00:00,10477.4,10488.3,10474.2,10475.5,3224
2026-05-27 08:15:00+00:00,10475.3,10476.0,10461.4,10472.1,2916
2026-05-27 08:30:00+00:00,10472.3,10484.3,10467.6,10482.7,2672
2026-05-27 08:45:00+00:00,10483.0,10492.9,10480.5,10485.7,2276
2026-05-27 09:00:00+00:00,10485.2,10501.1,10484.7,10500.7,2796
2026-05-27 09:15:00+00:00,10500.9,10502.9,10490.3,10495.7,2432
2026-05-27 09:30:00+00:00,10495.9,10505.3,10495.9,10505.3,2040
2026-05-27 09:45:00+00:00,10505.3,10512.7,10504.3,10506.0,1800
2026-05-27 10:00:00+00:00,10506.5,10520.0,10505.2,10520.0,1992
2026-05-27 10:15:00+00:00,10519.2,10522.3,10514.0,10521.8,1564
2026-05-27 10:30:00+00:00,10522.3,10522.3,10509.2,10514.8,1900
2026-05-27 10:45:00+00:00,10514.6,10519.7,10510.5,10511.2,1864
2026-05-27 11:00:00+00:00,10511.7,10515.0,10503.8,10507.4,2084
2026-05-27 11:15:00+00:00,10507.6,10511.7,10503.4,10505.5,2112
2026-05-27 11:30:00+00:00,10505.2,10508.5,10495.8,10508.0,2168
2026-05-27 11:45:00+00:00,10507.8,10508.3,10499.3,10499.6,1680
2026-05-27 12:00:00+00:00,10499.9,10499.9,10488.2,10488.5,2320
2026-05-27 12:15:00+00:00,10488.2,10525.1,10485.8,10514.6,9500
2026-05-27 12:30:00+00:00,10514.4,10518.4,10502.0,10506.6,5688
2026-05-27 12:45:00+00:00,10506.4,10508.1,10490.7,10494.2,3556
2026-05-27 13:00:00+00:00,10493.9,10499.0,10491.1,10498.5,3396
2026-05-27 13:15:00+00:00,10498.3,10500.2,10493.0,10496.0,2876
2026-05-27 13:30:00+00:00,10496.4,10505.4,10488.4,10488.7,7252
2026-05-27 13:45:00+00:00,10489.7,10514.4,10487.9,10506.1,5656
2026-05-27 14:00:00+00:00,10506.3,10507.8,10489.4,10490.6,4120
2026-05-27 14:15:00+00:00,10490.3,10493.7,10473.7,10480.6,4636
2026-05-27 14:30:00+00:00,10480.8,10484.0,10461.1,10479.3,4820
2026-05-27 14:45:00+00:00,10479.8,10497.3,10477.3,10496.8,3556
2026-05-27 15:00:00+00:00,10497.1,10510.3,10496.8,10504.5,4040
2026-05-27 15:15:00+00:00,10505.3,10512.3,10501.1,10508.2,3880
2026-05-27 15:30:00+00:00,10508.7,10513.2,10489.0,10490.4,6464
2026-05-27 15:45:00+00:00,10490.7,10497.5,10487.7,10490.2,3264
2026-05-27 16:00:00+00:00,10489.7,10496.7,10485.7,10494.2,2920
2026-05-27 16:15:00+00:00,10494.5,10501.0,10493.5,10495.5,1428
2026-05-27 16:30:00+00:00,10495.2,10500.7,10494.2,10496.0,1044
2026-05-27 16:45:00+00:00,10496.2,10498.5,10491.8,10492.0,920
2026-05-27 17:00:00+00:00,10491.0,10494.5,10484.3,10489.5,1792
2026-05-27 17:15:00+00:00,10489.3,10493.0,10488.0,10489.5,1016
2026-05-27 17:30:00+00:00,10489.3,10492.1,10488.6,10491.6,624
2026-05-27 17:45:00+00:00,10490.6,10490.6,10484.3,10484.6,828
2026-05-27 18:00:00+00:00,10484.3,10487.6,10478.1,10485.9,872
2026-05-27 18:15:00+00:00,10485.4,10492.1,10485.1,10489.1,1132
2026-05-27 18:30:00+00:00,10489.6,10494.9,10489.6,10493.1,832
2026-05-27 18:45:00+00:00,10492.6,10496.1,10490.6,10493.1,828
2026-05-27 19:00:00+00:00,10492.9,10496.9,10491.9,10495.6,600
2026-05-27 19:15:00+00:00,10495.4,10495.6,10491.2,10491.4,600
2026-05-27 19:30:00+00:00,10490.9,10495.7,10489.9,10495.4,716
2026-05-27 19:45:00+00:00,10494.9,10495.2,10486.0,10490.4,1892
2026-05-27 20:00:00+00:00,10490.6,10495.8,10489.6,10495.0,1284
2026-05-27 20:30:00+00:00,10497.7,10500.9,10497.7,10500.7,432
2026-05-27 20:45:00+00:00,10500.9,10508.7,10500.9,10505.5,420
2026-05-27 22:00:00+00:00,10499.0,10499.8,10492.4,10493.4,1452
2026-05-27 22:15:00+00:00,10493.2,10495.4,10488.7,10488.7,1684
2026-05-27 22:30:00+00:00,10488.1,10491.2,10484.9,10488.2,2380
2026-05-27 22:45:00+00:00,10488.3,10490.5,10487.3,10489.6,1380
2026-05-27 23:00:00+00:00,10489.5,10491.5,10487.8,10489.0,1220
2026-05-27 23:15:00+00:00,10488.9,10492.7,10484.6,10487.3,2616
2026-05-27 23:30:00+00:00,10487.1,10487.1,10480.5,10481.5,1780
2026-05-27 23:45:00+00:00,10481.6,10481.7,10476.2,10478.7,2772
2026-05-28 00:00:00+00:00,10475.8,10475.9,10465.5,10466.3,7896
2026-05-28 00:15:00+00:00,10466.3,10473.2,10462.6,10467.0,8540
2026-05-28 00:30:00+00:00,10466.7,10469.8,10459.7,10468.0,8008
2026-05-28 00:45:00+00:00,10468.4,10482.3,10467.8,10479.5,6628
2026-05-28 01:00:00+00:00,10479.5,10481.3,10474.9,10480.0,7604
2026-05-28 01:15:00+00:00,10479.9,10479.9,10468.1,10472.2,6380
2026-05-28 01:30:00+00:00,10472.3,10475.5,10460.5,10462.4,6464
2026-05-28 01:45:00+00:00,10462.4,10464.1,10456.8,10464.1,5672
2026-05-28 02:00:00+00:00,10464.3,10466.1,10452.7,10452.7,5692
2026-05-28 02:15:00+00:00,10452.6,10453.2,10445.3,10445.3,4368
2026-05-28 02:30:00+00:00,10445.4,10447.0,10431.6,10432.7,4620
2026-05-28 02:45:00+00:00,10432.3,10434.5,10426.0,10427.0,4492
2026-05-28 03:00:00+00:00,10427.1,10429.0,10420.5,10425.1,6940
2026-05-28 03:15:00+00:00,10425.1,10426.5,10411.4,10411.6,7396
2026-05-28 03:30:00+00:00,10411.6,10414.5,10390.0,10397.6,12068
2026-05-28 03:45:00+00:00,10397.6,10411.6,10396.8,10409.2,9724
2026-05-28 04:00:00+00:00,10409.2,10410.4,10399.8,10402.7,9692
2026-05-28 04:15:00+00:00,10402.7,10406.3,10395.4,10400.2,8820
2026-05-28 04:30:00+00:00,10400.0,10413.1,10399.2,10408.8,6116
2026-05-28 04:45:00+00:00,10408.9,10410.7,10402.2,10407.1,5988
2026-05-28 05:00:00+00:00,10407.3,10414.5,10402.3,10411.8,2364
2026-05-28 05:15:00+00:00,10412.0,10421.5,10405.8,10421.3,2200
2026-05-28 05:30:00+00:00,10421.8,10440.8,10420.3,10439.3,3092
2026-05-28 05:45:00+00:00,10439.5,10442.3,10434.5,10439.8,1768
2026-05-28 06:00:00+00:00,10440.0,10446.5,10435.0,10438.0,2060
2026-05-28 06:15:00+00:00,10437.5,10442.3,10437.5,10439.0,1436
2026-05-28 06:30:00+00:00,10439.5,10439.5,10427.0,10431.0,1892
2026-05-28 06:45:00+00:00,10431.3,10443.0,10430.8,10434.5,2268
2026-05-28 07:00:00+00:00,10434.3,10439.5,10412.8,10413.0,7948
2026-05-28 07:15:00+00:00,10413.5,10414.0,10400.3,10406.9,5176
2026-05-28 07:30:00+00:00,10406.1,10408.4,10390.6,10399.8,5176
2026-05-28 07:45:00+00:00,10400.3,10416.1,10395.7,10414.6,4372
2026-05-28 08:00:00+00:00,10415.3,10420.6,10403.8,10415.7,4592
2026-05-28 08:15:00+00:00,10415.2,10417.6,10404.5,10408.2,3328
2026-05-28 08:30:00+00:00,10408.0,10410.0,10395.7,10405.1,3224
2026-05-28 08:45:00+00:00,10405.3,10410.4,10402.8,10409.2,2520
2026-05-28 09:00:00+00:00,10409.7,10420.1,10408.9,10420.1,2872
2026-05-28 09:15:00+00:00,10419.8,10437.2,10418.8,10436.5,2524
2026-05-28 09:30:00+00:00,10436.8,10438.3,10422.4,10427.5,2680
2026-05-28 09:45:00+00:00,10428.0,10433.0,10424.7,10425.7,2320
2026-05-28 10:00:00+00:00,10425.5,10427.2,10414.5,10420.1,2520
2026-05-28 10:15:00+00:00,10419.6,10424.6,10408.5,10410.5,2552
2026-05-28 10:30:00+00:00,10411.0,10414.0,10395.9,10396.7,2528
2026-05-28 10:45:00+00:00,10397.2,10400.0,10383.0,10390.7,4536
2026-05-28 11:00:00+00:00,10389.9,10394.2,10381.3,10390.4,4520
2026-05-28 11:15:00+00:00,10390.7,10392.7,10381.2,10383.7,2300
2026-05-28 11:30:00+00:00,10383.4,10397.7,10382.7,10397.2,2352
2026-05-28 11:45:00+00:00,10397.5,10397.5,10386.9,10390.5,2468
2026-05-28 12:00:00+00:00,10391.3,10400.8,10384.9,10400.8,2328
2026-05-28 12:15:00+00:00,10400.6,10400.8,10385.9,10398.0,2624
2026-05-28 12:30:00+00:00,10398.1,10412.9,10395.1,10411.6,3968
2026-05-28 12:45:00+00:00,10411.8,10418.0,10410.6,10417.0,2708
2026-05-28 13:00:00+00:00,10416.7,10432.2,10416.7,10418.8,3324
2026-05-28 13:15:00+00:00,10418.8,10422.8,10413.4,10414.1,2836
2026-05-28 13:30:00+00:00,10414.6,10421.2,10397.3,10415.9,6412
2026-05-28 13:45:00+00:00,10415.6,10420.3,10395.0,10397.8,4448
2026-05-28 14:00:00+00:00,10398.3,10449.4,10383.5,10433.7,10500
2026-05-28 14:15:00+00:00,10434.5,10444.1,10426.2,10430.8,11252
2026-05-28 14:30:00+00:00,10431.1,10434.8,10422.9,10427.0,5860
2026-05-28 14:45:00+00:00,10426.7,10430.7,10409.7,10417.6,6260
2026-05-28 15:00:00+00:00,10418.3,10428.2,10413.6,10426.9,4624
2026-05-28 15:15:00+00:00,10427.2,10434.8,10417.8,10434.1,4516
2026-05-28 15:30:00+00:00,10433.3,10434.8,10411.6,10425.8,5692
2026-05-28 15:45:00+00:00,10426.1,10430.8,10420.3,10427.8,2104
2026-05-28 16:00:00+00:00,10427.5,10431.8,10422.0,10431.0,2268
2026-05-28 16:15:00+00:00,10430.8,10441.0,10427.3,10437.3,3564
2026-05-28 16:30:00+00:00,10437.6,10439.8,10434.6,10438.6,1644
2026-05-28 16:45:00+00:00,10438.8,10450.0,10436.3,10448.5,1700
2026-05-28 17:00:00+00:00,10449.0,10449.8,10437.1,10440.6,1428
2026-05-28 17:15:00+00:00,10440.8,10444.6,10439.1,10442.1,1172
2026-05-28 17:30:00+00:00,10442.6,10444.1,10432.4,10432.6,984
2026-05-28 17:45:00+00:00,10432.4,10436.4,10431.1,10435.9,1040
2026-05-28 18:00:00+00:00,10435.4,10435.4,10423.4,10424.7,1272
2026-05-28 18:15:00+00:00,10424.9,10429.9,10418.5,10420.0,2144
2026-05-28 18:30:00+00:00,10420.2,10420.2,10406.5,10408.5,1832
2026-05-28 18:45:00+00:00,10408.0,10418.2,10406.3,10411.5,1968
2026-05-28 19:00:00+00:00,10411.8,10413.0,10403.3,10404.5,1404
2026-05-28 19:15:00+00:00,10404.8,10410.5,10403.3,10409.5,1132
2026-05-28 19:30:00+00:00,10410.0,10410.0,10402.1,10403.3,1428
2026-05-28 19:45:00+00:00,10403.1,10414.3,10402.8,10407.1,1892
2026-05-28 20:00:00+00:00,10406.7,10413.9,10405.0,10413.7,1032
2026-05-28 20:30:00+00:00,10413.7,10414.7,10411.8,10412.0,468
2026-05-28 20:45:00+00:00,10411.8,10413.7,10411.8,10412.3,560
2026-05-28 22:00:00+00:00,10415.7,10416.5,10410.2,10412.1,1320
2026-05-28 22:15:00+00:00,10412.4,10412.6,10409.5,10410.7,1308
2026-05-28 22:30:00+00:00,10410.9,10412.6,10409.5,10411.4,864
2026-05-28 22:45:00+00:00,10411.5,10412.4,10409.8,10409.8,548
2026-05-28 23:00:00+00:00,10409.9,10412.9,10409.8,10412.4,896
2026-05-28 23:15:00+00:00,10412.3,10414.2,10412.2,10413.4,604
2026-05-28 23:30:00+00:00,10413.1,10413.1,10411.2,10411.5,640
2026-05-28 23:45:00+00:00,10411.2,10411.2,10408.8,10410.5,1292
2026-05-29 00:00:00+00:00,10408.6,10414.4,10407.2,10409.6,5420
2026-05-29 00:15:00+00:00,10409.8,10417.0,10408.9,10409.8,5480
2026-05-29 00:30:00+00:00,10409.8,10410.7,10405.1,10408.3,4820
2026-05-29 00:45:00+00:00,10408.3,10409.4,10404.7,10407.9,3704
2026-05-29 01:00:00+00:00,10407.9,10414.4,10403.0,10411.3,5980
2026-05-29 01:15:00+00:00,10411.3,10416.9,10410.7,10414.4,5296
2026-05-29 01:30:00+00:00,10414.8,10421.5,10411.3,10421.5,5596
2026-05-29 01:45:00+00:00,10421.6,10425.6,10417.8,10421.6,4352
2026-05-29 02:00:00+00:00,10421.8,10423.0,10419.1,10422.1,4836
2026-05-29 02:15:00+00:00,10421.9,10425.8,10415.3,10416.9,3712
2026-05-29 02:30:00+00:00,10416.9,10421.1,10416.6,10418.2,3688
2026-05-29 02:45:00+00:00,10418.2,10418.7,10415.4,10416.2,3808
2026-05-29 03:00:00+00:00,10416.8,10423.9,10416.2,10421.9,4356
2026-05-29 03:15:00+00:00,10422.0,10428.6,10420.7,10426.7,3428
2026-05-29 03:30:00+00:00,10426.5,10433.9,10426.5,10433.5,3628
2026-05-29 03:45:00+00:00,10433.7,10436.1,10430.9,10433.4,4048
2026-05-29 04:00:00+00:00,10433.0,10439.8,10432.8,10438.7,3424
2026-05-29 04:15:00+00:00,10438.5,10443.7,10437.8,10443.2,2720
2026-05-29 04:30:00+00:00,10443.3,10444.7,10440.2,10441.3,2660
2026-05-29 04:45:00+00:00,10441.3,10443.5,10440.4,10442.7,1992
2026-05-29 05:00:00+00:00,10442.9,10444.4,10439.0,10441.5,940
2026-05-29 05:15:00+00:00,10441.2,10443.2,10440.0,10442.0,948
2026-05-29 05:30:00+00:00,10442.2,10442.2,10433.0,10437.3,1244
2026-05-29 05:45:00+00:00,10437.5,10440.2,10436.0,10438.5,1252
2026-05-29 06:00:00+00:00,10438.8,10440.8,10431.8,10432.3,1264
2026-05-29 06:15:00+00:00,10432.5,10435.0,10419.3,10421.3,1352
2026-05-29 06:30:00+00:00,10421.6,10430.8,10419.3,10425.8,1952
2026-05-29 06:45:00+00:00,10426.8,10437.1,10424.8,10436.6,1636
2026-05-29 07:00:00+00:00,10436.3,10443.8,10421.4,10442.0,7240
2026-05-29 07:15:00+00:00,10441.7,10447.8,10427.1,10438.2,3896
2026-05-29 07:30:00+00:00,10438.7,10441.8,10429.8,10432.0,3620
2026-05-29 07:45:00+00:00,10431.7,10448.5,10429.0,10447.7,2308
2026-05-29 08:00:00+00:00,10450.5,10454.7,10444.1,10445.5,3244
2026-05-29 08:15:00+00:00,10446.0,10451.4,10444.0,10450.1,2300
2026-05-29 08:30:00+00:00,10451.1,10451.6,10443.7,10449.9,2120
2026-05-29 08:45:00+00:00,10450.2,10451.6,10439.9,10439.9,2308
2026-05-29 09:00:00+00:00,10440.4,10448.2,10436.4,10444.5,2896
2026-05-29 09:15:00+00:00,10444.0,10450.2,10441.2,10447.4,2736
2026-05-29 09:30:00+00:00,10447.7,10461.0,10446.9,10460.2,1848
2026-05-29 09:45:00+00:00,10460.0,10462.9,10450.2,10451.8,2280
2026-05-29 10:00:00+00:00,10452.0,10453.4,10439.6,10445.7,2280
2026-05-29 10:15:00+00:00,10445.5,10449.5,10441.7,10445.9,1736
2026-05-29 10:30:00+00:00,10445.7,10456.0,10444.2,10454.7,1936
2026-05-29 10:45:00+00:00,10454.2,10456.8,10451.1,10455.5,1612
2026-05-29 11:00:00+00:00,10455.8,10461.2,10451.3,10460.4,1756
2026-05-29 11:15:00+00:00,10460.1,10462.1,10449.1,10449.3,1684
2026-05-29 11:30:00+00:00,10449.1,10451.3,10441.4,10447.8,1836
2026-05-29 11:45:00+00:00,10448.1,10453.1,10439.0,10452.8,2752
2026-05-29 12:00:00+00:00,10452.3,10454.6,10435.6,10439.1,2760
2026-05-29 12:15:00+00:00,10438.6,10452.0,10438.1,10451.5,2028
2026-05-29 12:30:00+00:00,10451.8,10457.0,10442.4,10446.7,2748
2026-05-29 12:45:00+00:00,10446.9,10457.6,10443.1,10454.1,2236
2026-05-29 13:00:00+00:00,10453.4,10455.4,10439.0,10439.9,2712
2026-05-29 13:15:00+00:00,10440.2,10441.4,10429.7,10435.1,2792
2026-05-29 13:30:00+00:00,10435.4,10445.4,10413.2,10413.7,6064
2026-05-29 13:45:00+00:00,10413.2,10421.7,10411.4,10416.1,4440
2026-05-29 14:00:00+00:00,10417.9,10420.3,10412.5,10419.1,4152
2026-05-29 14:15:00+00:00,10418.6,10435.0,10415.1,10431.7,3632
2026-05-29 14:30:00+00:00,10431.4,10447.4,10430.9,10446.9,4204
2026-05-29 14:45:00+00:00,10447.2,10458.8,10439.1,10452.2,6568
2026-05-29 15:00:00+00:00,10452.0,10460.0,10447.7,10457.4,4736
2026-05-29 15:15:00+00:00,10456.9,10461.9,10409.1,10412.1,7224
2026-05-29 15:30:00+00:00,10412.6,10414.3,10379.7,10386.4,14484
2026-05-29 15:45:00+00:00,10386.6,10395.4,10382.7,10394.7,3400
2026-05-29 16:00:00+00:00,10394.9,10406.4,10394.9,10405.9,2348
2026-05-29 16:15:00+00:00,10405.7,10408.9,10400.2,10403.7,1636
2026-05-29 16:30:00+00:00,10403.2,10409.7,10401.9,10406.7,1984
2026-05-29 16:45:00+00:00,10406.9,10407.9,10401.2,10402.5,1020
2026-05-29 17:00:00+00:00,10402.0,10404.7,10395.7,10398.5,960
2026-05-29 17:15:00+00:00,10398.7,10410.0,10398.7,10400.0,1244
2026-05-29 17:30:00+00:00,10399.5,10400.0,10387.0,10387.8,1400
2026-05-29 17:45:00+00:00,10388.0,10391.8,10385.3,10385.8,1408
2026-05-29 18:00:00+00:00,10385.3,10390.6,10380.8,10383.6,1288
2026-05-29 18:15:00+00:00,10383.8,10386.8,10381.3,10382.6,1104
2026-05-29 18:30:00+00:00,10382.8,10389.8,10382.3,10384.4,820
2026-05-29 18:45:00+00:00,10384.1,10384.4,10373.4,10375.9,2424
2026-05-29 19:00:00+00:00,10376.1,10381.6,10374.9,10379.4,932
2026-05-29 19:15:00+00:00,10379.1,10379.4,10375.2,10377.9,1020
2026-05-29 19:30:00+00:00,10378.2,10379.4,10373.4,10373.4,916
2026-05-29 19:45:00+00:00,10373.7,10378.9,10368.0,10369.7,3092
2026-05-31 22:00:00+00:00,10357.5,10366.4,10355.6,10366.4,2060
2026-05-31 22:15:00+00:00,10366.1,10369.3,10364.5,10367.6,1824
2026-05-31 22:30:00+00:00,10367.3,10372.4,10367.3,10372.4,1604
2026-05-31 22:45:00+00:00,10372.9,10376.3,10372.7,10374.8,1376
2026-05-31 23:00:00+00:00,10374.7,10377.0,10373.6,10376.0,1172
2026-05-31 23:15:00+00:00,10376.3,10377.6,10374.4,10377.0,1008
2026-05-31 23:30:00+00:00,10377.2,10378.4,10376.0,10376.7,1032
2026-05-31 23:45:00+00:00,10376.9,10377.9,10373.2,10374.9,1412
2026-06-01 00:00:00+00:00,10370.4,10371.4,10359.3,10362.3,7308
2026-06-01 00:15:00+00:00,10362.3,10371.4,10361.6,10366.7,5636
2026-06-01 00:30:00+00:00,10366.3,10367.5,10362.5,10364.8,3876
2026-06-01 00:45:00+00:00,10365.1,10366.4,10361.4,10365.5,3812
2026-06-01 01:00:00+00:00,10365.5,10375.6,10358.9,10375.5,4928
2026-06-01 01:15:00+00:00,10376.5,10382.6,10375.2,10380.5,3972
2026-06-01 01:30:00+00:00,10380.5,10396.3,10379.3,10396.3,3652
2026-06-01 01:45:00+00:00,10396.4,10398.2,10393.7,10396.7,3080
2026-06-01 02:00:00+00:00,10396.7,10401.5,10395.0,10400.7,3048
2026-06-01 02:15:00+00:00,10400.8,10407.9,10397.4,10407.3,2580
2026-06-01 02:30:00+00:00,10407.1,10409.5,10402.7,10402.7,2424
2026-06-01 02:45:00+00:00,10403.1,10403.6,10400.2,10400.2,1864
2026-06-01 03:00:00+00:00,10400.3,10402.5,10390.5,10390.5,2056
2026-06-01 03:15:00+00:00,10390.5,10391.9,10385.9,10386.6,3700
2026-06-01 03:30:00+00:00,10386.8,10394.4,10379.7,10379.7,3552
2026-06-01 03:45:00+00:00,10379.8,10383.2,10378.1,10381.8,2688
2026-06-01 04:00:00+00:00,10381.8,10387.3,10379.3,10387.3,3100
2026-06-01 04:15:00+00:00,10387.3,10390.7,10386.8,10388.2,2356
2026-06-01 04:30:00+00:00,10388.3,10396.1,10388.2,10391.6,2376
2026-06-01 04:45:00+00:00,10391.5,10391.6,10387.4,10390.2,1920
2026-06-01 05:00:00+00:00,10390.5,10391.0,10386.8,10390.0,668
2026-06-01 05:15:00+00:00,10389.8,10390.0,10384.3,10384.3,904
2026-06-01 05:30:00+00:00,10384.0,10389.5,10383.0,10387.3,1448
2026-06-01 05:45:00+00:00,10387.0,10389.3,10383.0,10385.8,652
2026-06-01 06:00:00+00:00,10386.0,10387.5,10378.3,10384.0,1788
2026-06-01 06:15:00+00:00,10384.3,10386.0,10375.5,10377.3,1000
2026-06-01 06:30:00+00:00,10376.5,10376.5,10365.8,10369.8,1116
2026-06-01 06:45:00+00:00,10370.3,10372.8,10364.3,10368.8,1732
2026-06-01 07:00:00+00:00,10368.3,10390.0,10364.8,10381.0,7524
2026-06-01 07:15:00+00:00,10380.8,10385.3,10371.4,10378.9,4312
2026-06-01 07:30:00+00:00,10378.6,10385.7,10374.2,10381.5,3084
2026-06-01 07:45:00+00:00,10380.8,10394.2,10379.5,10391.1,2148
2026-06-01 08:00:00+00:00,10391.6,10400.7,10386.7,10392.3,3112
2026-06-01 08:15:00+00:00,10392.6,10392.6,10378.7,10386.3,2604
2026-06-01 08:30:00+00:00,10386.5,10392.3,10377.0,10391.3,2648
2026-06-01 08:45:00+00:00,10391.0,10393.5,10384.3,10388.3,2168
2026-06-01 09:00:00+00:00,10388.5,10396.9,10388.2,10392.5,2108
2026-06-01 09:15:00+00:00,10392.2,10399.8,10388.6,10397.9,1916
2026-06-01 09:30:00+00:00,10396.6,10397.6,10385.6,10388.1,1936
2026-06-01 09:45:00+00:00,10387.8,10389.9,10381.5,10386.8,1972
2026-06-01 10:00:00+00:00,10388.1,10396.0,10384.6,10394.5,1848
2026-06-01 10:15:00+00:00,10394.7,10399.7,10392.0,10397.9,1580
2026-06-01 10:30:00+00:00,10398.2,10400.2,10391.2,10391.2,1548
2026-06-01 10:45:00+00:00,10391.5,10395.4,10387.6,10391.5,1564
2026-06-01 11:00:00+00:00,10391.0,10396.0,10382.4,10385.9,2112
2026-06-01 11:15:00+00:00,10386.2,10393.2,10383.3,10393.2,1656
2026-06-01 11:30:00+00:00,10392.9,10410.8,10392.2,10408.0,2100
2026-06-01 11:45:00+00:00,10407.8,10408.0,10395.0,10396.2,1864
2026-06-01 12:00:00+00:00,10395.7,10396.7,10379.4,10379.4,2480
2026-06-01 12:15:00+00:00,10378.7,10388.4,10373.8,10387.9,2776
2026-06-01 12:30:00+00:00,10387.6,10387.9,10373.7,10382.7,2892
2026-06-01 12:45:00+00:00,10382.5,10393.7,10380.8,10389.4,2988
2026-06-01 13:00:00+00:00,10389.1,10393.8,10313.0,10339.3,10900
2026-06-01 13:15:00+00:00,10339.6,10357.2,10318.8,10323.1,11448
2026-06-01 13:30:00+00:00,10322.8,10334.3,10313.1,10324.1,9312
2026-06-01 13:45:00+00:00,10323.6,10336.1,10311.7,10312.0,6776
2026-06-01 14:00:00+00:00,10309.7,10328.5,10307.2,10322.3,8120
2026-06-01 14:15:00+00:00,10322.8,10337.8,10303.0,10320.8,7208
2026-06-01 14:30:00+00:00,10320.3,10324.0,10305.8,10311.2,4944
2026-06-01 14:45:00+00:00,10311.0,10312.2,10291.1,10292.6,4044
2026-06-01 15:00:00+00:00,10292.4,10319.9,10288.2,10312.7,5312
2026-06-01 15:15:00+00:00,10312.2,10327.6,10303.5,10326.3,5380
2026-06-01 15:30:00+00:00,10326.1,10349.5,10324.8,10339.8,8740
2026-06-01 15:45:00+00:00,10340.1,10341.3,10319.1,10321.1,2044
2026-06-01 16:00:00+00:00,10320.6,10326.6,10314.9,10316.9,2836
2026-06-01 16:15:00+00:00,10317.1,10320.9,10310.9,10314.4,1736
2026-06-01 16:30:00+00:00,10315.9,10318.6,10308.9,10311.4,2040
2026-06-01 16:45:00+00:00,10310.9,10332.9,10309.7,10329.4,3076
2026-06-01 17:00:00+00:00,10330.6,10333.1,10325.2,10327.2,1744
2026-06-01 17:15:00+00:00,10326.7,10343.4,10324.7,10342.1,1704
2026-06-01 17:30:00+00:00,10342.4,10364.3,10334.9,10346.4,4796
2026-06-01 17:45:00+00:00,10346.9,10350.4,10341.4,10343.9,1580
2026-06-01 18:00:00+00:00,10343.7,10347.7,10340.4,10346.2,868
2026-06-01 18:15:00+00:00,10346.4,10349.2,10344.4,10345.4,772
2026-06-01 18:30:00+00:00,10345.2,10348.2,10342.9,10346.7,564
2026-06-01 18:45:00+00:00,10346.9,10350.4,10346.4,10347.9,508
2026-06-01 19:00:00+00:00,10348.2,10349.4,10339.7,10341.5,932
2026-06-01 19:15:00+00:00,10341.7,10347.7,10339.7,10347.5,816
2026-06-01 19:30:00+00:00,10347.7,10351.5,10339.7,10343.2,880
2026-06-01 19:45:00+00:00,10343.0,10343.5,10325.5,10329.3,2180
2026-06-01 20:00:00+00:00,10329.3,10331.4,10328.6,10331.0,804
2026-06-01 20:30:00+00:00,10326.9,10333.4,10326.2,10330.6,1160
2026-06-01 20:45:00+00:00,10330.5,10330.5,10322.5,10324.4,1844
2026-06-01 22:00:00+00:00,10318.0,10318.7,10312.1,10314.9,1932
2026-06-01 22:15:00+00:00,10314.8,10316.5,10310.6,10311.0,1804
2026-06-01 22:30:00+00:00,10310.9,10312.3,10307.8,10308.8,1644
2026-06-01 22:45:00+00:00,10308.9,10312.0,10308.1,10311.9,1276
2026-06-01 23:00:00+00:00,10312.1,10312.6,10310.2,10311.2,996
2026-06-01 23:15:00+00:00,10311.0,10313.1,10310.8,10311.7,584
2026-06-01 23:30:00+00:00,10311.8,10314.9,10310.5,10311.9,1512
2026-06-01 23:45:00+00:00,10312.2,10312.9,10308.9,10312.4,1568
2026-06-02 00:00:00+00:00,10312.2,10323.7,10311.3,10317.4,6960
2026-06-02 00:15:00+00:00,10317.3,10322.8,10315.8,10319.4,7136
2026-06-02 00:30:00+00:00,10319.4,10324.2,10313.0,10314.9,6564
2026-06-02 00:45:00+00:00,10314.6,10315.8,10300.7,10304.8,5788
2026-06-02 01:00:00+00:00,10304.7,10319.1,10304.2,10319.1,8632
2026-06-02 01:15:00+00:00,10318.9,10324.4,10312.9,10321.9,6212
2026-06-02 01:30:00+00:00,10322.0,10329.7,10317.8,10318.5,6668
2026-06-02 01:45:00+00:00,10318.5,10318.6,10304.8,10306.4,5940
2026-06-02 02:00:00+00:00,10306.6,10317.8,10305.5,10317.2,5836
2026-06-02 02:15:00+00:00,10317.1,10329.2,10316.5,10327.4,5364
2026-06-02 02:30:00+00:00,10327.6,10333.1,10327.2,10329.6,4448
2026-06-02 02:45:00+00:00,10329.8,10333.4,10328.0,10332.6,3740
2026-06-02 03:00:00+00:00,10332.4,10334.4,10325.5,10331.5,4300
2026-06-02 03:15:00+00:00,10331.4,10335.6,10330.2,10331.5,4728
2026-06-02 03:30:00+00:00,10331.3,10334.7,10327.4,10334.4,5060
2026-06-02 03:45:00+00:00,10334.3,10343.2,10333.9,10342.9,3504
2026-06-02 04:00:00+00:00,10342.9,10349.7,10340.1,10341.5,3424
2026-06-02 04:15:00+00:00,10341.5,10342.5,10340.2,10341.7,2432
2026-06-02 04:30:00+00:00,10341.7,10342.0,10334.7,10337.7,2640
2026-06-02 04:45:00+00:00,10337.5,10346.2,10337.4,10346.2,2596
2026-06-02 05:00:00+00:00,10346.4,10352.0,10345.7,10349.2,1032
2026-06-02 05:15:00+00:00,10349.0,10359.5,10348.2,10358.0,1532
2026-06-02 05:30:00+00:00,10358.7,10362.7,10358.5,10362.0,984
2026-06-02 05:45:00+00:00,10361.7,10363.2,10358.3,10361.2,1220
2026-06-02 06:00:00+00:00,10361.7,10366.5,10356.5,10357.0,1696
2026-06-02 06:15:00+00:00,10356.8,10367.5,10356.5,10365.0,1128
2026-06-02 06:30:00+00:00,10364.5,10371.5,10362.5,10369.0,1888
2026-06-02 06:45:00+00:00,10369.3,10374.8,10360.8,10363.0,1728
2026-06-02 07:00:00+00:00,10362.3,10374.8,10355.0,10363.7,7956
2026-06-02 07:15:00+00:00,10364.2,10370.7,10355.7,10363.9,4688
2026-06-02 07:30:00+00:00,10364.4,10385.6,10358.2,10383.0,3332
2026-06-02 07:45:00+00:00,10382.8,10391.7,10377.8,10390.2,3168
2026-06-02 08:00:00+00:00,10389.9,10395.6,10386.3,10388.1,3160
2026-06-02 08:15:00+00:00,10388.6,10395.7,10377.8,10377.8,2952
2026-06-02 08:30:00+00:00,10378.1,10382.3,10363.8,10371.5,2968
2026-06-02 08:45:00+00:00,10371.8,10385.0,10370.5,10380.4,2108
2026-06-02 09:00:00+00:00,10380.9,10381.3,10368.7,10378.3,2352
2026-06-02 09:15:00+00:00,10378.1,10382.8,10372.1,10372.1,2020
2026-06-02 09:30:00+00:00,10371.6,10373.6,10360.6,10368.9,2344
2026-06-02 09:45:00+00:00,10369.4,10379.8,10369.4,10375.6,1812
2026-06-02 10:00:00+00:00,10374.9,10375.9,10364.3,10369.6,2036
2026-06-02 10:15:00+00:00,10369.4,10381.8,10369.3,10376.3,2036
2026-06-02 10:30:00+00:00,10376.6,10380.5,10372.7,10380.0,1728
2026-06-02 10:45:00+00:00,10380.5,10381.7,10372.8,10373.7,1780
2026-06-02 11:00:00+00:00,10373.2,10378.2,10366.9,10368.9,1832
2026-06-02 11:15:00+00:00,10369.1,10379.3,10367.1,10376.5,1788
2026-06-02 11:30:00+00:00,10376.5,10378.1,10366.9,10371.4,2008
2026-06-02 11:45:00+00:00,10372.1,10372.4,10364.5,10365.7,1516
2026-06-02 12:00:00+00:00,10366.0,10369.7,10358.5,10365.4,2068
2026-06-02 12:15:00+00:00,10365.1,10365.9,10353.6,10357.3,2016
2026-06-02 12:30:00+00:00,10357.8,10357.8,10343.4,10348.9,2888
2026-06-02 12:45:00+00:00,10349.4,10356.0,10346.0,10355.8,2148
2026-06-02 13:00:00+00:00,10356.0,10360.5,10337.9,10340.7,4176
2026-06-02 13:15:00+00:00,10339.9,10344.3,10331.8,10333.1,3264
2026-06-02 13:30:00+00:00,10333.6,10360.8,10333.6,10353.8,6048
2026-06-02 13:45:00+00:00,10353.6,10357.8,10337.5,10342.2,4436
2026-06-02 14:00:00+00:00,10341.9,10361.9,10335.1,10356.9,4368
2026-06-02 14:15:00+00:00,10356.7,10363.6,10354.0,10360.6,3796
2026-06-02 14:30:00+00:00,10360.9,10375.0,10356.9,10373.7,3812
2026-06-02 14:45:00+00:00,10373.9,10378.4,10368.9,10371.4,3300
2026-06-02 15:00:00+00:00,10370.9,10373.7,10362.3,10364.6,3160
2026-06-02 15:15:00+00:00,10364.4,10381.0,10364.2,10374.5,3536
2026-06-02 15:30:00+00:00,10374.3,10380.5,10367.0,10372.8,4528
2026-06-02 15:45:00+00:00,10373.0,10377.3,10362.3,10367.0,2052
2026-06-02 16:00:00+00:00,10367.3,10368.8,10361.8,10365.1,1432
2026-06-02 16:15:00+00:00,10365.3,10366.0,10355.1,10357.8,1280
2026-06-02 16:30:00+00:00,10357.3,10358.1,10351.6,10356.6,1100
2026-06-02 16:45:00+00:00,10356.3,10360.6,10355.1,10358.4,800
2026-06-02 17:00:00+00:00,10358.1,10359.6,10348.6,10348.6,1124
2026-06-02 17:15:00+00:00,10348.9,10352.4,10346.6,10351.2,816
2026-06-02 17:30:00+00:00,10350.9,10354.4,10349.2,10352.2,716
2026-06-02 17:45:00+00:00,10352.4,10356.7,10351.2,10353.4,752
2026-06-02 18:00:00+00:00,10353.7,10360.9,10352.9,10360.2,828
2026-06-02 18:15:00+00:00,10359.9,10369.4,10359.7,10368.2,700
2026-06-02 18:30:00+00:00,10367.9,10373.2,10366.2,10372.2,616
2026-06-02 18:45:00+00:00,10372.4,10375.7,10370.4,10373.7,560
2026-06-02 19:00:00+00:00,10373.9,10374.4,10369.2,10369.2,380
2026-06-02 19:15:00+00:00,10369.7,10375.7,10369.5,10373.7,592
2026-06-02 19:30:00+00:00,10374.0,10376.2,10373.0,10375.2,576
2026-06-02 19:45:00+00:00,10375.5,10384.0,10373.7,10382.2,2136
2026-06-02 20:00:00+00:00,10382.7,10388.4,10382.5,10385.5,1056
2026-06-02 20:30:00+00:00,10384.6,10387.0,10384.6,10386.8,264
2026-06-02 20:45:00+00:00,10387.0,10387.3,10385.6,10385.8,212
2026-06-02 22:00:00+00:00,10380.1,10383.2,10379.2,10380.4,1256
2026-06-02 22:15:00+00:00,10380.5,10383.2,10379.6,10382.0,1376
2026-06-02 22:30:00+00:00,10381.9,10383.7,10381.3,10382.3,768
2026-06-02 22:45:00+00:00,10382.4,10383.3,10377.8,10378.5,1640
2026-06-02 23:00:00+00:00,10378.6,10379.2,10372.1,10373.0,2188
2026-06-02 23:15:00+00:00,10373.3,10373.5,10360.7,10367.9,3852
2026-06-02 23:30:00+00:00,10367.3,10379.7,10365.8,10378.8,3948
2026-06-02 23:45:00+00:00,10378.5,10382.8,10376.2,10381.4,3300
2026-06-03 00:00:00+00:00,10382.0,10390.5,10379.8,10379.9,5624
2026-06-03 00:15:00+00:00,10379.9,10381.4,10374.4,10377.3,5748
2026-06-03 00:30:00+00:00,10377.5,10383.2,10375.8,10383.2,3988
2026-06-03 00:45:00+00:00,10383.0,10383.2,10378.8,10380.8,3032
2026-06-03 01:00:00+00:00,10380.8,10381.1,10370.6,10377.0,5872
2026-06-03 01:15:00+00:00,10377.1,10379.3,10375.7,10377.0,4048
2026-06-03 01:30:00+00:00,10377.0,10381.0,10374.5,10376.3,4892
2026-06-03 01:45:00+00:00,10376.5,10378.0,10374.3,10378.0,3264
2026-06-03 02:00:00+00:00,10378.0,10379.9,10374.9,10375.6,3076
2026-06-03 02:15:00+00:00,10375.6,10375.6,10371.2,10371.7,2256
2026-06-03 02:30:00+00:00,10371.7,10373.3,10369.1,10369.2,2472
2026-06-03 02:45:00+00:00,10369.1,10370.0,10367.4,10369.7,2320
2026-06-03 03:00:00+00:00,10369.4,10378.9,10369.0,10375.9,2620
2026-06-03 03:15:00+00:00,10375.9,10376.5,10371.4,10371.5,1980
2026-06-03 03:30:00+00:00,10371.5,10377.0,10371.5,10376.0,2256
2026-06-03 03:45:00+00:00,10376.0,10376.4,10373.8,10373.8,1956
2026-06-03 04:00:00+00:00,10373.8,10379.7,10373.5,10377.2,1772
2026-06-03 04:15:00+00:00,10377.2,10380.4,10377.0,10379.5,1716
2026-06-03 04:30:00+00:00,10379.5,10379.6,10373.8,10375.5,1636
2026-06-03 04:45:00+00:00,10375.9,10376.0,10372.5,10374.0,2016
2026-06-03 05:00:00+00:00,10373.6,10381.0,10371.3,10379.0,876
2026-06-03 05:15:00+00:00,10379.5,10380.3,10372.1,10373.1,696
2026-06-03 05:30:00+00:00,10373.3,10377.1,10369.8,10376.3,928
2026-06-03 05:45:00+00:00,10375.8,10377.1,10366.6,10369.1,1136
2026-06-03 06:00:00+00:00,10369.4,10373.1,10351.4,10354.4,2468
2026-06-03 06:15:00+00:00,10355.4,10355.9,10345.9,10347.7,1604
2026-06-03 06:30:00+00:00,10347.4,10350.4,10341.0,10346.2,2764
2026-06-03 06:45:00+00:00,10346.0,10350.0,10339.5,10349.5,1960
2026-06-03 07:00:00+00:00,10349.2,10376.7,10348.7,10375.8,9332
2026-06-03 07:15:00+00:00,10375.5,10382.1,10357.1,10361.4,4352
2026-06-03 07:30:00+00:00,10361.2,10361.2,10325.8,10327.3,5056
2026-06-03 07:45:00+00:00,10327.0,10343.5,10324.8,10342.5,2716
2026-06-03 08:00:00+00:00,10343.0,10347.4,10335.1,10340.6,3412
2026-06-03 08:15:00+00:00,10339.9,10342.7,10333.6,10337.9,3456
2026-06-03 08:30:00+00:00,10338.2,10354.0,10334.2,10352.2,3576
2026-06-03 08:45:00+00:00,10352.0,10357.9,10347.3,10354.9,2476
2026-06-03 09:00:00+00:00,10354.7,10357.2,10348.5,10354.0,2388
2026-06-03 09:15:00+00:00,10354.5,10356.0,10342.3,10342.8,2548
2026-06-03 09:30:00+00:00,10343.1,10351.3,10340.4,10344.7,2180
2026-06-03 09:45:00+00:00,10344.9,10349.4,10341.5,10342.0,2280
2026-06-03 10:00:00+00:00,10341.5,10359.3,10339.4,10351.2,6264
2026-06-03 10:15:00+00:00,10351.2,10351.2,10340.0,10346.7,2536
2026-06-03 10:30:00+00:00,10346.7,10347.1,10329.2,10330.2,2560
2026-06-03 10:45:00+00:00,10329.9,10342.6,10321.1,10341.9,2740
2026-06-03 11:00:00+00:00,10341.6,10346.1,10334.6,10337.4,2248
2026-06-03 11:15:00+00:00,10337.6,10346.4,10336.3,10344.2,2220
2026-06-03 11:30:00+00:00,10344.5,10351.8,10344.0,10350.2,1844
2026-06-03 11:45:00+00:00,10350.5,10350.7,10343.6,10344.1,1948
2026-06-03 12:00:00+00:00,10344.4,10345.6,10336.7,10340.3,2044
2026-06-03 12:15:00+00:00,10340.0,10340.5,10331.4,10335.0,2280
2026-06-03 12:30:00+00:00,10334.8,10339.9,10331.2,10339.7,2624
2026-06-03 12:45:00+00:00,10340.2,10357.0,10339.4,10348.4,2148
2026-06-03 13:00:00+00:00,10348.2,10356.7,10346.9,10352.5,2696
2026-06-03 13:15:00+00:00,10352.8,10360.0,10350.0,10357.3,2872
2026-06-03 13:30:00+00:00,10357.5,10368.2,10352.7,10353.5,7580
2026-06-03 13:45:00+00:00,10352.8,10367.0,10343.7,10363.5,5404
2026-06-03 14:00:00+00:00,10363.0,10366.9,10346.6,10347.1,4816
2026-06-03 14:15:00+00:00,10346.9,10354.1,10332.6,10352.9,4884
2026-06-03 14:30:00+00:00,10352.1,10357.1,10331.7,10337.8,3892
2026-06-03 14:45:00+00:00,10337.5,10346.5,10332.9,10339.1,3788
2026-06-03 15:00:00+00:00,10339.4,10347.2,10328.5,10329.3,3524
2026-06-03 15:15:00+00:00,10329.5,10342.9,10328.8,10341.2,4924
2026-06-03 15:30:00+00:00,10341.4,10342.2,10318.4,10319.4,6544
2026-06-03 15:45:00+00:00,10319.9,10332.7,10316.2,10331.2,2192
2026-06-03 16:00:00+00:00,10331.7,10332.4,10321.4,10323.2,2252
2026-06-03 16:15:00+00:00,10322.9,10328.4,10321.7,10324.0,1944
2026-06-03 16:30:00+00:00,10323.5,10329.2,10321.0,10324.7,1472
2026-06-03 16:45:00+00:00,10324.5,10327.5,10321.5,10327.5,1552
2026-06-03 17:00:00+00:00,10327.2,10333.0,10322.5,10326.2,1768
2026-06-03 17:15:00+00:00,10325.7,10328.5,10321.0,10321.5,1044
2026-06-03 17:30:00+00:00,10321.3,10326.0,10318.0,10323.0,644
2026-06-03 17:45:00+00:00,10323.3,10324.8,10321.0,10322.5,624
2026-06-03 18:00:00+00:00,10322.8,10326.8,10322.3,10323.1,580
2026-06-03 18:15:00+00:00,10322.8,10323.6,10318.8,10321.6,644
2026-06-03 18:30:00+00:00,10321.8,10324.1,10318.1,10322.1,988
2026-06-03 18:45:00+00:00,10321.8,10326.8,10321.1,10325.1,748
2026-06-03 19:00:00+00:00,10324.8,10324.8,10317.9,10318.4,996
2026-06-03 19:15:00+00:00,10318.1,10320.1,10315.4,10317.1,1120
2026-06-03 19:30:00+00:00,10316.9,10320.2,10314.2,10318.2,996
2026-06-03 19:45:00+00:00,10317.9,10320.4,10304.5,10307.9,2508
2026-06-03 20:00:00+00:00,10307.2,10308.9,10302.2,10303.2,2552
2026-06-03 20:30:00+00:00,10294.9,10295.6,10280.4,10281.3,2988
2026-06-03 20:45:00+00:00,10281.6,10290.9,10281.3,10289.2,2492
2026-06-03 22:00:00+00:00,10285.4,10287.3,10280.4,10284.7,2612
2026-06-03 22:15:00+00:00,10285.0,10288.2,10279.2,10286.1,3312
2026-06-03 22:30:00+00:00,10285.6,10289.2,10283.5,10285.5,2836
2026-06-03 22:45:00+00:00,10285.4,10293.8,10279.4,10291.3,4080
2026-06-03 23:00:00+00:00,10291.7,10292.5,10283.0,10285.5,3152
2026-06-03 23:15:00+00:00,10285.6,10286.0,10280.4,10283.0,1948
2026-06-03 23:30:00+00:00,10283.2,10285.6,10278.0,10279.4,2476
2026-06-03 23:45:00+00:00,10279.5,10294.2,10278.0,10293.5,3100
2026-06-04 00:00:00+00:00,10288.4,10296.6,10284.2,10288.8,9060
2026-06-04 00:15:00+00:00,10288.8,10293.7,10282.1,10288.1,10348
2026-06-04 00:30:00+00:00,10288.1,10304.0,10287.2,10303.3,8492
2026-06-04 00:45:00+00:00,10303.3,10303.6,10295.4,10299.8,7784
2026-06-04 01:00:00+00:00,10300.0,10313.5,10299.5,10309.8,9080
2026-06-04 01:15:00+00:00,10309.8,10310.0,10295.9,10299.0,7892
2026-06-04 01:30:00+00:00,10299.0,10306.6,10294.5,10297.0,8152
2026-06-04 01:45:00+00:00,10296.9,10300.2,10289.4,10297.0,7856
2026-06-04 02:00:00+00:00,10297.1,10300.8,10292.8,10294.8,7496
2026-06-04 02:15:00+00:00,10294.8,10304.4,10287.0,10301.9,7760
2026-06-04 02:30:00+00:00,10301.9,10302.6,10295.4,10300.2,6364
2026-06-04 02:45:00+00:00,10300.2,10305.5,10297.0,10298.3,4828
2026-06-04 03:00:00+00:00,10297.8,10302.9,10297.0,10301.5,5808
2026-06-04 03:15:00+00:00,10301.3,10301.4,10293.3,10296.8,4192
2026-06-04 03:30:00+00:00,10296.8,10300.2,10286.5,10286.5,5084
2026-06-04 03:45:00+00:00,10285.8,10290.7,10283.8,10290.0,4648
2026-06-04 04:00:00+00:00,10290.4,10291.7,10284.9,10291.7,3812
2026-06-04 04:15:00+00:00,10291.9,10294.1,10290.7,10291.8,3744
2026-06-04 04:30:00+00:00,10291.8,10292.3,10286.2,10290.0,5244
2026-06-04 04:45:00+00:00,10289.8,10291.7,10287.8,10289.0,3440
2026-06-04 05:00:00+00:00,10289.0,10289.0,10278.8,10283.8,2480
2026-06-04 05:15:00+00:00,10284.0,10287.3,10280.5,10283.3,2096
2026-06-04 05:30:00+00:00,10283.5,10290.5,10281.8,10288.5,2860
2026-06-04 05:45:00+00:00,10288.3,10290.8,10284.3,10289.3,1844
2026-06-04 06:00:00+00:00,10289.8,10297.8,10287.0,10291.0,1672
2026-06-04 06:15:00+00:00,10290.8,10293.5,10287.0,10293.5,1904
2026-06-04 06:30:00+00:00,10293.0,10305.0,10291.8,10303.0,2060
2026-06-04 06:45:00+00:00,10301.5,10304.5,10298.0,10303.0,1804
2026-06-04 07:00:00+00:00,10303.8,10337.5,10303.5,10335.0,7168
2026-06-04 07:15:00+00:00,10334.8,10353.5,10333.0,10353.0,4120
2026-06-04 07:30:00+00:00,10352.5,10362.0,10345.9,10346.1,3660
2026-06-04 07:45:00+00:00,10345.9,10352.0,10341.4,10349.6,2996
2026-06-04 08:00:00+00:00,10349.1,10351.1,10327.2,10327.7,4336
2026-06-04 08:15:00+00:00,10327.2,10328.4,10294.1,10311.7,5320
2026-06-04 08:30:00+00:00,10311.9,10322.9,10308.3,10311.9,4860
2026-06-04 08:45:00+00:00,10312.4,10312.4,10284.1,10288.0,3860
2026-06-04 09:00:00+00:00,10287.8,10288.4,10268.4,10278.5,4904
2026-06-04 09:15:00+00:00,10278.0,10284.7,10271.1,10279.0,4292
2026-06-04 09:30:00+00:00,10278.8,10289.9,10277.5,10285.9,3828
2026-06-04 09:45:00+00:00,10285.9,10300.3,10282.1,10294.2,3944
2026-06-04 10:00:00+00:00,10294.0,10295.8,10269.1,10272.4,3780
2026-06-04 10:15:00+00:00,10272.9,10276.4,10264.5,10269.0,3192
2026-06-04 10:30:00+00:00,10269.5,10270.5,10240.9,10247.3,3812
2026-06-04 10:45:00+00:00,10247.8,10252.2,10238.6,10245.5,3764
2026-06-04 11:00:00+00:00,10245.7,10265.4,10244.0,10264.9,4252
2026-06-04 11:15:00+00:00,10264.7,10286.9,10263.9,10281.0,4776
2026-06-04 11:30:00+00:00,10283.3,10288.0,10276.7,10285.6,4844
2026-06-04 11:45:00+00:00,10285.3,10310.4,10285.0,10304.6,4940
2026-06-04 12:00:00+00:00,10304.3,10307.3,10292.4,10295.0,6212
2026-06-04 12:15:00+00:00,10295.7,10312.7,10294.0,10312.2,3388
2026-06-04 12:30:00+00:00,10311.9,10323.9,10309.3,10321.4,3292
2026-06-04 12:45:00+00:00,10321.1,10329.2,10315.2,10325.8,2684
2026-06-04 13:00:00+00:00,10325.1,10331.3,10322.2,10328.9,3244
2026-06-04 13:15:00+00:00,10328.6,10333.5,10323.1,10325.5,3220
2026-06-04 13:30:00+00:00,10325.7,10337.5,10319.3,10329.6,6752
2026-06-04 13:45:00+00:00,10329.9,10350.6,10328.6,10342.6,5084
2026-06-04 14:00:00+00:00,10342.4,10345.1,10334.1,10342.0,5140
2026-06-04 14:15:00+00:00,10341.5,10355.0,10338.3,10339.8,4080
2026-06-04 14:30:00+00:00,10339.3,10345.1,10328.5,10334.7,3820
2026-06-04 14:45:00+00:00,10334.5,10345.8,10330.0,10337.4,3764
2026-06-04 15:00:00+00:00,10336.9,10352.5,10336.6,10346.4,4920
2026-06-04 15:15:00+00:00,10346.6,10352.2,10343.2,10345.2,4296
2026-06-04 15:30:00+00:00,10347.2,10362.9,10342.4,10359.4,4752
2026-06-04 15:45:00+00:00,10358.9,10369.9,10356.4,10368.2,2264
2026-06-04 16:00:00+00:00,10368.4,10381.2,10368.2,10375.9,2172
2026-06-04 16:15:00+00:00,10375.4,10377.2,10371.0,10376.2,1424
2026-06-04 16:30:00+00:00,10376.0,10385.0,10375.5,10381.7,1408
2026-06-04 16:45:00+00:00,10382.0,10383.5,10375.2,10376.2,1084
2026-06-04 17:00:00+00:00,10376.0,10377.5,10371.5,10371.8,868
2026-06-04 17:15:00+00:00,10371.5,10378.0,10371.3,10377.0,892
2026-06-04 17:30:00+00:00,10376.8,10380.3,10372.5,10375.3,1416
2026-06-04 17:45:00+00:00,10375.5,10379.8,10374.8,10377.5,760
2026-06-04 18:00:00+00:00,10377.3,10378.3,10372.1,10374.3,1252
2026-06-04 18:15:00+00:00,10374.1,10386.3,10374.1,10382.8,908
2026-06-04 18:30:00+00:00,10383.3,10388.3,10383.3,10387.8,932
2026-06-04 18:45:00+00:00,10388.1,10393.8,10388.1,10393.1,608
2026-06-04 19:00:00+00:00,10392.6,10395.8,10388.3,10389.6,732
2026-06-04 19:15:00+00:00,10390.1,10393.6,10387.3,10392.1,620
2026-06-04 19:30:00+00:00,10391.6,10399.8,10389.6,10396.8,1032
2026-06-04 19:45:00+00:00,10396.6,10399.6,10388.6,10395.1,1776
2026-06-04 20:00:00+00:00,10397.3,10397.8,10389.2,10389.2,2232
2026-06-04 20:30:00+00:00,10383.1,10385.5,10382.9,10383.4,1176
2026-06-04 20:45:00+00:00,10383.3,10384.4,10381.7,10383.4,960
2026-06-04 22:00:00+00:00,10380.1,10382.0,10378.5,10378.9,1848
2026-06-04 22:15:00+00:00,10378.7,10380.8,10373.4,10376.3,2108
2026-06-04 22:30:00+00:00,10376.6,10378.7,10375.4,10377.0,1688
2026-06-04 22:45:00+00:00,10376.9,10381.1,10376.8,10380.6,1128
2026-06-04 23:00:00+00:00,10380.9,10381.6,10375.4,10375.6,1372
2026-06-04 23:15:00+00:00,10375.5,10376.1,10371.6,10374.5,1652
2026-06-04 23:30:00+00:00,10374.7,10374.7,10371.3,10371.8,1468
2026-06-04 23:45:00+00:00,10371.5,10371.8,10368.7,10369.0,2088
2026-06-05 00:00:00+00:00,10362.1,10366.2,10349.8,10353.5,7980
2026-06-05 00:15:00+00:00,10353.6,10358.0,10342.7,10355.2,9016
2026-06-05 00:30:00+00:00,10356.1,10358.3,10349.0,10353.4,7328
2026-06-05 00:45:00+00:00,10353.2,10354.5,10343.3,10350.1,8180
2026-06-05 01:00:00+00:00,10350.7,10354.9,10343.0,10343.6,7704
2026-06-05 01:15:00+00:00,10343.4,10347.9,10336.5,10347.8,8988
2026-06-05 01:30:00+00:00,10347.8,10356.3,10346.3,10350.7,7116
2026-06-05 01:45:00+00:00,10350.7,10356.0,10344.9,10354.9,7440
2026-06-05 02:00:00+00:00,10355.0,10362.1,10353.0,10360.1,5920
2026-06-05 02:15:00+00:00,10360.1,10364.8,10360.1,10361.5,4908
2026-06-05 02:30:00+00:00,10361.3,10364.6,10358.0,10359.5,5648
2026-06-05 02:45:00+00:00,10359.7,10359.7,10351.4,10351.6,6004
2026-06-05 03:00:00+00:00,10351.8,10354.1,10349.1,10352.3,5932
2026-06-05 03:15:00+00:00,10352.3,10355.3,10348.9,10349.0,6000
2026-06-05 03:30:00+00:00,10349.1,10352.3,10347.1,10350.8,6860
2026-06-05 03:45:00+00:00,10350.8,10350.9,10336.9,10339.1,6168
2026-06-05 04:00:00+00:00,10339.2,10345.4,10337.7,10344.0,6084
2026-06-05 04:15:00+00:00,10343.9,10349.0,10343.2,10345.1,5992
2026-06-05 04:30:00+00:00,10345.1,10351.7,10341.2,10347.2,5936
2026-06-05 04:45:00+00:00,10347.2,10355.0,10346.4,10352.2,4996
2026-06-05 05:00:00+00:00,10352.0,10353.4,10345.2,10348.2,2360
2026-06-05 05:15:00+00:00,10348.5,10352.5,10345.0,10349.7,1768
2026-06-05 05:30:00+00:00,10349.5,10356.7,10349.0,10353.7,2488
2026-06-05 05:45:00+00:00,10354.0,10354.2,10344.7,10347.2,2056
2026-06-05 06:00:00+00:00,10347.7,10369.5,10347.7,10364.5,2336
2026-06-05 06:15:00+00:00,10364.2,10364.2,10358.0,10360.5,1780
2026-06-05 06:30:00+00:00,10360.8,10373.5,10359.5,10371.5,2584
2026-06-05 06:45:00+00:00,10370.5,10396.7,10369.0,10383.0,2360
2026-06-05 07:00:00+00:00,10384.2,10388.0,10332.1,10337.6,9228
2026-06-05 07:15:00+00:00,10338.1,10352.5,10333.1,10346.6,5020
2026-06-05 07:30:00+00:00,10345.6,10357.9,10338.1,10357.4,4276
2026-06-05 07:45:00+00:00,10357.1,10361.1,10351.4,10353.4,3164
2026-06-05 08:00:00+00:00,10353.6,10355.2,10335.8,10353.5,3708
2026-06-05 08:15:00+00:00,10353.7,10373.9,10350.8,10373.9,3688
2026-06-05 08:30:00+00:00,10374.2,10388.8,10370.0,10380.1,3360
2026-06-05 08:45:00+00:00,10380.1,10390.0,10376.9,10388.1,2552
2026-06-05 09:00:00+00:00,10388.3,10413.6,10387.2,10405.4,4556
2026-06-05 09:15:00+00:00,10406.2,10407.7,10395.9,10398.6,3772
2026-06-05 09:30:00+00:00,10398.3,10403.2,10393.9,10395.2,2920
2026-06-05 09:45:00+00:00,10394.9,10401.9,10392.2,10393.5,2472
2026-06-05 10:00:00+00:00,10393.2,10394.0,10382.2,10392.5,2444
2026-06-05 10:15:00+00:00,10392.0,10401.3,10391.3,10399.5,1676
2026-06-05 10:30:00+00:00,10399.8,10400.8,10394.9,10398.9,1776
2026-06-05 10:45:00+00:00,10399.2,10402.8,10395.4,10399.6,1620
2026-06-05 11:00:00+00:00,10399.1,10407.0,10394.1,10403.4,2100
2026-06-05 11:15:00+00:00,10403.1,10403.4,10386.5,10400.4,2572
2026-06-05 11:30:00+00:00,10399.7,10404.9,10397.9,10402.1,2132
2026-06-05 11:45:00+00:00,10402.1,10402.7,10396.8,10399.1,1960
2026-06-05 12:00:00+00:00,10398.8,10409.9,10398.8,10406.3,2388
2026-06-05 12:15:00+00:00,10406.5,10407.3,10399.5,10402.7,2352
2026-06-05 12:30:00+00:00,10402.4,10412.4,10382.3,10400.6,5768
2026-06-05 12:45:00+00:00,10401.1,10411.1,10399.4,10405.9,4016
2026-06-05 13:00:00+00:00,10406.9,10416.6,10400.9,10414.5,4536
2026-06-05 13:15:00+00:00,10414.2,10416.5,10392.1,10397.4,4448
2026-06-05 13:30:00+00:00,10397.2,10405.2,10386.3,10395.6,7768
2026-06-05 13:45:00+00:00,10395.8,10398.3,10380.7,10386.7,5960
2026-06-05 14:00:00+00:00,10387.0,10403.8,10384.0,10388.5,8880
2026-06-05 14:15:00+00:00,10388.8,10395.7,10374.0,10392.4,5812
2026-06-05 14:30:00+00:00,10391.9,10396.8,10386.4,10394.3,5088
2026-06-05 14:45:00+00:00,10394.8,10403.7,10391.3,10393.3,4280
2026-06-05 15:00:00+00:00,10393.6,10399.4,10384.9,10388.0,4016
2026-06-05 15:15:00+00:00,10388.8,10390.3,10373.0,10374.2,4284
2026-06-05 15:30:00+00:00,10374.7,10376.7,10349.0,10350.0,6296
2026-06-05 15:45:00+00:00,10350.5,10356.3,10348.0,10350.0,2204
2026-06-05 16:00:00+00:00,10349.5,10355.0,10344.5,10349.5,3024
2026-06-05 16:15:00+00:00,10350.0,10357.5,10348.0,10355.0,2444
2026-06-05 16:30:00+00:00,10354.8,10356.0,10348.1,10350.3,2460
2026-06-05 16:45:00+00:00,10350.1,10362.3,10345.6,10360.6,3148
2026-06-05 17:00:00+00:00,10361.1,10361.1,10351.6,10353.3,2192
2026-06-05 17:15:00+00:00,10353.6,10364.1,10349.6,10362.8,2752
2026-06-05 17:30:00+00:00,10362.6,10374.1,10362.1,10365.3,2948
2026-06-05 17:45:00+00:00,10365.1,10374.6,10363.6,10373.6,2192
2026-06-05 18:00:00+00:00,10374.1,10376.6,10363.9,10364.1,2300
2026-06-05 18:15:00+00:00,10363.6,10369.4,10356.6,10361.6,3848
2026-06-05 18:30:00+00:00,10361.1,10365.1,10359.6,10362.7,2904
2026-06-05 18:45:00+00:00,10362.4,10363.2,10344.7,10346.2,4796
2026-06-05 19:00:00+00:00,10345.7,10347.2,10323.2,10324.7,4372
2026-06-05 19:15:00+00:00,10324.5,10337.5,10315.3,10336.7,6064
2026-06-05 19:30:00+00:00,10337.2,10338.7,10324.8,10330.3,6256
2026-06-05 19:45:00+00:00,10330.8,10345.5,10327.8,10336.8,6588
2026-06-07 22:00:00+00:00,10308.8,10322.7,10300.5,10322.2,4772
2026-06-07 22:15:00+00:00,10322.1,10331.7,10318.3,10319.7,6156
2026-06-07 22:30:00+00:00,10320.0,10327.1,10317.0,10321.4,4536
2026-06-07 22:45:00+00:00,10321.3,10324.3,10292.0,10303.8,6304
2026-06-07 23:00:00+00:00,10304.3,10321.8,10304.1,10320.7,5244
2026-06-07 23:15:00+00:00,10320.4,10320.9,10287.6,10293.0,4888
2026-06-07 23:30:00+00:00,10292.9,10308.4,10292.5,10308.2,3868
2026-06-07 23:45:00+00:00,10308.4,10332.4,10306.9,10330.1,5212
2026-06-08 00:00:00+00:00,10335.8,10340.5,10319.9,10330.4,9608
2026-06-08 00:15:00+00:00,10330.3,10341.7,10326.8,10336.5,8632
2026-06-08 00:30:00+00:00,10337.4,10353.3,10337.3,10342.0,8924
2026-06-08 00:45:00+00:00,10342.1,10343.6,10335.5,10340.9,11208
2026-06-08 01:00:00+00:00,10340.9,10351.6,10334.9,10335.1,15048
2026-06-08 01:15:00+00:00,10335.1,10336.8,10309.1,10310.4,19892
2026-06-08 01:30:00+00:00,10310.5,10336.0,10290.6,10334.9,19544
2026-06-08 01:45:00+00:00,10334.6,10345.4,10334.4,10345.2,14512
2026-06-08 02:00:00+00:00,10345.3,10349.9,10338.3,10348.6,14740
2026-06-08 02:15:00+00:00,10348.8,10350.6,10338.0,10350.0,12372
2026-06-08 02:30:00+00:00,10350.0,10363.8,10341.9,10363.8,11388
2026-06-08 02:45:00+00:00,10363.7,10368.8,10358.9,10364.3,9608
2026-06-08 03:00:00+00:00,10364.4,10366.1,10358.5,10360.8,9444
2026-06-08 03:15:00+00:00,10361.0,10362.7,10354.1,10359.1,9012
2026-06-08 03:30:00+00:00,10359.5,10363.5,10353.9,10356.8,8668
2026-06-08 03:45:00+00:00,10357.0,10358.3,10344.0,10344.1,7916
2026-06-08 04:00:00+00:00,10344.1,10350.3,10337.7,10342.8,9400
2026-06-08 04:15:00+00:00,10342.8,10347.0,10330.9,10340.1,8636
2026-06-08 04:30:00+00:00,10340.6,10343.6,10320.3,10321.6,10296
2026-06-08 04:45:00+00:00,10321.6,10328.1,10313.0,10315.0,8524
2026-06-08 05:00:00+00:00,10314.8,10327.8,10314.0,10314.6,4988
2026-06-08 05:15:00+00:00,10314.3,10325.3,10312.1,10321.3,7168
2026-06-08 05:30:00+00:00,10320.8,10322.8,10296.6,10297.3,6296
2026-06-08 05:45:00+00:00,10297.8,10300.6,10292.1,10299.1,4856
2026-06-08 06:00:00+00:00,10298.6,10304.6,10286.6,10290.3,5612
2026-06-08 06:15:00+00:00,10290.1,10316.3,10287.6,10310.8,4736
2026-06-08 06:30:00+00:00,10310.6,10317.3,10293.1,10299.3,5140
2026-06-08 06:45:00+00:00,10298.8,10310.3,10291.8,10307.3,4216
2026-06-08 07:00:00+00:00,10307.6,10340.1,10304.1,10333.3,14084
2026-06-08 07:15:00+00:00,10333.8,10358.5,10323.3,10351.5,9504
2026-06-08 07:30:00+00:00,10351.3,10351.5,10327.8,10333.5,7396
2026-06-08 07:45:00+00:00,10333.3,10347.0,10329.5,10334.0,4924
2026-06-08 08:00:00+00:00,10334.3,10342.1,10320.0,10330.9,6756
2026-06-08 08:15:00+00:00,10330.4,10339.4,10325.4,10333.0,7112
2026-06-08 08:30:00+00:00,10333.3,10337.0,10318.1,10322.9,5476
2026-06-08 08:45:00+00:00,10322.7,10332.1,10317.7,10328.3,5488
2026-06-08 09:00:00+00:00,10328.8,10338.8,10326.5,10337.7,4636
2026-06-08 09:15:00+00:00,10338.0,10352.8,10336.4,10340.4,3732
2026-06-08 09:30:00+00:00,10340.9,10358.1,10330.8,10351.7,7768
2026-06-08 09:45:00+00:00,10351.4,10368.3,10350.4,10368.3,4736
2026-06-08 10:00:00+00:00,10368.8,10379.6,10354.2,10376.8,5644
2026-06-08 10:15:00+00:00,10377.1,10377.6,10365.9,10373.2,3884
2026-06-08 10:30:00+00:00,10373.0,10401.4,10372.0,10385.4,7472
2026-06-08 10:45:00+00:00,10385.6,10386.9,10367.6,10370.3,3904
2026-06-08 11:00:00+00:00,10370.1,10402.8,10360.3,10402.8,7008
2026-06-08 11:15:00+00:00,10402.3,10411.5,10388.4,10393.0,10556
2026-06-08 11:30:00+00:00,10393.2,10396.7,10384.7,10385.7,5008
2026-06-08 11:45:00+00:00,10385.5,10385.7,10373.7,10379.1,3652
2026-06-08 12:00:00+00:00,10378.6,10386.1,10373.2,10374.2,5152
2026-06-08 12:15:00+00:00,10374.0,10384.8,10369.4,10379.4,3960
2026-06-08 12:30:00+00:00,10378.9,10387.3,10376.8,10380.3,3876
2026-06-08 12:45:00+00:00,10380.6,10380.8,10369.9,10375.7,3700
2026-06-08 13:00:00+00:00,10376.0,10381.9,10354.6,10354.6,4120
2026-06-08 13:15:00+00:00,10353.9,10365.6,10351.3,10361.0,5108
2026-06-08 13:30:00+00:00,10360.8,10384.0,10360.8,10364.7,10328
2026-06-08 13:45:00+00:00,10365.2,10380.2,10363.5,10372.5,6948
2026-06-08 14:00:00+00:00,10372.2,10377.5,10346.2,10351.2,7508
2026-06-08 14:15:00+00:00,10351.4,10352.6,10338.5,10340.8,5820
2026-06-08 14:30:00+00:00,10340.0,10366.5,10340.0,10366.2,5356
2026-06-08 14:45:00+00:00,10366.5,10374.5,10364.3,10373.4,4232
2026-06-08 15:00:00+00:00,10373.1,10376.9,10363.0,10372.5,4464
2026-06-08 15:15:00+00:00,10372.0,10381.0,10364.7,10369.5,5360
2026-06-08 15:30:00+00:00,10368.7,10382.4,10362.7,10379.7,7268
2026-06-08 15:45:00+00:00,10380.2,10382.5,10371.2,10374.7,4164
2026-06-08 16:00:00+00:00,10374.5,10376.5,10361.0,10364.5,3576
2026-06-08 16:15:00+00:00,10364.7,10366.5,10354.0,10354.0,3392
2026-06-08 16:30:00+00:00,10354.3,10356.0,10346.0,10349.5,3440
2026-06-08 16:45:00+00:00,10349.8,10355.5,10348.6,10348.6,2564
2026-06-08 17:00:00+00:00,10348.3,10348.3,10330.1,10334.1,3460
2026-06-08 17:15:00+00:00,10334.6,10335.6,10323.1,10334.6,3472
2026-06-08 17:30:00+00:00,10334.4,10336.6,10324.1,10326.1,4860
2026-06-08 17:45:00+00:00,10326.4,10335.1,10326.1,10333.1,2712
2026-06-08 18:00:00+00:00,10333.4,10346.9,10333.4,10339.1,2844
2026-06-08 18:15:00+00:00,10339.4,10351.6,10338.9,10350.4,2396
2026-06-08 18:30:00+00:00,10350.6,10358.1,10346.2,10350.7,2532
2026-06-08 18:45:00+00:00,10350.9,10355.2,10348.7,10353.2,1784
2026-06-08 19:00:00+00:00,10353.4,10354.7,10342.9,10344.9,2676
2026-06-08 19:15:00+00:00,10345.2,10347.7,10331.7,10339.2,2880
2026-06-08 19:30:00+00:00,10339.7,10346.2,10330.7,10333.5,3576
2026-06-08 19:45:00+00:00,10333.2,10354.2,10332.7,10353.5,4508
2026-06-08 20:00:00+00:00,10355.0,10356.2,10348.4,10349.0,2968
2026-06-08 20:30:00+00:00,10348.5,10349.5,10346.0,10346.8,1252
2026-06-08 20:45:00+00:00,10347.1,10348.5,10344.4,10347.1,1112
2026-06-08 22:00:00+00:00,10341.8,10343.5,10329.0,10330.9,3380
2026-06-08 22:15:00+00:00,10331.0,10334.2,10324.3,10329.3,3932
2026-06-08 22:30:00+00:00,10329.2,10337.9,10329.1,10336.9,2768
2026-06-08 22:45:00+00:00,10336.8,10345.4,10335.2,10344.3,2240
2026-06-08 23:00:00+00:00,10344.5,10349.1,10341.4,10348.4,2416
2026-06-08 23:15:00+00:00,10348.5,10348.7,10344.0,10344.9,2424
2026-06-08 23:30:00+00:00,10344.5,10351.5,10343.3,10345.6,3268
2026-06-08 23:45:00+00:00,10345.7,10349.7,10336.1,10348.2,5000
2026-06-09 00:00:00+00:00,10337.4,10342.0,10327.2,10333.3,10864
2026-06-09 00:15:00+00:00,10333.3,10340.3,10331.6,10337.9,10644
2026-06-09 00:30:00+00:00,10337.9,10339.0,10323.0,10331.5,10276
2026-06-09 00:45:00+00:00,10331.6,10334.9,10327.3,10331.7,9972
2026-06-09 01:00:00+00:00,10331.8,10339.7,10328.0,10337.9,11712
2026-06-09 01:15:00+00:00,10338.0,10357.5,10336.4,10349.8,12936
2026-06-09 01:30:00+00:00,10349.9,10353.0,10343.5,10346.4,12024
2026-06-09 01:45:00+00:00,10346.4,10354.9,10345.5,10346.9,10732
2026-06-09 02:00:00+00:00,10346.9,10352.4,10344.9,10349.5,9788
2026-06-09 02:15:00+00:00,10349.5,10349.5,10343.1,10346.5,8620
2026-06-09 02:30:00+00:00,10346.7,10350.9,10341.5,10346.6,9344
2026-06-09 02:45:00+00:00,10347.2,10350.2,10342.9,10348.5,7156
2026-06-09 03:00:00+00:00,10348.5,10353.9,10346.9,10353.7,7232
2026-06-09 03:15:00+00:00,10353.6,10359.4,10348.5,10351.5,7296
2026-06-09 03:30:00+00:00,10351.5,10365.7,10351.3,10364.8,7416
2026-06-09 03:45:00+00:00,10364.8,10366.4,10362.0,10363.5,5780
2026-06-09 04:00:00+00:00,10363.5,10366.2,10359.1,10364.4,5324
2026-06-09 04:15:00+00:00,10364.5,10370.0,10363.3,10369.5,4956
2026-06-09 04:30:00+00:00,10369.5,10370.6,10365.8,10369.0,5048
2026-06-09 04:45:00+00:00,10369.4,10373.8,10366.8,10367.1,5032
2026-06-09 05:00:00+00:00,10366.9,10373.3,10366.0,10367.0,2000
2026-06-09 05:15:00+00:00,10367.3,10370.0,10363.8,10364.3,1896
2026-06-09 05:30:00+00:00,10364.0,10374.5,10362.8,10370.0,3552
2026-06-09 05:45:00+00:00,10370.3,10373.5,10363.1,10366.8,2320
2026-06-09 06:00:00+00:00,10366.6,10369.1,10358.6,10360.3,3148
2026-06-09 06:15:00+00:00,10360.8,10366.6,10358.6,10358.9,1800
2026-06-09 06:30:00+00:00,10359.6,10370.4,10358.4,10369.6,2200
2026-06-09 06:45:00+00:00,10370.1,10372.6,10352.9,10352.9,2116
2026-06-09 07:00:00+00:00,10353.4,10356.1,10328.2,10336.4,9804
2026-06-09 07:15:00+00:00,10336.9,10338.5,10311.6,10322.7,6244
2026-06-09 07:30:00+00:00,10323.2,10332.8,10319.2,10324.1,5392
2026-06-09 07:45:00+00:00,10323.6,10336.6,10323.6,10328.2,4220
2026-06-09 08:00:00+00:00,10327.9,10349.7,10323.0,10345.7,6296
2026-06-09 08:15:00+00:00,10345.4,10351.3,10336.8,10338.4,4248
2026-06-09 08:30:00+00:00,10338.7,10343.0,10331.3,10342.0,2992
2026-06-09 08:45:00+00:00,10342.2,10346.2,10338.5,10340.4,2708
2026-06-09 09:00:00+00:00,10339.9,10346.8,10336.4,10340.6,2856
2026-06-09 09:15:00+00:00,10340.8,10346.2,10330.8,10332.3,2324
2026-06-09 09:30:00+00:00,10332.6,10346.8,10329.6,10344.2,2644
2026-06-09 09:45:00+00:00,10344.4,10348.4,10339.4,10339.9,2212
2026-06-09 10:00:00+00:00,10340.2,10352.2,10328.0,10351.9,4336
2026-06-09 10:15:00+00:00,10352.2,10352.9,10343.3,10347.8,2040
2026-06-09 10:30:00+00:00,10348.0,10355.9,10347.3,10353.7,1944
2026-06-09 10:45:00+00:00,10353.4,10356.5,10347.8,10352.8,2124
2026-06-09 11:00:00+00:00,10353.0,10355.3,10345.6,10349.1,2368
2026-06-09 11:15:00+00:00,10348.9,10365.4,10348.1,10362.1,2112
2026-06-09 11:30:00+00:00,10362.4,10363.2,10356.0,10357.6,2180
2026-06-09 11:45:00+00:00,10357.9,10359.6,10347.7,10351.6,2228
2026-06-09 12:00:00+00:00,10351.1,10353.7,10340.6,10341.2,2752
2026-06-09 12:15:00+00:00,10341.5,10348.4,10340.0,10346.7,2448
2026-06-09 12:30:00+00:00,10347.4,10348.9,10336.1,10336.1,2924
2026-06-09 12:45:00+00:00,10336.4,10336.6,10322.5,10331.4,3120
2026-06-09 13:00:00+00:00,10331.6,10347.7,10324.9,10335.9,4836
2026-06-09 13:15:00+00:00,10335.1,10339.0,10326.2,10335.7,3260
2026-06-09 13:30:00+00:00,10336.2,10351.0,10335.7,10340.3,6788
2026-06-09 13:45:00+00:00,10340.0,10352.5,10327.7,10329.5,6668
2026-06-09 14:00:00+00:00,10330.0,10343.1,10325.3,10334.7,6744
2026-06-09 14:15:00+00:00,10334.4,10340.6,10317.1,10331.6,8004
2026-06-09 14:30:00+00:00,10331.3,10336.3,10294.9,10295.2,6796
2026-06-09 14:45:00+00:00,10294.9,10296.2,10265.1,10285.6,10528
2026-06-09 15:00:00+00:00,10286.1,10291.3,10274.7,10281.5,8352
2026-06-09 15:15:00+00:00,10281.7,10286.7,10237.4,10237.6,8908
2026-06-09 15:30:00+00:00,10237.9,10242.6,10218.9,10228.4,14868
2026-06-09 15:45:00+00:00,10228.9,10244.1,10216.9,10216.9,9008
2026-06-09 16:00:00+00:00,10217.2,10234.7,10216.7,10225.9,9376
2026-06-09 16:15:00+00:00,10225.7,10230.5,10211.2,10228.2,9404
2026-06-09 16:30:00+00:00,10228.0,10236.0,10182.3,10196.8,18992
2026-06-09 16:45:00+00:00,10196.3,10215.3,10195.3,10213.3,12916
2026-06-09 17:00:00+00:00,10213.0,10236.7,10211.8,10234.2,9712
2026-06-09 17:15:00+00:00,10234.0,10259.7,10230.5,10256.2,7896
2026-06-09 17:30:00+00:00,10256.0,10271.0,10251.2,10263.7,4560
2026-06-09 17:45:00+00:00,10263.2,10268.0,10257.3,10262.8,4756
2026-06-09 18:00:00+00:00,10263.8,10269.8,10259.3,10267.5,5124
2026-06-09 18:15:00+00:00,10267.3,10282.2,10263.8,10279.3,4980
2026-06-09 18:30:00+00:00,10278.8,10285.3,10276.8,10277.8,4340
2026-06-09 18:45:00+00:00,10277.5,10293.3,10277.3,10291.8,3564
2026-06-09 19:00:00+00:00,10291.5,10295.8,10287.3,10289.3,3312
2026-06-09 19:15:00+00:00,10289.5,10289.5,10273.3,10280.8,6144
2026-06-09 19:30:00+00:00,10280.6,10283.8,10271.1,10276.1,6504
2026-06-09 19:45:00+00:00,10276.6,10297.8,10275.3,10293.3,6124
2026-06-09 20:00:00+00:00,10293.3,10300.2,10285.3,10287.3,7108
2026-06-09 20:30:00+00:00,10291.2,10295.1,10288.0,10292.5,2964
2026-06-09 20:45:00+00:00,10292.7,10293.9,10287.3,10291.0,2424
2026-06-09 22:00:00+00:00,10281.0,10284.9,10277.6,10283.1,3288
2026-06-09 22:15:00+00:00,10283.2,10287.6,10278.1,10279.7,3536
2026-06-09 22:30:00+00:00,10279.8,10280.1,10268.4,10272.9,4596
2026-06-09 22:45:00+00:00,10273.0,10274.3,10266.1,10272.5,4272
2026-06-09 23:00:00+00:00,10272.7,10281.4,10270.9,10272.5,4384
2026-06-09 23:15:00+00:00,10272.6,10274.2,10269.1,10269.7,3164
2026-06-09 23:30:00+00:00,10269.4,10272.9,10267.4,10272.1,3492
2026-06-09 23:45:00+00:00,10272.0,10280.9,10270.9,10280.9,5228
2026-06-10 00:00:00+00:00,10279.5,10293.9,10279.5,10290.2,11808
2026-06-10 00:15:00+00:00,10290.2,10292.4,10284.0,10289.6,11296
2026-06-10 00:30:00+00:00,10289.9,10290.7,10274.3,10277.9,11436
2026-06-10 00:45:00+00:00,10277.9,10297.4,10277.6,10292.9,12212
2026-06-10 01:00:00+00:00,10293.0,10303.1,10290.4,10299.1,11380
2026-06-10 01:15:00+00:00,10298.7,10306.0,10289.2,10290.5,9828
2026-06-10 01:30:00+00:00,10290.3,10292.4,10277.5,10277.8,12100
2026-06-10 01:45:00+00:00,10277.8,10282.6,10268.2,10273.2,10932
2026-06-10 02:00:00+00:00,10273.2,10274.3,10264.1,10271.1,10032
2026-06-10 02:15:00+00:00,10271.5,10275.2,10269.0,10273.3,8776
2026-06-10 02:30:00+00:00,10273.4,10276.3,10264.1,10269.1,9232
2026-06-10 02:45:00+00:00,10268.9,10274.6,10261.8,10262.1,7508
2026-06-10 03:00:00+00:00,10262.2,10272.6,10261.9,10269.7,8440
2026-06-10 03:15:00+00:00,10269.9,10273.7,10264.1,10266.1,8368
2026-06-10 03:30:00+00:00,10266.0,10267.6,10255.8,10256.6,8448
2026-06-10 03:45:00+00:00,10256.6,10260.1,10253.3,10258.3,6764
2026-06-10 04:00:00+00:00,10258.4,10261.1,10248.9,10251.0,6256
2026-06-10 04:15:00+00:00,10250.9,10252.6,10241.7,10241.7,7576
2026-06-10 04:30:00+00:00,10241.7,10242.4,10232.4,10232.5,8200
2026-06-10 04:45:00+00:00,10232.4,10238.7,10230.5,10231.0,8208
2026-06-10 05:00:00+00:00,10231.0,10234.0,10225.8,10227.5,2952
2026-06-10 05:15:00+00:00,10227.8,10236.5,10220.3,10236.5,3208
2026-06-10 05:30:00+00:00,10236.3,10241.0,10229.0,10230.5,5176
2026-06-10 05:45:00+00:00,10230.0,10240.3,10226.1,10238.3,3800
2026-06-10 06:00:00+00:00,10238.5,10260.3,10238.5,10260.0,2952
2026-06-10 06:15:00+00:00,10259.3,10263.3,10247.8,10249.6,2652
2026-06-10 06:30:00+00:00,10249.3,10254.8,10243.6,10252.1,2344
2026-06-10 06:45:00+00:00,10251.3,10254.6,10240.1,10249.1,1664
2026-06-10 07:00:00+00:00,10248.6,10263.0,10225.8,10250.4,8648
2026-06-10 07:15:00+00:00,10249.9,10254.1,10233.7,10236.4,5508
2026-06-10 07:30:00+00:00,10235.9,10250.3,10233.6,10249.8,4912
2026-06-10 07:45:00+00:00,10249.3,10249.8,10232.9,10239.1,3944
2026-06-10 08:00:00+00:00,10239.4,10244.9,10229.3,10234.0,5944
2026-06-10 08:15:00+00:00,10234.3,10240.6,10222.9,10229.0,5108
2026-06-10 08:30:00+00:00,10228.5,10232.0,10211.4,10212.9,4476
2026-06-10 08:45:00+00:00,10212.2,10215.4,10196.6,10201.5,5104
2026-06-10 09:00:00+00:00,10201.8,10202.0,10183.0,10185.0,5672
2026-06-10 09:15:00+00:00,10184.5,10190.2,10172.2,10188.6,4208
2026-06-10 09:30:00+00:00,10188.4,10196.0,10170.3,10175.8,4136
2026-06-10 09:45:00+00:00,10176.1,10181.8,10167.5,10179.4,3840
2026-06-10 10:00:00+00:00,10179.9,10179.9,10165.8,10169.2,4216
2026-06-10 10:15:00+00:00,10169.2,10186.7,10161.8,10184.0,3888
2026-06-10 10:30:00+00:00,10183.2,10189.7,10176.1,10180.5,4380
2026-06-10 10:45:00+00:00,10181.2,10191.3,10179.0,10188.1,3968
2026-06-10 11:00:00+00:00,10188.6,10196.8,10125.0,10158.6,13284
2026-06-10 11:15:00+00:00,10158.3,10173.4,10129.7,10156.6,9132
2026-06-10 11:30:00+00:00,10156.1,10175.0,10149.6,10172.3,7136
2026-06-10 11:45:00+00:00,10172.5,10185.9,10168.8,10179.4,4248
2026-06-10 12:00:00+00:00,10179.7,10191.1,10175.7,10182.0,5260
2026-06-10 12:15:00+00:00,10182.3,10199.9,10179.3,10198.8,4944
2026-06-10 12:30:00+00:00,10193.3,10220.5,10193.3,10215.7,10448
2026-06-10 12:45:00+00:00,10215.9,10226.2,10215.4,10218.9,5020
2026-06-10 13:00:00+00:00,10219.2,10225.1,10208.5,10213.0,4340
2026-06-10 13:15:00+00:00,10213.2,10225.0,10212.4,10222.9,3296
2026-06-10 13:30:00+00:00,10223.2,10243.6,10211.8,10243.0,9024
2026-06-10 13:45:00+00:00,10243.3,10243.8,10226.7,10241.9,6692
2026-06-10 14:00:00+00:00,10242.1,10244.1,10224.6,10226.1,6228
2026-06-10 14:15:00+00:00,10226.3,10233.8,10220.6,10230.6,4912
2026-06-10 14:30:00+00:00,10230.3,10255.5,10229.8,10247.5,5016
2026-06-10 14:45:00+00:00,10247.0,10263.5,10245.5,10251.6,5928
2026-06-10 15:00:00+00:00,10251.8,10264.4,10246.9,10256.1,5748
2026-06-10 15:15:00+00:00,10255.9,10262.1,10245.9,10254.2,5796
2026-06-10 15:30:00+00:00,10254.7,10266.4,10248.7,10257.2,8176
2026-06-10 15:45:00+00:00,10256.9,10262.2,10227.5,10251.9,13208
2026-06-10 16:00:00+00:00,10252.2,10258.9,10242.2,10244.7,5992
2026-06-10 16:15:00+00:00,10245.0,10250.2,10240.7,10245.5,4948
2026-06-10 16:30:00+00:00,10245.2,10251.5,10236.0,10240.8,4216
2026-06-10 16:45:00+00:00,10240.5,10240.8,10230.3,10236.8,4256
2026-06-10 17:00:00+00:00,10236.5,10243.3,10223.3,10225.3,4548
2026-06-10 17:15:00+00:00,10225.1,10229.8,10220.8,10228.8,3812
2026-06-10 17:30:00+00:00,10228.6,10228.8,10214.9,10215.9,3276
2026-06-10 17:45:00+00:00,10216.1,10234.1,10213.9,10232.9,6600
2026-06-10 18:00:00+00:00,10233.9,10241.8,10230.4,10232.4,4044
2026-06-10 18:15:00+00:00,10232.1,10235.4,10223.1,10226.6,3988
2026-06-10 18:30:00+00:00,10226.9,10226.9,10217.4,10217.7,3524
2026-06-10 18:45:00+00:00,10217.9,10218.9,10207.0,10214.0,3500
2026-06-10 19:00:00+00:00,10214.2,10217.0,10208.0,10210.0,3608
2026-06-10 19:15:00+00:00,10210.7,10212.7,10200.0,10201.5,2908
2026-06-10 19:30:00+00:00,10201.3,10211.3,10199.5,10208.5,3768
2026-06-10 19:45:00+00:00,10208.8,10211.0,10192.3,10193.3,4648
2026-06-10 20:00:00+00:00,10195.3,10196.0,10179.1,10189.0,7724
2026-06-10 20:30:00+00:00,10187.5,10187.5,10179.6,10180.1,2652
2026-06-10 20:45:00+00:00,10180.4,10185.3,10173.8,10185.0,3856
2026-06-10 22:00:00+00:00,10172.9,10176.9,10168.9,10176.8,3608
2026-06-10 22:15:00+00:00,10176.9,10181.1,10174.8,10180.3,4200
2026-06-10 22:30:00+00:00,10180.2,10188.1,10178.3,10181.8,4024
2026-06-10 22:45:00+00:00,10181.7,10186.6,10165.1,10165.7,5480
2026-06-10 23:00:00+00:00,10165.9,10173.0,10157.2,10158.1,5432
2026-06-10 23:15:00+00:00,10158.3,10180.1,10154.6,10178.9,7396
2026-06-10 23:30:00+00:00,10179.1,10184.6,10169.3,10181.1,4696
2026-06-10 23:45:00+00:00,10180.8,10181.6,10169.1,10172.4,5184
2026-06-11 00:00:00+00:00,10179.4,10181.9,10154.5,10164.2,12824
2026-06-11 00:15:00+00:00,10164.9,10187.1,10164.9,10174.3,15700
2026-06-11 00:30:00+00:00,10174.3,10175.6,10160.1,10166.4,13736
2026-06-11 00:45:00+00:00,10166.5,10191.1,10166.5,10186.2,12500
2026-06-11 01:00:00+00:00,10186.5,10214.4,10186.4,10214.4,13928
2026-06-11 01:15:00+00:00,10214.2,10216.0,10200.5,10209.4,13432
2026-06-11 01:30:00+00:00,10209.3,10212.8,10205.1,10208.1,11432
2026-06-11 01:45:00+00:00,10208.1,10208.2,10188.7,10191.9,9988
2026-06-11 02:00:00+00:00,10191.9,10202.0,10189.7,10190.1,11020
2026-06-11 02:15:00+00:00,10189.9,10190.8,10164.7,10166.6,11888
2026-06-11 02:30:00+00:00,10166.7,10169.8,10157.0,10164.7,12760
2026-06-11 02:45:00+00:00,10164.7,10180.1,10163.4,10179.1,10640
2026-06-11 03:00:00+00:00,10179.1,10186.9,10171.3,10175.1,9708
2026-06-11 03:15:00+00:00,10174.3,10180.5,10169.7,10179.0,9744
2026-06-11 03:30:00+00:00,10178.8,10197.8,10178.1,10197.6,10508
2026-06-11 03:45:00+00:00,10197.5,10210.0,10195.0,10209.2,8300
2026-06-11 04:00:00+00:00,10209.0,10213.9,10207.4,10209.4,7568
2026-06-11 04:15:00+00:00,10209.4,10216.9,10202.8,10215.9,8688
2026-06-11 04:30:00+00:00,10215.9,10228.0,10215.1,10224.9,7716
2026-06-11 04:45:00+00:00,10224.9,10228.3,10219.1,10226.6,6540
2026-06-11 05:00:00+00:00,10227.0,10228.4,10220.9,10225.2,2440
2026-06-11 05:15:00+00:00,10224.9,10228.7,10220.4,10222.9,2112
2026-06-11 05:30:00+00:00,10223.2,10229.2,10219.7,10226.4,3024
2026-06-11 05:45:00+00:00,10226.9,10227.7,10220.7,10221.9,2432
2026-06-11 06:00:00+00:00,10221.7,10225.4,10205.9,10215.4,1009
2026-06-11 06:15:00+00:00,10215.9,10220.9,10213.2,10216.4,647
2026-06-11 06:30:00+00:00,10215.9,10229.2,10211.2,10224.9,1045
2026-06-11 06:45:00+00:00,10225.2,10241.9,10220.4,10239.4,2104
2026-06-11 07:00:00+00:00,10238.7,10291.2,10236.7,10289.2,10016
2026-06-11 07:15:00+00:00,10289.4,10312.7,10286.4,10311.3,5948
2026-06-11 07:30:00+00:00,10311.5,10323.1,10304.6,10305.6,4652
2026-06-11 07:45:00+00:00,10305.9,10310.1,10292.9,10292.9,3976
2026-06-11 08:00:00+00:00,10293.4,10323.5,10293.4,10318.8,5328
2026-06-11 08:15:00+00:00,10318.5,10319.3,10300.1,10302.1,3964
2026-06-11 08:30:00+00:00,10301.8,10313.9,10300.3,10313.3,3744
2026-06-11 08:45:00+00:00,10313.6,10314.3,10304.4,10311.4,3208
2026-06-11 09:00:00+00:00,10311.7,10317.3,10304.4,10315.4,3532
2026-06-11 09:15:00+00:00,10315.6,10329.2,10315.3,10326.2,2676
2026-06-11 09:30:00+00:00,10326.5,10333.8,10323.8,10330.3,2448
2026-06-11 09:45:00+00:00,10330.8,10340.1,10328.3,10339.0,2988
2026-06-11 10:00:00+00:00,10339.3,10346.7,10335.8,10344.6,3216
2026-06-11 10:15:00+00:00,10344.9,10348.3,10337.9,10338.3,3152
2026-06-11 10:30:00+00:00,10338.0,10348.8,10337.8,10342.4,2448
2026-06-11 10:45:00+00:00,10342.6,10346.3,10333.0,10333.8,1844
2026-06-11 11:00:00+00:00,10334.3,10338.2,10325.8,10338.2,3728
2026-06-11 11:15:00+00:00,10338.0,10342.6,10333.7,10341.3,3044
2026-06-11 11:30:00+00:00,10340.8,10353.0,10339.6,10352.9,3536
2026-06-11 11:45:00+00:00,10352.7,10362.1,10349.3,10361.1,2440
2026-06-11 12:00:00+00:00,10361.3,10362.6,10350.1,10355.9,2904
2026-06-11 12:15:00+00:00,10356.1,10357.4,10287.5,10321.0,12712
2026-06-11 12:30:00+00:00,10321.5,10332.4,10305.7,10322.7,10128
2026-06-11 12:45:00+00:00,10322.0,10337.7,10319.3,10331.2,8324
2026-06-11 13:00:00+00:00,10331.5,10333.4,10318.0,10330.6,6320
2026-06-11 13:15:00+00:00,10331.1,10341.8,10329.5,10337.1,4116
2026-06-11 13:30:00+00:00,10337.3,10358.9,10332.6,10341.6,9328
2026-06-11 13:45:00+00:00,10341.3,10371.8,10341.1,10357.2,10252
2026-06-11 14:00:00+00:00,10357.5,10366.9,10341.3,10344.9,7840
2026-06-11 14:15:00+00:00,10344.7,10354.9,10339.3,10343.3,7852
2026-06-11 14:30:00+00:00,10343.5,10349.5,10336.0,10341.0,6724
2026-06-11 14:45:00+00:00,10342.3,10344.3,10310.6,10313.4,6328
2026-06-11 15:00:00+00:00,10313.7,10334.2,10310.2,10329.2,8592
2026-06-11 15:15:00+00:00,10328.4,10329.9,10299.3,10299.3,7724
2026-06-11 15:30:00+00:00,10299.0,10328.5,10296.5,10321.0,8804
2026-06-11 15:45:00+00:00,10320.7,10320.7,10310.5,10312.8,5036
2026-06-11 16:00:00+00:00,10312.5,10328.0,10308.8,10327.8,4176
2026-06-11 16:15:00+00:00,10327.3,10330.3,10313.8,10314.3,4072
2026-06-11 16:30:00+00:00,10314.1,10321.1,10307.8,10314.3,4272
2026-06-11 16:45:00+00:00,10314.6,10316.1,10301.8,10302.1,3512
2026-06-11 17:00:00+00:00,10301.8,10309.6,10292.6,10299.4,5860
2026-06-11 17:15:00+00:00,10299.6,10346.6,10288.4,10344.8,7572
2026-06-11 17:30:00+00:00,10344.6,10396.5,10344.3,10389.0,22884
2026-06-11 17:45:00+00:00,10389.3,10390.8,10366.8,10379.1,9520
2026-06-11 18:00:00+00:00,10379.3,10384.8,10363.3,10373.8,7988
2026-06-11 18:15:00+00:00,10373.6,10378.6,10360.9,10369.4,6356
2026-06-11 18:30:00+00:00,10369.6,10380.9,10367.6,10377.9,3720
2026-06-11 18:45:00+00:00,10377.6,10385.1,10377.4,10380.9,3244
2026-06-11 19:00:00+00:00,10381.6,10394.6,10380.6,10387.1,4864
2026-06-11 19:15:00+00:00,10387.4,10394.9,10385.2,10391.9,3256
2026-06-11 19:30:00+00:00,10392.2,10419.4,10391.9,10413.4,7428
2026-06-11 19:45:00+00:00,10412.9,10412.9,10395.9,10402.7,5028
2026-06-11 20:00:00+00:00,10403.3,10415.7,10397.9,10413.9,5884
2026-06-11 20:30:00+00:00,10409.0,10411.0,10399.6,10400.2,2260
2026-06-11 20:45:00+00:00,10399.5,10406.1,10399.5,10405.9,1792
2026-06-11 22:00:00+00:00,10411.3,10421.2,10409.6,10420.7,1878
2026-06-11 22:15:00+00:00,10420.8,10424.4,10416.5,10418.0,2033
2026-06-11 22:30:00+00:00,10418.1,10419.2,10413.8,10416.4,1713
2026-06-11 22:45:00+00:00,10416.5,10420.7,10416.3,10417.3,2444
2026-06-11 23:00:00+00:00,10417.5,10418.0,10412.4,10415.3,2128
2026-06-11 23:15:00+00:00,10415.5,10418.0,10408.6,10412.1,3144
2026-06-11 23:30:00+00:00,10412.4,10419.4,10412.4,10418.8,2572
2026-06-11 23:45:00+00:00,10419.1,10422.3,10417.8,10420.3,3740
2026-06-12 00:00:00+00:00,10417.7,10417.7,10394.0,10399.5,10220
2026-06-12 00:15:00+00:00,10399.4,10407.3,10395.0,10403.3,9576
2026-06-12 00:30:00+00:00,10403.4,10406.8,10396.0,10396.8,8360
2026-06-12 00:45:00+00:00,10397.2,10403.3,10395.0,10401.0,9764
2026-06-12 01:00:00+00:00,10400.2,10401.1,10392.3,10397.2,13088
2026-06-12 01:15:00+00:00,10397.3,10399.5,10382.9,10384.6,12520
2026-06-12 01:30:00+00:00,10384.4,10396.0,10382.3,10392.1,13360
2026-06-12 01:45:00+00:00,10391.6,10409.9,10391.1,10407.9,9448
2026-06-12 02:00:00+00:00,10407.7,10412.2,10403.3,10409.3,10176
2026-06-12 02:15:00+00:00,10409.4,10411.1,10396.5,10396.8,9428
2026-06-12 02:30:00+00:00,10397.0,10402.8,10394.0,10399.9,8304
2026-06-12 02:45:00+00:00,10400.0,10402.7,10398.8,10400.6,7504
2026-06-12 03:00:00+00:00,10400.7,10401.8,10393.7,10394.9,7952
2026-06-12 03:15:00+00:00,10394.7,10396.4,10389.4,10392.4,7512
2026-06-12 03:30:00+00:00,10392.1,10397.6,10391.1,10395.5,9580
2026-06-12 03:45:00+00:00,10395.9,10396.8,10390.7,10395.5,8412
2026-06-12 04:00:00+00:00,10395.5,10395.8,10387.0,10389.9,7912
2026-06-12 04:15:00+00:00,10389.9,10397.8,10387.6,10397.0,6064
2026-06-12 04:30:00+00:00,10396.7,10398.9,10395.3,10396.0,6132
2026-06-12 04:45:00+00:00,10396.0,10399.0,10394.2,10396.2,5940
2026-06-12 05:00:00+00:00,10396.0,10401.5,10390.0,10393.5,3924
2026-06-12 05:15:00+00:00,10393.3,10394.5,10388.5,10391.5,5008
2026-06-12 05:30:00+00:00,10391.3,10391.3,10373.3,10382.3,8920
2026-06-12 05:45:00+00:00,10382.1,10383.3,10369.1,10375.6,10112
2026-06-12 06:00:00+00:00,10378.6,10389.8,10378.1,10384.6,5236
2026-06-12 06:15:00+00:00,10384.1,10386.1,10376.3,10384.8,3208
2026-06-12 06:30:00+00:00,10384.6,10394.3,10375.1,10380.6,3132
2026-06-12 06:45:00+00:00,10380.1,10385.9,10367.1,10368.1,2940
2026-06-12 07:00:00+00:00,10369.9,10391.3,10367.5,10383.6,13016
2026-06-12 07:15:00+00:00,10383.4,10402.3,10377.9,10387.0,6728
2026-06-12 07:30:00+00:00,10387.5,10400.2,10385.8,10398.4,5580
2026-06-12 07:45:00+00:00,10398.1,10442.7,10398.1,10430.5,6852
2026-06-12 08:00:00+00:00,10431.5,10458.1,10427.0,10454.9,7432
2026-06-12 08:15:00+00:00,10455.4,10466.4,10444.7,10464.3,8840
2026-06-12 08:30:00+00:00,10464.8,10468.8,10436.8,10440.6,6156
2026-06-12 08:45:00+00:00,10440.4,10444.2,10431.7,10434.6,4880
2026-06-12 09:00:00+00:00,10435.1,10447.0,10432.3,10440.5,4500
2026-06-12 09:15:00+00:00,10440.8,10447.8,10433.2,10434.4,4732
2026-06-12 09:30:00+00:00,10434.6,10441.7,10427.7,10432.5,4560
2026-06-12 09:45:00+00:00,10432.5,10434.3,10424.5,10425.0,3828
2026-06-12 10:00:00+00:00,10424.7,10430.0,10413.4,10419.2,995
2026-06-12 10:15:00+00:00,10418.9,10419.7,10398.0,10401.6,1367
2026-06-12 10:30:00+00:00,10401.8,10424.5,10401.1,10421.4,1120
2026-06-12 10:45:00+00:00,10421.1,10422.9,10411.4,10415.4,3171
2026-06-12 11:00:00+00:00,10414.9,10424.2,10411.0,10423.2,4568
2026-06-12 11:15:00+00:00,10423.4,10434.7,10422.3,10433.3,4168
2026-06-12 11:30:00+00:00,10433.1,10436.1,10416.7,10424.9,3768
2026-06-12 11:45:00+00:00,10425.2,10427.9,10411.9,10413.7,3416
2026-06-12 12:00:00+00:00,10414.0,10416.2,10404.0,10409.6,3448
2026-06-12 12:15:00+00:00,10409.3,10410.5,10402.2,10403.7,3748
2026-06-12 12:30:00+00:00,10402.9,10405.5,10391.0,10395.8,4624
2026-06-12 12:45:00+00:00,10396.0,10402.3,10386.6,10391.8,3628
2026-06-12 13:00:00+00:00,10392.3,10415.9,10391.8,10415.4,4396
2026-06-12 13:15:00+00:00,10415.1,10425.6,10412.4,10423.1,4180
2026-06-12 13:30:00+00:00,10423.6,10439.7,10409.1,10417.9,13388
2026-06-12 13:45:00+00:00,10417.6,10434.2,10410.6,10433.5,9668
2026-06-12 14:00:00+00:00,10433.7,10455.3,10433.2,10439.7,7064
2026-06-12 14:15:00+00:00,10439.2,10454.9,10438.2,10440.3,6096
2026-06-12 14:30:00+00:00,10440.8,10454.0,10438.4,10442.9,5832
2026-06-12 14:45:00+00:00,10442.7,10467.4,10431.8,10463.9,10984
2026-06-12 15:00:00+00:00,10464.4,10470.3,10456.8,10466.5,7148
2026-06-12 15:15:00+00:00,10465.7,10471.6,10456.9,10457.4,6572
2026-06-12 15:30:00+00:00,10457.2,10479.9,10453.2,10476.2,9528
2026-06-12 15:45:00+00:00,10476.4,10479.2,10455.2,10456.7,6416
2026-06-12 16:00:00+00:00,10456.2,10475.7,10444.2,10468.5,8444
2026-06-12 16:15:00+00:00,10468.2,10478.0,10465.0,10466.5,5760
2026-06-12 16:30:00+00:00,10466.3,10469.0,10460.8,10464.0,3768
2026-06-12 16:45:00+00:00,10464.3,10467.8,10456.8,10461.6,3912
2026-06-12 17:00:00+00:00,10461.8,10472.0,10460.3,10465.6,3460
2026-06-12 17:15:00+00:00,10465.8,10474.3,10463.8,10472.1,2400
2026-06-12 17:30:00+00:00,10472.6,10473.3,10464.8,10471.1,2720
2026-06-12 17:45:00+00:00,10470.8,10473.8,10465.4,10467.9,2532
2026-06-12 18:00:00+00:00,10467.6,10471.9,10464.6,10467.6,2496
2026-06-12 18:15:00+00:00,10467.9,10470.9,10464.6,10468.4,2688
2026-06-12 18:30:00+00:00,10468.1,10475.9,10467.9,10474.2,1776
2026-06-12 18:45:00+00:00,10474.4,10476.4,10468.4,10468.9,1588
2026-06-12 19:00:00+00:00,10469.4,10478.4,10467.9,10477.4,1672
2026-06-12 19:15:00+00:00,10477.7,10484.4,10476.4,10478.7,2120
2026-06-12 19:30:00+00:00,10479.0,10480.5,10470.0,10470.7,3704
2026-06-12 19:45:00+00:00,10470.5,10471.0,10458.0,10467.5,3196
2026-06-14 22:00:00+00:00,10534.0,10542.4,10529.5,10538.3,3548
2026-06-14 22:15:00+00:00,10538.1,10541.9,10532.0,10533.3,4860
2026-06-14 22:30:00+00:00,10533.0,10535.1,10528.3,10529.7,4288
2026-06-14 22:45:00+00:00,10529.6,10536.5,10528.8,10532.3,3112
2026-06-14 23:00:00+00:00,10532.5,10536.2,10527.6,10528.3,3372
2026-06-14 23:15:00+00:00,10528.1,10529.1,10521.4,10528.2,3224
2026-06-14 23:30:00+00:00,10528.3,10534.0,10527.8,10531.0,2744
2026-06-14 23:45:00+00:00,10530.8,10534.7,10526.9,10531.4,4420
2026-06-15 00:00:00+00:00,10517.5,10517.7,10494.4,10505.9,9724
2026-06-15 00:15:00+00:00,10506.0,10539.2,10505.8,10538.8,9292
2026-06-15 00:30:00+00:00,10539.0,10539.0,10523.1,10526.0,6880
2026-06-15 00:45:00+00:00,10526.0,10527.2,10521.4,10523.8,6572
2026-06-15 01:00:00+00:00,10523.8,10527.7,10518.1,10524.2,7728
2026-06-15 01:15:00+00:00,10524.2,10526.4,10519.4,10524.0,6628
2026-06-15 01:30:00+00:00,10524.6,10526.5,10519.8,10525.8,5564
2026-06-15 01:45:00+00:00,10525.8,10528.7,10520.0,10521.0,4676
2026-06-15 02:00:00+00:00,10521.0,10521.7,10517.6,10519.0,5284
2026-06-15 02:15:00+00:00,10519.1,10524.2,10519.1,10523.8,3624
2026-06-15 02:30:00+00:00,10524.0,10527.3,10523.7,10525.8,3360
2026-06-15 02:45:00+00:00,10525.8,10530.3,10525.3,10528.6,3756
2026-06-15 03:00:00+00:00,10528.4,10531.0,10527.1,10530.3,3624
2026-06-15 03:15:00+00:00,10530.3,10534.6,10530.2,10533.2,3064
2026-06-15 03:30:00+00:00,10533.2,10534.2,10528.0,10529.8,4328
2026-06-15 03:45:00+00:00,10530.3,10535.1,10528.5,10532.0,3860
2026-06-15 04:00:00+00:00,10531.8,10535.3,10530.8,10534.8,3708
2026-06-15 04:15:00+00:00,10534.8,10539.8,10534.8,10536.3,3296
2026-06-15 04:30:00+00:00,10535.7,10535.9,10533.6,10534.6,3048
2026-06-15 04:45:00+00:00,10534.6,10538.3,10534.2,10537.7,2884
2026-06-15 05:00:00+00:00,10537.8,10541.8,10535.0,10538.3,912
2026-06-15 05:15:00+00:00,10538.5,10547.3,10537.5,10546.0,1088
2026-06-15 05:30:00+00:00,10545.5,10547.5,10537.3,10539.3,1660
2026-06-15 05:45:00+00:00,10539.5,10539.5,10532.8,10536.8,636
2026-06-15 06:00:00+00:00,10537.0,10543.0,10534.5,10542.0,1876
2026-06-15 06:15:00+00:00,10541.8,10551.5,10537.0,10551.0,1524
2026-06-15 06:30:00+00:00,10551.5,10561.5,10548.0,10558.5,1796
2026-06-15 06:45:00+00:00,10559.3,10560.3,10552.5,10552.5,1680
2026-06-15 07:00:00+00:00,10554.3,10569.5,10541.0,10555.0,10356
2026-06-15 07:15:00+00:00,10554.8,10560.5,10529.8,10540.4,5856
2026-06-15 07:30:00+00:00,10541.4,10549.0,10533.5,10537.0,4620
2026-06-15 07:45:00+00:00,10537.3,10537.3,10518.8,10521.8,3880
2026-06-15 08:00:00+00:00,10522.3,10528.0,10504.9,10506.9,4908
2026-06-15 08:15:00+00:00,10506.4,10513.9,10497.8,10510.9,3908
2026-06-15 08:30:00+00:00,10511.4,10513.1,10502.3,10509.0,3124
2026-06-15 08:45:00+00:00,10509.2,10510.2,10494.8,10498.9,2508
2026-06-15 09:00:00+00:00,10499.4,10499.4,10488.7,10489.3,2784
2026-06-15 09:15:00+00:00,10488.8,10493.2,10478.8,10487.0,3264
2026-06-15 09:30:00+00:00,10487.3,10493.5,10474.0,10474.7,2324
2026-06-15 09:45:00+00:00,10475.2,10490.0,10474.7,10485.6,2448
2026-06-15 10:00:00+00:00,10485.3,10488.5,10483.3,10484.1,2292
2026-06-15 10:15:00+00:00,10484.3,10489.1,10477.6,10483.3,2076
2026-06-15 10:30:00+00:00,10483.6,10485.8,10477.4,10479.9,1868
2026-06-15 10:45:00+00:00,10480.2,10485.0,10477.0,10481.3,1824
2026-06-15 11:00:00+00:00,10481.8,10486.5,10478.3,10484.8,2160
2026-06-15 11:15:00+00:00,10485.3,10487.5,10478.9,10479.4,2012
2026-06-15 11:30:00+00:00,10479.9,10483.6,10475.5,10479.6,2096
2026-06-15 11:45:00+00:00,10479.8,10483.6,10476.1,10477.7,2220
2026-06-15 12:00:00+00:00,10478.0,10487.0,10477.4,10479.9,2572
2026-06-15 12:15:00+00:00,10480.4,10480.9,10472.1,10473.8,2380
2026-06-15 12:30:00+00:00,10474.8,10482.2,10471.3,10478.9,2552
2026-06-15 12:45:00+00:00,10478.7,10483.8,10478.1,10479.1,2464
2026-06-15 13:00:00+00:00,10479.3,10481.1,10469.5,10471.3,2248
2026-06-15 13:15:00+00:00,10471.0,10473.2,10462.7,10467.2,2824
2026-06-15 13:30:00+00:00,10467.0,10473.2,10443.5,10446.5,8104
2026-06-15 13:45:00+00:00,10446.2,10446.5,10426.3,10427.8,5840
2026-06-15 14:00:00+00:00,10428.1,10440.4,10421.5,10430.3,5920
2026-06-15 14:15:00+00:00,10430.5,10439.9,10429.9,10432.9,4420
2026-06-15 14:30:00+00:00,10433.9,10441.7,10431.3,10434.7,3852
2026-06-15 14:45:00+00:00,10435.2,10439.1,10428.2,10435.3,3900
2026-06-15 15:00:00+00:00,10435.8,10435.8,10419.1,10422.6,4080
2026-06-15 15:15:00+00:00,10422.1,10440.2,10420.0,10437.5,5672
2026-06-15 15:30:00+00:00,10438.2,10446.7,10424.0,10443.3,5488
2026-06-15 15:45:00+00:00,10443.5,10447.2,10434.8,10435.3,1756
2026-06-15 16:00:00+00:00,10435.5,10436.3,10423.3,10428.8,1520
2026-06-15 16:15:00+00:00,10428.6,10429.8,10420.9,10422.4,1276
2026-06-15 16:30:00+00:00,10422.6,10431.9,10422.4,10430.9,1076
2026-06-15 16:45:00+00:00,10431.4,10431.6,10421.9,10423.4,1164
2026-06-15 17:00:00+00:00,10422.9,10424.4,10416.7,10421.7,1032
2026-06-15 17:15:00+00:00,10421.4,10425.7,10420.4,10425.0,784
2026-06-15 17:30:00+00:00,10424.7,10425.0,10410.7,10410.7,792
2026-06-15 17:45:00+00:00,10411.0,10416.0,10410.0,10413.0,780
2026-06-15 18:00:00+00:00,10413.3,10416.3,10408.5,10410.8,1260
2026-06-15 18:15:00+00:00,10411.3,10412.3,10405.1,10405.1,860
2026-06-15 18:30:00+00:00,10404.8,10413.3,10401.1,10412.1,1236
2026-06-15 18:45:00+00:00,10411.6,10414.4,10410.1,10410.9,620
2026-06-15 19:00:00+00:00,10411.1,10414.6,10408.1,10414.4,844
2026-06-15 19:15:00+00:00,10414.6,10415.9,10403.4,10405.9,1284
2026-06-15 19:30:00+00:00,10406.2,10409.9,10401.2,10406.5,1284
2026-06-15 19:45:00+00:00,10407.0,10419.0,10404.7,10413.7,2420
2026-06-15 20:00:00+00:00,10414.2,10414.6,10409.8,10411.5,508
2026-06-15 20:30:00+00:00,10409.1,10411.6,10409.1,10409.7,262
2026-06-15 20:45:00+00:00,10409.4,10412.3,10408.0,10408.5,531
2026-06-15 22:00:00+00:00,10409.6,10410.8,10402.6,10404.7,1892
2026-06-15 22:15:00+00:00,10404.8,10405.0,10396.7,10401.0,2524
2026-06-15 22:30:00+00:00,10401.1,10402.8,10399.6,10400.3,1672
2026-06-15 22:45:00+00:00,10400.4,10403.7,10399.5,10401.7,1620
2026-06-15 23:00:00+00:00,10401.5,10402.7,10399.4,10399.9,1232
2026-06-15 23:15:00+00:00,10400.0,10405.8,10398.9,10405.2,1612
2026-06-15 23:30:00+00:00,10405.0,10405.2,10401.0,10403.0,1176
2026-06-15 23:45:00+00:00,10403.2,10405.7,10402.1,10405.5,2000
2026-06-16 00:00:00+00:00,10405.9,10419.5,10405.5,10417.7,6564
2026-06-16 00:15:00+00:00,10417.7,10422.7,10413.5,10422.0,6888
2026-06-16 00:30:00+00:00,10421.9,10429.9,10421.0,10425.2,6560
2026-06-16 00:45:00+00:00,10425.2,10428.1,10423.7,10426.0,7528
2026-06-16 01:00:00+00:00,10426.4,10426.4,10418.2,10422.7,8864
2026-06-16 01:15:00+00:00,10422.7,10430.3,10421.5,10428.0,6676
2026-06-16 01:30:00+00:00,10428.0,10429.5,10415.2,10415.8,7164
2026-06-16 01:45:00+00:00,10415.2,10420.8,10415.1,10420.0,5456
2026-06-16 02:00:00+00:00,10420.2,10424.0,10414.7,10416.5,5400
2026-06-16 02:15:00+00:00,10416.6,10421.3,10415.8,10419.1,3932
2026-06-16 02:30:00+00:00,10419.1,10422.7,10417.7,10418.5,4200
2026-06-16 02:45:00+00:00,10418.5,10419.2,10415.0,10416.2,3684
2026-06-16 03:00:00+00:00,10415.8,10422.4,10415.5,10417.7,3396
2026-06-16 03:15:00+00:00,10417.7,10423.7,10416.8,10422.6,4880
2026-06-16 03:30:00+00:00,10422.6,10428.9,10422.4,10426.7,4872
2026-06-16 03:45:00+00:00,10426.8,10426.8,10418.8,10420.8,4004
2026-06-16 04:00:00+00:00,10420.6,10421.6,10418.4,10420.4,4100
2026-06-16 04:15:00+00:00,10420.6,10421.4,10417.4,10419.1,3632
2026-06-16 04:30:00+00:00,10419.5,10426.4,10417.6,10425.8,3744
2026-06-16 04:45:00+00:00,10425.8,10428.4,10424.7,10427.4,4360
2026-06-16 05:00:00+00:00,10427.4,10436.9,10427.4,10434.9,1424
2026-06-16 05:15:00+00:00,10434.7,10436.2,10425.9,10426.2,1084
2026-06-16 05:30:00+00:00,10426.7,10427.0,10421.0,10425.7,2164
2026-06-16 05:45:00+00:00,10426.2,10429.0,10424.5,10427.3,1596
2026-06-16 06:00:00+00:00,10427.5,10437.0,10420.8,10437.0,1440
2026-06-16 06:15:00+00:00,10436.3,10442.8,10434.3,10442.8,1112
2026-06-16 06:30:00+00:00,10443.0,10445.8,10439.8,10441.8,1680
2026-06-16 06:45:00+00:00,10441.6,10447.8,10435.3,10444.8,1800
2026-06-16 07:00:00+00:00,10445.3,10459.0,10437.3,10456.8,7344
2026-06-16 07:15:00+00:00,10457.3,10458.8,10438.8,10443.6,3852
2026-06-16 07:30:00+00:00,10443.8,10444.6,10430.3,10436.2,3244
2026-06-16 07:45:00+00:00,10436.7,10449.7,10436.7,10444.0,2540
2026-06-16 08:00:00+00:00,10444.3,10464.3,10442.5,10461.6,3588
2026-06-16 08:15:00+00:00,10461.6,10488.9,10459.1,10487.9,3140
2026-06-16 08:30:00+00:00,10488.1,10499.0,10482.8,10489.3,3464
2026-06-16 08:45:00+00:00,10489.5,10495.2,10487.7,10488.8,2628
2026-06-16 09:00:00+00:00,10488.8,10495.3,10487.5,10493.6,2816
2026-06-16 09:15:00+00:00,10493.4,10502.5,10486.7,10500.0,2396
2026-06-16 09:30:00+00:00,10500.2,10502.0,10488.7,10488.7,2272
2026-06-16 09:45:00+00:00,10489.2,10502.5,10486.5,10499.7,1728
2026-06-16 10:00:00+00:00,10499.9,10506.8,10495.5,10497.2,2092
2026-06-16 10:15:00+00:00,10497.5,10500.0,10479.6,10480.4,1712
2026-06-16 10:30:00+00:00,10480.6,10494.5,10480.6,10492.8,1800
2026-06-16 10:45:00+00:00,10493.1,10494.0,10485.0,10493.0,1764
2026-06-16 11:00:00+00:00,10492.5,10495.8,10485.8,10486.5,2308
2026-06-16 11:15:00+00:00,10486.0,10489.2,10481.2,10487.9,2052
2026-06-16 11:30:00+00:00,10488.2,10494.3,10486.3,10493.3,1924
2026-06-16 11:45:00+00:00,10492.8,10496.7,10492.1,10495.4,1572
2026-06-16 12:00:00+00:00,10495.2,10498.7,10491.3,10496.3,2036
2026-06-16 12:15:00+00:00,10496.0,10498.3,10485.3,10494.9,2332
2026-06-16 12:30:00+00:00,10494.4,10501.1,10488.0,10489.8,2388
2026-06-16 12:45:00+00:00,10490.3,10499.7,10490.3,10498.8,2320
2026-06-16 13:00:00+00:00,10499.0,10500.0,10492.3,10496.4,2328
2026-06-16 13:15:00+00:00,10496.7,10511.0,10493.0,10510.0,2840
2026-06-16 13:30:00+00:00,10509.5,10516.0,10497.0,10505.9,6588
2026-06-16 13:45:00+00:00,10505.7,10516.3,10501.9,10509.6,5340
2026-06-16 14:00:00+00:00,10509.3,10523.9,10507.1,10521.3,4848
2026-06-16 14:15:00+00:00,10521.1,10521.1,10502.9,10503.4,4904
2026-06-16 14:30:00+00:00,10503.7,10507.8,10491.4,10491.4,4620
2026-06-16 14:45:00+00:00,10491.6,10497.1,10488.6,10494.0,4052
2026-06-16 15:00:00+00:00,10494.3,10498.6,10488.0,10496.6,3860
2026-06-16 15:15:00+00:00,10496.3,10507.6,10493.1,10503.1,3904
2026-06-16 15:30:00+00:00,10503.8,10506.6,10489.6,10492.6,4888
2026-06-16 15:45:00+00:00,10492.4,10502.4,10485.4,10494.4,4376
2026-06-16 16:00:00+00:00,10493.9,10501.0,10491.2,10500.7,2232
2026-06-16 16:15:00+00:00,10501.0,10502.7,10498.0,10502.0,1872
2026-06-16 16:30:00+00:00,10501.5,10504.0,10498.0,10499.8,1596
2026-06-16 16:45:00+00:00,10500.1,10501.1,10495.8,10500.6,1828
2026-06-16 17:00:00+00:00,10500.1,10502.6,10498.1,10500.1,2028
2026-06-16 17:15:00+00:00,10499.6,10501.1,10490.9,10491.9,1344
2026-06-16 17:30:00+00:00,10491.2,10495.2,10490.4,10494.2,1296
2026-06-16 17:45:00+00:00,10494.0,10498.2,10493.0,10496.7,1004
2026-06-16 18:00:00+00:00,10496.5,10496.7,10487.3,10487.5,1056
2026-06-16 18:15:00+00:00,10487.3,10489.8,10487.0,10487.6,1164
2026-06-16 18:30:00+00:00,10487.3,10488.1,10483.8,10485.1,936
2026-06-16 18:45:00+00:00,10485.9,10486.4,10477.1,10477.2,836
2026-06-16 19:00:00+00:00,10476.9,10477.2,10467.7,10468.4,1356
2026-06-16 19:15:00+00:00,10468.7,10470.0,10463.5,10466.0,1816
2026-06-16 19:30:00+00:00,10465.7,10468.2,10462.5,10465.0,1908
2026-06-16 19:45:00+00:00,10464.5,10471.8,10462.8,10464.3,2916
2026-06-16 20:00:00+00:00,10464.1,10464.2,10457.8,10458.7,2872
2026-06-16 20:30:00+00:00,10459.4,10462.2,10458.5,10461.5,928
2026-06-16 20:45:00+00:00,10461.7,10462.2,10458.1,10459.8,888
2026-06-16 22:00:00+00:00,10463.1,10469.4,10462.9,10468.2,876
2026-06-16 22:15:00+00:00,10468.3,10471.7,10467.0,10470.0,1348
2026-06-16 22:30:00+00:00,10470.3,10474.1,10470.0,10472.7,1292
2026-06-16 22:45:00+00:00,10472.6,10476.5,10472.0,10475.6,1064
2026-06-16 23:00:00+00:00,10475.4,10475.7,10470.0,10472.9,1428
2026-06-16 23:15:00+00:00,10473.0,10473.0,10470.4,10471.4,972
2026-06-16 23:30:00+00:00,10471.6,10473.7,10469.6,10471.3,1672
2026-06-16 23:45:00+00:00,10471.2,10473.5,10468.5,10470.8,2644
2026-06-17 00:00:00+00:00,10472.5,10472.7,10459.1,10461.0,7004
2026-06-17 00:15:00+00:00,10461.0,10471.6,10460.8,10469.5,6716
2026-06-17 00:30:00+00:00,10469.3,10470.6,10466.2,10466.2,5432
2026-06-17 00:45:00+00:00,10466.3,10469.0,10462.4,10467.6,4740
2026-06-17 01:00:00+00:00,10467.6,10482.0,10462.9,10481.1,6156
2026-06-17 01:15:00+00:00,10481.1,10484.5,10476.9,10482.4,4796
2026-06-17 01:30:00+00:00,10482.4,10488.5,10481.9,10482.4,4640
2026-06-17 01:45:00+00:00,10482.4,10490.2,10482.4,10490.0,3360
2026-06-17 02:00:00+00:00,10490.0,10492.9,10489.4,10491.2,3188
2026-06-17 02:15:00+00:00,10491.2,10491.2,10486.8,10487.8,2768
2026-06-17 02:30:00+00:00,10487.6,10488.3,10485.0,10485.1,2548
2026-06-17 02:45:00+00:00,10485.1,10486.4,10481.4,10484.1,2720
2026-06-17 03:00:00+00:00,10484.1,10485.7,10477.4,10477.8,2772
2026-06-17 03:15:00+00:00,10477.8,10480.8,10477.0,10480.1,3560
2026-06-17 03:30:00+00:00,10480.3,10488.3,10479.0,10487.9,4052
2026-06-17 03:45:00+00:00,10487.9,10491.2,10486.9,10489.4,2896
2026-06-17 04:00:00+00:00,10489.4,10491.5,10487.7,10488.5,2792
2026-06-17 04:15:00+00:00,10488.5,10490.2,10486.8,10487.4,2932
2026-06-17 04:30:00+00:00,10487.3,10487.9,10479.9,10480.8,3540
2026-06-17 04:45:00+00:00,10480.6,10487.2,10480.3,10485.6,3452
2026-06-17 05:00:00+00:00,10484.9,10487.4,10484.1,10485.9,868
2026-06-17 05:15:00+00:00,10485.7,10488.9,10485.2,10487.7,960
2026-06-17 05:30:00+00:00,10487.9,10493.0,10487.0,10487.2,848
2026-06-17 05:45:00+00:00,10487.0,10488.7,10482.3,10483.0,636
2026-06-17 06:00:00+00:00,10483.5,10503.5,10482.3,10485.1,1880
2026-06-17 06:15:00+00:00,10484.8,10492.6,10484.3,10492.1,1180
2026-06-17 06:30:00+00:00,10491.6,10496.4,10485.4,10486.6,1504
2026-06-17 06:45:00+00:00,10487.6,10492.2,10485.2,10490.7,1060
2026-06-17 07:00:00+00:00,10490.2,10506.7,10488.2,10494.8,6456
2026-06-17 07:15:00+00:00,10495.1,10496.0,10480.5,10485.6,3828
2026-06-17 07:30:00+00:00,10485.9,10488.6,10480.3,10487.1,3156
2026-06-17 07:45:00+00:00,10486.8,10486.8,10471.9,10475.0,2620
2026-06-17 08:00:00+00:00,10474.7,10475.0,10467.0,10471.5,3120
2026-06-17 08:15:00+00:00,10470.2,10480.2,10469.2,10474.7,2720
2026-06-17 08:30:00+00:00,10474.9,10475.7,10467.4,10471.3,3160
2026-06-17 08:45:00+00:00,10471.5,10484.3,10471.3,10478.6,2464
2026-06-17 09:00:00+00:00,10478.1,10482.9,10473.1,10482.4,2208
2026-06-17 09:15:00+00:00,10482.6,10486.1,10477.3,10484.5,2268
2026-06-17 09:30:00+00:00,10485.0,10487.5,10477.3,10481.2,1904
2026-06-17 09:45:00+00:00,10481.4,10486.4,10481.1,10484.4,1928
2026-06-17 10:00:00+00:00,10484.9,10488.4,10481.9,10488.2,2140
2026-06-17 10:15:00+00:00,10488.4,10501.4,10487.4,10496.6,2056
2026-06-17 10:30:00+00:00,10497.1,10502.7,10495.2,10499.4,1728
2026-06-17 10:45:00+00:00,10499.1,10503.2,10495.5,10496.1,2096
2026-06-17 11:00:00+00:00,10495.1,10495.6,10489.8,10490.0,2140
2026-06-17 11:15:00+00:00,10490.0,10492.0,10483.6,10491.6,1740
2026-06-17 11:30:00+00:00,10491.6,10492.9,10487.0,10488.9,1496
2026-06-17 11:45:00+00:00,10489.2,10493.1,10484.1,10486.7,2116
2026-06-17 12:00:00+00:00,10486.9,10494.7,10486.5,10487.5,2076
2026-06-17 12:15:00+00:00,10487.7,10489.7,10476.7,10484.6,1992
2026-06-17 12:30:00+00:00,10484.4,10488.3,10480.1,10480.8,2300
2026-06-17 12:45:00+00:00,10480.8,10484.6,10477.7,10482.0,2164
2026-06-17 13:00:00+00:00,10482.3,10485.5,10471.0,10472.7,2532
2026-06-17 13:15:00+00:00,10472.5,10481.3,10472.0,10476.2,2548
2026-06-17 13:30:00+00:00,10476.7,10480.4,10470.4,10473.3,5480
2026-06-17 13:45:00+00:00,10473.5,10488.9,10473.0,10486.8,4144
2026-06-17 14:00:00+00:00,10487.3,10493.3,10480.1,10489.4,4092
2026-06-17 14:15:00+00:00,10489.2,10496.6,10487.9,10496.1,3128
2026-06-17 14:30:00+00:00,10496.3,10502.1,10491.8,10500.4,3860
2026-06-17 14:45:00+00:00,10500.6,10502.3,10471.6,10488.7,9132
2026-06-17 15:00:00+00:00,10489.0,10493.7,10483.6,10492.1,5808
2026-06-17 15:15:00+00:00,10491.8,10508.1,10489.4,10507.9,5452
2026-06-17 15:30:00+00:00,10508.1,10513.9,10498.9,10508.3,6084
2026-06-17 15:45:00+00:00,10508.6,10511.5,10499.5,10499.5,3868
2026-06-17 16:00:00+00:00,10499.7,10502.1,10494.5,10496.5,1448
2026-06-17 16:15:00+00:00,10496.8,10499.0,10491.3,10493.6,1480
2026-06-17 16:30:00+00:00,10492.8,10493.3,10486.7,10487.9,1464
2026-06-17 16:45:00+00:00,10488.1,10490.9,10486.4,10489.6,1480
2026-06-17 17:00:00+00:00,10489.1,10495.8,10481.3,10484.7,2868
2026-06-17 17:15:00+00:00,10484.5,10484.7,10477.6,10478.6,2796
2026-06-17 17:30:00+00:00,10478.8,10484.7,10476.8,10482.8,2948
2026-06-17 17:45:00+00:00,10483.0,10493.9,10482.8,10493.4,2428
2026-06-17 18:00:00+00:00,10493.6,10493.6,10454.2,10462.8,11020
2026-06-17 18:15:00+00:00,10463.0,10477.9,10463.0,10470.7,14604
2026-06-17 18:30:00+00:00,10471.0,10497.4,10469.0,10494.9,18848
2026-06-17 18:45:00+00:00,10495.2,10501.8,10474.2,10481.4,14152
2026-06-17 19:00:00+00:00,10481.6,10494.3,10474.8,10491.1,19280
2026-06-17 19:15:00+00:00,10491.3,10492.8,10451.6,10453.8,17524
2026-06-17 19:30:00+00:00,10453.6,10455.1,10436.8,10443.0,18408
2026-06-17 19:45:00+00:00,10443.5,10455.6,10435.6,10437.1,13016
2026-06-17 20:00:00+00:00,10437.1,10449.1,10435.6,10437.6,5320
2026-06-17 20:30:00+00:00,10452.0,10458.3,10449.6,10455.0,3044
2026-06-17 20:45:00+00:00,10454.7,10455.3,10451.1,10454.1,2612
2026-06-17 22:00:00+00:00,10450.2,10464.1,10450.2,10462.4,2568
2026-06-17 22:15:00+00:00,10462.7,10469.3,10461.0,10465.8,2880
2026-06-17 22:30:00+00:00,10465.6,10469.4,10464.9,10466.6,1840
2026-06-17 22:45:00+00:00,10466.8,10470.1,10466.6,10468.1,1432
2026-06-17 23:00:00+00:00,10468.2,10473.9,10466.8,10473.9,1564
2026-06-17 23:15:00+00:00,10473.7,10479.8,10473.4,10478.5,1172
2026-06-17 23:30:00+00:00,10478.7,10480.0,10473.9,10475.1,1828
2026-06-17 23:45:00+00:00,10475.3,10477.6,10473.1,10477.2,2332
2026-06-18 00:00:00+00:00,10482.3,10498.9,10481.6,10494.5,8264
2026-06-18 00:15:00+00:00,10494.5,10496.0,10454.5,10464.8,9384
2026-06-18 00:30:00+00:00,10465.1,10466.8,10455.9,10463.2,7708
2026-06-18 00:45:00+00:00,10463.3,10463.6,10439.2,10443.6,8436
2026-06-18 01:00:00+00:00,10443.7,10452.2,10440.5,10451.4,8880
2026-06-18 01:15:00+00:00,10451.5,10458.9,10445.9,10456.6,6616
2026-06-18 01:30:00+00:00,10456.7,10458.2,10449.6,10452.9,6556
2026-06-18 01:45:00+00:00,10452.9,10459.6,10450.3,10451.0,6764
2026-06-18 02:00:00+00:00,10451.1,10457.2,10447.8,10456.2,6908
2026-06-18 02:15:00+00:00,10456.1,10456.6,10450.7,10454.9,5228
2026-06-18 02:30:00+00:00,10455.0,10457.2,10451.2,10456.7,5504
2026-06-18 02:45:00+00:00,10456.7,10461.5,10453.1,10454.5,5440
2026-06-18 03:00:00+00:00,10454.4,10455.8,10444.8,10448.7,3972
2026-06-18 03:15:00+00:00,10448.5,10456.2,10447.7,10453.8,4192
2026-06-18 03:30:00+00:00,10453.8,10457.1,10446.9,10450.7,5100
2026-06-18 03:45:00+00:00,10450.7,10463.5,10450.7,10461.4,5292
2026-06-18 04:00:00+00:00,10461.4,10467.7,10459.9,10461.1,5540
2026-06-18 04:15:00+00:00,10461.2,10463.4,10454.3,10460.4,5620
2026-06-18 04:30:00+00:00,10460.4,10461.7,10455.5,10456.1,5504
2026-06-18 04:45:00+00:00,10456.5,10459.1,10452.3,10457.6,5608
2026-06-18 05:00:00+00:00,10458.0,10460.5,10452.3,10460.5,2244
2026-06-18 05:15:00+00:00,10460.8,10473.8,10460.3,10472.5,2728
2026-06-18 05:30:00+00:00,10472.8,10477.8,10470.0,10471.0,2116
2026-06-18 05:45:00+00:00,10471.3,10473.0,10458.5,10465.0,1776
2026-06-18 06:00:00+00:00,10464.5,10467.3,10450.3,10461.8,4352
2026-06-18 06:15:00+00:00,10461.3,10465.8,10454.5,10460.0,3580
2026-06-18 06:30:00+00:00,10459.3,10461.5,10443.5,10448.0,3280
2026-06-18 06:45:00+00:00,10448.5,10468.3,10447.5,10463.5,2780
2026-06-18 07:00:00+00:00,10463.3,10479.3,10434.8,10435.3,11504
2026-06-18 07:15:00+00:00,10434.8,10458.8,10424.8,10455.0,7336
2026-06-18 07:30:00+00:00,10454.8,10458.0,10447.0,10452.5,6084
2026-06-18 07:45:00+00:00,10452.3,10453.8,10430.5,10440.3,5368
2026-06-18 08:00:00+00:00,10440.0,10445.0,10427.5,10431.0,6008
2026-06-18 08:15:00+00:00,10430.8,10431.8,10411.3,10413.8,4904
2026-06-18 08:30:00+00:00,10413.5,10416.5,10403.0,10403.0,4836
2026-06-18 08:45:00+00:00,10403.3,10405.3,10391.8,10392.0,4808
2026-06-18 09:00:00+00:00,10391.8,10408.8,10386.3,10408.8,4888
2026-06-18 09:15:00+00:00,10408.6,10417.3,10406.0,10414.6,3896
2026-06-18 09:30:00+00:00,10414.1,10419.1,10410.5,10416.8,3340
2026-06-18 09:45:00+00:00,10417.0,10420.9,10413.4,10415.8,3184
2026-06-18 10:00:00+00:00,10416.1,10418.5,10406.2,10413.2,4100
2026-06-18 10:15:00+00:00,10413.0,10414.7,10405.2,10405.8,3312
2026-06-18 10:30:00+00:00,10405.3,10406.3,10396.0,10396.3,3904
2026-06-18 10:45:00+00:00,10396.8,10401.5,10393.9,10397.7,3876
2026-06-18 11:00:00+00:00,10397.2,10404.6,10387.9,10392.9,5240
2026-06-18 11:15:00+00:00,10393.4,10400.2,10390.5,10399.7,4420
2026-06-18 11:30:00+00:00,10399.9,10401.7,10392.1,10400.5,4156
2026-06-18 11:45:00+00:00,10400.2,10405.4,10396.4,10404.7,3364
2026-06-18 12:00:00+00:00,10404.9,10416.5,10402.7,10416.2,4656
2026-06-18 12:15:00+00:00,10416.0,10420.7,10407.9,10410.5,3844
2026-06-18 12:30:00+00:00,10410.7,10418.7,10405.9,10416.2,4428
2026-06-18 12:45:00+00:00,10416.5,10430.3,10413.8,10422.4,4408
2026-06-18 13:00:00+00:00,10422.7,10425.5,10416.2,10417.9,5312
2026-06-18 13:15:00+00:00,10417.7,10420.2,10411.5,10413.7,5068
2026-06-18 13:30:00+00:00,10414.5,10419.6,10392.0,10398.7,11192
2026-06-18 13:45:00+00:00,10398.4,10398.9,10380.4,10382.6,8008
2026-06-18 14:00:00+00:00,10382.3,10390.2,10377.4,10386.0,8020
2026-06-18 14:15:00+00:00,10386.3,10391.5,10379.9,10384.7,7004
2026-06-18 14:30:00+00:00,10384.4,10401.2,10378.7,10398.8,6352
2026-06-18 14:45:00+00:00,10398.6,10406.0,10395.7,10406.0,5592
2026-06-18 15:00:00+00:00,10406.2,10407.8,10386.6,10391.9,6292
2026-06-18 15:15:00+00:00,10392.1,10397.1,10383.3,10395.6,8692
2026-06-18 15:30:00+00:00,10394.4,10406.3,10383.5,10390.4,11452
2026-06-18 15:45:00+00:00,10390.1,10397.8,10386.2,10393.6,4640
2026-06-18 16:00:00+00:00,10394.4,10409.3,10394.1,10406.8,4120
2026-06-18 16:15:00+00:00,10407.0,10409.2,10400.4,10400.9,2780
2026-06-18 16:30:00+00:00,10400.6,10405.1,10394.4,10400.6,2112
2026-06-18 16:45:00+00:00,10400.4,10401.9,10395.5,10398.9,2220
2026-06-18 17:00:00+00:00,10399.2,10407.8,10397.9,10406.8,2096
2026-06-18 17:15:00+00:00,10406.3,10409.0,10391.8,10398.7,1904
2026-06-18 17:30:00+00:00,10398.9,10407.3,10398.9,10406.9,1488
2026-06-18 17:45:00+00:00,10407.3,10412.5,10404.6,10411.3,1516
2026-06-18 18:00:00+00:00,10410.8,10412.8,10406.9,10410.8,2136
2026-06-18 18:15:00+00:00,10411.1,10417.8,10410.3,10414.1,1600
2026-06-18 18:30:00+00:00,10414.5,10415.0,10408.4,10409.4,1904
2026-06-18 18:45:00+00:00,10409.6,10411.9,10404.7,10406.7,2148
2026-06-18 19:00:00+00:00,10406.4,10406.4,10397.3,10401.0,2108
2026-06-18 19:15:00+00:00,10401.3,10408.2,10397.6,10403.3,1964
2026-06-18 19:30:00+00:00,10403.0,10409.4,10397.3,10404.8,2216
2026-06-18 19:45:00+00:00,10404.5,10413.4,10400.1,10405.0,4032
2026-06-18 20:00:00+00:00,10406.7,10416.3,10401.9,10415.5,3432
2026-06-18 20:30:00+00:00,10416.3,10418.2,10411.5,10412.2,872
2026-06-18 20:45:00+00:00,10412.5,10413.9,10409.8,10413.8,940
2026-06-18 22:00:00+00:00,10414.9,10415.1,10411.8,10412.9,1660
2026-06-18 22:15:00+00:00,10412.8,10412.9,10405.0,10406.2,2140
2026-06-18 22:30:00+00:00,10406.3,10406.3,10400.6,10401.8,1520
2026-06-18 22:45:00+00:00,10401.9,10404.0,10399.9,10401.3,1556
2026-06-18 23:00:00+00:00,10401.2,10404.2,10400.6,10401.7,1564
2026-06-18 23:15:00+00:00,10401.6,10405.9,10401.6,10404.5,1536
2026-06-18 23:30:00+00:00,10404.4,10407.1,10403.0,10405.7,1320
2026-06-18 23:45:00+00:00,10405.8,10408.1,10404.7,10406.2,2364
2026-06-19 00:00:00+00:00,10403.6,10405.2,10384.4,10386.0,7456
2026-06-19 00:15:00+00:00,10386.0,10387.4,10380.2,10383.5,6700
2026-06-19 00:30:00+00:00,10383.5,10388.7,10379.4,10383.3,5356
2026-06-19 00:45:00+00:00,10383.1,10385.8,10381.8,10384.5,4012
2026-06-19 01:00:00+00:00,10384.6,10387.8,10382.0,10382.7,4840
2026-06-19 01:15:00+00:00,10382.7,10385.2,10382.2,10384.6,3896
2026-06-19 01:30:00+00:00,10384.5,10384.5,10381.8,10383.0,4332
2026-06-19 01:45:00+00:00,10383.1,10383.7,10380.3,10380.4,3756
2026-06-19 02:00:00+00:00,10380.4,10381.2,10373.6,10375.5,3960
2026-06-19 02:15:00+00:00,10375.5,10375.5,10370.0,10371.1,3780
2026-06-19 02:30:00+00:00,10371.3,10374.6,10368.7,10374.5,3004
2026-06-19 02:45:00+00:00,10374.6,10376.0,10372.7,10375.5,3240
2026-06-19 03:00:00+00:00,10375.6,10377.9,10374.7,10375.8,2800
2026-06-19 03:15:00+00:00,10375.6,10375.9,10366.3,10368.3,5524
2026-06-19 03:30:00+00:00,10368.3,10369.8,10362.7,10368.6,7300
2026-06-19 03:45:00+00:00,10368.7,10369.5,10366.1,10369.4,6776
2026-06-19 04:00:00+00:00,10369.2,10370.8,10360.6,10369.3,6860
2026-06-19 04:15:00+00:00,10369.2,10370.0,10362.5,10364.3,5872
2026-06-19 04:30:00+00:00,10364.3,10365.0,10357.6,10359.1,5440
2026-06-19 04:45:00+00:00,10358.7,10358.7,10351.9,10353.8,6180
2026-06-19 05:00:00+00:00,10353.7,10364.3,10353.2,10363.4,1300
2026-06-19 05:15:00+00:00,10363.6,10364.6,10359.9,10362.6,888
2026-06-19 05:30:00+00:00,10362.9,10367.6,10360.9,10366.8,812
2026-06-19 05:45:00+00:00,10367.6,10369.1,10363.6,10366.9,1532
2026-06-19 06:00:00+00:00,10367.1,10375.3,10366.6,10373.3,1784
2026-06-19 06:15:00+00:00,10373.5,10384.4,10372.8,10382.7,1552
2026-06-19 06:30:00+00:00,10383.2,10384.2,10369.6,10371.8,1644
2026-06-19 06:45:00+00:00,10371.6,10387.6,10371.1,10382.2,1348
2026-06-19 07:00:00+00:00,10383.2,10394.4,10376.7,10391.1,6068
2026-06-19 07:15:00+00:00,10391.1,10402.6,10385.9,10396.4,4088
2026-06-19 07:30:00+00:00,10396.9,10410.1,10393.8,10409.6,3280
2026-06-19 07:45:00+00:00,10409.8,10420.0,10403.9,10416.7,2628
2026-06-19 08:00:00+00:00,10416.4,10421.6,10399.5,10408.0,2516
2026-06-19 08:15:00+00:00,10408.9,10415.8,10407.0,10408.6,2020
2026-06-19 08:30:00+00:00,10408.8,10415.6,10405.2,10413.3,1972
2026-06-19 08:45:00+00:00,10413.5,10414.5,10406.5,10413.0,1928
2026-06-19 09:00:00+00:00,10413.2,10417.9,10375.6,10378.5,4220
2026-06-19 09:15:00+00:00,10378.0,10394.4,10376.8,10386.5,4040
2026-06-19 09:30:00+00:00,10386.7,10397.0,10380.8,10392.4,2424
2026-06-19 09:45:00+00:00,10392.6,10399.8,10384.2,10384.2,3408
2026-06-19 10:00:00+00:00,10384.7,10385.2,10374.7,10379.3,2352
2026-06-19 10:15:00+00:00,10379.6,10383.2,10375.2,10380.1,1972
2026-06-19 10:30:00+00:00,10380.6,10381.8,10368.0,10378.4,2552
2026-06-19 10:45:00+00:00,10377.9,10389.6,10374.9,10378.4,2252
2026-06-19 11:00:00+00:00,10377.6,10378.9,10366.8,10369.4,3208
2026-06-19 11:15:00+00:00,10369.9,10372.3,10362.5,10363.9,1584
2026-06-19 11:30:00+00:00,10363.7,10367.8,10360.9,10363.6,1740
2026-06-19 11:45:00+00:00,10363.3,10371.5,10361.8,10368.5,1784
2026-06-19 12:00:00+00:00,10368.7,10370.9,10362.3,10367.6,1756
2026-06-19 12:15:00+00:00,10367.1,10369.1,10361.8,10366.6,1572
2026-06-19 12:30:00+00:00,10366.4,10367.4,10353.0,10366.1,2448
2026-06-19 12:45:00+00:00,10366.1,10388.4,10364.5,10385.2,5144
2026-06-19 13:00:00+00:00,10385.5,10388.2,10374.1,10376.8,3584
2026-06-19 13:15:00+00:00,10377.3,10385.1,10370.3,10382.6,2052
2026-06-19 13:30:00+00:00,10383.1,10384.8,10371.4,10374.3,3000
2026-06-19 13:45:00+00:00,10374.1,10376.8,10368.4,10376.6,2564
2026-06-19 14:00:00+00:00,10377.1,10378.7,10369.2,10372.9,2532
2026-06-19 14:15:00+00:00,10373.2,10374.6,10365.7,10370.1,1956
2026-06-19 14:30:00+00:00,10369.8,10374.1,10363.7,10364.5,1908
2026-06-19 14:45:00+00:00,10364.5,10368.0,10358.7,10359.2,2288
2026-06-19 15:00:00+00:00,10359.4,10371.1,10359.4,10367.8,2876
2026-06-19 15:15:00+00:00,10368.3,10368.3,10356.6,10358.1,4312
2026-06-19 15:30:00+00:00,10358.4,10369.6,10343.4,10360.2,6580
2026-06-19 15:45:00+00:00,10360.7,10377.5,10358.5,10375.7,1448
2026-06-19 16:00:00+00:00,10375.2,10382.2,10370.3,10374.8,1168
2026-06-19 16:15:00+00:00,10374.5,10383.7,10373.6,10376.0,872
2026-06-19 16:30:00+00:00,10376.5,10376.5,10369.4,10370.6,448
2026-06-19 16:45:00+00:00,10370.4,10370.4,10354.6,10357.1,1076
2026-06-19 17:00:00+00:00,10357.6,10360.3,10356.6,10359.3,372
2026-06-19 17:15:00+00:00,10358.6,10359.3,10354.0,10356.8,252
2026-06-19 17:30:00+00:00,10356.3,10357.6,10341.4,10357.1,172
2026-06-19 17:45:00+00:00,10357.4,10357.6,10356.6,10357.6,116
2026-06-19 18:00:00+00:00,10358.1,10361.8,10344.2,10361.1,116
2026-06-19 18:15:00+00:00,10360.8,10361.3,10344.9,10359.1,236
2026-06-19 18:30:00+00:00,10359.4,10361.1,10359.1,10361.1,172
2026-06-19 18:45:00+00:00,10360.9,10360.9,10345.2,10359.6,164
2026-06-19 19:00:00+00:00,10359.4,10359.6,10357.7,10359.6,88
2026-06-19 19:15:00+00:00,10343.3,10362.1,10343.1,10360.1,196
2026-06-19 19:30:00+00:00,10360.4,10363.6,10358.9,10361.1,464
2026-06-19 19:45:00+00:00,10361.4,10364.8,10358.7,10360.4,1220
2026-06-21 22:00:00+00:00,10354.8,10357.1,10336.1,10338.7,3184
2026-06-21 22:15:00+00:00,10339.0,10349.4,10332.8,10347.2,3516
2026-06-21 22:30:00+00:00,10347.0,10347.2,10336.6,10341.6,2960
2026-06-21 22:45:00+00:00,10341.4,10342.6,10336.1,10337.1,2092
2026-06-21 23:00:00+00:00,10337.2,10337.4,10324.9,10326.2,4720
2026-06-21 23:15:00+00:00,10326.4,10327.1,10321.8,10324.3,3356
2026-06-21 23:30:00+00:00,10324.6,10325.2,10314.1,10318.0,4016
2026-06-21 23:45:00+00:00,10317.8,10319.4,10312.2,10314.0,4056
2026-06-22 00:00:00+00:00,10328.8,10357.3,10328.8,10344.9,10992
2026-06-22 00:15:00+00:00,10345.0,10354.1,10344.2,10353.1,10472
2026-06-22 00:30:00+00:00,10352.9,10364.9,10352.1,10364.7,7508
2026-06-22 00:45:00+00:00,10364.8,10373.3,10363.6,10371.8,6444
2026-06-22 01:00:00+00:00,10371.8,10376.8,10366.5,10368.0,9548
2026-06-22 01:15:00+00:00,10367.8,10369.3,10362.1,10367.7,7456
2026-06-22 01:30:00+00:00,10367.5,10367.5,10359.8,10360.1,5448
2026-06-22 01:45:00+00:00,10360.1,10360.6,10347.9,10350.0,6472
2026-06-22 02:00:00+00:00,10350.3,10355.7,10347.9,10348.4,6792
2026-06-22 02:15:00+00:00,10348.4,10357.3,10348.4,10354.3,5884
2026-06-22 02:30:00+00:00,10354.9,10354.9,10350.9,10352.5,5392
2026-06-22 02:45:00+00:00,10352.3,10353.8,10348.1,10352.2,4388
2026-06-22 03:00:00+00:00,10352.0,10352.3,10348.0,10348.8,5432
2026-06-22 03:15:00+00:00,10348.8,10352.8,10348.5,10351.7,3868
2026-06-22 03:30:00+00:00,10351.9,10354.9,10351.9,10354.5,3560
2026-06-22 03:45:00+00:00,10354.3,10355.4,10350.7,10354.5,4528
2026-06-22 04:00:00+00:00,10354.5,10362.5,10353.3,10359.5,4564
2026-06-22 04:15:00+00:00,10359.1,10359.8,10353.1,10353.3,5128
2026-06-22 04:30:00+00:00,10353.3,10355.2,10350.4,10353.1,6196
2026-06-22 04:45:00+00:00,10353.3,10360.8,10353.0,10360.3,6076
2026-06-22 05:00:00+00:00,10360.7,10363.5,10354.0,10362.5,2056
2026-06-22 05:15:00+00:00,10362.3,10372.3,10362.0,10369.0,1868
2026-06-22 05:30:00+00:00,10369.8,10370.0,10361.5,10362.3,2644
2026-06-22 05:45:00+00:00,10362.8,10374.0,10361.8,10369.0,1508
2026-06-22 06:00:00+00:00,10369.3,10371.8,10365.5,10371.0,1628
2026-06-22 06:15:00+00:00,10370.8,10376.0,10366.5,10373.0,1252
2026-06-22 06:30:00+00:00,10372.8,10387.0,10372.0,10386.8,1160
2026-06-22 06:45:00+00:00,10386.5,10395.0,10376.8,10378.8,1504
2026-06-22 07:00:00+00:00,10379.0,10384.5,10352.3,10359.0,6700
2026-06-22 07:15:00+00:00,10359.3,10365.5,10349.3,10364.0,3380
2026-06-22 07:30:00+00:00,10363.8,10370.3,10352.8,10358.0,3292
2026-06-22 07:45:00+00:00,10357.5,10362.5,10353.0,10361.3,2644
2026-06-22 08:00:00+00:00,10362.0,10362.8,10350.5,10357.1,3428
2026-06-22 08:15:00+00:00,10357.3,10366.1,10352.2,10360.7,3360
2026-06-22 08:30:00+00:00,10361.0,10362.8,10352.3,10362.1,3072
2026-06-22 08:45:00+00:00,10362.3,10363.1,10347.4,10350.4,2628
2026-06-22 09:00:00+00:00,10350.1,10368.6,10345.8,10367.8,3712
2026-06-22 09:15:00+00:00,10367.6,10369.6,10360.7,10368.2,2768
2026-06-22 09:30:00+00:00,10368.7,10371.6,10354.8,10357.1,2812
2026-06-22 09:45:00+00:00,10357.4,10363.4,10351.2,10352.9,2584
2026-06-22 10:00:00+00:00,10352.7,10366.6,10352.7,10364.5,3340
2026-06-22 10:15:00+00:00,10364.3,10386.0,10364.3,10386.0,2404
2026-06-22 10:30:00+00:00,10386.2,10389.5,10381.0,10383.0,2324
2026-06-22 10:45:00+00:00,10382.5,10394.6,10381.3,10390.4,2356
2026-06-22 11:00:00+00:00,10390.9,10409.2,10390.4,10403.6,5136
2026-06-22 11:15:00+00:00,10403.8,10408.4,10401.1,10404.8,2236
2026-06-22 11:30:00+00:00,10404.5,10413.6,10403.8,10413.6,2264
2026-06-22 11:45:00+00:00,10413.6,10417.6,10406.5,10416.5,1904
2026-06-22 12:00:00+00:00,10416.8,10418.3,10410.8,10418.0,1996
2026-06-22 12:15:00+00:00,10417.8,10425.9,10416.4,10418.4,2172
2026-06-22 12:30:00+00:00,10418.1,10418.4,10409.1,10416.0,2648
2026-06-22 12:45:00+00:00,10416.5,10424.8,10416.5,10420.9,2148
2026-06-22 13:00:00+00:00,10421.0,10438.2,10419.8,10423.1,5304
2026-06-22 13:15:00+00:00,10422.9,10431.7,10415.3,10429.6,2972
2026-06-22 13:30:00+00:00,10429.8,10438.0,10419.3,10422.7,6616
2026-06-22 13:45:00+00:00,10422.5,10432.1,10418.8,10421.4,5492
2026-06-22 14:00:00+00:00,10421.1,10423.6,10409.9,10420.7,5172
2026-06-22 14:15:00+00:00,10420.5,10425.6,10412.8,10420.5,4508
2026-06-22 14:30:00+00:00,10421.0,10429.4,10415.2,10424.4,4648
2026-06-22 14:45:00+00:00,10424.9,10436.9,10421.4,10434.4,5072
2026-06-22 15:00:00+00:00,10434.7,10439.4,10426.9,10437.3,3500
2026-06-22 15:15:00+00:00,10437.0,10444.0,10431.9,10443.5,4692
2026-06-22 15:30:00+00:00,10443.7,10447.6,10429.6,10445.4,4680
2026-06-22 15:45:00+00:00,10444.9,10449.3,10440.1,10441.9,2616
2026-06-22 16:00:00+00:00,10442.6,10444.1,10434.9,10443.9,2268
2026-06-22 16:15:00+00:00,10443.6,10446.4,10441.2,10443.7,1324
2026-06-22 16:30:00+00:00,10443.4,10447.9,10441.2,10446.6,1500
2026-06-22 16:45:00+00:00,10446.1,10447.6,10441.7,10445.7,1820
2026-06-22 17:00:00+00:00,10446.2,10446.4,10439.0,10442.7,1056
2026-06-22 17:15:00+00:00,10443.0,10444.9,10434.6,10434.8,988
2026-06-22 17:30:00+00:00,10434.6,10436.3,10425.4,10431.6,1236
2026-06-22 17:45:00+00:00,10431.9,10435.3,10430.6,10431.6,868
2026-06-22 18:00:00+00:00,10431.2,10435.6,10428.7,10433.9,1284
2026-06-22 18:15:00+00:00,10434.4,10436.9,10430.4,10431.4,1120
2026-06-22 18:30:00+00:00,10431.7,10435.4,10427.5,10428.0,1056
2026-06-22 18:45:00+00:00,10427.7,10431.9,10424.0,10425.0,1320
2026-06-22 19:00:00+00:00,10425.5,10427.3,10422.6,10425.0,1192
2026-06-22 19:15:00+00:00,10425.5,10431.0,10421.8,10423.8,1584
2026-06-22 19:30:00+00:00,10424.1,10426.5,10418.2,10418.7,1268
2026-06-22 19:45:00+00:00,10418.4,10429.3,10415.0,10428.1,2252
2026-06-22 20:00:00+00:00,10428.8,10437.2,10428.8,10433.8,2356
2026-06-22 20:30:00+00:00,10430.0,10431.2,10429.4,10430.9,660
2026-06-22 20:45:00+00:00,10430.8,10431.2,10428.7,10429.3,688
2026-06-22 22:00:00+00:00,10430.0,10431.4,10426.2,10428.4,1568
2026-06-22 22:15:00+00:00,10428.7,10429.8,10424.9,10425.8,1340
2026-06-22 22:30:00+00:00,10425.6,10425.8,10416.0,10416.3,2672
2026-06-22 22:45:00+00:00,10416.4,10419.5,10415.6,10418.2,1768
2026-06-22 23:00:00+00:00,10418.0,10419.2,10414.4,10414.8,1844
2026-06-22 23:15:00+00:00,10414.9,10417.5,10412.5,10417.1,1652
2026-06-22 23:30:00+00:00,10416.9,10417.5,10414.7,10416.9,1208
2026-06-22 23:45:00+00:00,10417.1,10418.3,10413.0,10417.8,2736
2026-06-23 00:00:00+00:00,10413.2,10418.6,10412.4,10413.0,7368
2026-06-23 00:15:00+00:00,10413.0,10420.7,10412.7,10420.7,8268
2026-06-23 00:30:00+00:00,10420.7,10428.2,10418.4,10427.2,8212
2026-06-23 00:45:00+00:00,10427.3,10430.1,10418.6,10420.7,9280
2026-06-23 01:00:00+00:00,10420.8,10422.8,10410.3,10410.4,9248
2026-06-23 01:15:00+00:00,10410.5,10412.3,10403.4,10407.5,8632
2026-06-23 01:30:00+00:00,10407.5,10408.6,10393.5,10397.7,8308
2026-06-23 01:45:00+00:00,10397.7,10405.7,10395.7,10400.4,9752
2026-06-23 02:00:00+00:00,10400.5,10403.0,10381.6,10382.5,9092
2026-06-23 02:15:00+00:00,10382.4,10386.5,10380.5,10384.4,8528
2026-06-23 02:30:00+00:00,10384.4,10384.7,10378.8,10379.9,6476
2026-06-23 02:45:00+00:00,10380.0,10380.5,10370.9,10371.6,6524
2026-06-23 03:00:00+00:00,10371.7,10372.3,10357.9,10358.1,7336
2026-06-23 03:15:00+00:00,10357.9,10361.9,10357.0,10358.7,6268
2026-06-23 03:30:00+00:00,10358.7,10359.0,10340.6,10348.6,8000
2026-06-23 03:45:00+00:00,10348.5,10362.1,10345.5,10361.7,6836
2026-06-23 04:00:00+00:00,10361.8,10367.4,10358.6,10362.3,6232
2026-06-23 04:15:00+00:00,10362.3,10362.3,10355.8,10359.0,6096
2026-06-23 04:30:00+00:00,10358.9,10359.8,10355.5,10356.6,5976
2026-06-23 04:45:00+00:00,10356.7,10358.8,10348.7,10353.2,6696
2026-06-23 05:00:00+00:00,10353.4,10355.9,10345.5,10345.5,2812
2026-06-23 05:15:00+00:00,10345.2,10351.4,10340.3,10342.3,2508
2026-06-23 05:30:00+00:00,10342.5,10343.8,10334.4,10338.6,4324
2026-06-23 05:45:00+00:00,10338.8,10345.3,10332.7,10332.7,2140
2026-06-23 06:00:00+00:00,10333.2,10345.3,10323.3,10331.2,4480
2026-06-23 06:15:00+00:00,10331.0,10335.2,10322.6,10324.3,2948
2026-06-23 06:30:00+00:00,10323.8,10337.9,10321.8,10327.8,3516
2026-06-23 06:45:00+00:00,10327.5,10337.7,10322.6,10332.3,2480
2026-06-23 07:00:00+00:00,10331.5,10380.2,10331.5,10369.0,11540
2026-06-23 07:15:00+00:00,10368.8,10376.6,10357.1,10362.3,4960
2026-06-23 07:30:00+00:00,10361.1,10380.8,10359.1,10364.9,4524
2026-06-23 07:45:00+00:00,10363.9,10367.8,10337.4,10339.3,3856
2026-06-23 08:00:00+00:00,10339.8,10347.4,10332.3,10345.0,5508
2026-06-23 08:15:00+00:00,10344.8,10353.3,10340.6,10344.5,3584
2026-06-23 08:30:00+00:00,10345.2,10376.8,10343.8,10365.0,4180
2026-06-23 08:45:00+00:00,10364.0,10377.6,10352.9,10376.8,3804
2026-06-23 09:00:00+00:00,10377.3,10390.0,10375.8,10388.8,3752
2026-06-23 09:15:00+00:00,10389.0,10401.7,10385.5,10397.8,2896
2026-06-23 09:30:00+00:00,10398.3,10400.7,10389.1,10396.0,2552
2026-06-23 09:45:00+00:00,10395.8,10406.9,10392.3,10404.1,2580
2026-06-23 10:00:00+00:00,10403.6,10417.4,10403.1,10406.4,3228
2026-06-23 10:15:00+00:00,10406.7,10422.2,10403.7,10411.6,2460
2026-06-23 10:30:00+00:00,10411.1,10411.1,10394.9,10399.7,2940
2026-06-23 10:45:00+00:00,10399.5,10404.6,10387.2,10388.9,2960
2026-06-23 11:00:00+00:00,10389.4,10398.8,10380.4,10391.8,3068
2026-06-23 11:15:00+00:00,10392.1,10396.4,10379.2,10387.2,3504
2026-06-23 11:30:00+00:00,10386.7,10395.1,10379.0,10395.1,2784
2026-06-23 11:45:00+00:00,10394.9,10396.4,10385.8,10391.9,2612
2026-06-23 12:00:00+00:00,10392.9,10396.0,10385.4,10394.0,2864
2026-06-23 12:15:00+00:00,10393.8,10399.0,10390.4,10397.5,2492
2026-06-23 12:30:00+00:00,10397.2,10406.7,10386.2,10405.7,3248
2026-06-23 12:45:00+00:00,10405.4,10405.7,10390.5,10396.1,3228
2026-06-23 13:00:00+00:00,10396.4,10397.1,10384.4,10390.2,3544
2026-06-23 13:15:00+00:00,10389.9,10406.7,10389.5,10405.2,3552
2026-06-23 13:30:00+00:00,10405.7,10425.6,10402.4,10422.3,8592
2026-06-23 13:45:00+00:00,10421.3,10448.1,10419.8,10443.8,6052
2026-06-23 14:00:00+00:00,10444.0,10455.9,10438.9,10451.8,5384
2026-06-23 14:15:00+00:00,10452.0,10460.5,10448.5,10457.1,5004
2026-06-23 14:30:00+00:00,10457.3,10459.2,10443.1,10454.0,4364
2026-06-23 14:45:00+00:00,10453.8,10460.9,10446.4,10456.7,3932
2026-06-23 15:00:00+00:00,10456.9,10462.7,10452.7,10461.5,3904
2026-06-23 15:15:00+00:00,10461.2,10462.0,10451.1,10455.0,4128
2026-06-23 15:30:00+00:00,10455.3,10459.2,10429.1,10436.0,6260
2026-06-23 15:45:00+00:00,10436.3,10452.8,10436.0,10451.6,2468
2026-06-23 16:00:00+00:00,10452.1,10460.2,10450.1,10457.8,2184
2026-06-23 16:15:00+00:00,10458.1,10459.8,10450.2,10455.4,1684
2026-06-23 16:30:00+00:00,10455.1,10462.8,10453.9,10462.8,1340
2026-06-23 16:45:00+00:00,10463.3,10464.0,10458.1,10464.0,1272
2026-06-23 17:00:00+00:00,10463.8,10467.0,10459.4,10465.8,1368
2026-06-23 17:15:00+00:00,10466.3,10472.2,10465.5,10470.0,1164
2026-06-23 17:30:00+00:00,10469.7,10472.0,10466.8,10468.3,1088
2026-06-23 17:45:00+00:00,10467.8,10469.8,10457.4,10458.4,1324
2026-06-23 18:00:00+00:00,10458.2,10464.3,10452.0,10454.5,1700
2026-06-23 18:15:00+00:00,10454.2,10455.5,10448.6,10451.0,1232
2026-06-23 18:30:00+00:00,10450.8,10454.5,10439.7,10441.2,1464
2026-06-23 18:45:00+00:00,10441.7,10449.1,10439.4,10446.6,2520
2026-06-23 19:00:00+00:00,10446.4,10454.2,10443.3,10445.8,2468
2026-06-23 19:15:00+00:00,10446.0,10446.3,10435.9,10444.3,2452
2026-06-23 19:30:00+00:00,10444.1,10444.1,10433.7,10436.4,2364
2026-06-23 19:45:00+00:00,10436.7,10440.4,10425.8,10426.8,4192
2026-06-23 20:00:00+00:00,10429.6,10435.5,10425.7,10432.5,3324
2026-06-23 20:30:00+00:00,10434.3,10436.5,10432.1,10434.0,1192
2026-06-23 20:45:00+00:00,10434.1,10440.1,10433.2,10439.2,1088
2026-06-23 22:00:00+00:00,10439.7,10445.7,10438.4,10442.6,1848
2026-06-23 22:15:00+00:00,10442.4,10445.6,10430.5,10430.7,3512
2026-06-23 22:30:00+00:00,10431.0,10434.4,10423.2,10424.6,4004
2026-06-23 22:45:00+00:00,10424.5,10430.0,10424.4,10428.8,2796
2026-06-23 23:00:00+00:00,10429.0,10431.8,10414.7,10430.6,4148
2026-06-23 23:15:00+00:00,10430.1,10435.5,10430.0,10433.3,2244
2026-06-23 23:30:00+00:00,10433.5,10434.3,10425.3,10431.0,3248
2026-06-23 23:45:00+00:00,10430.9,10447.8,10430.9,10436.3,5688
2026-06-24 00:00:00+00:00,10430.3,10443.5,10415.7,10434.4,11276
2026-06-24 00:15:00+00:00,10434.0,10440.2,10424.0,10430.3,13112
2026-06-24 00:30:00+00:00,10430.1,10434.5,10427.8,10430.6,11424
2026-06-24 00:45:00+00:00,10430.5,10434.0,10422.9,10428.7,11780
2026-06-24 01:00:00+00:00,10428.8,10436.5,10424.2,10436.0,13420
2026-06-24 01:15:00+00:00,10436.0,10436.9,10424.1,10433.7,13104
2026-06-24 01:30:00+00:00,10433.5,10435.1,10426.9,10431.4,11756
2026-06-24 01:45:00+00:00,10431.5,10433.6,10426.3,10429.2,9992
2026-06-24 02:00:00+00:00,10429.0,10429.8,10420.1,10423.3,9880
2026-06-24 02:15:00+00:00,10422.9,10423.1,10414.4,10419.7,8284
2026-06-24 02:30:00+00:00,10419.7,10422.3,10408.5,10414.3,9028
2026-06-24 02:45:00+00:00,10413.7,10415.1,10398.3,10398.3,9496
2026-06-24 03:00:00+00:00,10398.5,10415.7,10397.8,10413.9,11576
2026-06-24 03:15:00+00:00,10413.5,10414.2,10402.8,10413.9,10208
2026-06-24 03:30:00+00:00,10414.0,10419.4,10410.4,10412.3,11008
2026-06-24 03:45:00+00:00,10412.1,10412.6,10397.2,10398.2,8964
2026-06-24 04:00:00+00:00,10398.3,10399.5,10384.9,10385.8,8396
2026-06-24 04:15:00+00:00,10385.7,10386.4,10376.5,10385.3,10144
2026-06-24 04:30:00+00:00,10385.3,10400.8,10384.7,10399.1,10060
2026-06-24 04:45:00+00:00,10399.1,10403.8,10396.5,10399.9,7796
2026-06-24 05:00:00+00:00,10400.1,10407.8,10397.5,10407.1,4020
2026-06-24 05:15:00+00:00,10406.9,10416.0,10406.4,10414.0,3492
2026-06-24 05:30:00+00:00,10414.5,10428.9,10414.0,10421.2,3196
2026-06-24 05:45:00+00:00,10421.2,10423.9,10412.6,10415.8,3248
2026-06-24 06:00:00+00:00,10416.8,10422.0,10407.4,10407.4,2988
2026-06-24 06:15:00+00:00,10407.7,10414.6,10404.5,10414.3,2108
2026-06-24 06:30:00+00:00,10415.3,10430.4,10414.8,10421.8,2628
2026-06-24 06:45:00+00:00,10421.3,10433.9,10417.3,10424.5,2052
2026-06-24 07:00:00+00:00,10425.2,10440.1,10416.0,10425.8,11620
2026-06-24 07:15:00+00:00,10426.1,10441.6,10425.1,10429.0,7064
2026-06-24 07:30:00+00:00,10429.2,10431.0,10405.2,10424.2,6632
2026-06-24 07:45:00+00:00,10424.7,10435.9,10413.4,10413.6,5008
2026-06-24 08:00:00+00:00,10413.4,10434.9,10411.5,10432.4,5704
2026-06-24 08:15:00+00:00,10431.9,10435.3,10423.9,10430.2,5020
2026-06-24 08:30:00+00:00,10429.7,10436.0,10423.6,10429.1,3612
2026-06-24 08:45:00+00:00,10429.6,10430.8,10419.5,10430.4,3152
2026-06-24 09:00:00+00:00,10430.1,10437.6,10427.2,10436.6,3008
2026-06-24 09:15:00+00:00,10436.9,10436.9,10422.6,10427.1,2688
2026-06-24 09:30:00+00:00,10427.3,10429.5,10416.2,10418.7,3236
2026-06-24 09:45:00+00:00,10418.5,10429.6,10415.8,10429.1,2756
2026-06-24 10:00:00+00:00,10429.4,10433.7,10423.8,10427.4,3392
2026-06-24 10:15:00+00:00,10427.2,10442.7,10426.7,10441.2,3460
2026-06-24 10:30:00+00:00,10441.4,10444.1,10431.1,10435.4,3268
2026-06-24 10:45:00+00:00,10435.9,10438.7,10431.0,10433.0,2592
2026-06-24 11:00:00+00:00,10433.5,10446.4,10433.0,10437.5,2728
2026-06-24 11:15:00+00:00,10437.7,10438.0,10427.8,10428.3,2968
2026-06-24 11:30:00+00:00,10428.6,10438.1,10428.6,10430.8,2980
2026-06-24 11:45:00+00:00,10430.5,10441.0,10430.3,10439.0,3556
2026-06-24 12:00:00+00:00,10439.2,10440.9,10432.4,10438.3,3412
2026-06-24 12:15:00+00:00,10438.8,10448.9,10435.9,10445.2,3040
2026-06-24 12:30:00+00:00,10445.7,10449.0,10437.3,10439.0,2848
2026-06-24 12:45:00+00:00,10438.8,10442.8,10431.9,10434.7,3092
2026-06-24 13:00:00+00:00,10434.9,10440.1,10421.9,10421.9,4196
2026-06-24 13:15:00+00:00,10421.6,10433.4,10416.5,10431.4,4568
2026-06-24 13:30:00+00:00,10430.9,10440.8,10424.7,10439.4,9840
2026-06-24 13:45:00+00:00,10439.1,10464.3,10427.9,10463.8,8336
2026-06-24 14:00:00+00:00,10464.0,10467.5,10456.2,10458.0,7156
2026-06-24 14:15:00+00:00,10457.7,10470.2,10451.3,10464.2,6732
2026-06-24 14:30:00+00:00,10464.0,10470.4,10457.0,10463.1,6012
2026-06-24 14:45:00+00:00,10462.7,10464.6,10451.4,10455.1,4892
2026-06-24 15:00:00+00:00,10454.7,10455.1,10437.8,10439.6,4740
2026-06-24 15:15:00+00:00,10440.3,10457.5,10438.3,10457.2,5340
2026-06-24 15:30:00+00:00,10457.7,10467.4,10457.0,10466.0,6016
2026-06-24 15:45:00+00:00,10465.7,10467.2,10456.1,10461.3,2988
2026-06-24 16:00:00+00:00,10461.0,10465.0,10455.9,10459.8,2600
2026-06-24 16:15:00+00:00,10460.1,10466.3,10456.9,10461.3,2132
2026-06-24 16:30:00+00:00,10461.1,10464.8,10448.3,10453.9,3088
2026-06-24 16:45:00+00:00,10453.7,10456.4,10445.3,10446.1,2360
2026-06-24 17:00:00+00:00,10446.3,10449.3,10438.4,10443.1,2964
2026-06-24 17:15:00+00:00,10442.9,10444.8,10428.8,10430.0,3996
2026-06-24 17:30:00+00:00,10429.8,10430.3,10417.7,10425.3,5080
2026-06-24 17:45:00+00:00,10424.8,10435.0,10421.9,10424.4,4248
2026-06-24 18:00:00+00:00,10424.6,10433.5,10421.9,10431.3,4060
2026-06-24 18:15:00+00:00,10431.8,10448.9,10431.8,10447.9,3764
2026-06-24 18:30:00+00:00,10447.6,10451.3,10437.8,10439.5,3148
2026-06-24 18:45:00+00:00,10439.2,10442.7,10423.4,10439.3,4424
2026-06-24 19:00:00+00:00,10439.7,10446.2,10428.5,10433.2,4868
2026-06-24 19:15:00+00:00,10432.9,10440.4,10429.7,10437.9,4052
2026-06-24 19:30:00+00:00,10437.6,10439.6,10428.0,10432.5,4088
2026-06-24 19:45:00+00:00,10432.0,10456.7,10431.2,10444.6,6012
2026-06-24 20:00:00+00:00,10444.3,10469.8,10436.8,10461.0,9768
2026-06-24 20:30:00+00:00,10467.8,10470.7,10457.4,10466.3,4764
2026-06-24 20:45:00+00:00,10466.4,10469.1,10461.9,10463.6,4428
2026-06-24 22:00:00+00:00,10467.9,10468.3,10462.7,10463.5,2596
2026-06-24 22:15:00+00:00,10463.2,10465.4,10458.8,10458.8,3252
2026-06-24 22:30:00+00:00,10458.9,10461.7,10457.8,10461.0,2872
2026-06-24 22:45:00+00:00,10461.4,10461.4,10456.3,10456.8,2080
2026-06-24 23:00:00+00:00,10456.7,10458.8,10454.6,10455.6,2044
2026-06-24 23:15:00+00:00,10455.4,10461.1,10454.6,10458.8,1728
2026-06-24 23:30:00+00:00,10458.9,10465.7,10458.5,10464.7,2024
2026-06-24 23:45:00+00:00,10464.6,10470.9,10461.5,10461.7,3592
2026-06-25 00:00:00+00:00,10453.0,10454.7,10436.5,10440.6,10352
2026-06-25 00:15:00+00:00,10440.6,10451.2,10440.6,10444.2,10768
2026-06-25 00:30:00+00:00,10443.3,10446.6,10438.4,10442.1,9316
2026-06-25 00:45:00+00:00,10442.3,10445.1,10436.9,10441.9,9720
2026-06-25 01:00:00+00:00,10442.6,10448.7,10438.8,10444.2,10492
2026-06-25 01:15:00+00:00,10444.3,10451.5,10442.9,10447.3,8688
2026-06-25 01:30:00+00:00,10447.3,10449.5,10440.8,10441.5,9872
2026-06-25 01:45:00+00:00,10441.5,10441.5,10432.0,10434.4,8484
2026-06-25 02:00:00+00:00,10434.5,10436.7,10420.5,10421.7,9536
2026-06-25 02:15:00+00:00,10421.8,10429.0,10420.2,10421.0,8100
2026-06-25 02:30:00+00:00,10421.0,10422.7,10416.8,10420.3,6244
2026-06-25 02:45:00+00:00,10420.3,10429.6,10419.5,10428.8,5408
2026-06-25 03:00:00+00:00,10429.0,10431.8,10425.5,10426.9,5992
2026-06-25 03:15:00+00:00,10427.0,10433.6,10423.8,10429.3,6052
2026-06-25 03:30:00+00:00,10429.2,10429.8,10418.0,10420.0,5732
2026-06-25 03:45:00+00:00,10419.5,10424.5,10417.3,10424.0,5348
2026-06-25 04:00:00+00:00,10424.1,10426.5,10419.2,10421.2,4636
2026-06-25 04:15:00+00:00,10421.2,10422.5,10415.4,10422.2,5124
2026-06-25 04:30:00+00:00,10422.3,10423.4,10416.5,10423.4,5060
2026-06-25 04:45:00+00:00,10423.8,10427.0,10422.8,10424.7,3920
2026-06-25 05:00:00+00:00,10424.5,10430.0,10421.5,10428.8,1528
2026-06-25 05:15:00+00:00,10429.0,10431.3,10428.3,10430.8,1068
2026-06-25 05:30:00+00:00,10431.0,10436.0,10427.5,10435.3,2088
2026-06-25 05:45:00+00:00,10435.0,10438.5,10425.8,10429.5,1540
2026-06-25 06:00:00+00:00,10429.3,10437.0,10422.8,10429.0,2120
2026-06-25 06:15:00+00:00,10428.5,10429.0,10415.8,10419.0,1744
2026-06-25 06:30:00+00:00,10418.3,10426.3,10418.3,10425.5,1424
2026-06-25 06:45:00+00:00,10425.8,10431.8,10413.5,10431.8,1784
2026-06-25 07:00:00+00:00,10432.0,10456.8,10418.0,10454.5,9140
2026-06-25 07:15:00+00:00,10454.8,10464.0,10451.3,10463.3,4112
2026-06-25 07:30:00+00:00,10463.5,10478.3,10463.0,10472.5,3920
2026-06-25 07:45:00+00:00,10472.5,10472.7,10464.7,10470.0,3040
2026-06-25 08:00:00+00:00,10470.3,10479.9,10465.8,10478.6,3444
2026-06-25 08:15:00+00:00,10478.3,10481.8,10471.2,10479.6,2948
2026-06-25 08:30:00+00:00,10479.8,10493.3,10479.8,10487.4,2904
2026-06-25 08:45:00+00:00,10487.6,10496.1,10487.4,10491.5,2644
2026-06-25 09:00:00+00:00,10492.2,10507.3,10492.0,10505.5,2720
2026-06-25 09:15:00+00:00,10505.3,10506.7,10488.4,10490.8,2808
2026-06-25 09:30:00+00:00,10491.3,10491.8,10484.3,10486.0,2348
2026-06-25 09:45:00+00:00,10485.7,10494.5,10482.7,10492.5,1988
2026-06-25 10:00:00+00:00,10492.2,10498.5,10489.5,10496.9,2240
2026-06-25 10:15:00+00:00,10497.4,10502.1,10492.0,10496.9,1908
2026-06-25 10:30:00+00:00,10496.6,10498.7,10492.6,10494.3,2116
2026-06-25 10:45:00+00:00,10494.6,10503.6,10493.1,10500.8,2276
2026-06-25 11:00:00+00:00,10500.6,10513.3,10500.3,10512.0,2696
2026-06-25 11:15:00+00:00,10511.2,10513.6,10503.2,10512.3,2432
2026-06-25 11:30:00+00:00,10512.6,10522.1,10512.1,10522.1,2200
2026-06-25 11:45:00+00:00,10522.3,10531.3,10522.3,10527.4,2404
2026-06-25 12:00:00+00:00,10527.6,10540.3,10523.7,10538.3,2788
2026-06-25 12:15:00+00:00,10538.1,10550.0,10537.1,10538.6,2968
2026-06-25 12:30:00+00:00,10538.6,10554.2,10538.6,10546.6,5404
2026-06-25 12:45:00+00:00,10546.8,10559.2,10545.4,10549.1,3240
2026-06-25 13:00:00+00:00,10549.4,10556.2,10545.9,10549.5,3476
2026-06-25 13:15:00+00:00,10549.5,10549.5,10534.2,10536.9,3504
2026-06-25 13:30:00+00:00,10537.9,10542.4,10525.6,10531.2,8028
2026-06-25 13:45:00+00:00,10531.4,10538.5,10516.1,10526.1,11804
2026-06-25 14:00:00+00:00,10527.1,10563.5,10526.4,10554.6,10748
2026-06-25 14:15:00+00:00,10554.8,10576.6,10554.0,10563.5,8296
2026-06-25 14:30:00+00:00,10564.0,10567.4,10549.4,10549.9,6600
2026-06-25 14:45:00+00:00,10550.2,10555.2,10545.9,10552.4,5880
2026-06-25 15:00:00+00:00,10552.9,10554.5,10526.5,10531.5,6392
2026-06-25 15:15:00+00:00,10531.0,10539.9,10521.4,10536.0,8832
2026-06-25 15:30:00+00:00,10535.5,10546.9,10525.4,10542.7,9268
2026-06-25 15:45:00+00:00,10543.2,10552.6,10541.7,10543.5,4080
2026-06-25 16:00:00+00:00,10543.3,10551.4,10542.0,10551.4,3352
2026-06-25 16:15:00+00:00,10551.2,10555.9,10541.1,10544.5,2428
2026-06-25 16:30:00+00:00,10544.3,10544.5,10521.3,10523.6,2788
2026-06-25 16:45:00+00:00,10523.3,10530.2,10518.9,10526.8,2948
2026-06-25 17:00:00+00:00,10526.5,10530.2,10520.1,10524.8,2232
2026-06-25 17:15:00+00:00,10525.3,10531.7,10520.9,10528.5,2448
2026-06-25 17:30:00+00:00,10528.8,10531.8,10523.8,10524.8,2280
2026-06-25 17:45:00+00:00,10525.1,10527.3,10514.7,10526.6,3132
2026-06-25 18:00:00+00:00,10526.8,10527.3,10510.0,10515.5,4540
2026-06-25 18:15:00+00:00,10515.2,10530.8,10514.3,10529.6,2676
2026-06-25 18:30:00+00:00,10529.3,10529.3,10511.6,10512.3,3576
2026-06-25 18:45:00+00:00,10512.1,10519.0,10505.9,10516.0,2448
2026-06-25 19:00:00+00:00,10515.8,10523.3,10512.6,10518.1,1976
2026-06-25 19:15:00+00:00,10517.9,10520.9,10513.9,10518.7,2216
2026-06-25 19:30:00+00:00,10518.4,10521.4,10514.2,10520.4,2164
2026-06-25 19:45:00+00:00,10520.2,10522.1,10510.5,10521.9,2760
2026-06-25 20:00:00+00:00,10522.1,10545.2,10521.9,10532.1,5784
2026-06-25 20:30:00+00:00,10540.7,10540.9,10534.1,10534.6,2168
2026-06-25 20:45:00+00:00,10534.7,10535.1,10527.4,10528.8,1536
2026-06-25 22:00:00+00:00,10520.6,10521.6,10511.3,10515.0,2448
2026-06-25 22:15:00+00:00,10515.1,10519.9,10511.1,10511.7,3500
2026-06-25 22:30:00+00:00,10511.5,10517.2,10510.6,10516.6,2940
2026-06-25 22:45:00+00:00,10516.7,10520.4,10513.8,10519.7,2248
2026-06-25 23:00:00+00:00,10519.6,10527.7,10519.0,10527.6,2140
2026-06-25 23:15:00+00:00,10527.7,10548.0,10526.1,10543.6,4968
2026-06-25 23:30:00+00:00,10543.7,10545.2,10524.5,10524.9,3724
2026-06-25 23:45:00+00:00,10524.8,10524.8,10511.9,10515.7,4888
2026-06-26 00:00:00+00:00,10512.8,10519.5,10502.8,10513.3,10620
2026-06-26 00:15:00+00:00,10513.4,10519.6,10508.8,10515.9,14692
2026-06-26 00:30:00+00:00,10515.0,10516.5,10507.5,10508.9,15048
2026-06-26 00:45:00+00:00,10508.8,10513.6,10502.6,10505.9,12736
2026-06-26 01:00:00+00:00,10506.1,10514.5,10504.2,10508.5,14680
2026-06-26 01:15:00+00:00,10508.4,10513.4,10495.8,10498.2,11456
2026-06-26 01:30:00+00:00,10498.3,10499.7,10488.5,10495.1,13800
2026-06-26 01:45:00+00:00,10495.1,10501.6,10488.8,10493.8,12120
2026-06-26 02:00:00+00:00,10493.6,10494.8,10473.9,10478.7,11876
2026-06-26 02:15:00+00:00,10478.9,10482.2,10459.6,10462.8,11920
2026-06-26 02:30:00+00:00,10462.8,10464.7,10446.5,10451.5,11484
2026-06-26 02:45:00+00:00,10451.5,10452.4,10439.5,10446.4,13092
2026-06-26 03:00:00+00:00,10446.4,10448.0,10438.7,10439.9,11564
2026-06-26 03:15:00+00:00,10440.0,10442.6,10435.9,10438.8,7896
2026-06-26 03:30:00+00:00,10438.5,10439.2,10426.7,10439.2,13596
2026-06-26 03:45:00+00:00,10439.4,10455.8,10437.1,10455.0,14280
2026-06-26 04:00:00+00:00,10455.1,10459.2,10452.4,10454.1,13616
2026-06-26 04:15:00+00:00,10454.5,10458.3,10446.3,10452.0,11384
2026-06-26 04:30:00+00:00,10452.6,10457.2,10450.2,10455.3,9772
2026-06-26 04:45:00+00:00,10455.4,10456.4,10449.9,10454.1,8740
2026-06-26 05:00:00+00:00,10454.3,10470.8,10453.8,10470.6,4932
2026-06-26 05:15:00+00:00,10470.8,10478.0,10470.1,10474.1,4564
2026-06-26 05:30:00+00:00,10474.8,10479.2,10466.9,10467.6,3848
2026-06-26 05:45:00+00:00,10467.9,10475.8,10462.5,10470.6,4764
2026-06-26 06:00:00+00:00,10470.9,10477.5,10457.8,10471.1,3404
2026-06-26 06:15:00+00:00,10471.9,10481.8,10471.6,10481.0,2952
2026-06-26 06:30:00+00:00,10481.3,10496.1,10478.6,10495.6,3148
2026-06-26 06:45:00+00:00,10495.4,10506.5,10491.9,10496.9,3344
2026-06-26 07:00:00+00:00,10496.4,10510.8,10475.2,10497.1,11312
2026-06-26 07:15:00+00:00,10497.1,10499.2,10483.7,10495.6,6524
2026-06-26 07:30:00+00:00,10495.8,10506.2,10486.8,10491.5,4776
2026-06-26 07:45:00+00:00,10491.3,10494.0,10481.2,10490.9,4272
2026-06-26 08:00:00+00:00,10490.6,10499.6,10484.0,10485.5,6136
2026-06-26 08:15:00+00:00,10485.8,10488.7,10476.5,10484.2,5020
2026-06-26 08:30:00+00:00,10483.9,10484.4,10464.6,10468.9,5476
2026-06-26 08:45:00+00:00,10469.2,10471.9,10456.3,10465.8,5036
2026-06-26 09:00:00+00:00,10465.6,10466.1,10446.4,10461.5,5360
2026-06-26 09:15:00+00:00,10461.2,10461.5,10450.5,10453.2,4328
2026-06-26 09:30:00+00:00,10453.7,10469.0,10448.3,10463.8,4336
2026-06-26 09:45:00+00:00,10463.1,10469.4,10457.5,10458.0,4636
2026-06-26 10:00:00+00:00,10458.3,10458.7,10447.7,10450.8,4488
2026-06-26 10:15:00+00:00,10451.0,10453.0,10441.3,10450.6,3384
2026-06-26 10:30:00+00:00,10450.1,10454.6,10447.1,10451.2,3472
2026-06-26 10:45:00+00:00,10450.9,10453.9,10443.2,10446.9,3024
2026-06-26 11:00:00+00:00,10447.1,10454.3,10444.4,10446.8,3940
2026-06-26 11:15:00+00:00,10446.3,10446.8,10437.2,10443.1,3316
2026-06-26 11:30:00+00:00,10442.8,10444.6,10434.0,10437.5,3020
2026-06-26 11:45:00+00:00,10437.4,10440.5,10431.4,10432.4,3496
2026-06-26 12:00:00+00:00,10432.7,10437.3,10428.4,10434.2,3884
2026-06-26 12:15:00+00:00,10434.4,10439.8,10422.3,10425.8,4388
2026-06-26 12:30:00+00:00,10425.8,10430.6,10415.8,10416.6,4160
2026-06-26 12:45:00+00:00,10417.1,10421.5,10408.2,10413.6,4576
2026-06-26 13:00:00+00:00,10414.1,10421.4,10409.5,10416.4,4120
2026-06-26 13:15:00+00:00,10416.6,10430.5,10403.2,10428.6,8048
2026-06-26 13:30:00+00:00,10428.3,10440.0,10425.7,10436.2,10268
2026-06-26 13:45:00+00:00,10436.7,10462.2,10431.0,10459.6,8908
2026-06-26 14:00:00+00:00,10460.1,10486.5,10457.3,10479.5,9056
2026-06-26 14:15:00+00:00,10479.0,10495.0,10479.0,10490.5,6340
2026-06-26 14:30:00+00:00,10490.2,10492.0,10480.2,10486.2,5488
2026-06-26 14:45:00+00:00,10486.5,10496.8,10485.6,10493.3,5688
2026-06-26 15:00:00+00:00,10493.8,10499.4,10484.6,10485.4,4920
2026-06-26 15:15:00+00:00,10485.6,10515.8,10483.6,10515.4,5192
2026-06-26 15:30:00+00:00,10515.8,10526.3,10506.5,10521.3,6732
2026-06-26 15:45:00+00:00,10521.5,10525.3,10508.0,10518.9,5608
2026-06-26 16:00:00+00:00,10519.4,10520.0,10507.8,10509.3,3176
2026-06-26 16:15:00+00:00,10509.5,10511.0,10487.3,10496.4,4232
2026-06-26 16:30:00+00:00,10496.7,10505.6,10495.9,10498.7,2512
2026-06-26 16:45:00+00:00,10498.9,10502.9,10497.9,10501.4,2044
2026-06-26 17:00:00+00:00,10501.7,10511.8,10500.7,10508.6,2196
2026-06-26 17:15:00+00:00,10508.3,10510.1,10502.9,10506.9,2416
2026-06-26 17:30:00+00:00,10507.4,10510.8,10500.0,10502.4,2792
2026-06-26 17:45:00+00:00,10502.7,10506.4,10499.5,10500.2,2052
2026-06-26 18:00:00+00:00,10500.5,10503.0,10495.1,10496.3,2360
2026-06-26 18:15:00+00:00,10496.5,10498.5,10488.2,10488.6,2696
2026-06-26 18:30:00+00:00,10488.9,10491.4,10485.7,10488.2,1924
2026-06-26 18:45:00+00:00,10487.9,10488.2,10479.8,10483.5,2644
2026-06-26 19:00:00+00:00,10484.0,10487.4,10477.8,10483.7,3036
2026-06-26 19:15:00+00:00,10484.2,10485.2,10474.4,10475.4,2508
2026-06-26 19:30:00+00:00,10475.1,10479.1,10466.0,10478.8,2928
2026-06-26 19:45:00+00:00,10479.1,10485.0,10473.7,10476.9,4212
2026-06-28 22:00:00+00:00,10488.9,10493.8,10478.3,10486.9,3504
2026-06-28 22:15:00+00:00,10487.0,10488.9,10478.5,10486.4,4444
2026-06-28 22:30:00+00:00,10486.5,10489.9,10485.9,10489.3,3300
2026-06-28 22:45:00+00:00,10489.4,10490.0,10485.8,10486.0,2340
2026-06-28 23:00:00+00:00,10485.9,10500.0,10484.5,10497.9,4120
2026-06-28 23:15:00+00:00,10498.0,10503.1,10495.9,10499.5,2436
2026-06-28 23:30:00+00:00,10499.6,10503.6,10499.4,10502.3,1968
2026-06-28 23:45:00+00:00,10502.0,10505.7,10497.3,10498.0,3916
2026-06-29 00:00:00+00:00,10500.5,10508.0,10497.2,10503.8,12532
2026-06-29 00:15:00+00:00,10503.6,10511.2,10500.8,10503.1,12972
2026-06-29 00:30:00+00:00,10502.5,10506.3,10493.3,10505.3,13892
2026-06-29 00:45:00+00:00,10505.3,10505.3,10492.8,10502.4,11888
2026-06-29 01:00:00+00:00,10502.5,10505.7,10493.9,10501.9,13056
2026-06-29 01:15:00+00:00,10501.7,10502.9,10491.0,10491.4,11584
2026-06-29 01:30:00+00:00,10491.7,10497.5,10485.1,10494.5,13740
2026-06-29 01:45:00+00:00,10494.7,10501.4,10489.3,10498.1,11540
2026-06-29 02:00:00+00:00,10498.0,10503.2,10494.7,10495.8,11740
2026-06-29 02:15:00+00:00,10495.9,10516.5,10492.8,10515.2,11352
2026-06-29 02:30:00+00:00,10515.0,10517.2,10511.4,10515.7,8608
2026-06-29 02:45:00+00:00,10515.9,10521.9,10515.8,10519.3,7652
2026-06-29 03:00:00+00:00,10519.3,10523.7,10518.1,10519.2,6892
2026-06-29 03:15:00+00:00,10519.6,10524.4,10518.3,10523.6,6632
2026-06-29 03:30:00+00:00,10523.4,10524.7,10513.6,10514.7,9208
2026-06-29 03:45:00+00:00,10514.7,10524.6,10514.3,10521.7,8984
2026-06-29 04:00:00+00:00,10521.3,10521.7,10516.8,10517.5,6232
2026-06-29 04:15:00+00:00,10517.3,10517.8,10512.7,10514.3,5964
2026-06-29 04:30:00+00:00,10514.3,10516.1,10505.7,10508.3,6556
2026-06-29 04:45:00+00:00,10508.2,10511.1,10506.7,10508.3,6636
2026-06-29 05:00:00+00:00,10508.1,10513.8,10504.3,10513.5,3268
2026-06-29 05:15:00+00:00,10513.8,10515.3,10505.5,10508.0,3080
2026-06-29 05:30:00+00:00,10508.3,10520.0,10505.3,10518.8,3084
2026-06-29 05:45:00+00:00,10518.5,10525.3,10515.8,10522.0,2804
2026-06-29 06:00:00+00:00,10521.5,10528.8,10518.8,10520.3,2704
2026-06-29 06:15:00+00:00,10520.5,10527.0,10520.5,10522.8,1836
2026-06-29 06:30:00+00:00,10523.5,10524.8,10509.0,10509.5,1500
2026-06-29 06:45:00+00:00,10509.3,10514.8,10500.0,10502.0,1692
2026-06-29 07:00:00+00:00,10502.5,10508.3,10481.0,10485.5,10356
2026-06-29 07:15:00+00:00,10485.8,10500.0,10481.3,10497.5,4572
2026-06-29 07:30:00+00:00,10498.0,10502.3,10488.8,10498.5,3732
2026-06-29 07:45:00+00:00,10498.3,10506.9,10492.3,10503.4,3264
2026-06-29 08:00:00+00:00,10503.2,10520.9,10502.0,10519.9,3820
2026-06-29 08:15:00+00:00,10519.7,10522.2,10501.3,10501.8,3752
2026-06-29 08:30:00+00:00,10501.3,10506.4,10491.0,10493.0,3484
2026-06-29 08:45:00+00:00,10493.5,10493.7,10480.1,10481.4,2916
2026-06-29 09:00:00+00:00,10482.4,10488.6,10476.7,10485.5,3176
2026-06-29 09:15:00+00:00,10485.0,10490.3,10481.4,10490.0,2564
2026-06-29 09:30:00+00:00,10490.3,10491.0,10485.0,10488.3,1900
2026-06-29 09:45:00+00:00,10488.3,10489.3,10475.8,10477.9,2520
2026-06-29 10:00:00+00:00,10478.1,10482.7,10476.7,10479.0,2188
2026-06-29 10:15:00+00:00,10479.3,10481.1,10472.6,10481.1,2148
2026-06-29 10:30:00+00:00,10480.6,10490.1,10477.1,10488.7,1972
2026-06-29 10:45:00+00:00,10489.2,10494.1,10485.4,10492.0,2416
2026-06-29 11:00:00+00:00,10491.3,10494.7,10485.8,10487.6,2320
2026-06-29 11:15:00+00:00,10487.9,10490.0,10475.3,10475.3,2088
2026-06-29 11:30:00+00:00,10475.8,10496.7,10474.4,10495.9,3352
2026-06-29 11:45:00+00:00,10495.2,10504.5,10495.2,10503.0,2588
2026-06-29 12:00:00+00:00,10503.3,10507.0,10500.8,10501.2,2716
2026-06-29 12:15:00+00:00,10501.2,10505.8,10497.8,10498.1,2340
2026-06-29 12:30:00+00:00,10499.3,10502.2,10490.6,10493.7,2420
2026-06-29 12:45:00+00:00,10494.0,10500.5,10493.6,10495.4,1980
2026-06-29 13:00:00+00:00,10495.1,10510.0,10495.1,10509.2,2364
2026-06-29 13:15:00+00:00,10509.0,10511.4,10503.3,10509.8,2500
2026-06-29 13:30:00+00:00,10510.1,10518.1,10497.1,10513.9,6724
2026-06-29 13:45:00+00:00,10514.1,10514.1,10495.2,10503.5,5780
2026-06-29 14:00:00+00:00,10503.8,10504.0,10477.3,10477.3,6524
2026-06-29 14:15:00+00:00,10477.1,10509.9,10475.3,10500.7,6124
2026-06-29 14:30:00+00:00,10500.5,10502.5,10488.5,10492.9,4640
2026-06-29 14:45:00+00:00,10492.7,10495.4,10477.1,10481.4,3764
2026-06-29 15:00:00+00:00,10481.1,10498.6,10471.1,10498.6,3956
2026-06-29 15:15:00+00:00,10498.9,10502.3,10492.4,10500.6,3920
2026-06-29 15:30:00+00:00,10500.1,10508.3,10486.2,10494.6,6408
2026-06-29 15:45:00+00:00,10494.3,10498.8,10492.7,10497.2,1944
2026-06-29 16:00:00+00:00,10497.4,10506.1,10494.4,10506.1,1592
2026-06-29 16:15:00+00:00,10505.8,10507.8,10502.9,10506.8,1784
2026-06-29 16:30:00+00:00,10506.1,10507.6,10500.7,10507.4,944
2026-06-29 16:45:00+00:00,10507.1,10508.4,10503.6,10506.1,1012
2026-06-29 17:00:00+00:00,10506.4,10511.6,10503.7,10509.6,840
2026-06-29 17:15:00+00:00,10509.1,10509.9,10503.2,10503.7,848
2026-06-29 17:30:00+00:00,10503.4,10504.4,10499.7,10502.2,588
2026-06-29 17:45:00+00:00,10502.0,10507.7,10501.5,10506.7,632
2026-06-29 18:00:00+00:00,10506.4,10515.3,10506.2,10511.9,1068
2026-06-29 18:15:00+00:00,10511.6,10511.9,10505.7,10509.9,868
2026-06-29 18:30:00+00:00,10509.7,10512.9,10506.7,10510.9,972
2026-06-29 18:45:00+00:00,10511.2,10514.6,10509.4,10511.7,876
2026-06-29 19:00:00+00:00,10511.4,10512.7,10508.9,10510.1,968
2026-06-29 19:15:00+00:00,10510.4,10513.8,10508.6,10511.9,916
2026-06-29 19:30:00+00:00,10511.6,10512.9,10506.7,10508.7,1104
2026-06-29 19:45:00+00:00,10508.2,10519.6,10503.0,10516.4,2420
2026-06-29 20:00:00+00:00,10516.1,10516.8,10510.2,10516.1,2796
2026-06-29 20:30:00+00:00,10515.8,10515.8,10511.2,10512.4,608
2026-06-29 20:45:00+00:00,10512.2,10514.0,10509.8,10512.0,888
2026-06-29 22:00:00+00:00,10512.4,10516.2,10510.3,10512.6,2084
2026-06-29 22:15:00+00:00,10512.8,10515.2,10511.7,10512.7,1488
2026-06-29 22:30:00+00:00,10512.8,10515.5,10510.1,10514.5,1616
2026-06-29 22:45:00+00:00,10514.6,10514.7,10512.1,10513.3,1012
2026-06-29 23:00:00+00:00,10513.2,10517.3,10512.6,10514.8,1408
2026-06-29 23:15:00+00:00,10514.9,10516.0,10513.8,10514.8,1056
2026-06-29 23:30:00+00:00,10514.7,10517.1,10513.8,10514.8,1280
2026-06-29 23:45:00+00:00,10514.7,10515.3,10510.4,10515.1,2292
2026-06-30 00:00:00+00:00,10510.9,10511.0,10501.2,10503.1,7980
2026-06-30 00:15:00+00:00,10503.1,10510.0,10498.0,10498.5,8952
2026-06-30 00:30:00+00:00,10498.4,10500.5,10490.4,10493.9,10020
2026-06-30 00:45:00+00:00,10494.1,10496.8,10491.7,10496.8,8676
2026-06-30 01:00:00+00:00,10496.9,10498.1,10493.2,10497.8,8660
2026-06-30 01:15:00+00:00,10498.0,10506.8,10493.4,10506.8,7964
2026-06-30 01:30:00+00:00,10507.0,10512.9,10500.7,10505.5,8516
2026-06-30 01:45:00+00:00,10505.4,10506.8,10501.5,10505.6,6936
2026-06-30 02:00:00+00:00,10505.6,10505.7,10495.7,10496.4,5924
2026-06-30 02:15:00+00:00,10496.7,10500.2,10493.6,10499.6,5988
2026-06-30 02:30:00+00:00,10499.5,10500.3,10496.9,10497.8,4924
2026-06-30 02:45:00+00:00,10497.8,10501.7,10496.9,10497.5,4432
2026-06-30 03:00:00+00:00,10497.5,10502.9,10497.0,10499.7,4008
2026-06-30 03:15:00+00:00,10499.7,10502.7,10498.7,10500.2,3776
2026-06-30 03:30:00+00:00,10500.4,10507.6,10499.8,10505.7,5416
2026-06-30 03:45:00+00:00,10505.7,10507.9,10503.4,10503.7,4552
2026-06-30 04:00:00+00:00,10504.5,10508.7,10503.4,10508.4,4116
2026-06-30 04:15:00+00:00,10508.6,10513.8,10507.7,10513.6,3108
2026-06-30 04:30:00+00:00,10513.8,10517.5,10512.6,10516.1,3452
2026-06-30 04:45:00+00:00,10516.0,10516.8,10512.1,10513.2,4232
2026-06-30 05:00:00+00:00,10513.6,10518.1,10511.2,10516.7,1064
2026-06-30 05:15:00+00:00,10516.4,10517.6,10512.0,10512.5,1060
2026-06-30 05:30:00+00:00,10512.2,10513.5,10506.5,10509.5,1872
2026-06-30 05:45:00+00:00,10509.0,10513.7,10508.5,10510.8,1208
2026-06-30 06:00:00+00:00,10510.5,10517.7,10504.1,10505.8,1812
2026-06-30 06:15:00+00:00,10505.6,10507.1,10497.4,10504.4,1312
2026-06-30 06:30:00+00:00,10505.1,10510.3,10497.5,10499.9,1564
2026-06-30 06:45:00+00:00,10500.4,10512.1,10499.9,10511.6,1436
2026-06-30 07:00:00+00:00,10510.1,10515.9,10496.4,10496.4,7876
2026-06-30 07:15:00+00:00,10496.9,10507.5,10492.9,10500.4,4276
2026-06-30 07:30:00+00:00,10500.7,10527.0,10497.8,10526.0,3972
2026-06-30 07:45:00+00:00,10525.7,10529.2,10509.1,10510.6,3028
2026-06-30 08:00:00+00:00,10511.9,10522.4,10510.3,10512.5,3792
2026-06-30 08:15:00+00:00,10512.8,10531.1,10507.7,10529.6,3320
2026-06-30 08:30:00+00:00,10529.8,10533.2,10515.7,10519.4,3300
2026-06-30 08:45:00+00:00,10519.9,10529.1,10518.9,10525.5,2328
2026-06-30 09:00:00+00:00,10526.0,10547.0,10524.7,10546.8,3064
2026-06-30 09:15:00+00:00,10547.0,10555.1,10546.3,10552.0,2700
2026-06-30 09:30:00+00:00,10552.5,10565.8,10549.8,10563.1,2452
2026-06-30 09:45:00+00:00,10563.3,10580.6,10562.6,10577.8,2916
2026-06-30 10:00:00+00:00,10578.6,10593.7,10575.4,10592.1,3196
2026-06-30 10:15:00+00:00,10592.4,10598.9,10587.9,10596.1,2720
2026-06-30 10:30:00+00:00,10596.4,10602.7,10595.3,10600.1,2884
2026-06-30 10:45:00+00:00,10600.1,10610.7,10599.6,10601.3,2316
2026-06-30 11:00:00+00:00,10600.6,10609.6,10596.6,10605.6,2448
2026-06-30 11:15:00+00:00,10605.1,10605.7,10599.8,10601.8,2276
2026-06-30 11:30:00+00:00,10602.1,10612.4,10601.6,10612.1,2120
2026-06-30 11:45:00+00:00,10611.4,10613.4,10605.8,10606.1,1812
2026-06-30 12:00:00+00:00,10605.6,10606.5,10578.3,10578.5,3168
2026-06-30 12:15:00+00:00,10578.8,10579.5,10562.0,10564.7,3520
2026-06-30 12:30:00+00:00,10564.7,10573.3,10560.2,10571.7,3280
2026-06-30 12:45:00+00:00,10572.2,10575.3,10560.2,10565.4,2464
2026-06-30 13:00:00+00:00,10565.9,10566.4,10543.4,10553.4,3640
2026-06-30 13:15:00+00:00,10553.1,10561.3,10549.7,10554.1,3140
2026-06-30 13:30:00+00:00,10554.4,10561.3,10531.8,10540.9,8216
2026-06-30 13:45:00+00:00,10541.2,10552.5,10537.2,10540.4,4784
2026-06-30 14:00:00+00:00,10539.9,10544.5,10529.9,10531.4,5996
2026-06-30 14:15:00+00:00,10530.9,10534.1,10518.1,10522.0,4944
2026-06-30 14:30:00+00:00,10521.7,10525.3,10509.2,10512.2,4900
2026-06-30 14:45:00+00:00,10511.9,10514.6,10499.3,10500.5,4884
2026-06-30 15:00:00+00:00,10500.3,10528.4,10499.3,10524.2,4864
2026-06-30 15:15:00+00:00,10523.7,10524.0,10507.4,10508.4,5816
2026-06-30 15:30:00+00:00,10508.6,10513.4,10495.6,10498.8,7812
2026-06-30 15:45:00+00:00,10499.0,10504.7,10493.4,10496.6,2332
2026-06-30 16:00:00+00:00,10496.1,10503.5,10493.1,10503.5,2004
2026-06-30 16:15:00+00:00,10503.2,10505.2,10497.3,10500.0,1184
2026-06-30 16:30:00+00:00,10499.8,10501.0,10495.3,10499.3,1136
2026-06-30 16:45:00+00:00,10498.8,10499.1,10494.9,10495.4,912
2026-06-30 17:00:00+00:00,10495.1,10498.3,10493.1,10493.4,900
2026-06-30 17:15:00+00:00,10493.6,10497.4,10491.4,10496.9,892
2026-06-30 17:30:00+00:00,10497.4,10503.8,10497.4,10499.9,636
2026-06-30 17:45:00+00:00,10500.4,10506.8,10499.9,10506.3,620
2026-06-30 18:00:00+00:00,10505.8,10509.5,10504.3,10509.5,572
2026-06-30 18:15:00+00:00,10509.8,10512.3,10506.8,10507.6,612
2026-06-30 18:30:00+00:00,10507.1,10510.3,10504.6,10510.3,588
2026-06-30 18:45:00+00:00,10510.6,10519.0,10510.3,10518.0,800
2026-06-30 19:00:00+00:00,10517.7,10519.5,10513.5,10517.3,960
2026-06-30 19:15:00+00:00,10517.5,10521.0,10514.5,10514.8,1052
2026-06-30 19:30:00+00:00,10515.0,10515.5,10505.7,10507.6,1472
2026-06-30 19:45:00+00:00,10508.1,10517.1,10503.4,10517.1,3476
2026-06-30 20:00:00+00:00,10516.8,10522.1,10511.5,10514.7,3572
2026-06-30 20:30:00+00:00,10511.8,10513.0,10510.1,10510.1,448
2026-06-30 20:45:00+00:00,10509.8,10511.8,10508.0,10511.3,712
2026-06-30 22:00:00+00:00,10514.8,10516.5,10512.8,10515.7,1256
2026-06-30 22:15:00+00:00,10515.9,10519.9,10515.7,10519.5,1228
2026-06-30 22:30:00+00:00,10519.4,10519.4,10516.0,10516.7,1052
2026-06-30 22:45:00+00:00,10516.5,10516.7,10511.4,10512.9,884
2026-06-30 23:00:00+00:00,10513.0,10515.3,10511.7,10513.3,1252
2026-06-30 23:15:00+00:00,10513.1,10515.8,10512.2,10513.6,924
2026-06-30 23:30:00+00:00,10513.8,10516.3,10513.1,10514.4,1228
2026-06-30 23:45:00+00:00,10514.6,10516.5,10511.5,10514.6,2196
2026-07-01 00:00:00+00:00,10502.5,10508.6,10499.2,10502.6,7496
2026-07-01 00:15:00+00:00,10502.7,10509.4,10501.7,10503.4,7024
2026-07-01 00:30:00+00:00,10503.3,10507.8,10501.4,10506.4,5256
2026-07-01 00:45:00+00:00,10506.5,10509.0,10503.1,10503.1,4652
2026-07-01 01:00:00+00:00,10503.7,10506.4,10491.7,10494.6,6828
2026-07-01 01:15:00+00:00,10494.6,10494.8,10484.5,10487.0,7544
2026-07-01 01:30:00+00:00,10487.2,10488.9,10481.9,10483.4,6276
2026-07-01 01:45:00+00:00,10483.5,10483.5,10470.0,10470.9,5416
2026-07-01 02:00:00+00:00,10470.9,10471.5,10455.8,10457.8,6944
2026-07-01 02:15:00+00:00,10457.7,10473.8,10453.4,10472.2,6744
2026-07-01 02:30:00+00:00,10472.1,10480.1,10471.9,10479.1,4380
2026-07-01 02:45:00+00:00,10479.1,10480.3,10473.5,10473.5,4428
2026-07-01 03:00:00+00:00,10473.6,10478.6,10472.1,10478.0,3936
2026-07-01 03:15:00+00:00,10477.9,10479.1,10474.8,10475.9,4280
2026-07-01 03:30:00+00:00,10476.0,10480.1,10474.9,10476.4,5572
2026-07-01 03:45:00+00:00,10476.6,10482.1,10475.4,10478.9,3452
2026-07-01 04:00:00+00:00,10478.9,10478.9,10474.5,10475.2,4648
2026-07-01 04:15:00+00:00,10475.2,10479.2,10474.4,10477.0,3832
2026-07-01 04:30:00+00:00,10477.2,10481.4,10476.5,10481.1,4512
2026-07-01 04:45:00+00:00,10481.1,10487.4,10480.5,10482.4,4036
2026-07-01 05:00:00+00:00,10482.4,10484.1,10478.9,10479.9,1232
2026-07-01 05:15:00+00:00,10480.2,10480.7,10477.2,10478.0,1132
2026-07-01 05:30:00+00:00,10478.2,10480.9,10476.5,10479.2,1608
2026-07-01 05:45:00+00:00,10479.5,10488.1,10478.2,10487.6,2208
2026-07-01 06:00:00+00:00,10487.4,10495.3,10481.5,10482.0,2224
2026-07-01 06:15:00+00:00,10481.5,10484.2,10478.5,10481.5,1324
2026-07-01 06:30:00+00:00,10482.2,10488.9,10475.5,10485.9,1784
2026-07-01 06:45:00+00:00,10486.2,10490.4,10477.5,10487.0,1748
2026-07-01 07:00:00+00:00,10487.4,10490.4,10439.6,10449.3,10488
2026-07-01 07:15:00+00:00,10449.1,10485.7,10449.1,10485.5,6476
2026-07-01 07:30:00+00:00,10485.7,10502.7,10485.0,10496.2,4132
2026-07-01 07:45:00+00:00,10496.5,10508.9,10489.7,10506.7,3580
2026-07-01 08:00:00+00:00,10506.0,10507.2,10491.3,10492.7,3704
2026-07-01 08:15:00+00:00,10492.5,10501.5,10485.7,10492.3,3460
2026-07-01 08:30:00+00:00,10492.5,10493.2,10485.7,10491.5,2996
2026-07-01 08:45:00+00:00,10491.7,10492.3,10480.9,10489.4,3480
2026-07-01 09:00:00+00:00,10489.9,10491.9,10468.8,10475.3,3380
2026-07-01 09:15:00+00:00,10475.8,10487.6,10475.8,10478.6,2344
2026-07-01 09:30:00+00:00,10478.6,10480.4,10468.5,10473.0,2300
2026-07-01 09:45:00+00:00,10472.8,10476.0,10466.9,10472.7,2584
2026-07-01 10:00:00+00:00,10472.4,10475.2,10453.6,10458.9,3164
2026-07-01 10:15:00+00:00,10459.1,10459.9,10452.2,10458.6,2776
2026-07-01 10:30:00+00:00,10458.4,10460.6,10451.7,10455.9,2380
2026-07-01 10:45:00+00:00,10456.1,10460.8,10451.2,10456.6,2956
2026-07-01 11:00:00+00:00,10456.1,10468.0,10454.1,10462.6,2488
2026-07-01 11:15:00+00:00,10462.8,10467.0,10457.2,10457.7,2480
2026-07-01 11:30:00+00:00,10457.4,10458.2,10443.0,10445.7,2836
2026-07-01 11:45:00+00:00,10446.0,10446.0,10436.8,10439.0,2952
2026-07-01 12:00:00+00:00,10438.8,10440.5,10429.7,10433.5,3328
2026-07-01 12:15:00+00:00,10434.3,10440.2,10428.6,10436.4,3668
2026-07-01 12:30:00+00:00,10436.9,10444.3,10433.7,10443.6,4644
2026-07-01 12:45:00+00:00,10443.4,10454.2,10443.1,10444.6,3572
2026-07-01 13:00:00+00:00,10444.1,10452.2,10434.9,10445.3,5068
2026-07-01 13:15:00+00:00,10445.6,10457.3,10441.3,10450.7,5600
2026-07-01 13:30:00+00:00,10450.9,10467.3,10444.9,10467.0,10172
2026-07-01 13:45:00+00:00,10466.5,10475.2,10456.1,10460.9,7420
2026-07-01 14:00:00+00:00,10461.1,10461.6,10447.8,10453.2,6940
2026-07-01 14:15:00+00:00,10452.8,10466.1,10450.6,10456.4,5696
2026-07-01 14:30:00+00:00,10456.6,10457.8,10440.5,10443.7,5564
2026-07-01 14:45:00+00:00,10444.2,10447.8,10440.9,10446.9,5512
2026-07-01 15:00:00+00:00,10447.1,10469.1,10447.1,10462.1,5152
2026-07-01 15:15:00+00:00,10461.3,10487.7,10459.8,10487.7,5464
2026-07-01 15:30:00+00:00,10487.5,10494.7,10476.3,10494.2,6984
2026-07-01 15:45:00+00:00,10493.7,10504.4,10492.7,10498.9,2728
2026-07-01 16:00:00+00:00,10499.2,10500.2,10494.0,10500.2,2240
2026-07-01 16:15:00+00:00,10499.7,10502.9,10493.8,10499.5,1680
2026-07-01 16:30:00+00:00,10499.7,10504.2,10495.0,10498.5,1456
2026-07-01 16:45:00+00:00,10498.3,10499.8,10481.2,10482.2,1968
2026-07-01 17:00:00+00:00,10482.4,10485.7,10477.0,10480.0,2228
2026-07-01 17:15:00+00:00,10480.5,10489.4,10479.7,10486.2,1200
2026-07-01 17:30:00+00:00,10486.4,10489.1,10481.7,10485.0,1348
2026-07-01 17:45:00+00:00,10484.2,10487.4,10482.5,10486.0,1248
2026-07-01 18:00:00+00:00,10485.5,10490.4,10483.7,10483.7,1352
2026-07-01 18:15:00+00:00,10483.2,10488.7,10481.0,10485.0,1376
2026-07-01 18:30:00+00:00,10485.2,10485.2,10476.1,10479.3,1240
2026-07-01 18:45:00+00:00,10479.6,10482.3,10475.9,10478.6,1560
2026-07-01 19:00:00+00:00,10478.8,10484.0,10476.4,10482.8,1536
2026-07-01 19:15:00+00:00,10482.5,10482.8,10472.9,10473.9,1556
2026-07-01 19:30:00+00:00,10473.6,10480.1,10471.9,10475.6,1604
2026-07-01 19:45:00+00:00,10475.4,10481.3,10469.9,10476.6,3308
2026-07-01 20:00:00+00:00,10476.4,10476.6,10464.1,10469.9,3944
2026-07-01 20:30:00+00:00,10466.7,10467.6,10460.9,10465.2,1452
2026-07-01 20:45:00+00:00,10465.7,10468.9,10463.8,10467.9,1112
2026-07-01 22:00:00+00:00,10474.2,10478.8,10472.6,10472.6,1584
2026-07-01 22:15:00+00:00,10472.7,10479.1,10472.5,10478.5,1604
2026-07-01 22:30:00+00:00,10478.3,10480.3,10477.8,10479.3,1140
2026-07-01 22:45:00+00:00,10479.6,10481.5,10476.3,10480.5,1344
2026-07-01 23:00:00+00:00,10480.6,10480.8,10476.4,10476.9,1468
2026-07-01 23:15:00+00:00,10476.4,10478.1,10475.9,10477.8,1064
2026-07-01 23:30:00+00:00,10478.0,10478.3,10474.9,10478.1,1340
2026-07-01 23:45:00+00:00,10478.0,10478.0,10469.8,10475.4,3984
2026-07-02 00:00:00+00:00,10467.3,10474.5,10455.6,10469.2,10148
2026-07-02 00:15:00+00:00,10469.2,10474.6,10462.4,10474.3,10792
2026-07-02 00:30:00+00:00,10475.1,10478.7,10463.6,10466.8,9624
2026-07-02 00:45:00+00:00,10467.0,10484.3,10466.5,10481.1,10848
2026-07-02 01:00:00+00:00,10480.9,10489.6,10479.7,10488.5,9548
2026-07-02 01:15:00+00:00,10488.8,10491.8,10485.9,10490.2,7376
2026-07-02 01:30:00+00:00,10490.3,10502.3,10490.3,10502.3,8100
2026-07-02 01:45:00+00:00,10502.2,10503.8,10496.3,10497.2,6408
2026-07-02 02:00:00+00:00,10497.3,10498.6,10494.1,10497.6,6080
2026-07-02 02:15:00+00:00,10497.8,10499.7,10491.9,10492.1,5824
2026-07-02 02:30:00+00:00,10492.1,10493.3,10488.8,10490.1,5788
2026-07-02 02:45:00+00:00,10489.9,10493.1,10489.6,10490.8,4560
2026-07-02 03:00:00+00:00,10491.1,10495.0,10489.9,10493.8,1232
2026-07-02 03:15:00+00:00,10493.8,10494.6,10487.8,10491.5,1140
2026-07-02 03:30:00+00:00,10491.9,10499.0,10491.6,10498.7,1770
2026-07-02 03:45:00+00:00,10498.7,10502.5,10495.4,10501.4,1706
2026-07-02 04:00:00+00:00,10501.7,10502.6,10491.4,10492.1,1514
2026-07-02 04:15:00+00:00,10492.1,10492.3,10485.6,10487.7,1609
2026-07-02 04:30:00+00:00,10487.9,10488.2,10475.8,10477.0,5514
2026-07-02 04:45:00+00:00,10476.8,10484.5,10476.1,10482.0,5736
2026-07-02 05:00:00+00:00,10481.8,10489.8,10478.6,10486.3,2428
2026-07-02 05:15:00+00:00,10486.1,10487.3,10478.6,10479.3,1828
2026-07-02 05:30:00+00:00,10479.6,10480.1,10468.6,10471.3,3360
2026-07-02 05:45:00+00:00,10471.6,10475.8,10470.1,10474.1,2284
2026-07-02 06:00:00+00:00,10474.3,10477.8,10462.6,10465.8,2500
2026-07-02 06:15:00+00:00,10465.3,10467.6,10456.1,10458.3,2040
2026-07-02 06:30:00+00:00,10458.1,10463.8,10453.8,10454.8,1488
2026-07-02 06:45:00+00:00,10453.8,10455.1,10446.3,10448.6,2320
2026-07-02 07:00:00+00:00,10448.1,10487.3,10439.3,10471.8,9624
2026-07-02 07:15:00+00:00,10471.6,10496.8,10470.3,10493.3,5296
2026-07-02 07:30:00+00:00,10493.6,10507.1,10487.8,10504.2,4252
2026-07-02 07:45:00+00:00,10504.7,10508.6,10498.6,10503.4,3988
2026-07-02 08:00:00+00:00,10503.9,10533.6,10503.7,10524.3,5268
2026-07-02 08:15:00+00:00,10524.6,10535.5,10518.9,10532.1,3924
2026-07-02 08:30:00+00:00,10531.7,10535.5,10525.4,10526.2,3672
2026-07-02 08:45:00+00:00,10525.9,10534.5,10525.2,10526.2,3304
2026-07-02 09:00:00+00:00,10526.9,10529.7,10520.2,10526.0,3396
2026-07-02 09:15:00+00:00,10526.5,10533.0,10523.8,10531.5,2720
2026-07-02 09:30:00+00:00,10531.3,10532.1,10527.3,10527.8,2484
2026-07-02 09:45:00+00:00,10527.8,10531.4,10521.2,10531.0,2508
2026-07-02 10:00:00+00:00,10531.2,10531.2,10517.3,10522.2,2688
2026-07-02 10:15:00+00:00,10522.4,10527.2,10520.8,10522.7,2120
2026-07-02 10:30:00+00:00,10523.5,10530.7,10523.5,10526.7,1888
2026-07-02 10:45:00+00:00,10527.2,10533.9,10524.7,10531.1,1924
2026-07-02 11:00:00+00:00,10530.9,10532.6,10525.1,10526.3,2492
2026-07-02 11:15:00+00:00,10526.0,10529.4,10522.5,10522.8,1764
2026-07-02 11:30:00+00:00,10523.1,10528.5,10520.2,10524.8,2036
2026-07-02 11:45:00+00:00,10525.1,10535.3,10524.6,10532.7,2072
2026-07-02 12:00:00+00:00,10532.4,10542.5,10530.7,10542.3,3056
2026-07-02 12:15:00+00:00,10542.5,10555.8,10542.5,10554.2,4020
2026-07-02 12:30:00+00:00,10555.6,10574.1,10553.2,10573.1,8940
2026-07-02 12:45:00+00:00,10572.8,10578.6,10558.8,10564.1,4988
2026-07-02 13:00:00+00:00,10564.3,10577.9,10561.6,10575.5,4384
2026-07-02 13:15:00+00:00,10575.7,10604.4,10573.1,10602.4,4552
2026-07-02 13:30:00+00:00,10602.9,10647.5,10600.4,10645.3,11632
2026-07-02 13:45:00+00:00,10645.0,10662.4,10639.3,10650.5,8788
2026-07-02 14:00:00+00:00,10650.3,10653.5,10633.0,10651.2,8008
2026-07-02 14:15:00+00:00,10651.5,10660.9,10648.3,10653.3,7984
2026-07-02 14:30:00+00:00,10653.8,10670.2,10652.1,10668.1,7676
2026-07-02 14:45:00+00:00,10667.6,10685.8,10667.1,10685.8,6768
2026-07-02 15:00:00+00:00,10686.1,10695.4,10674.2,10689.8,8316
2026-07-02 15:15:00+00:00,10689.6,10691.8,10661.1,10662.1,8952
2026-07-02 15:30:00+00:00,10662.3,10675.2,10651.4,10663.8,10088
2026-07-02 15:45:00+00:00,10663.6,10668.1,10644.0,10648.0,5092
2026-07-02 16:00:00+00:00,10648.2,10662.1,10642.3,10659.2,4092
2026-07-02 16:15:00+00:00,10658.9,10663.6,10647.3,10648.0,3708
2026-07-02 16:30:00+00:00,10648.5,10649.0,10640.4,10646.3,3968
2026-07-02 16:45:00+00:00,10646.6,10651.3,10642.4,10646.8,3084
2026-07-02 17:00:00+00:00,10646.6,10649.1,10632.7,10634.5,4032
2026-07-02 17:15:00+00:00,10634.7,10639.9,10633.7,10635.5,2532
2026-07-02 17:30:00+00:00,10635.0,10639.9,10626.1,10629.1,3404
2026-07-02 17:45:00+00:00,10628.8,10631.5,10621.6,10623.1,3028
2026-07-02 18:00:00+00:00,10622.6,10629.6,10619.7,10627.1,3280
2026-07-02 18:15:00+00:00,10627.3,10634.3,10623.9,10628.8,2132
2026-07-02 18:30:00+00:00,10628.6,10640.2,10625.6,10638.8,2464
2026-07-02 18:45:00+00:00,10639.0,10645.0,10637.5,10643.2,1672
2026-07-02 19:00:00+00:00,10643.7,10644.2,10627.7,10636.1,2928
2026-07-02 19:15:00+00:00,10635.8,10638.8,10632.9,10637.1,1948
2026-07-02 19:30:00+00:00,10637.3,10648.7,10637.1,10648.5,2116
2026-07-02 19:45:00+00:00,10648.2,10676.0,10644.5,10674.0,4552
2026-07-02 20:00:00+00:00,10670.1,10673.6,10665.6,10671.8,3280
2026-07-02 20:30:00+00:00,10669.1,10672.3,10667.1,10667.4,1244
2026-07-02 20:45:00+00:00,10667.5,10672.1,10667.1,10671.1,1236
2026-07-02 22:00:00+00:00,10674.1,10676.8,10671.9,10676.3,235
2026-07-02 22:15:00+00:00,10676.6,10679.1,10676.5,10676.9,606
2026-07-02 22:30:00+00:00,10676.7,10683.0,10675.1,10682.0,1544
2026-07-02 22:45:00+00:00,10681.9,10682.4,10679.3,10682.0,1024
2026-07-02 23:00:00+00:00,10681.9,10682.4,10676.3,10676.4,1880
2026-07-02 23:15:00+00:00,10676.5,10683.5,10676.5,10682.8,2124
2026-07-02 23:30:00+00:00,10682.7,10684.3,10679.4,10679.4,2188
2026-07-02 23:45:00+00:00,10679.6,10683.3,10679.0,10682.2,3492
2026-07-03 00:00:00+00:00,10686.8,10686.8,10669.2,10680.3,11020
2026-07-03 00:15:00+00:00,10680.3,10683.1,10667.0,10668.2,12192
2026-07-03 00:30:00+00:00,10668.2,10669.1,10659.6,10664.5,10756
2026-07-03 00:45:00+00:00,10664.5,10666.6,10661.2,10665.0,9072
2026-07-03 01:00:00+00:00,10665.7,10692.2,10665.4,10689.6,10896
2026-07-03 01:15:00+00:00,10689.6,10698.6,10687.0,10694.6,9088
2026-07-03 01:30:00+00:00,10694.4,10700.8,10691.3,10696.4,8156
2026-07-03 01:45:00+00:00,10696.6,10698.7,10692.1,10696.1,6700
2026-07-03 02:00:00+00:00,10696.1,10700.0,10693.9,10694.4,6128
2026-07-03 02:15:00+00:00,10694.5,10698.3,10691.3,10692.6,4936
2026-07-03 02:30:00+00:00,10692.6,10692.7,10688.5,10689.0,4424
2026-07-03 02:45:00+00:00,10689.1,10694.0,10689.0,10693.7,3468
2026-07-03 03:00:00+00:00,10693.6,10698.0,10692.2,10697.9,4380
2026-07-03 03:15:00+00:00,10698.0,10701.8,10696.3,10701.6,3280
2026-07-03 03:30:00+00:00,10701.7,10706.0,10695.6,10695.6,5768
2026-07-03 03:45:00+00:00,10695.6,10700.8,10695.1,10700.2,4316
2026-07-03 04:00:00+00:00,10700.1,10701.4,10698.1,10699.8,3576
2026-07-03 04:15:00+00:00,10699.8,10703.1,10699.0,10702.5,2684
2026-07-03 04:30:00+00:00,10702.5,10702.5,10696.8,10699.3,3228
2026-07-03 04:45:00+00:00,10699.7,10700.7,10692.3,10692.4,3712
2026-07-03 05:00:00+00:00,10692.3,10693.8,10678.7,10679.5,1668
2026-07-03 05:15:00+00:00,10680.2,10681.5,10676.3,10679.7,1228
2026-07-03 05:30:00+00:00,10679.5,10685.9,10679.0,10681.5,1140
2026-07-03 05:45:00+00:00,10681.7,10687.9,10679.0,10685.7,1464
2026-07-03 06:00:00+00:00,10685.9,10699.3,10683.7,10693.9,1744
2026-07-03 06:15:00+00:00,10694.1,10694.6,10684.0,10685.2,1340
2026-07-03 06:30:00+00:00,10685.5,10696.1,10684.5,10692.9,1536
2026-07-03 06:45:00+00:00,10692.7,10699.9,10684.5,10696.9,1624
2026-07-03 07:00:00+00:00,10696.4,10699.4,10678.1,10687.5,7656
2026-07-03 07:15:00+00:00,10687.3,10694.2,10682.8,10686.3,4308
2026-07-03 07:30:00+00:00,10685.8,10692.0,10675.5,10676.2,3720
2026-07-03 07:45:00+00:00,10676.0,10677.3,10662.7,10663.3,2996
2026-07-03 08:00:00+00:00,10663.5,10663.5,10652.5,10655.4,3256
2026-07-03 08:15:00+00:00,10654.9,10660.1,10647.3,10648.0,2512
2026-07-03 08:30:00+00:00,10648.3,10650.5,10629.0,10630.8,3056
2026-07-03 08:45:00+00:00,10631.1,10632.5,10617.5,10621.6,3316
2026-07-03 09:00:00+00:00,10621.9,10623.9,10610.9,10614.4,3028
2026-07-03 09:15:00+00:00,10613.9,10617.4,10604.1,10606.1,3056
2026-07-03 09:30:00+00:00,10606.4,10616.0,10603.7,10615.5,2692
2026-07-03 09:45:00+00:00,10615.7,10624.0,10612.3,10622.8,2656
2026-07-03 10:00:00+00:00,10623.5,10632.5,10623.0,10628.6,2628
2026-07-03 10:15:00+00:00,10628.6,10628.6,10620.4,10623.2,1812
2026-07-03 10:30:00+00:00,10623.7,10626.9,10617.9,10621.0,1824
2026-07-03 10:45:00+00:00,10621.2,10624.8,10616.9,10621.2,1740
2026-07-03 11:00:00+00:00,10621.5,10622.0,10608.8,10608.8,2128
2026-07-03 11:15:00+00:00,10609.1,10615.1,10604.1,10607.1,1828
2026-07-03 11:30:00+00:00,10606.9,10619.2,10606.6,10618.7,1472
2026-07-03 11:45:00+00:00,10618.5,10630.9,10618.2,10630.4,1292
2026-07-03 12:00:00+00:00,10630.9,10641.9,10630.9,10641.3,1792
2026-07-03 12:15:00+00:00,10641.3,10642.5,10633.6,10637.0,1812
2026-07-03 12:30:00+00:00,10636.8,10639.1,10631.9,10638.1,1624
2026-07-03 12:45:00+00:00,10638.3,10643.7,10637.8,10643.0,1520
2026-07-03 13:00:00+00:00,10643.2,10650.4,10642.7,10643.9,1784
2026-07-03 13:15:00+00:00,10644.4,10653.1,10641.5,10649.3,1472
2026-07-03 13:30:00+00:00,10649.5,10656.6,10645.3,10656.1,2564
2026-07-03 13:45:00+00:00,10656.4,10667.1,10655.1,10666.8,2396
2026-07-03 14:00:00+00:00,10666.3,10670.7,10660.1,10660.5,1960
2026-07-03 14:15:00+00:00,10660.7,10664.4,10656.2,10658.6,1884
2026-07-03 14:30:00+00:00,10658.6,10671.0,10658.4,10669.0,1836
2026-07-03 14:45:00+00:00,10668.7,10680.9,10668.5,10675.8,1972
2026-07-03 15:00:00+00:00,10676.1,10676.1,10664.8,10674.5,2192
2026-07-03 15:15:00+00:00,10674.8,10676.8,10670.2,10672.4,1816
2026-07-03 15:30:00+00:00,10672.7,10682.8,10666.3,10677.9,3196
2026-07-03 15:45:00+00:00,10677.6,10679.6,10669.7,10670.7,860
2026-07-03 16:00:00+00:00,10671.0,10675.7,10669.7,10674.2,644
2026-07-03 16:15:00+00:00,10674.0,10674.2,10666.3,10666.8,812
2026-07-03 16:30:00+00:00,10666.3,10669.3,10664.1,10667.0,764
2026-07-03 16:45:00+00:00,10667.3,10667.5,10663.3,10663.6,612
2026-07-03 17:00:00+00:00,10663.3,10663.3,10659.9,10660.4,616
2026-07-03 17:15:00+00:00,10660.9,10660.9,10658.2,10658.2,848
2026-07-03 17:30:00+00:00,10658.4,10658.7,10655.1,10655.3,436
2026-07-03 17:45:00+00:00,10655.2,10659.2,10654.7,10656.0,224
2026-07-03 18:00:00+00:00,10655.7,10658.7,10654.5,10654.5,132
2026-07-03 18:15:00+00:00,10654.5,10658.2,10654.5,10657.2,308
2026-07-03 18:30:00+00:00,10654.9,10656.7,10652.6,10653.3,436
2026-07-03 18:45:00+00:00,10655.5,10655.5,10651.6,10652.3,184
2026-07-03 19:00:00+00:00,10652.1,10652.8,10650.4,10650.9,796
2026-07-03 19:15:00+00:00,10651.1,10652.4,10649.9,10651.6,332
2026-07-03 19:30:00+00:00,10651.9,10654.3,10648.7,10650.9,656
2026-07-03 19:45:00+00:00,10651.1,10651.9,10635.3,10636.5,1432
2026-07-05 22:00:00+00:00,10649.8,10653.0,10647.6,10652.4,2340
2026-07-05 22:15:00+00:00,10652.5,10657.3,10651.3,10656.6,2472
2026-07-05 22:30:00+00:00,10656.7,10661.2,10656.7,10660.7,1948
2026-07-05 22:45:00+00:00,10660.4,10662.9,10657.0,10657.7,1484
2026-07-05 23:00:00+00:00,10657.8,10663.4,10656.0,10663.1,2476
2026-07-05 23:15:00+00:00,10662.9,10663.9,10659.7,10660.4,1400
2026-07-05 23:30:00+00:00,10659.9,10663.4,10642.9,10655.6,1344
2026-07-05 23:45:00+00:00,10655.5,10660.8,10654.4,10659.6,3256
2026-07-06 00:00:00+00:00,10661.4,10661.7,10647.9,10651.5,9120
2026-07-06 00:15:00+00:00,10651.4,10662.6,10651.4,10655.1,9864
2026-07-06 00:30:00+00:00,10655.0,10667.7,10653.6,10667.4,8616
2026-07-06 00:45:00+00:00,10667.5,10670.6,10667.5,10668.3,7752
2026-07-06 01:00:00+00:00,10668.5,10669.7,10660.3,10666.1,7888
2026-07-06 01:15:00+00:00,10666.1,10674.2,10665.2,10669.8,8496
2026-07-06 01:30:00+00:00,10669.8,10678.5,10668.7,10672.7,8636
2026-07-06 01:45:00+00:00,10672.6,10672.7,10661.8,10671.1,9064
2026-07-06 02:00:00+00:00,10671.2,10674.0,10664.8,10667.9,8236
2026-07-06 02:15:00+00:00,10667.9,10673.1,10667.9,10669.0,7380
2026-07-06 02:30:00+00:00,10669.1,10669.9,10662.3,10662.8,7152
2026-07-06 02:45:00+00:00,10662.8,10667.3,10662.4,10666.7,6188
2026-07-06 03:00:00+00:00,10666.5,10667.9,10660.7,10661.8,6208
2026-07-06 03:15:00+00:00,10661.7,10662.5,10656.2,10659.0,5168
2026-07-06 03:30:00+00:00,10659.1,10662.2,10656.9,10657.1,6712
2026-07-06 03:45:00+00:00,10657.1,10660.0,10653.8,10659.5,6488
2026-07-06 04:00:00+00:00,10659.5,10663.2,10657.6,10663.0,5580
2026-07-06 04:15:00+00:00,10663.0,10663.0,10658.1,10660.5,4288
2026-07-06 04:30:00+00:00,10660.5,10664.3,10659.3,10662.8,4708
2026-07-06 04:45:00+00:00,10662.8,10665.8,10661.5,10665.8,4348
2026-07-06 05:00:00+00:00,10665.8,10667.3,10663.5,10664.8,1524
2026-07-06 05:15:00+00:00,10664.5,10665.8,10661.8,10663.8,1432
2026-07-06 05:30:00+00:00,10663.3,10672.5,10661.0,10670.3,1432
2026-07-06 05:45:00+00:00,10670.0,10670.3,10662.0,10662.5,1744
2026-07-06 06:00:00+00:00,10662.8,10670.0,10658.8,10661.0,1700
2026-07-06 06:15:00+00:00,10661.5,10666.5,10657.5,10664.5,1108
2026-07-06 06:30:00+00:00,10663.5,10664.0,10657.8,10660.5,1244
2026-07-06 06:45:00+00:00,10661.0,10682.0,10656.0,10679.5,1540
2026-07-06 07:00:00+00:00,10679.8,10708.5,10671.5,10706.3,7636
2026-07-06 07:15:00+00:00,10706.5,10719.8,10700.8,10718.6,3988
2026-07-06 07:30:00+00:00,10718.9,10728.4,10713.2,10722.9,3380
2026-07-06 07:45:00+00:00,10722.7,10729.5,10719.7,10727.4,2824
2026-07-06 08:00:00+00:00,10727.7,10732.2,10724.0,10728.3,3064
2026-07-06 08:15:00+00:00,10728.3,10734.4,10723.6,10732.8,2084
2026-07-06 08:30:00+00:00,10733.3,10733.8,10713.5,10713.5,2292
2026-07-06 08:45:00+00:00,10713.8,10714.8,10699.7,10700.2,2004
2026-07-06 09:00:00+00:00,10699.7,10700.3,10675.2,10681.6,3252
2026-07-06 09:15:00+00:00,10682.1,10689.8,10677.1,10684.2,2292
2026-07-06 09:30:00+00:00,10684.4,10686.2,10676.5,10683.9,1888
2026-07-06 09:45:00+00:00,10684.1,10684.9,10668.6,10669.1,2128
2026-07-06 10:00:00+00:00,10669.3,10671.8,10662.6,10667.9,2296
2026-07-06 10:15:00+00:00,10667.9,10671.2,10661.6,10664.2,1832
2026-07-06 10:30:00+00:00,10664.4,10666.4,10656.6,10657.9,1572
2026-07-06 10:45:00+00:00,10658.1,10660.0,10654.6,10654.8,1656
2026-07-06 11:00:00+00:00,10655.3,10657.5,10651.2,10654.7,1816
2026-07-06 11:15:00+00:00,10654.7,10656.8,10647.4,10648.4,1664
2026-07-06 11:30:00+00:00,10648.0,10648.8,10642.1,10645.2,1700
2026-07-06 11:45:00+00:00,10645.4,10645.7,10633.6,10636.5,1820
2026-07-06 12:00:00+00:00,10636.8,10642.0,10635.8,10641.6,2096
2026-07-06 12:15:00+00:00,10641.6,10650.6,10639.5,10640.1,2376
2026-07-06 12:30:00+00:00,10640.1,10655.0,10638.9,10654.5,2268
2026-07-06 12:45:00+00:00,10654.7,10657.6,10650.2,10656.1,1964
2026-07-06 13:00:00+00:00,10655.6,10655.6,10643.8,10644.9,2400
2026-07-06 13:15:00+00:00,10645.1,10655.5,10640.1,10655.0,2424
2026-07-06 13:30:00+00:00,10655.5,10662.2,10636.9,10641.2,7652
2026-07-06 13:45:00+00:00,10640.5,10643.7,10627.2,10634.2,5504
2026-07-06 14:00:00+00:00,10634.0,10634.5,10619.2,10624.2,5652
2026-07-06 14:15:00+00:00,10623.9,10632.0,10617.9,10631.7,4000
2026-07-06 14:30:00+00:00,10631.9,10636.1,10620.5,10635.8,3772
2026-07-06 14:45:00+00:00,10635.6,10638.0,10628.4,10637.5,3096
2026-07-06 15:00:00+00:00,10637.8,10640.0,10629.6,10636.1,3000
2026-07-06 15:15:00+00:00,10635.6,10650.7,10635.6,10650.7,3656
2026-07-06 15:30:00+00:00,10650.0,10653.2,10640.3,10645.8,5072
2026-07-06 15:45:00+00:00,10646.0,10647.2,10635.4,10635.7,2004
2026-07-06 16:00:00+00:00,10635.4,10636.9,10630.7,10634.7,1472
2026-07-06 16:15:00+00:00,10634.4,10640.6,10632.9,10640.6,976
2026-07-06 16:30:00+00:00,10640.4,10645.3,10638.9,10644.8,832
2026-07-06 16:45:00+00:00,10644.6,10651.0,10644.1,10650.3,824
2026-07-06 17:00:00+00:00,10650.6,10663.9,10649.8,10662.9,1080
2026-07-06 17:15:00+00:00,10662.5,10665.2,10660.7,10664.0,836
2026-07-06 17:30:00+00:00,10664.2,10664.7,10652.8,10656.5,1208
2026-07-06 17:45:00+00:00,10656.0,10660.3,10655.1,10656.8,1084
2026-07-06 18:00:00+00:00,10657.3,10662.3,10655.6,10657.1,940
2026-07-06 18:15:00+00:00,10657.3,10661.8,10657.1,10660.5,636
2026-07-06 18:30:00+00:00,10660.3,10660.3,10654.4,10655.4,632
2026-07-06 18:45:00+00:00,10655.1,10660.6,10654.6,10660.3,732
2026-07-06 19:00:00+00:00,10660.6,10660.8,10653.9,10658.3,880
2026-07-06 19:15:00+00:00,10658.6,10667.3,10657.6,10666.8,824
2026-07-06 19:30:00+00:00,10666.5,10667.0,10662.6,10665.6,1200
2026-07-06 19:45:00+00:00,10665.3,10672.2,10665.1,10672.0,2248
2026-07-06 20:00:00+00:00,10672.3,10675.9,10670.1,10675.0,2068
2026-07-06 20:30:00+00:00,10674.5,10675.5,10673.8,10675.2,396
2026-07-06 20:45:00+00:00,10675.0,10676.5,10672.8,10675.5,780
2026-07-06 22:00:00+00:00,10677.3,10678.1,10674.8,10678.0,980
2026-07-06 22:15:00+00:00,10678.1,10679.5,10677.2,10677.3,932
2026-07-06 22:30:00+00:00,10677.4,10679.2,10676.1,10677.5,936
2026-07-06 22:45:00+00:00,10677.4,10677.4,10671.7,10672.9,1704
2026-07-06 23:00:00+00:00,10672.7,10676.6,10672.4,10674.5,1396
2026-07-06 23:15:00+00:00,10674.4,10674.6,10670.5,10671.7,1536
2026-07-06 23:30:00+00:00,10671.6,10672.7,10668.8,10669.0,1204
2026-07-06 23:45:00+00:00,10668.8,10668.8,10663.4,10664.2,2560
2026-07-07 00:00:00+00:00,10662.5,10671.5,10662.5,10671.1,7520
2026-07-07 00:15:00+00:00,10671.1,10671.5,10661.7,10662.9,8312
2026-07-07 00:30:00+00:00,10662.7,10665.0,10655.5,10659.2,7756
2026-07-07 00:45:00+00:00,10659.2,10666.5,10656.8,10659.4,7668
2026-07-07 01:00:00+00:00,10659.4,10661.4,10656.0,10660.3,7332
2026-07-07 01:15:00+00:00,10660.4,10665.8,10660.3,10664.8,6040
2026-07-07 01:30:00+00:00,10664.8,10680.8,10664.7,10678.2,8212
2026-07-07 01:45:00+00:00,10678.4,10682.9,10674.3,10675.0,6664
2026-07-07 02:00:00+00:00,10675.2,10679.0,10672.8,10675.8,6984
2026-07-07 02:15:00+00:00,10675.8,10676.9,10667.2,10667.2,5344
2026-07-07 02:30:00+00:00,10667.2,10667.4,10663.1,10664.3,4900
2026-07-07 02:45:00+00:00,10664.3,10665.2,10659.7,10661.2,4128
2026-07-07 03:00:00+00:00,10661.3,10667.0,10661.3,10664.0,4996
2026-07-07 03:15:00+00:00,10663.8,10664.1,10656.4,10656.8,4412
2026-07-07 03:30:00+00:00,10657.0,10663.0,10654.5,10662.5,6560
2026-07-07 03:45:00+00:00,10662.5,10662.5,10657.4,10660.6,5936
2026-07-07 04:00:00+00:00,10660.6,10663.8,10659.0,10660.1,6112
2026-07-07 04:15:00+00:00,10660.3,10660.6,10653.9,10656.6,4556
2026-07-07 04:30:00+00:00,10657.0,10659.0,10653.9,10654.7,5080
2026-07-07 04:45:00+00:00,10654.9,10656.2,10652.6,10654.2,3112
2026-07-07 05:00:00+00:00,10654.0,10654.0,10641.3,10641.8,1508
2026-07-07 05:15:00+00:00,10642.1,10655.9,10640.3,10655.9,2504
2026-07-07 05:30:00+00:00,10656.2,10665.6,10656.2,10663.4,3300
2026-07-07 05:45:00+00:00,10662.4,10671.3,10659.2,10668.4,2192
2026-07-07 06:00:00+00:00,10667.1,10670.6,10652.5,10652.5,2148
2026-07-07 06:15:00+00:00,10652.8,10660.0,10648.8,10657.5,1788
2026-07-07 06:30:00+00:00,10657.2,10660.7,10656.0,10660.2,1184
2026-07-07 06:45:00+00:00,10660.0,10666.4,10656.0,10666.4,1204
2026-07-07 07:00:00+00:00,10666.2,10682.2,10647.4,10677.5,10872
2026-07-07 07:15:00+00:00,10677.8,10698.7,10675.7,10690.5,5380
2026-07-07 07:30:00+00:00,10690.3,10692.9,10685.3,10690.7,4084
2026-07-07 07:45:00+00:00,10691.2,10700.9,10682.1,10699.2,3552
2026-07-07 08:00:00+00:00,10698.9,10721.0,10696.7,10715.0,4132
2026-07-07 08:15:00+00:00,10715.5,10724.2,10709.8,10709.8,3688
2026-07-07 08:30:00+00:00,10710.1,10711.8,10696.9,10700.4,3412
2026-07-07 08:45:00+00:00,10700.6,10705.6,10699.0,10699.1,2580
2026-07-07 09:00:00+00:00,10698.8,10702.6,10695.2,10700.3,2912
2026-07-07 09:15:00+00:00,10700.0,10709.0,10699.3,10703.6,2048
2026-07-07 09:30:00+00:00,10703.9,10708.3,10697.3,10701.8,2704
2026-07-07 09:45:00+00:00,10702.3,10703.7,10694.8,10696.8,2808
2026-07-07 10:00:00+00:00,10697.1,10702.8,10689.6,10689.6,2836
2026-07-07 10:15:00+00:00,10690.1,10697.7,10683.9,10684.7,2256
2026-07-07 10:30:00+00:00,10684.2,10686.8,10676.3,10677.0,2640
2026-07-07 10:45:00+00:00,10677.3,10679.0,10668.7,10671.2,2552
2026-07-07 11:00:00+00:00,10671.7,10685.0,10670.2,10677.7,3048
2026-07-07 11:15:00+00:00,10677.9,10686.9,10676.7,10681.0,2316
2026-07-07 11:30:00+00:00,10681.2,10690.6,10678.4,10689.3,2196
2026-07-07 11:45:00+00:00,10688.8,10695.0,10681.2,10693.5,3292
2026-07-07 12:00:00+00:00,10694.0,10704.0,10691.8,10699.6,2876
2026-07-07 12:15:00+00:00,10699.4,10717.8,10698.8,10715.3,3184
2026-07-07 12:30:00+00:00,10715.8,10733.9,10709.3,10719.6,3788
2026-07-07 12:45:00+00:00,10720.0,10720.0,10705.0,10712.9,3180
2026-07-07 13:00:00+00:00,10713.4,10717.2,10705.5,10715.5,3804
2026-07-07 13:15:00+00:00,10715.7,10734.2,10714.7,10733.2,4048
2026-07-07 13:30:00+00:00,10733.0,10746.4,10729.0,10729.7,8900
2026-07-07 13:45:00+00:00,10729.2,10732.9,10709.9,10713.3,7052
2026-07-07 14:00:00+00:00,10713.6,10714.6,10689.0,10690.5,7972
2026-07-07 14:15:00+00:00,10690.8,10700.8,10688.1,10697.1,7056
2026-07-07 14:30:00+00:00,10697.3,10700.7,10685.6,10687.1,6156
2026-07-07 14:45:00+00:00,10687.4,10701.3,10683.7,10696.1,4952
2026-07-07 15:00:00+00:00,10696.4,10696.9,10684.7,10686.9,4712
2026-07-07 15:15:00+00:00,10687.4,10692.1,10681.9,10688.8,4960
2026-07-07 15:30:00+00:00,10689.1,10690.1,10660.3,10665.5,6284
2026-07-07 15:45:00+00:00,10665.8,10670.4,10657.8,10662.7,3184
2026-07-07 16:00:00+00:00,10663.0,10669.9,10659.2,10661.3,2504
2026-07-07 16:15:00+00:00,10661.5,10666.7,10656.8,10664.0,2072
2026-07-07 16:30:00+00:00,10663.8,10668.2,10659.0,10664.8,1560
2026-07-07 16:45:00+00:00,10665.0,10665.3,10658.1,10660.8,1456
2026-07-07 17:00:00+00:00,10660.3,10664.3,10658.1,10661.8,1260
2026-07-07 17:15:00+00:00,10662.1,10663.3,10656.4,10661.8,1616
2026-07-07 17:30:00+00:00,10662.1,10667.3,10660.8,10663.3,1408
2026-07-07 17:45:00+00:00,10663.1,10663.1,10657.6,10660.9,1168
2026-07-07 18:00:00+00:00,10661.4,10662.4,10658.1,10662.4,1160
2026-07-07 18:15:00+00:00,10662.9,10669.1,10661.6,10669.1,1192
2026-07-07 18:30:00+00:00,10669.3,10672.5,10664.4,10669.3,1400
2026-07-07 18:45:00+00:00,10669.6,10672.3,10658.9,10665.9,4036
2026-07-07 19:00:00+00:00,10666.1,10666.9,10654.5,10657.5,4000
2026-07-07 19:15:00+00:00,10657.2,10668.9,10650.0,10662.4,3844
2026-07-07 19:30:00+00:00,10662.7,10666.7,10659.7,10665.9,2396
2026-07-07 19:45:00+00:00,10666.7,10670.4,10655.3,10662.0,3316
2026-07-07 20:00:00+00:00,10661.2,10662.5,10657.5,10660.3,2588
2026-07-07 20:30:00+00:00,10659.0,10661.3,10658.3,10660.0,616
2026-07-07 20:45:00+00:00,10659.8,10661.0,10659.1,10659.8,496
2026-07-07 22:00:00+00:00,10653.2,10655.5,10651.5,10654.1,1644
2026-07-07 22:15:00+00:00,10654.4,10655.8,10653.0,10654.7,1348
2026-07-07 22:30:00+00:00,10654.9,10656.8,10653.3,10654.0,1388
2026-07-07 22:45:00+00:00,10653.9,10657.2,10652.5,10655.7,1480
2026-07-07 23:00:00+00:00,10655.6,10657.5,10653.1,10655.9,2120
2026-07-07 23:15:00+00:00,10655.8,10661.4,10655.4,10659.9,1484
2026-07-07 23:30:00+00:00,10660.1,10660.9,10652.4,10652.8,2044
2026-07-07 23:45:00+00:00,10653.0,10655.1,10646.6,10647.0,3704
2026-07-08 00:00:00+00:00,10649.0,10649.1,10624.9,10629.5,11848
2026-07-08 00:15:00+00:00,10629.5,10642.2,10629.5,10637.1,12784
2026-07-08 00:30:00+00:00,10636.9,10650.0,10632.2,10648.6,10464
2026-07-08 00:45:00+00:00,10648.8,10657.7,10647.7,10656.5,8720
2026-07-08 01:00:00+00:00,10656.7,10674.8,10654.7,10673.8,9888
2026-07-08 01:15:00+00:00,10673.3,10673.8,10665.4,10668.3,8868
2026-07-08 01:30:00+00:00,10667.9,10670.4,10657.8,10662.3,9744
2026-07-08 01:45:00+00:00,10662.3,10677.7,10662.3,10675.2,10248
2026-07-08 02:00:00+00:00,10675.6,10676.5,10660.9,10661.2,9456
2026-07-08 02:15:00+00:00,10661.4,10664.4,10656.1,10658.3,8108
2026-07-08 02:30:00+00:00,10658.3,10664.8,10655.1,10664.8,7448
2026-07-08 02:45:00+00:00,10664.6,10667.1,10658.3,10661.0,6620
2026-07-08 03:00:00+00:00,10661.1,10669.2,10661.1,10668.7,5980
2026-07-08 03:15:00+00:00,10668.7,10676.6,10667.0,10674.8,4652
2026-07-08 03:30:00+00:00,10674.7,10679.6,10674.1,10676.8,5984
2026-07-08 03:45:00+00:00,10676.8,10677.8,10675.7,10676.0,5148
2026-07-08 04:00:00+00:00,10676.0,10676.7,10670.5,10673.6,5484
2026-07-08 04:15:00+00:00,10673.8,10681.1,10673.1,10679.7,6160
2026-07-08 04:30:00+00:00,10679.7,10681.0,10674.0,10677.7,6624
2026-07-08 04:45:00+00:00,10677.5,10679.9,10669.1,10677.2,6820
2026-07-08 05:00:00+00:00,10677.0,10682.7,10674.8,10678.3,3572
2026-07-08 05:15:00+00:00,10678.0,10680.5,10674.8,10676.3,2768
2026-07-08 05:30:00+00:00,10676.1,10676.8,10667.4,10670.6,3236
2026-07-08 05:45:00+00:00,10670.9,10674.3,10666.2,10672.1,2632
2026-07-08 06:00:00+00:00,10672.4,10673.4,10654.0,10655.5,2972
2026-07-08 06:15:00+00:00,10655.8,10666.7,10655.3,10658.0,2256
2026-07-08 06:30:00+00:00,10657.8,10660.0,10645.2,10645.9,2368
2026-07-08 06:45:00+00:00,10646.4,10647.6,10633.5,10643.2,2848
2026-07-08 07:00:00+00:00,10640.7,10645.7,10576.1,10593.9,15584
2026-07-08 07:15:00+00:00,10594.4,10605.9,10579.2,10593.6,9424
2026-07-08 07:30:00+00:00,10593.8,10603.8,10577.2,10602.6,8480
2026-07-08 07:45:00+00:00,10602.1,10606.9,10582.2,10584.2,5676
2026-07-08 08:00:00+00:00,10584.4,10586.4,10566.9,10569.2,6916
2026-07-08 08:15:00+00:00,10569.2,10571.7,10516.1,10524.6,20204
2026-07-08 08:30:00+00:00,10524.1,10531.9,10509.4,10516.6,14344
2026-07-08 08:45:00+00:00,10516.4,10522.3,10496.6,10500.4,11016
2026-07-08 09:00:00+00:00,10500.6,10507.9,10492.5,10494.0,9684
2026-07-08 09:15:00+00:00,10493.5,10509.9,10492.0,10500.6,9500
2026-07-08 09:30:00+00:00,10500.3,10515.6,10489.4,10497.3,8368
2026-07-08 09:45:00+00:00,10497.0,10500.5,10483.1,10488.1,7752
2026-07-08 10:00:00+00:00,10488.6,10493.1,10480.0,10489.3,7572
2026-07-08 10:15:00+00:00,10489.6,10497.4,10482.7,10496.2,6320
2026-07-08 10:30:00+00:00,10496.0,10519.8,10492.8,10517.5,7092
2026-07-08 10:45:00+00:00,10518.0,10520.9,10505.0,10516.0,5220
2026-07-08 11:00:00+00:00,10515.0,10525.1,10506.8,10518.9,5836
2026-07-08 11:15:00+00:00,10519.1,10522.2,10512.4,10521.2,4160
2026-07-08 11:30:00+00:00,10520.9,10559.0,10515.6,10541.6,7428
2026-07-08 11:45:00+00:00,10541.1,10547.8,10532.2,10537.9,6356
2026-07-08 12:00:00+00:00,10538.2,10570.2,10530.0,10563.4,7200
2026-07-08 12:15:00+00:00,10563.8,10569.9,10552.7,10565.6,5296
2026-07-08 12:30:00+00:00,10565.4,10568.6,10555.9,10562.8,6124
2026-07-08 12:45:00+00:00,10563.0,10578.9,10562.0,10564.8,7352
2026-07-08 13:00:00+00:00,10564.6,10575.9,10559.4,10572.5,6368
2026-07-08 13:15:00+00:00,10572.7,10572.7,10544.1,10546.3,5424
2026-07-08 13:30:00+00:00,10546.6,10552.8,10535.1,10540.5,10892
2026-07-08 13:45:00+00:00,10540.8,10552.0,10540.3,10550.5,8540
2026-07-08 14:00:00+00:00,10550.2,10563.6,10542.2,10544.2,7032
2026-07-08 14:15:00+00:00,10544.0,10550.8,10533.1,10536.3,8192
2026-07-08 14:30:00+00:00,10536.0,10538.7,10521.4,10529.5,8344
2026-07-08 14:45:00+00:00,10530.0,10530.0,10499.7,10501.8,7488
2026-07-08 15:00:00+00:00,10502.2,10503.7,10481.9,10483.6,7404
2026-07-08 15:15:00+00:00,10483.1,10486.1,10466.4,10469.1,8208
2026-07-08 15:30:00+00:00,10468.6,10487.8,10467.4,10484.9,10168
2026-07-08 15:45:00+00:00,10484.1,10485.4,10472.7,10477.1,4768
2026-07-08 16:00:00+00:00,10477.4,10490.8,10471.4,10487.1,4832
2026-07-08 16:15:00+00:00,10487.6,10491.3,10484.6,10485.9,3724
2026-07-08 16:30:00+00:00,10484.9,10497.5,10476.7,10495.5,7200
2026-07-08 16:45:00+00:00,10495.8,10505.2,10494.3,10504.0,3580
2026-07-08 17:00:00+00:00,10504.2,10504.5,10488.9,10488.9,3004
2026-07-08 17:15:00+00:00,10488.6,10493.6,10485.9,10487.4,3096
2026-07-08 17:30:00+00:00,10487.6,10488.9,10478.7,10479.7,2460
2026-07-08 17:45:00+00:00,10480.0,10483.2,10476.8,10480.0,2248
2026-07-08 18:00:00+00:00,10479.5,10497.4,10476.0,10495.9,3828
2026-07-08 18:15:00+00:00,10496.4,10496.6,10488.2,10490.4,2128
2026-07-08 18:30:00+00:00,10490.2,10490.4,10482.5,10488.0,2368
2026-07-08 18:45:00+00:00,10487.7,10493.2,10485.7,10492.4,2052
2026-07-08 19:00:00+00:00,10492.7,10501.6,10491.7,10496.7,1852
2026-07-08 19:15:00+00:00,10496.9,10502.6,10493.0,10496.7,2000
2026-07-08 19:30:00+00:00,10496.5,10499.0,10491.0,10498.2,2576
2026-07-08 19:45:00+00:00,10498.0,10510.1,10489.0,10501.9,4708
2026-07-08 20:00:00+00:00,10503.3,10503.6,10494.1,10499.0,3952
2026-07-08 20:30:00+00:00,10493.1,10494.0,10483.9,10490.1,2452
2026-07-08 20:45:00+00:00,10490.3,10494.0,10489.6,10492.5,1660
2026-07-08 22:00:00+00:00,10494.4,10495.5,10490.2,10493.4,1576
2026-07-08 22:15:00+00:00,10493.3,10495.3,10489.7,10492.0,1776
2026-07-08 22:30:00+00:00,10492.2,10495.7,10489.8,10489.8,2052
2026-07-08 22:45:00+00:00,10490.1,10492.4,10489.7,10491.9,1100
2026-07-08 23:00:00+00:00,10491.8,10495.2,10491.6,10494.9,1436
2026-07-08 23:15:00+00:00,10494.7,10495.0,10489.4,10493.1,1832
2026-07-08 23:30:00+00:00,10492.9,10497.8,10490.5,10496.9,2260
2026-07-08 23:45:00+00:00,10496.8,10501.0,10496.1,10500.5,3592
2026-07-09 00:00:00+00:00,10506.7,10507.6,10486.6,10493.8,8040
2026-07-09 00:15:00+00:00,10494.1,10498.5,10489.5,10498.1,8244
2026-07-09 00:30:00+00:00,10498.2,10501.5,10491.1,10497.5,7648
2026-07-09 00:45:00+00:00,10497.3,10503.3,10494.1,10499.5,7404
2026-07-09 01:00:00+00:00,10499.6,10503.9,10493.2,10500.7,7596
2026-07-09 01:15:00+00:00,10501.1,10512.7,10499.7,10504.6,6972
2026-07-09 01:30:00+00:00,10504.6,10513.1,10499.0,10511.8,9084
2026-07-09 01:45:00+00:00,10511.8,10517.2,10509.3,10511.7,7780
2026-07-09 02:00:00+00:00,10511.8,10524.5,10507.6,10524.5,8632
2026-07-09 02:15:00+00:00,10524.5,10526.6,10517.3,10520.2,6988
2026-07-09 02:30:00+00:00,10520.2,10521.2,10504.7,10504.7,6408
2026-07-09 02:45:00+00:00,10505.1,10505.6,10497.1,10497.9,7092
2026-07-09 03:00:00+00:00,10498.1,10500.8,10494.7,10497.0,7440
2026-07-09 03:15:00+00:00,10497.1,10505.0,10495.2,10503.9,6844
2026-07-09 03:30:00+00:00,10503.9,10511.5,10503.6,10510.2,7508
2026-07-09 03:45:00+00:00,10510.0,10511.0,10508.2,10509.2,5552
2026-07-09 04:00:00+00:00,10509.2,10511.3,10507.3,10510.0,4740
2026-07-09 04:15:00+00:00,10510.0,10513.8,10506.7,10507.0,4788
2026-07-09 04:30:00+00:00,10507.0,10513.8,10506.4,10512.8,5032
2026-07-09 04:45:00+00:00,10512.8,10517.6,10511.3,10515.0,4132
2026-07-09 05:00:00+00:00,10515.1,10521.8,10503.8,10517.3,2828
2026-07-09 05:15:00+00:00,10517.5,10518.5,10503.3,10508.3,3588
2026-07-09 05:30:00+00:00,10508.8,10513.3,10501.5,10510.8,2496
2026-07-09 05:45:00+00:00,10510.5,10527.8,10510.3,10527.8,1820
2026-07-09 06:00:00+00:00,10528.0,10528.0,10494.3,10498.0,2292
2026-07-09 06:15:00+00:00,10497.8,10501.8,10486.3,10487.0,1864
2026-07-09 06:30:00+00:00,10487.8,10489.0,10469.5,10472.3,1880
2026-07-09 06:45:00+00:00,10471.5,10484.5,10453.0,10453.0,1912
2026-07-09 07:00:00+00:00,10453.8,10477.3,10446.0,10465.8,13932
2026-07-09 07:15:00+00:00,10465.3,10467.5,10434.8,10436.4,7600
2026-07-09 07:30:00+00:00,10436.1,10452.2,10431.6,10446.9,6288
2026-07-09 07:45:00+00:00,10447.4,10457.7,10428.5,10437.0,5552
2026-07-09 08:00:00+00:00,10437.3,10445.1,10431.7,10439.7,6084
2026-07-09 08:15:00+00:00,10439.4,10443.0,10431.0,10440.7,4760
2026-07-09 08:30:00+00:00,10440.9,10442.9,10430.9,10439.9,4212
2026-07-09 08:45:00+00:00,10440.4,10446.6,10429.6,10438.4,4512
2026-07-09 09:00:00+00:00,10438.2,10445.8,10428.8,10429.3,4096
2026-07-09 09:15:00+00:00,10428.8,10432.7,10420.6,10421.3,3672
2026-07-09 09:30:00+00:00,10421.8,10421.8,10395.9,10399.6,4344
2026-07-09 09:45:00+00:00,10399.9,10420.7,10399.9,10418.5,3716
2026-07-09 10:00:00+00:00,10418.2,10426.9,10414.3,10422.4,3492
2026-07-09 10:15:00+00:00,10421.9,10429.4,10417.0,10418.8,2780
2026-07-09 10:30:00+00:00,10418.5,10423.2,10409.2,10418.2,2968
2026-07-09 10:45:00+00:00,10418.5,10420.0,10400.2,10409.6,5092
2026-07-09 11:00:00+00:00,10409.9,10422.8,10404.4,10421.3,4600
2026-07-09 11:15:00+00:00,10420.8,10422.2,10412.0,10419.7,3504
2026-07-09 11:30:00+00:00,10419.9,10435.8,10419.9,10429.3,3844
2026-07-09 11:45:00+00:00,10428.8,10434.6,10422.5,10425.8,3148
2026-07-09 12:00:00+00:00,10426.1,10438.0,10425.1,10429.1,4068
2026-07-09 12:15:00+00:00,10429.4,10430.1,10418.1,10424.2,2936
2026-07-09 12:30:00+00:00,10424.5,10441.8,10421.5,10430.8,3888
2026-07-09 12:45:00+00:00,10430.5,10435.1,10421.6,10428.0,3404
2026-07-09 13:00:00+00:00,10428.2,10447.9,10428.2,10445.7,3400
2026-07-09 13:15:00+00:00,10446.0,10449.4,10438.6,10439.6,4168
2026-07-09 13:30:00+00:00,10439.1,10452.6,10433.6,10446.3,8084
2026-07-09 13:45:00+00:00,10446.1,10453.3,10442.9,10452.9,5108
2026-07-09 14:00:00+00:00,10453.1,10468.6,10442.1,10466.6,5996
2026-07-09 14:15:00+00:00,10467.1,10473.8,10462.3,10468.4,5868
2026-07-09 14:30:00+00:00,10468.1,10479.5,10463.9,10465.8,4476
2026-07-09 14:45:00+00:00,10466.0,10477.1,10461.1,10476.8,3820
2026-07-09 15:00:00+00:00,10476.6,10483.2,10474.1,10477.3,3644
2026-07-09 15:15:00+00:00,10477.1,10478.8,10466.6,10472.3,4276
2026-07-09 15:30:00+00:00,10471.8,10480.2,10461.9,10467.8,5572
2026-07-09 15:45:00+00:00,10468.1,10469.6,10461.2,10465.5,1988
2026-07-09 16:00:00+00:00,10465.0,10482.5,10465.0,10479.6,1612
2026-07-09 16:15:00+00:00,10479.1,10479.1,10474.1,10477.8,1176
2026-07-09 16:30:00+00:00,10477.1,10480.8,10473.4,10475.6,1004
2026-07-09 16:45:00+00:00,10475.4,10479.6,10473.6,10476.1,908
2026-07-09 17:00:00+00:00,10475.6,10482.1,10475.1,10477.6,1204
2026-07-09 17:15:00+00:00,10477.4,10481.1,10476.1,10480.9,1216
2026-07-09 17:30:00+00:00,10480.6,10486.6,10480.4,10484.3,724
2026-07-09 17:45:00+00:00,10484.1,10489.8,10482.9,10485.3,892
2026-07-09 18:00:00+00:00,10484.9,10487.1,10482.4,10482.4,828
2026-07-09 18:15:00+00:00,10482.9,10484.9,10470.7,10471.7,836
2026-07-09 18:30:00+00:00,10471.5,10472.2,10468.0,10469.3,936
2026-07-09 18:45:00+00:00,10469.0,10470.8,10465.6,10470.3,984
2026-07-09 19:00:00+00:00,10470.0,10473.3,10463.1,10464.3,1188
2026-07-09 19:15:00+00:00,10464.6,10469.3,10463.8,10469.1,740
2026-07-09 19:30:00+00:00,10468.6,10472.3,10462.9,10471.8,1236
2026-07-09 19:45:00+00:00,10471.3,10474.3,10463.6,10470.3,2180
2026-07-09 20:00:00+00:00,10468.4,10471.4,10465.8,10470.3,1668
2026-07-09 20:30:00+00:00,10466.4,10469.6,10466.4,10467.4,572
2026-07-09 20:45:00+00:00,10467.6,10467.9,10464.5,10465.7,500
2026-07-09 22:00:00+00:00,10467.5,10468.7,10464.4,10465.1,1200
2026-07-09 22:15:00+00:00,10465.2,10466.5,10463.8,10464.5,1300
2026-07-09 22:30:00+00:00,10464.4,10466.1,10464.4,10465.7,952
2026-07-09 22:45:00+00:00,10465.8,10467.0,10465.4,10466.7,764
2026-07-09 23:00:00+00:00,10466.8,10469.5,10464.9,10469.2,1196
2026-07-09 23:15:00+00:00,10469.1,10471.4,10468.0,10471.1,928
2026-07-09 23:30:00+00:00,10471.4,10471.4,10469.2,10469.6,868
2026-07-09 23:45:00+00:00,10469.5,10470.9,10466.6,10469.1,2088
2026-07-10 00:00:00+00:00,10471.4,10475.8,10455.0,10461.5,8104
2026-07-10 00:15:00+00:00,10461.5,10465.0,10458.2,10459.9,6344
2026-07-10 00:30:00+00:00,10460.0,10463.4,10453.2,10462.5,6576
2026-07-10 00:45:00+00:00,10462.5,10462.9,10456.7,10461.0,4984
2026-07-10 01:00:00+00:00,10461.2,10463.8,10455.4,10458.3,6156
2026-07-10 01:15:00+00:00,10458.3,10470.8,10457.4,10470.8,5652
2026-07-10 01:30:00+00:00,10470.9,10475.1,10469.3,10471.7,5460
2026-07-10 01:45:00+00:00,10471.7,10481.5,10471.6,10477.5,5000
2026-07-10 02:00:00+00:00,10477.7,10483.0,10475.5,10481.5,5612
2026-07-10 02:15:00+00:00,10481.8,10483.9,10477.6,10478.2,5860
2026-07-10 02:30:00+00:00,10478.3,10482.6,10477.2,10478.1,4428
2026-07-10 02:45:00+00:00,10478.3,10484.4,10478.3,10482.6,4280
2026-07-10 03:00:00+00:00,10482.8,10489.2,10482.4,10487.2,3140
2026-07-10 03:15:00+00:00,10487.2,10487.4,10483.3,10484.0,2868
2026-07-10 03:30:00+00:00,10484.2,10485.2,10478.6,10480.6,4024
2026-07-10 03:45:00+00:00,10480.5,10483.5,10478.9,10483.3,3804
2026-07-10 04:00:00+00:00,10483.3,10483.3,10479.4,10480.6,3212
2026-07-10 04:15:00+00:00,10480.2,10481.8,10478.1,10479.4,3064
2026-07-10 04:30:00+00:00,10479.4,10479.7,10475.7,10479.3,3236
2026-07-10 04:45:00+00:00,10479.5,10481.6,10476.7,10478.0,3452
2026-07-10 05:00:00+00:00,10478.2,10480.4,10475.7,10480.1,2020
2026-07-10 05:15:00+00:00,10479.9,10481.6,10476.7,10478.2,1212
2026-07-10 05:30:00+00:00,10477.9,10477.9,10474.7,10475.7,1116
2026-07-10 05:45:00+00:00,10476.2,10480.7,10475.7,10478.4,932
2026-07-10 06:00:00+00:00,10478.9,10495.6,10478.9,10495.1,1980
2026-07-10 06:15:00+00:00,10494.8,10505.7,10494.8,10500.3,1792
2026-07-10 06:30:00+00:00,10499.8,10508.5,10498.1,10503.5,1628
2026-07-10 06:45:00+00:00,10503.8,10512.5,10496.6,10504.0,1996
2026-07-10 07:00:00+00:00,10504.5,10506.3,10485.3,10505.6,10032
2026-07-10 07:15:00+00:00,10505.9,10507.6,10480.3,10484.0,4780
2026-07-10 07:30:00+00:00,10483.5,10486.0,10476.0,10479.7,4120
2026-07-10 07:45:00+00:00,10479.9,10481.4,10468.9,10480.6,4568
2026-07-10 08:00:00+00:00,10480.3,10502.9,10480.3,10494.9,5072
2026-07-10 08:15:00+00:00,10494.4,10495.4,10478.5,10481.3,3792
2026-07-10 08:30:00+00:00,10481.8,10481.8,10471.8,10475.5,3872
2026-07-10 08:45:00+00:00,10476.2,10476.2,10464.6,10471.9,2928
2026-07-10 09:00:00+00:00,10472.1,10481.1,10471.6,10481.1,3432
2026-07-10 09:15:00+00:00,10480.8,10488.0,10476.0,10479.9,2536
2026-07-10 09:30:00+00:00,10479.9,10481.9,10468.6,10472.4,2628
2026-07-10 09:45:00+00:00,10472.4,10486.6,10472.4,10483.0,2704
2026-07-10 10:00:00+00:00,10483.2,10488.4,10480.8,10480.9,2576
2026-07-10 10:15:00+00:00,10481.1,10488.1,10480.8,10484.5,2056
2026-07-10 10:30:00+00:00,10485.5,10490.9,10477.6,10480.0,2308
2026-07-10 10:45:00+00:00,10480.0,10482.0,10472.8,10477.0,2608
2026-07-10 11:00:00+00:00,10476.0,10481.4,10473.8,10480.4,2704
2026-07-10 11:15:00+00:00,10480.6,10487.4,10480.5,10481.5,2320
2026-07-10 11:30:00+00:00,10482.0,10482.5,10469.2,10480.5,2664
2026-07-10 11:45:00+00:00,10480.5,10485.2,10470.7,10475.6,2112
2026-07-10 12:00:00+00:00,10475.9,10503.6,10468.7,10491.2,4636
2026-07-10 12:15:00+00:00,10491.7,10497.1,10482.5,10488.8,4124
2026-07-10 12:30:00+00:00,10488.6,10494.6,10484.5,10489.4,3600
2026-07-10 12:45:00+00:00,10489.6,10497.8,10486.4,10494.7,2808
2026-07-10 13:00:00+00:00,10495.2,10502.1,10488.4,10501.9,2968
2026-07-10 13:15:00+00:00,10501.6,10504.3,10495.7,10497.3,2408
2026-07-10 13:30:00+00:00,10497.6,10505.3,10482.8,10497.0,7760
2026-07-10 13:45:00+00:00,10497.3,10506.0,10494.8,10500.7,5304
2026-07-10 14:00:00+00:00,10500.4,10507.6,10495.4,10505.2,5156
2026-07-10 14:15:00+00:00,10505.5,10514.8,10505.3,10508.1,4220
2026-07-10 14:30:00+00:00,10508.3,10510.6,10461.6,10494.4,11344
2026-07-10 14:45:00+00:00,10494.9,10501.6,10490.8,10496.3,4448
2026-07-10 15:00:00+00:00,10495.8,10496.9,10484.5,10488.8,4564
2026-07-10 15:15:00+00:00,10489.3,10501.6,10489.3,10498.1,4348
2026-07-10 15:30:00+00:00,10499.1,10503.5,10495.7,10501.1,4800
2026-07-10 15:45:00+00:00,10500.9,10519.5,10498.9,10519.0,2904
2026-07-10 16:00:00+00:00,10519.5,10525.7,10517.7,10524.0,2044
2026-07-10 16:15:00+00:00,10523.5,10526.4,10517.5,10520.5,1420
2026-07-10 16:30:00+00:00,10520.8,10521.3,10513.8,10519.0,1176
2026-07-10 16:45:00+00:00,10518.8,10529.2,10518.0,10529.2,952
2026-07-10 17:00:00+00:00,10529.5,10534.9,10529.0,10534.9,1192
2026-07-10 17:15:00+00:00,10535.4,10541.9,10534.9,10538.4,1072
2026-07-10 17:30:00+00:00,10538.7,10541.4,10535.4,10540.2,904
2026-07-10 17:45:00+00:00,10539.9,10543.6,10539.9,10539.9,600
2026-07-10 18:00:00+00:00,10540.4,10543.2,10538.7,10541.2,996
2026-07-10 18:15:00+00:00,10541.4,10543.9,10539.2,10543.2,876
2026-07-10 18:30:00+00:00,10543.4,10546.4,10542.4,10545.7,700
2026-07-10 18:45:00+00:00,10545.9,10548.4,10544.7,10545.7,720
2026-07-10 19:00:00+00:00,10545.4,10547.7,10541.0,10544.4,780
2026-07-10 19:15:00+00:00,10544.6,10546.4,10539.4,10540.4,852
2026-07-10 19:30:00+00:00,10540.2,10542.2,10535.5,10535.7,1016
2026-07-10 19:45:00+00:00,10535.5,10538.0,10528.8,10528.8,1596
2026-07-12 22:00:00+00:00,10511.3,10511.6,10502.1,10502.4,3236
2026-07-12 22:15:00+00:00,10502.5,10506.7,10501.0,10505.2,2820
2026-07-12 22:30:00+00:00,10505.3,10509.0,10504.8,10508.4,1728
2026-07-12 22:45:00+00:00,10508.3,10510.5,10505.9,10509.6,1204
2026-07-12 23:00:00+00:00,10509.5,10509.9,10507.0,10507.7,1316
2026-07-12 23:15:00+00:00,10507.6,10507.9,10505.3,10506.7,932
2026-07-12 23:30:00+00:00,10506.6,10507.2,10504.9,10506.0,1004
2026-07-12 23:45:00+00:00,10506.2,10509.2,10502.1,10508.9,3416
2026-07-13 00:00:00+00:00,10508.2,10512.3,10502.8,10506.3,9872
2026-07-13 00:15:00+00:00,10506.3,10520.0,10504.2,10516.5,8864
2026-07-13 00:30:00+00:00,10516.6,10517.6,10504.6,10508.2,8004
2026-07-13 00:45:00+00:00,10508.4,10510.3,10494.7,10496.8,9004
2026-07-13 01:00:00+00:00,10497.2,10498.4,10487.8,10491.3,9360
2026-07-13 01:15:00+00:00,10491.5,10497.9,10486.9,10489.5,7952
2026-07-13 01:30:00+00:00,10489.3,10494.1,10486.2,10489.2,8724
2026-07-13 01:45:00+00:00,10489.2,10491.5,10479.8,10485.7,8036
2026-07-13 02:00:00+00:00,10485.7,10489.1,10480.7,10486.4,7648
2026-07-13 02:15:00+00:00,10486.4,10493.0,10485.0,10490.1,6008
2026-07-13 02:30:00+00:00,10490.3,10491.6,10486.1,10488.1,5800
2026-07-13 02:45:00+00:00,10488.0,10488.0,10478.7,10478.8,4644
2026-07-13 03:00:00+00:00,10478.9,10479.7,10470.0,10472.3,4572
2026-07-13 03:15:00+00:00,10472.5,10474.4,10469.6,10473.0,3884
2026-07-13 03:30:00+00:00,10473.0,10474.3,10467.5,10470.1,4984
2026-07-13 03:45:00+00:00,10470.3,10472.8,10469.6,10472.2,4020
2026-07-13 04:00:00+00:00,10472.3,10472.5,10466.8,10470.8,4392
2026-07-13 04:15:00+00:00,10470.5,10477.5,10469.5,10474.5,3960
2026-07-13 04:30:00+00:00,10474.5,10475.8,10467.3,10467.4,3148
2026-07-13 04:45:00+00:00,10467.0,10467.3,10463.0,10464.0,2624
2026-07-13 05:00:00+00:00,10463.5,10478.8,10461.8,10477.8,2088
2026-07-13 05:15:00+00:00,10478.0,10478.5,10458.0,10458.5,1876
2026-07-13 05:30:00+00:00,10458.8,10474.8,10450.8,10468.5,3476
2026-07-13 05:45:00+00:00,10468.8,10474.8,10463.0,10474.0,3136
2026-07-13 06:00:00+00:00,10473.8,10483.8,10466.5,10470.0,3616
2026-07-13 06:15:00+00:00,10469.8,10476.5,10469.5,10474.5,2352
2026-07-13 06:30:00+00:00,10475.0,10482.0,10470.5,10480.0,1924
2026-07-13 06:45:00+00:00,10479.5,10501.8,10479.0,10495.5,1936
2026-07-13 07:00:00+00:00,10496.0,10533.5,10489.3,10525.8,10700
2026-07-13 07:15:00+00:00,10525.3,10527.0,10499.5,10499.5,5140
2026-07-13 07:30:00+00:00,10500.0,10501.5,10480.0,10484.5,4612
2026-07-13 07:45:00+00:00,10484.8,10489.3,10477.3,10486.5,3740
2026-07-13 08:00:00+00:00,10486.8,10489.0,10474.5,10483.3,4924
2026-07-13 08:15:00+00:00,10483.5,10501.0,10482.3,10498.5,3516
2026-07-13 08:30:00+00:00,10498.8,10503.8,10493.3,10502.5,2960
2026-07-13 08:45:00+00:00,10502.0,10515.8,10501.5,10515.8,2720
2026-07-13 09:00:00+00:00,10516.0,10518.8,10496.3,10497.5,2028
2026-07-13 09:15:00+00:00,10497.8,10502.5,10493.0,10496.5,2208
2026-07-13 09:30:00+00:00,10497.0,10498.0,10489.5,10498.0,1988
2026-07-13 09:45:00+00:00,10498.8,10503.0,10494.3,10496.0,1996
2026-07-13 10:00:00+00:00,10496.3,10497.3,10487.8,10492.4,2460
2026-07-13 10:15:00+00:00,10492.6,10493.1,10474.3,10475.3,1980
2026-07-13 10:30:00+00:00,10475.8,10476.8,10469.2,10475.8,2476
2026-07-13 10:45:00+00:00,10476.1,10483.4,10474.1,10480.4,2084
2026-07-13 11:00:00+00:00,10480.7,10495.6,10479.2,10484.2,3112
2026-07-13 11:15:00+00:00,10484.5,10496.8,10481.5,10494.3,2272
2026-07-13 11:30:00+00:00,10494.0,10500.4,10491.9,10495.8,2372
2026-07-13 11:45:00+00:00,10495.8,10496.3,10473.3,10475.7,2320
2026-07-13 12:00:00+00:00,10476.0,10480.4,10465.2,10467.4,4080
2026-07-13 12:15:00+00:00,10467.9,10480.1,10467.1,10478.6,2796
2026-07-13 12:30:00+00:00,10478.4,10480.6,10463.9,10469.8,3376
2026-07-13 12:45:00+00:00,10470.0,10491.9,10470.0,10490.9,2932
2026-07-13 13:00:00+00:00,10491.2,10492.9,10478.6,10485.7,3452
2026-07-13 13:15:00+00:00,10485.4,10486.2,10474.8,10481.5,2976
2026-07-13 13:30:00+00:00,10481.3,10501.7,10481.0,10500.7,7512
2026-07-13 13:45:00+00:00,10500.5,10521.5,10495.4,10516.1,6072
2026-07-13 14:00:00+00:00,10516.3,10517.5,10495.5,10502.6,5224
2026-07-13 14:15:00+00:00,10502.3,10506.0,10468.0,10492.1,9884
2026-07-13 14:30:00+00:00,10491.9,10497.6,10482.4,10486.6,5396
2026-07-13 14:45:00+00:00,10486.8,10505.9,10484.4,10504.7,4648
2026-07-13 15:00:00+00:00,10505.0,10506.0,10490.5,10496.9,3964
2026-07-13 15:15:00+00:00,10496.4,10498.3,10485.6,10495.8,4868
2026-07-13 15:30:00+00:00,10495.6,10503.0,10486.0,10489.9,5900
2026-07-13 15:45:00+00:00,10489.6,10499.9,10488.8,10494.2,2804
2026-07-13 16:00:00+00:00,10494.0,10502.2,10492.2,10497.2,1948
2026-07-13 16:15:00+00:00,10497.7,10498.7,10477.6,10480.8,2936
2026-07-13 16:30:00+00:00,10480.3,10491.3,10470.4,10491.3,4428
2026-07-13 16:45:00+00:00,10491.5,10494.7,10482.4,10488.8,3320
2026-07-13 17:00:00+00:00,10489.3,10499.2,10488.8,10497.0,1860
2026-07-13 17:15:00+00:00,10496.8,10502.5,10494.5,10495.3,1608
2026-07-13 17:30:00+00:00,10495.5,10503.5,10492.8,10502.5,1860
2026-07-13 17:45:00+00:00,10502.2,10506.9,10497.3,10497.5,2376
2026-07-13 18:00:00+00:00,10497.8,10502.2,10492.8,10497.3,2492
2026-07-13 18:15:00+00:00,10496.8,10497.3,10487.9,10489.4,2340
2026-07-13 18:30:00+00:00,10489.9,10494.3,10488.9,10491.4,2084
2026-07-13 18:45:00+00:00,10491.6,10499.6,10490.1,10497.1,1808
2026-07-13 19:00:00+00:00,10497.6,10500.1,10492.9,10497.9,1952
2026-07-13 19:15:00+00:00,10497.6,10501.1,10490.7,10490.9,2016
2026-07-13 19:30:00+00:00,10491.2,10499.1,10488.9,10498.9,2284
2026-07-13 19:45:00+00:00,10499.1,10502.4,10490.9,10501.4,2448
2026-07-13 20:00:00+00:00,10498.5,10501.4,10496.1,10497.8,2884
2026-07-13 20:30:00+00:00,10493.9,10493.9,10491.5,10492.7,640
2026-07-13 20:45:00+00:00,10492.5,10493.7,10490.8,10492.7,816
2026-07-13 22:00:00+00:00,10496.9,10500.4,10495.8,10496.1,1760
2026-07-13 22:15:00+00:00,10496.3,10498.6,10493.9,10494.1,1520
2026-07-13 22:30:00+00:00,10494.0,10496.0,10493.2,10495.6,1152
2026-07-13 22:45:00+00:00,10495.7,10497.7,10489.7,10490.7,1692
2026-07-13 23:00:00+00:00,10490.6,10490.8,10485.3,10486.6,2056
2026-07-13 23:15:00+00:00,10486.8,10490.0,10485.9,10486.4,1284
2026-07-13 23:30:00+00:00,10486.5,10487.1,10481.3,10481.8,1956
2026-07-13 23:45:00+00:00,10481.4,10492.4,10480.8,10491.7,4636
2026-07-14 00:00:00+00:00,10498.5,10500.7,10464.8,10477.0,11960
2026-07-14 00:15:00+00:00,10477.0,10482.4,10452.6,10458.9,17408
2026-07-14 00:30:00+00:00,10458.8,10463.0,10427.8,10430.8,14744
2026-07-14 00:45:00+00:00,10430.6,10445.1,10430.6,10444.4,12500
2026-07-14 01:00:00+00:00,10444.3,10462.7,10441.9,10460.8,11176
2026-07-14 01:15:00+00:00,10460.8,10469.5,10457.7,10459.5,10036
2026-07-14 01:30:00+00:00,10459.3,10460.7,10439.7,10442.9,11124
2026-07-14 01:45:00+00:00,10443.2,10445.3,10431.2,10438.1,9516
2026-07-14 02:00:00+00:00,10438.2,10456.7,10437.5,10450.8,9316
2026-07-14 02:15:00+00:00,10451.0,10456.0,10445.6,10455.8,9356
2026-07-14 02:30:00+00:00,10455.8,10462.1,10450.1,10459.0,8604
2026-07-14 02:45:00+00:00,10459.2,10460.0,10447.7,10450.1,6844
2026-07-14 03:00:00+00:00,10450.3,10452.3,10439.1,10440.7,6228
2026-07-14 03:15:00+00:00,10440.5,10446.7,10435.4,10446.5,6940
2026-07-14 03:30:00+00:00,10446.3,10450.3,10441.4,10446.8,9464
2026-07-14 03:45:00+00:00,10447.0,10459.7,10446.3,10459.2,7608
2026-07-14 04:00:00+00:00,10459.4,10462.9,10451.9,10453.6,6484
2026-07-14 04:15:00+00:00,10453.5,10464.4,10452.0,10461.2,6696
2026-07-14 04:30:00+00:00,10461.4,10481.7,10461.1,10478.1,6600
2026-07-14 04:45:00+00:00,10478.0,10481.6,10475.4,10478.5,5568
2026-07-14 05:00:00+00:00,10478.7,10489.5,10476.8,10488.5,2204
2026-07-14 05:15:00+00:00,10488.2,10495.9,10484.5,10494.2,2360
2026-07-14 05:30:00+00:00,10494.5,10501.2,10490.5,10493.5,2648
2026-07-14 05:45:00+00:00,10494.0,10495.5,10490.0,10492.3,1632
2026-07-14 06:00:00+00:00,10492.5,10503.2,10492.5,10496.7,2592
2026-07-14 06:15:00+00:00,10497.0,10507.9,10492.5,10494.5,2336
2026-07-14 06:30:00+00:00,10493.8,10498.0,10483.1,10486.1,2600
2026-07-14 06:45:00+00:00,10485.6,10487.1,10465.3,10467.3,2652
2026-07-14 07:00:00+00:00,10468.3,10496.2,10455.1,10488.6,12472
2026-07-14 07:15:00+00:00,10488.1,10490.6,10460.1,10464.5,7908
2026-07-14 07:30:00+00:00,10464.2,10466.5,10435.7,10437.5,7656
2026-07-14 07:45:00+00:00,10437.0,10451.3,10425.7,10447.4,7388
2026-07-14 08:00:00+00:00,10447.6,10462.2,10438.8,10444.1,7872
2026-07-14 08:15:00+00:00,10444.5,10446.6,10428.3,10444.1,6016
2026-07-14 08:30:00+00:00,10443.8,10445.5,10430.9,10434.1,5600
2026-07-14 08:45:00+00:00,10433.9,10435.3,10424.2,10425.4,4472
2026-07-14 09:00:00+00:00,10425.7,10450.8,10422.2,10449.0,5536
2026-07-14 09:15:00+00:00,10449.3,10450.0,10436.3,10438.2,3908
2026-07-14 09:30:00+00:00,10438.7,10446.5,10433.3,10444.1,3576
2026-07-14 09:45:00+00:00,10444.1,10460.1,10443.4,10454.9,3392
2026-07-14 10:00:00+00:00,10455.1,10464.2,10451.4,10456.4,3164
2026-07-14 10:15:00+00:00,10456.6,10463.2,10450.6,10454.3,2964
2026-07-14 10:30:00+00:00,10453.8,10463.5,10448.7,10450.1,4688
2026-07-14 10:45:00+00:00,10450.6,10460.4,10449.1,10457.7,3296
2026-07-14 11:00:00+00:00,10458.0,10463.4,10448.0,10461.8,5744
2026-07-14 11:15:00+00:00,10462.1,10477.3,10458.0,10475.7,5268
2026-07-14 11:30:00+00:00,10475.5,10484.1,10472.8,10473.8,4608
2026-07-14 11:45:00+00:00,10473.6,10476.9,10467.4,10475.9,3336
2026-07-14 12:00:00+00:00,10476.1,10476.4,10451.5,10459.6,3628
2026-07-14 12:15:00+00:00,10459.4,10467.4,10453.2,10467.4,3948
2026-07-14 12:30:00+00:00,10467.9,10515.0,10467.9,10497.3,12148
2026-07-14 12:45:00+00:00,10497.8,10497.8,10486.9,10495.8,5476
2026-07-14 13:00:00+00:00,10496.1,10513.8,10488.7,10512.0,5592
2026-07-14 13:15:00+00:00,10512.2,10512.7,10497.4,10509.0,4380
2026-07-14 13:30:00+00:00,10509.3,10542.7,10506.2,10538.5,9048
2026-07-14 13:45:00+00:00,10538.3,10544.3,10529.8,10535.6,6916
2026-07-14 14:00:00+00:00,10535.3,10539.3,10527.9,10534.7,6668
2026-07-14 14:15:00+00:00,10534.5,10538.0,10521.6,10535.4,6868
2026-07-14 14:30:00+00:00,10535.7,10555.5,10521.6,10522.1,7560
2026-07-14 14:45:00+00:00,10521.8,10525.2,10513.1,10521.3,4096
2026-07-14 15:00:00+00:00,10521.5,10531.8,10508.1,10525.8,7096
2026-07-14 15:15:00+00:00,10525.3,10527.1,10515.7,10517.0,4820
2026-07-14 15:30:00+00:00,10517.2,10528.6,10506.1,10513.6,7028
2026-07-14 15:45:00+00:00,10513.8,10521.1,10499.6,10502.2,3820
2026-07-14 16:00:00+00:00,10502.4,10512.8,10496.2,10512.4,3520
2026-07-14 16:15:00+00:00,10512.1,10514.6,10501.7,10504.7,2544
2026-07-14 16:30:00+00:00,10504.4,10508.4,10501.2,10504.9,1688
2026-07-14 16:45:00+00:00,10504.7,10505.5,10494.5,10505.5,1552
2026-07-14 17:00:00+00:00,10505.9,10511.9,10500.7,10510.4,1292
2026-07-14 17:15:00+00:00,10510.7,10512.4,10507.0,10509.2,1424
2026-07-14 17:30:00+00:00,10508.9,10509.7,10493.6,10498.5,1520
2026-07-14 17:45:00+00:00,10498.8,10503.0,10495.6,10498.8,1028
2026-07-14 18:00:00+00:00,10499.1,10501.0,10495.1,10497.1,1416
2026-07-14 18:15:00+00:00,10497.3,10499.6,10493.6,10499.6,1008
2026-07-14 18:30:00+00:00,10499.8,10499.8,10490.7,10493.9,1868
2026-07-14 18:45:00+00:00,10494.1,10495.4,10490.4,10492.2,1020
2026-07-14 19:00:00+00:00,10491.9,10492.2,10485.6,10487.5,1104
2026-07-14 19:15:00+00:00,10487.8,10490.8,10486.3,10489.8,944
2026-07-14 19:30:00+00:00,10490.3,10490.3,10480.9,10485.8,2052
2026-07-14 19:45:00+00:00,10486.1,10495.3,10483.9,10484.1,2392
2026-07-14 20:00:00+00:00,10484.6,10486.3,10482.0,10483.4,2400
2026-07-14 20:30:00+00:00,10480.2,10483.4,10479.8,10482.7,616
2026-07-14 20:45:00+00:00,10482.8,10485.6,10481.2,10485.0,672
2026-07-14 22:00:00+00:00,10483.7,10484.0,10477.3,10478.4,1388
2026-07-14 22:15:00+00:00,10478.5,10486.0,10478.4,10484.5,1488
2026-07-14 22:30:00+00:00,10484.6,10486.4,10484.5,10484.7,788
2026-07-14 22:45:00+00:00,10484.9,10485.0,10482.5,10483.3,980
2026-07-14 23:00:00+00:00,10483.2,10485.5,10481.9,10484.7,1088
2026-07-14 23:15:00+00:00,10484.6,10492.4,10483.6,10491.9,1456
2026-07-14 23:30:00+00:00,10492.2,10495.8,10492.2,10493.9,1800
2026-07-14 23:45:00+00:00,10493.8,10496.8,10493.2,10495.0,2360
2026-07-15 00:00:00+00:00,10496.3,10501.3,10492.4,10492.4,6888
2026-07-15 00:15:00+00:00,10492.4,10495.8,10488.6,10493.3,6912
2026-07-15 00:30:00+00:00,10492.9,10493.1,10480.4,10482.5,5464
2026-07-15 00:45:00+00:00,10482.5,10492.3,10481.8,10490.8,6268
2026-07-15 01:00:00+00:00,10491.0,10494.3,10488.2,10491.8,7016
2026-07-15 01:15:00+00:00,10491.8,10495.5,10488.9,10491.8,6868
2026-07-15 01:30:00+00:00,10491.8,10492.2,10482.8,10483.2,6812
2026-07-15 01:45:00+00:00,10483.4,10494.8,10483.4,10494.8,5760
2026-07-15 02:00:00+00:00,10495.1,10496.5,10490.9,10491.6,4384
2026-07-15 02:15:00+00:00,10491.4,10492.9,10489.8,10492.6,3632
2026-07-15 02:30:00+00:00,10492.6,10498.3,10492.2,10497.6,2824
2026-07-15 02:45:00+00:00,10497.4,10498.6,10492.5,10493.8,2604
2026-07-15 03:00:00+00:00,10493.8,10495.7,10491.7,10493.9,2944
2026-07-15 03:15:00+00:00,10494.1,10497.2,10492.2,10495.2,3056
2026-07-15 03:30:00+00:00,10495.0,10498.0,10493.6,10493.7,2928
2026-07-15 03:45:00+00:00,10493.5,10499.2,10493.2,10497.0,2480
2026-07-15 04:00:00+00:00,10497.2,10498.3,10495.0,10495.2,2232
2026-07-15 04:15:00+00:00,10495.2,10495.5,10491.7,10492.0,1924
2026-07-15 04:30:00+00:00,10492.0,10492.8,10488.9,10491.8,2480
2026-07-15 04:45:00+00:00,10491.8,10493.8,10490.2,10491.4,2088
2026-07-15 05:00:00+00:00,10492.3,10496.8,10483.1,10484.1,4684
2026-07-15 05:15:00+00:00,10483.9,10488.1,10478.7,10483.4,1900
2026-07-15 05:30:00+00:00,10483.1,10489.6,10483.1,10483.9,2336
2026-07-15 05:45:00+00:00,10484.4,10490.9,10482.4,10488.9,2128
2026-07-15 06:00:00+00:00,10489.6,10490.9,10474.8,10475.0,2216
2026-07-15 06:15:00+00:00,10474.8,10485.4,10474.5,10483.4,1828
2026-07-15 06:30:00+00:00,10483.7,10484.4,10475.0,10478.7,1996
2026-07-15 06:45:00+00:00,10479.0,10485.4,10467.9,10470.1,2628
2026-07-15 07:00:00+00:00,10467.9,10480.5,10458.2,10464.3,11240
2026-07-15 07:15:00+00:00,10464.1,10473.7,10442.8,10448.5,6340
2026-07-15 07:30:00+00:00,10448.0,10462.4,10442.2,10462.4,6220
2026-07-15 07:45:00+00:00,10461.9,10473.3,10456.9,10468.7,4672
2026-07-15 08:00:00+00:00,10469.0,10489.7,10467.0,10489.7,4344
2026-07-15 08:15:00+00:00,10489.9,10504.9,10488.4,10502.6,4824
2026-07-15 08:30:00+00:00,10502.8,10514.8,10494.0,10505.7,4112
2026-07-15 08:45:00+00:00,10505.2,10506.7,10499.1,10505.1,2884
2026-07-15 09:00:00+00:00,10504.6,10517.9,10499.0,10517.2,3016
2026-07-15 09:15:00+00:00,10516.7,10518.5,10506.0,10511.8,2984
2026-07-15 09:30:00+00:00,10511.6,10520.9,10504.8,10519.7,3104
2026-07-15 09:45:00+00:00,10520.2,10521.4,10503.9,10504.4,2836
2026-07-15 10:00:00+00:00,10504.2,10521.7,10503.4,10517.5,2736
2026-07-15 10:15:00+00:00,10517.2,10520.9,10505.0,10506.5,3432
2026-07-15 10:30:00+00:00,10507.0,10511.7,10498.9,10508.0,2964
2026-07-15 10:45:00+00:00,10507.5,10510.3,10496.2,10498.0,2960
2026-07-15 11:00:00+00:00,10499.0,10506.4,10494.2,10500.6,3380
2026-07-15 11:15:00+00:00,10500.8,10504.2,10497.1,10501.9,2520
2026-07-15 11:30:00+00:00,10502.4,10508.2,10500.0,10507.5,2208
2026-07-15 11:45:00+00:00,10508.0,10511.1,10503.4,10511.1,3088
2026-07-15 12:00:00+00:00,10511.3,10521.3,10508.8,10519.3,2868
2026-07-15 12:15:00+00:00,10519.5,10526.9,10517.2,10519.0,2464
2026-07-15 12:30:00+00:00,10516.7,10531.2,10516.7,10530.2,4624
2026-07-15 12:45:00+00:00,10530.4,10531.1,10517.4,10520.3,2968
2026-07-15 13:00:00+00:00,10521.3,10531.6,10518.8,10520.7,3884
2026-07-15 13:15:00+00:00,10520.9,10530.4,10513.5,10517.6,4036
2026-07-15 13:30:00+00:00,10517.3,10530.8,10516.8,10525.9,7224
2026-07-15 13:45:00+00:00,10524.9,10544.2,10514.1,10537.4,7184
2026-07-15 14:00:00+00:00,10537.6,10539.4,10517.5,10529.6,6092
2026-07-15 14:15:00+00:00,10529.1,10546.6,10528.9,10541.7,5344
2026-07-15 14:30:00+00:00,10541.9,10543.6,10523.1,10523.3,5728
2026-07-15 14:45:00+00:00,10523.6,10526.5,10516.2,10523.2,5204
2026-07-15 15:00:00+00:00,10523.4,10528.5,10513.2,10514.2,4560
2026-07-15 15:15:00+00:00,10514.4,10518.7,10508.2,10509.4,5588
2026-07-15 15:30:00+00:00,10507.9,10518.1,10504.9,10504.9,6148
2026-07-15 15:45:00+00:00,10504.1,10504.4,10492.9,10492.9,2620
2026-07-15 16:00:00+00:00,10493.1,10494.6,10478.3,10479.0,3132
2026-07-15 16:15:00+00:00,10478.8,10479.8,10465.9,10468.6,2824
2026-07-15 16:30:00+00:00,10468.1,10469.9,10460.7,10466.2,2496
2026-07-15 16:45:00+00:00,10466.4,10477.3,10463.5,10469.2,3188
2026-07-15 17:00:00+00:00,10469.7,10474.9,10468.2,10471.2,1536
2026-07-15 17:15:00+00:00,10471.7,10480.6,10469.7,10480.1,1312
2026-07-15 17:30:00+00:00,10480.6,10488.0,10478.9,10485.1,1480
2026-07-15 17:45:00+00:00,10485.6,10489.5,10483.1,10484.6,1148
2026-07-15 18:00:00+00:00,10485.1,10488.1,10482.6,10487.3,1088
2026-07-15 18:15:00+00:00,10487.1,10490.6,10484.9,10490.1,864
2026-07-15 18:30:00+00:00,10490.6,10496.0,10490.1,10493.1,940
2026-07-15 18:45:00+00:00,10492.8,10493.6,10488.6,10490.3,1296
2026-07-15 19:00:00+00:00,10490.6,10497.5,10486.4,10496.0,1244
2026-07-15 19:15:00+00:00,10495.7,10496.5,10486.3,10489.1,1072
2026-07-15 19:30:00+00:00,10488.8,10493.5,10483.8,10491.8,2472
2026-07-15 19:45:00+00:00,10491.5,10493.8,10480.9,10486.1,2336
2026-07-15 20:00:00+00:00,10485.6,10488.1,10478.3,10483.6,2044
2026-07-15 20:30:00+00:00,10485.9,10486.0,10483.8,10485.5,412
2026-07-15 20:45:00+00:00,10485.8,10486.5,10484.3,10484.3,336
2026-07-15 22:00:00+00:00,10492.4,10493.7,10490.1,10490.5,844
2026-07-15 22:15:00+00:00,10490.7,10490.7,10488.1,10488.6,784
2026-07-15 22:30:00+00:00,10488.7,10489.6,10486.9,10487.4,864
2026-07-15 22:45:00+00:00,10487.6,10491.3,10486.2,10490.1,1468
2026-07-15 23:00:00+00:00,10489.9,10491.3,10489.1,10490.3,1072
2026-07-15 23:15:00+00:00,10490.2,10491.7,10489.1,10491.3,908
2026-07-15 23:30:00+00:00,10491.4,10493.4,10490.3,10491.9,920
2026-07-15 23:45:00+00:00,10491.7,10492.5,10487.4,10488.0,2100
2026-07-16 00:00:00+00:00,10489.2,10492.4,10480.9,10492.0,7372
2026-07-16 00:15:00+00:00,10492.0,10495.7,10485.7,10486.3,6416
2026-07-16 00:30:00+00:00,10486.1,10490.2,10478.9,10479.2,6064
2026-07-16 00:45:00+00:00,10479.2,10482.0,10473.8,10474.5,6260
2026-07-16 01:00:00+00:00,10474.3,10475.0,10467.8,10470.7,6780
2026-07-16 01:15:00+00:00,10470.7,10471.6,10464.2,10468.5,6056
2026-07-16 01:30:00+00:00,10468.5,10474.4,10466.7,10468.3,7012
2026-07-16 01:45:00+00:00,10468.5,10471.9,10462.3,10462.8,6396
2026-07-16 02:00:00+00:00,10462.9,10463.3,10457.8,10459.8,4996
2026-07-16 02:15:00+00:00,10460.0,10468.7,10458.0,10468.3,5180
2026-07-16 02:30:00+00:00,10468.3,10472.0,10467.8,10470.0,4604
2026-07-16 02:45:00+00:00,10470.4,10476.9,10470.0,10476.3,3808
2026-07-16 03:00:00+00:00,10476.2,10485.2,10475.0,10482.3,3064
2026-07-16 03:15:00+00:00,10482.3,10484.2,10480.3,10482.7,3024
2026-07-16 03:30:00+00:00,10482.7,10488.7,10482.2,10486.5,4368
2026-07-16 03:45:00+00:00,10486.9,10492.3,10485.1,10492.2,3408
2026-07-16 04:00:00+00:00,10492.3,10492.7,10485.1,10489.4,3124
2026-07-16 04:15:00+00:00,10489.5,10489.5,10480.2,10481.0,2564
2026-07-16 04:30:00+00:00,10481.0,10481.5,10477.0,10477.2,2496
2026-07-16 04:45:00+00:00,10477.2,10478.9,10474.0,10474.1,2784
2026-07-16 05:00:00+00:00,10474.1,10482.3,10469.5,10482.3,1264
2026-07-16 05:15:00+00:00,10482.0,10486.8,10481.3,10484.0,1140
2026-07-16 05:30:00+00:00,10484.3,10486.8,10470.5,10477.3,2640
2026-07-16 05:45:00+00:00,10477.8,10479.5,10468.3,10471.3,1732
2026-07-16 06:00:00+00:00,10471.8,10477.3,10458.8,10463.5,3288
2026-07-16 06:15:00+00:00,10464.0,10468.0,10456.0,10456.5,2068
2026-07-16 06:30:00+00:00,10456.0,10456.0,10439.8,10447.0,2100
2026-07-16 06:45:00+00:00,10446.5,10467.0,10443.8,10466.8,2100
2026-07-16 07:00:00+00:00,10466.5,10478.3,10442.8,10460.0,10148
2026-07-16 07:15:00+00:00,10460.8,10479.0,10453.0,10475.5,6048
2026-07-16 07:30:00+00:00,10475.8,10481.8,10456.5,10471.8,6280
2026-07-16 07:45:00+00:00,10472.0,10475.0,10454.0,10465.0,4520
2026-07-16 08:00:00+00:00,10465.5,10473.0,10450.3,10450.8,4924
2026-07-16 08:15:00+00:00,10451.0,10477.8,10450.0,10474.5,4796
2026-07-16 08:30:00+00:00,10474.0,10486.5,10472.5,10475.3,3660
2026-07-16 08:45:00+00:00,10475.5,10485.5,10472.8,10478.3,3508
2026-07-16 09:00:00+00:00,10478.5,10486.5,10476.0,10481.5,3600
2026-07-16 09:15:00+00:00,10481.8,10485.8,10468.5,10476.0,2520
2026-07-16 09:30:00+00:00,10476.5,10483.0,10473.5,10476.0,2784
2026-07-16 09:45:00+00:00,10475.5,10490.8,10473.0,10487.3,2868
2026-07-16 10:00:00+00:00,10487.5,10493.3,10482.0,10485.8,2952
2026-07-16 10:15:00+00:00,10486.0,10490.8,10478.8,10490.8,2560
2026-07-16 10:30:00+00:00,10491.0,10497.5,10489.5,10492.5,3132
2026-07-16 10:45:00+00:00,10492.8,10495.0,10480.0,10485.5,2756
2026-07-16 11:00:00+00:00,10485.8,10491.5,10471.0,10483.3,3680
2026-07-16 11:15:00+00:00,10483.5,10497.0,10478.3,10491.0,3076
2026-07-16 11:30:00+00:00,10490.5,10491.0,10479.0,10481.0,3024
2026-07-16 11:45:00+00:00,10480.5,10491.0,10455.3,10484.0,4884
2026-07-16 12:00:00+00:00,10484.3,10498.0,10479.0,10482.0,4744
2026-07-16 12:15:00+00:00,10482.5,10487.0,10470.3,10472.5,4356
2026-07-16 12:30:00+00:00,10473.5,10475.5,10455.3,10459.0,5144
2026-07-16 12:45:00+00:00,10459.3,10466.5,10455.5,10456.5,3756
2026-07-16 13:00:00+00:00,10456.8,10464.3,10448.8,10463.8,3972
2026-07-16 13:15:00+00:00,10463.3,10465.5,10455.8,10461.5,3400
2026-07-16 13:30:00+00:00,10462.0,10473.5,10450.0,10472.0,7828
2026-07-16 13:45:00+00:00,10472.3,10489.3,10470.5,10489.3,6684
2026-07-16 14:00:00+00:00,10489.5,10514.4,10489.0,10507.0,6356
2026-07-16 14:15:00+00:00,10507.2,10520.4,10503.6,10518.8,4436
2026-07-16 14:30:00+00:00,10518.3,10519.1,10508.1,10518.7,4228
2026-07-16 14:45:00+00:00,10518.4,10533.1,10514.5,10526.5,4076
2026-07-16 15:00:00+00:00,10526.0,10547.4,10525.0,10545.9,3760
2026-07-16 15:15:00+00:00,10545.4,10563.8,10542.1,10553.1,4760
2026-07-16 15:30:00+00:00,10553.4,10587.9,10552.6,10585.7,5760
2026-07-16 15:45:00+00:00,10585.4,10585.9,10560.1,10570.3,3180
2026-07-16 16:00:00+00:00,10570.6,10573.7,10560.8,10567.3,2796
2026-07-16 16:15:00+00:00,10567.0,10570.0,10555.1,10559.6,3324
2026-07-16 16:30:00+00:00,10560.6,10571.8,10557.9,10569.3,2068
2026-07-16 16:45:00+00:00,10569.8,10581.4,10565.8,10581.0,1928
2026-07-16 17:00:00+00:00,10581.4,10590.1,10580.0,10580.5,1416
2026-07-16 17:15:00+00:00,10580.0,10584.2,10578.7,10583.0,1260
2026-07-16 17:30:00+00:00,10582.5,10586.2,10574.5,10577.8,1580
2026-07-16 17:45:00+00:00,10577.5,10581.5,10574.3,10577.0,1164
2026-07-16 18:00:00+00:00,10577.3,10578.8,10564.9,10575.6,1876
2026-07-16 18:15:00+00:00,10575.8,10584.3,10572.1,10578.3,1508
2026-07-16 18:30:00+00:00,10577.8,10578.3,10565.9,10570.6,1640
2026-07-16 18:45:00+00:00,10570.4,10582.3,10569.1,10571.1,1688
2026-07-16 19:00:00+00:00,10570.9,10576.4,10567.9,10571.9,1620
2026-07-16 19:15:00+00:00,10571.7,10576.6,10567.0,10568.4,1436
2026-07-16 19:30:00+00:00,10567.9,10567.9,10556.5,10564.0,2148
2026-07-16 19:45:00+00:00,10563.5,10578.4,10555.8,10574.4,3684
2026-07-16 20:00:00+00:00,10572.2,10574.9,10564.7,10565.0,3900
2026-07-16 20:30:00+00:00,10566.6,10568.0,10564.5,10566.2,1276
2026-07-16 20:45:00+00:00,10566.5,10567.7,10564.9,10567.0,964
2026-07-16 22:00:00+00:00,10571.4,10571.5,10567.3,10568.0,1112
2026-07-16 22:15:00+00:00,10568.1,10568.2,10564.4,10564.9,1408
2026-07-16 22:30:00+00:00,10565.0,10565.8,10562.9,10565.0,1192
2026-07-16 22:45:00+00:00,10565.1,10565.1,10562.1,10564.2,1360
2026-07-16 23:00:00+00:00,10564.4,10565.1,10559.8,10563.0,1576
2026-07-16 23:15:00+00:00,10563.1,10563.2,10557.7,10559.8,1568
2026-07-16 23:30:00+00:00,10560.0,10562.9,10556.1,10561.1,1924
2026-07-16 23:45:00+00:00,10561.3,10562.6,10558.2,10559.4,2984
2026-07-17 00:00:00+00:00,10559.0,10564.8,10545.9,10550.9,9820
2026-07-17 00:15:00+00:00,10551.0,10557.0,10547.3,10549.4,8964
2026-07-17 00:30:00+00:00,10549.4,10551.5,10541.1,10543.6,7288
2026-07-17 00:45:00+00:00,10543.3,10557.4,10543.1,10551.7,7548
2026-07-17 01:00:00+00:00,10551.7,10559.7,10550.6,10555.0,9976
2026-07-17 01:15:00+00:00,10555.0,10559.5,10545.8,10550.1,8496
2026-07-17 01:30:00+00:00,10549.9,10554.6,10542.1,10542.8,9148
2026-07-17 01:45:00+00:00,10542.6,10542.9,10532.1,10532.9,7944
2026-07-17 02:00:00+00:00,10533.0,10538.3,10528.5,10530.0,7772
2026-07-17 02:15:00+00:00,10529.6,10530.7,10523.3,10525.9,5008
2026-07-17 02:30:00+00:00,10525.7,10528.4,10522.9,10528.4,5428
2026-07-17 02:45:00+00:00,10528.2,10528.9,10521.0,10528.7,5156
2026-07-17 03:00:00+00:00,10528.8,10539.2,10528.7,10536.7,4608
2026-07-17 03:15:00+00:00,10536.7,10543.9,10536.6,10539.4,4496
2026-07-17 03:30:00+00:00,10539.3,10539.8,10530.8,10532.4,6708
2026-07-17 03:45:00+00:00,10532.4,10532.7,10519.5,10520.0,5780
2026-07-17 04:00:00+00:00,10520.0,10520.8,10515.8,10516.1,6472
2026-07-17 04:15:00+00:00,10516.2,10516.2,10502.0,10504.9,6080
2026-07-17 04:30:00+00:00,10504.7,10507.6,10500.6,10506.4,7660
2026-07-17 04:45:00+00:00,10506.6,10514.7,10505.7,10510.8,6428
2026-07-17 05:00:00+00:00,10511.0,10513.1,10506.7,10511.1,3400
2026-07-17 05:15:00+00:00,10511.4,10512.6,10507.7,10509.7,3408
2026-07-17 05:30:00+00:00,10509.2,10513.6,10505.2,10508.2,3448
2026-07-17 05:45:00+00:00,10507.9,10521.8,10505.2,10520.6,2900
2026-07-17 06:00:00+00:00,10520.9,10537.2,10519.4,10529.8,4172
2026-07-17 06:15:00+00:00,10529.6,10547.7,10528.6,10546.7,2496
2026-07-17 06:30:00+00:00,10546.2,10550.7,10538.0,10544.2,2420
2026-07-17 06:45:00+00:00,10544.0,10550.7,10540.7,10547.2,2688
2026-07-17 07:00:00+00:00,10547.7,10579.5,10542.6,10577.8,12256
2026-07-17 07:15:00+00:00,10578.0,10600.1,10578.0,10595.1,7148
2026-07-17 07:30:00+00:00,10594.9,10610.9,10587.7,10609.6,5728
2026-07-17 07:45:00+00:00,10610.1,10614.0,10600.6,10609.8,5092
2026-07-17 08:00:00+00:00,10610.0,10625.6,10594.4,10609.2,7680
2026-07-17 08:15:00+00:00,10609.0,10610.7,10586.3,10600.2,8992
2026-07-17 08:30:00+00:00,10600.7,10602.9,10565.9,10574.9,9708
2026-07-17 08:45:00+00:00,10575.2,10583.3,10558.9,10559.9,6976
2026-07-17 09:00:00+00:00,10559.6,10569.7,10544.1,10560.8,8020
2026-07-17 09:15:00+00:00,10560.6,10576.8,10556.0,10576.8,6384
2026-07-17 09:30:00+00:00,10577.1,10583.9,10561.1,10562.1,5268
2026-07-17 09:45:00+00:00,10561.8,10567.2,10550.0,10556.8,5992
2026-07-17 10:00:00+00:00,10557.3,10566.6,10554.5,10562.4,5440
2026-07-17 10:15:00+00:00,10562.9,10574.2,10561.4,10570.1,4196
2026-07-17 10:30:00+00:00,10570.4,10581.2,10559.0,10563.8,4620
2026-07-17 10:45:00+00:00,10564.0,10569.4,10553.8,10554.8,4116
2026-07-17 11:00:00+00:00,10554.0,10562.3,10541.4,10545.5,4724
2026-07-17 11:15:00+00:00,10546.2,10560.8,10545.8,10556.9,4152
2026-07-17 11:30:00+00:00,10557.1,10567.1,10554.2,10559.5,3692
2026-07-17 11:45:00+00:00,10559.7,10574.6,10556.8,10572.0,3252
2026-07-17 12:00:00+00:00,10572.2,10574.4,10555.2,10560.0,4116
2026-07-17 12:15:00+00:00,10560.3,10575.3,10556.3,10571.8,4016
2026-07-17 12:30:00+00:00,10572.1,10579.2,10569.0,10578.0,4396
2026-07-17 12:45:00+00:00,10577.8,10578.3,10563.8,10568.6,3940
2026-07-17 13:00:00+00:00,10568.9,10569.1,10539.5,10542.4,5908
2026-07-17 13:15:00+00:00,10542.0,10549.1,10526.5,10536.7,6208
2026-07-17 13:30:00+00:00,10536.2,10574.1,10533.0,10566.6,12608
2026-07-17 13:45:00+00:00,10567.1,10597.5,10565.9,10595.5,9176
2026-07-17 14:00:00+00:00,10595.3,10597.7,10569.3,10572.0,8168
2026-07-17 14:15:00+00:00,10572.5,10580.5,10565.8,10568.2,6560
2026-07-17 14:30:00+00:00,10567.9,10574.6,10561.8,10568.3,6256
2026-07-17 14:45:00+00:00,10568.1,10582.4,10567.1,10577.9,5612
2026-07-17 15:00:00+00:00,10578.4,10578.9,10563.3,10567.0,5188
2026-07-17 15:15:00+00:00,10567.2,10585.5,10562.8,10583.5,5708
2026-07-17 15:30:00+00:00,10583.8,10602.4,10576.6,10593.2,8576
2026-07-17 15:45:00+00:00,10593.7,10604.3,10586.8,10603.9,3412
2026-07-17 16:00:00+00:00,10603.4,10604.1,10585.6,10590.0,4860
2026-07-17 16:15:00+00:00,10590.3,10593.5,10568.2,10569.9,3236
2026-07-17 16:30:00+00:00,10570.7,10572.2,10557.8,10564.2,2500
2026-07-17 16:45:00+00:00,10564.7,10569.5,10555.3,10561.0,2680
2026-07-17 17:00:00+00:00,10561.3,10565.3,10556.8,10557.8,1832
2026-07-17 17:15:00+00:00,10558.1,10567.0,10556.8,10564.8,1856
2026-07-17 17:30:00+00:00,10564.5,10564.5,10556.1,10559.8,1780
2026-07-17 17:45:00+00:00,10559.6,10561.1,10546.5,10548.7,2044
2026-07-17 18:00:00+00:00,10548.4,10548.9,10541.3,10545.5,2392
2026-07-17 18:15:00+00:00,10545.7,10548.2,10541.3,10543.3,2124
2026-07-17 18:30:00+00:00,10543.0,10547.7,10540.0,10541.5,1924
2026-07-17 18:45:00+00:00,10541.3,10551.5,10539.6,10548.2,1920
2026-07-17 19:00:00+00:00,10548.5,10548.7,10538.9,10539.2,2040
2026-07-17 19:15:00+00:00,10538.9,10542.6,10532.0,10538.9,3040
2026-07-17 19:30:00+00:00,10539.2,10567.2,10538.7,10565.2,3516
2026-07-17 19:45:00+00:00,10565.5,10586.1,10565.2,10575.2,4732
2026-07-19 22:00:00+00:00,10559.2,10561.7,10555.2,10557.2,940
2026-07-19 22:15:00+00:00,10557.7,10574.2,10557.7,10562.2,1868
2026-07-19 22:30:00+00:00,10561.7,10580.3,10561.2,10578.1,1848
2026-07-19 22:45:00+00:00,10578.2,10579.7,10572.3,10573.4,2800
2026-07-19 23:00:00+00:00,10573.5,10576.0,10569.8,10573.1,2928
2026-07-19 23:15:00+00:00,10573.5,10575.7,10569.6,10571.0,2368
2026-07-19 23:30:00+00:00,10571.2,10580.1,10568.9,10579.9,2968
2026-07-19 23:45:00+00:00,10580.2,10582.7,10572.9,10581.2,4648
2026-07-20 00:00:00+00:00,10573.1,10583.8,10550.4,10571.6,9788
2026-07-20 00:15:00+00:00,10571.3,10578.1,10567.7,10569.1,8872
2026-07-20 00:30:00+00:00,10569.1,10569.1,10559.7,10560.5,8840
2026-07-20 00:45:00+00:00,10560.6,10565.9,10556.8,10565.3,8372
2026-07-20 01:00:00+00:00,10566.2,10580.8,10565.9,10571.1,10548
2026-07-20 01:15:00+00:00,10571.1,10580.6,10569.4,10570.3,10852
2026-07-20 01:30:00+00:00,10570.2,10570.7,10555.1,10558.9,10300
2026-07-20 01:45:00+00:00,10558.9,10562.1,10553.0,10559.7,8596
2026-07-20 02:00:00+00:00,10559.8,10569.4,10559.3,10559.8,9476
2026-07-20 02:15:00+00:00,10559.9,10560.7,10548.1,10551.8,7772
2026-07-20 02:30:00+00:00,10551.7,10567.8,10551.7,10563.3,9208
2026-07-20 02:45:00+00:00,10563.4,10570.8,10563.3,10563.8,7028
2026-07-20 03:00:00+00:00,10563.0,10565.1,10555.8,10560.4,6848
2026-07-20 03:15:00+00:00,10560.4,10565.4,10559.5,10559.8,7584
2026-07-20 03:30:00+00:00,10559.9,10564.8,10558.4,10564.7,7356
2026-07-20 03:45:00+00:00,10564.8,10569.1,10560.4,10563.0,5700
2026-07-20 04:00:00+00:00,10563.1,10566.5,10556.5,10557.1,5992
2026-07-20 04:15:00+00:00,10557.1,10564.8,10555.2,10564.0,5928
2026-07-20 04:30:00+00:00,10563.9,10572.2,10562.0,10569.7,6408
2026-07-20 04:45:00+00:00,10569.8,10582.9,10569.2,10576.0,6124
2026-07-20 05:00:00+00:00,10576.0,10579.8,10563.3,10571.5,2756
2026-07-20 05:15:00+00:00,10571.3,10572.8,10566.8,10567.8,2232
2026-07-20 05:30:00+00:00,10567.3,10569.3,10556.8,10557.0,2664
2026-07-20 05:45:00+00:00,10556.5,10556.5,10543.3,10546.8,2280
2026-07-20 06:00:00+00:00,10547.0,10552.0,10539.8,10544.3,3372
2026-07-20 06:15:00+00:00,10544.0,10549.5,10540.5,10544.8,2136
2026-07-20 06:30:00+00:00,10544.5,10549.5,10538.5,10546.3,2240
2026-07-20 06:45:00+00:00,10546.5,10551.5,10540.3,10545.5,2508
2026-07-20 07:00:00+00:00,10545.8,10565.8,10526.5,10529.3,10152
2026-07-20 07:15:00+00:00,10529.0,10544.8,10519.3,10541.0,7452
2026-07-20 07:30:00+00:00,10541.3,10570.2,10539.5,10570.2,6748
2026-07-20 07:45:00+00:00,10570.2,10574.5,10550.6,10565.2,5480
2026-07-20 08:00:00+00:00,10564.9,10573.8,10558.5,10567.9,5264
2026-07-20 08:15:00+00:00,10567.6,10577.4,10562.2,10573.0,4312
2026-07-20 08:30:00+00:00,10573.8,10576.0,10558.5,10559.5,3892
2026-07-20 08:45:00+00:00,10559.7,10569.6,10550.9,10568.6,3784
2026-07-20 09:00:00+00:00,10568.3,10569.1,10555.2,10557.6,3512
2026-07-20 09:15:00+00:00,10557.4,10566.1,10553.2,10562.3,2876
2026-07-20 09:30:00+00:00,10562.6,10573.4,10560.7,10568.4,2924
2026-07-20 09:45:00+00:00,10568.1,10571.7,10557.2,10559.9,2740
2026-07-20 10:00:00+00:00,10559.4,10561.3,10551.2,10551.4,2860
2026-07-20 10:15:00+00:00,10550.9,10558.6,10544.2,10553.8,2512
2026-07-20 10:30:00+00:00,10553.5,10553.8,10536.7,10545.3,3460
2026-07-20 10:45:00+00:00,10545.1,10553.5,10539.7,10550.7,2988
2026-07-20 11:00:00+00:00,10550.2,10566.5,10549.0,10560.0,3436
2026-07-20 11:15:00+00:00,10559.5,10567.0,10559.2,10564.6,2452
2026-07-20 11:30:00+00:00,10564.8,10597.5,10563.6,10587.3,8776
2026-07-20 11:45:00+00:00,10587.5,10588.8,10574.1,10583.5,3496
2026-07-20 12:00:00+00:00,10583.8,10584.5,10552.7,10565.5,7568
2026-07-20 12:15:00+00:00,10565.3,10574.7,10563.5,10574.4,3412
2026-07-20 12:30:00+00:00,10574.7,10579.9,10565.7,10568.9,4012
2026-07-20 12:45:00+00:00,10568.6,10573.4,10544.2,10551.3,4652
2026-07-20 13:00:00+00:00,10551.1,10553.0,10534.3,10534.8,4844
2026-07-20 13:15:00+00:00,10535.1,10552.0,10532.4,10549.1,3872
2026-07-20 13:30:00+00:00,10548.6,10562.3,10533.5,10535.4,8612
2026-07-20 13:45:00+00:00,10535.7,10538.0,10523.0,10528.3,6248
2026-07-20 14:00:00+00:00,10527.8,10538.1,10516.8,10525.9,7268
2026-07-20 14:15:00+00:00,10526.2,10531.1,10522.0,10522.9,5880
2026-07-20 14:30:00+00:00,10522.7,10531.2,10514.6,10528.5,5320
2026-07-20 14:45:00+00:00,10527.8,10542.2,10523.6,10530.6,5164
2026-07-20 15:00:00+00:00,10530.3,10531.1,10512.5,10523.4,7860
2026-07-20 15:15:00+00:00,10523.2,10544.9,10522.4,10544.6,5376
2026-07-20 15:30:00+00:00,10544.9,10545.1,10504.1,10515.7,7644
2026-07-20 15:45:00+00:00,10515.2,10529.5,10511.3,10524.5,3096
2026-07-20 16:00:00+00:00,10524.8,10527.0,10518.1,10518.8,2440
2026-07-20 16:15:00+00:00,10519.1,10522.5,10510.4,10513.9,1908
2026-07-20 16:30:00+00:00,10514.1,10514.4,10494.0,10505.2,3944
2026-07-20 16:45:00+00:00,10505.0,10511.4,10498.0,10498.0,2412
2026-07-20 17:00:00+00:00,10498.5,10503.2,10493.8,10496.3,2532
2026-07-20 17:15:00+00:00,10496.0,10498.5,10490.8,10494.1,1716
2026-07-20 17:30:00+00:00,10494.3,10495.6,10483.7,10484.4,1468
2026-07-20 17:45:00+00:00,10483.9,10488.9,10481.9,10486.9,1364
2026-07-20 18:00:00+00:00,10487.2,10494.4,10485.2,10486.2,1512
2026-07-20 18:15:00+00:00,10486.7,10488.4,10477.7,10480.5,1752
2026-07-20 18:30:00+00:00,10479.7,10479.7,10465.4,10465.6,2984
2026-07-20 18:45:00+00:00,10465.9,10471.8,10464.9,10468.6,2264
2026-07-20 19:00:00+00:00,10468.3,10471.8,10455.5,10455.5,2512
2026-07-20 19:15:00+00:00,10456.0,10463.7,10453.1,10463.5,2944
2026-07-20 19:30:00+00:00,10463.7,10470.0,10459.8,10469.2,3176
2026-07-20 19:45:00+00:00,10469.5,10475.9,10460.3,10464.0,3944
2026-07-20 20:00:00+00:00,10466.3,10471.4,10459.5,10460.2,2688
2026-07-20 20:30:00+00:00,10457.8,10461.7,10457.3,10460.2,780
2026-07-20 20:45:00+00:00,10460.5,10462.2,10459.0,10461.4,728
2026-07-20 22:00:00+00:00,10455.9,10457.0,10452.1,10456.2,1528
2026-07-20 22:15:00+00:00,10456.0,10457.5,10454.9,10456.0,1356
2026-07-20 22:30:00+00:00,10456.1,10457.0,10453.3,10456.3,1184
2026-07-20 22:45:00+00:00,10456.5,10457.0,10454.1,10455.6,952
2026-07-20 23:00:00+00:00,10455.9,10463.1,10454.9,10462.9,1564
2026-07-20 23:15:00+00:00,10463.1,10469.7,10462.6,10469.4,1560
2026-07-20 23:30:00+00:00,10469.3,10470.6,10467.7,10468.7,1072
2026-07-20 23:45:00+00:00,10468.5,10470.7,10460.7,10465.3,3656
2026-07-21 00:00:00+00:00,10470.0,10472.6,10444.0,10459.2,9580
2026-07-21 00:15:00+00:00,10459.2,10461.9,10446.3,10458.3,10432
2026-07-21 00:30:00+00:00,10458.1,10471.8,10457.8,10469.0,7592
2026-07-21 00:45:00+00:00,10469.1,10470.3,10462.4,10462.5,6124
2026-07-21 01:00:00+00:00,10462.3,10472.4,10456.6,10471.9,7592
2026-07-21 01:15:00+00:00,10471.9,10477.7,10464.5,10468.8,7764
2026-07-21 01:30:00+00:00,10468.8,10481.1,10466.7,10467.6,6672
2026-07-21 01:45:00+00:00,10468.0,10473.1,10464.4,10467.3,6348
2026-07-21 02:00:00+00:00,10467.4,10474.4,10463.8,10464.4,6416
2026-07-21 02:15:00+00:00,10464.3,10472.3,10461.5,10471.6,5828
2026-07-21 02:30:00+00:00,10471.9,10475.8,10471.1,10472.6,4644
2026-07-21 02:45:00+00:00,10472.8,10477.7,10471.5,10477.5,3512
2026-07-21 03:00:00+00:00,10477.7,10480.8,10477.3,10479.8,2844
2026-07-21 03:15:00+00:00,10480.0,10486.3,10478.8,10484.1,3036
2026-07-21 03:30:00+00:00,10484.1,10484.7,10480.1,10481.3,3248
2026-07-21 03:45:00+00:00,10481.4,10484.8,10480.4,10481.9,2884
2026-07-21 04:00:00+00:00,10481.8,10484.3,10480.2,10481.3,3272
2026-07-21 04:15:00+00:00,10481.3,10483.0,10480.6,10482.5,2768
2026-07-21 04:30:00+00:00,10482.4,10482.7,10479.3,10480.7,2816
2026-07-21 04:45:00+00:00,10480.9,10481.1,10476.9,10477.2,2628
2026-07-21 05:00:00+00:00,10477.2,10477.9,10470.5,10471.2,652
2026-07-21 05:15:00+00:00,10471.0,10475.0,10468.0,10475.0,1136
2026-07-21 05:30:00+00:00,10475.2,10491.8,10472.2,10482.4,2100
2026-07-21 05:45:00+00:00,10481.9,10486.9,10479.2,10480.0,1364
2026-07-21 06:00:00+00:00,10480.2,10488.4,10473.8,10481.2,2436
2026-07-21 06:15:00+00:00,10481.7,10487.9,10476.5,10484.2,1772
2026-07-21 06:30:00+00:00,10484.7,10490.4,10482.2,10482.2,1988
2026-07-21 06:45:00+00:00,10482.5,10489.4,10476.3,10488.7,1648
2026-07-21 07:00:00+00:00,10489.2,10529.7,10482.7,10502.9,12052
2026-07-21 07:15:00+00:00,10502.6,10515.6,10481.3,10492.9,7032
2026-07-21 07:30:00+00:00,10494.1,10515.5,10486.2,10504.5,5520
2026-07-21 07:45:00+00:00,10504.2,10510.2,10500.0,10509.6,4212
2026-07-21 08:00:00+00:00,10510.1,10525.2,10508.4,10524.7,4864
2026-07-21 08:15:00+00:00,10525.0,10533.4,10522.7,10530.4,4016
2026-07-21 08:30:00+00:00,10530.1,10537.2,10525.9,10535.0,3380
2026-07-21 08:45:00+00:00,10534.8,10537.9,10524.8,10533.2,2744
2026-07-21 09:00:00+00:00,10532.4,10555.4,10531.2,10555.1,2904
2026-07-21 09:15:00+00:00,10555.6,10559.0,10543.1,10546.1,3120
2026-07-21 09:30:00+00:00,10546.6,10553.6,10540.9,10542.9,2728
2026-07-21 09:45:00+00:00,10542.7,10556.1,10541.7,10546.3,2976
2026-07-21 10:00:00+00:00,10546.6,10561.7,10546.1,10558.5,4028
2026-07-21 10:15:00+00:00,10558.8,10565.4,10556.8,10558.8,2124
2026-07-21 10:30:00+00:00,10558.8,10566.5,10553.2,10558.1,2420
2026-07-21 10:45:00+00:00,10557.9,10557.9,10546.8,10547.8,2940
2026-07-21 11:00:00+00:00,10546.3,10548.3,10528.8,10534.2,2948
2026-07-21 11:15:00+00:00,10534.7,10542.0,10532.4,10539.8,2516
2026-07-21 11:30:00+00:00,10540.0,10545.2,10533.2,10541.4,2464
2026-07-21 11:45:00+00:00,10541.4,10544.6,10537.1,10542.5,1984
2026-07-21 12:00:00+00:00,10542.7,10548.2,10540.4,10546.2,2580
2026-07-21 12:15:00+00:00,10546.4,10548.2,10530.5,10530.5,3908
2026-07-21 12:30:00+00:00,10531.0,10547.5,10526.6,10533.2,4408
2026-07-21 12:45:00+00:00,10533.7,10545.4,10531.5,10545.4,3696
2026-07-21 13:00:00+00:00,10546.1,10546.9,10536.2,10545.6,3320
2026-07-21 13:15:00+00:00,10545.9,10548.5,10537.7,10542.8,3064
2026-07-21 13:30:00+00:00,10543.6,10556.1,10508.5,10514.2,8216
2026-07-21 13:45:00+00:00,10513.7,10537.8,10513.7,10528.8,6880
2026-07-21 14:00:00+00:00,10528.1,10560.8,10526.6,10560.3,5900
2026-07-21 14:15:00+00:00,10560.1,10574.6,10558.3,10566.7,5140
2026-07-21 14:30:00+00:00,10567.0,10572.6,10558.2,10562.8,3944
2026-07-21 14:45:00+00:00,10563.0,10573.7,10561.3,10564.5,3856
2026-07-21 15:00:00+00:00,10564.8,10568.4,10555.9,10566.1,3284
2026-07-21 15:15:00+00:00,10565.8,10582.7,10565.8,10580.5,4080
2026-07-21 15:30:00+00:00,10580.7,10593.4,10575.5,10591.2,5572
2026-07-21 15:45:00+00:00,10591.6,10601.3,10588.9,10598.1,2316
2026-07-21 16:00:00+00:00,10597.6,10605.1,10593.6,10604.3,1788
2026-07-21 16:15:00+00:00,10603.6,10608.3,10602.6,10607.1,1332
2026-07-21 16:30:00+00:00,10607.6,10608.5,10598.9,10602.1,864
2026-07-21 16:45:00+00:00,10601.9,10605.6,10599.6,10604.6,980
2026-07-21 17:00:00+00:00,10605.1,10605.3,10597.4,10598.7,840
2026-07-21 17:15:00+00:00,10599.2,10599.4,10594.7,10596.9,696
2026-07-21 17:30:00+00:00,10597.2,10599.2,10594.5,10598.2,852
2026-07-21 17:45:00+00:00,10598.4,10601.4,10596.2,10601.2,652
2026-07-21 18:00:00+00:00,10600.9,10603.7,10596.7,10600.2,948
2026-07-21 18:15:00+00:00,10599.7,10604.2,10597.0,10603.2,780
2026-07-21 18:30:00+00:00,10603.7,10609.4,10603.5,10608.9,1288
2026-07-21 18:45:00+00:00,10608.7,10611.9,10605.7,10609.7,1012
2026-07-21 19:00:00+00:00,10610.2,10610.2,10598.8,10602.5,776
2026-07-21 19:15:00+00:00,10601.5,10603.5,10598.5,10601.8,996
2026-07-21 19:30:00+00:00,10601.5,10602.0,10594.6,10599.0,1144
2026-07-21 19:45:00+00:00,10598.8,10606.5,10596.1,10604.5,2240
2026-07-21 20:00:00+00:00,10604.3,10605.5,10599.8,10602.9,1732
2026-07-21 20:30:00+00:00,10600.3,10602.2,10600.3,10601.0,268
2026-07-21 20:45:00+00:00,10601.3,10601.5,10599.3,10601.3,412
2026-07-21 22:00:00+00:00,10602.1,10603.1,10600.1,10603.1,1020
2026-07-21 22:15:00+00:00,10602.8,10604.0,10599.6,10600.4,980
2026-07-21 22:30:00+00:00,10600.1,10601.1,10598.9,10599.7,872
2026-07-21 22:45:00+00:00,10599.2,10599.4,10597.2,10599.4,924
2026-07-21 23:00:00+00:00,10599.2,10600.3,10598.5,10599.9,788
2026-07-21 23:15:00+00:00,10600.2,10602.4,10598.5,10601.2,864
2026-07-21 23:30:00+00:00,10600.9,10602.1,10598.0,10598.7,1012
2026-07-21 23:45:00+00:00,10598.5,10602.2,10598.4,10601.9,2480
2026-07-22 00:00:00+00:00,10598.5,10603.3,10593.9,10601.1,6916
2026-07-22 00:15:00+00:00,10601.2,10604.4,10598.4,10602.2,7124
2026-07-22 00:30:00+00:00,10602.6,10613.7,10602.6,10612.0,6252
2026-07-22 00:45:00+00:00,10612.2,10614.5,10609.3,10614.1,5424
2026-07-22 01:00:00+00:00,10614.1,10616.9,10611.0,10611.7,5876
2026-07-22 01:15:00+00:00,10611.8,10615.5,10610.2,10613.4,4936
2026-07-22 01:30:00+00:00,10613.8,10616.0,10608.7,10613.9,5944
2026-07-22 01:45:00+00:00,10614.0,10621.6,10613.1,10618.9,4520
2026-07-22 02:00:00+00:00,10618.7,10619.1,10609.7,10610.7,4960
2026-07-22 02:15:00+00:00,10610.5,10616.4,10609.5,10614.0,4644
2026-07-22 02:30:00+00:00,10613.9,10615.9,10609.4,10614.7,5164
2026-07-22 02:45:00+00:00,10614.7,10615.0,10611.4,10613.2,4100
2026-07-22 03:00:00+00:00,10613.2,10613.9,10608.0,10608.1,4272
2026-07-22 03:15:00+00:00,10607.9,10615.7,10607.6,10613.0,4008
2026-07-22 03:30:00+00:00,10613.0,10614.6,10604.1,10605.3,5416
2026-07-22 03:45:00+00:00,10605.1,10608.9,10600.9,10606.3,4480
2026-07-22 04:00:00+00:00,10606.4,10608.6,10605.5,10605.8,4228
2026-07-22 04:15:00+00:00,10605.9,10608.0,10602.6,10602.7,3020
2026-07-22 04:30:00+00:00,10602.9,10605.9,10599.1,10604.7,4000
2026-07-22 04:45:00+00:00,10604.6,10604.7,10598.2,10600.5,3692
2026-07-22 05:00:00+00:00,10600.4,10600.9,10595.7,10599.0,1272
2026-07-22 05:15:00+00:00,10598.7,10606.7,10597.0,10603.9,2148
2026-07-22 05:30:00+00:00,10603.7,10607.4,10599.2,10599.7,2152
2026-07-22 05:45:00+00:00,10599.5,10608.7,10599.5,10605.7,1972
2026-07-22 06:00:00+00:00,10605.9,10616.1,10595.3,10613.6,2156
2026-07-22 06:15:00+00:00,10613.4,10613.6,10595.3,10603.7,2336
2026-07-22 06:30:00+00:00,10603.5,10611.7,10597.5,10609.7,2232
2026-07-22 06:45:00+00:00,10609.5,10610.5,10586.6,10595.8,2804
2026-07-22 07:00:00+00:00,10596.3,10597.6,10565.5,10577.8,12300
2026-07-22 07:15:00+00:00,10578.1,10602.5,10577.6,10597.3,5944
2026-07-22 07:30:00+00:00,10598.3,10599.2,10578.1,10589.5,6256
2026-07-22 07:45:00+00:00,10589.2,10608.2,10588.0,10605.8,5552
2026-07-22 08:00:00+00:00,10605.3,10646.2,10603.8,10643.6,7260
2026-07-22 08:15:00+00:00,10643.9,10668.0,10642.9,10665.7,6600
2026-07-22 08:30:00+00:00,10666.2,10687.1,10666.2,10679.2,6628
2026-07-22 08:45:00+00:00,10678.9,10703.6,10677.9,10700.8,6008
2026-07-22 09:00:00+00:00,10701.3,10721.9,10697.1,10719.6,5948
2026-07-22 09:15:00+00:00,10719.1,10734.2,10713.4,10715.9,5180
2026-07-22 09:30:00+00:00,10715.6,10718.1,10685.6,10686.6,6004
2026-07-22 09:45:00+00:00,10686.8,10693.2,10672.9,10681.9,5276
2026-07-22 10:00:00+00:00,10681.6,10688.4,10676.9,10679.9,5196
2026-07-22 10:15:00+00:00,10680.1,10702.5,10674.7,10702.0,5828
2026-07-22 10:30:00+00:00,10701.7,10712.1,10696.8,10702.0,4984
2026-07-22 10:45:00+00:00,10701.8,10719.3,10701.0,10712.5,3652
2026-07-22 11:00:00+00:00,10713.0,10718.9,10698.6,10714.7,5532
2026-07-22 11:15:00+00:00,10714.9,10718.6,10707.6,10712.5,4092
2026-07-22 11:30:00+00:00,10712.8,10725.6,10690.0,10704.6,5512
2026-07-22 11:45:00+00:00,10704.1,10729.0,10700.9,10721.2,5740
2026-07-22 12:00:00+00:00,10721.4,10739.0,10720.0,10735.8,4964
2026-07-22 12:15:00+00:00,10736.0,10739.2,10727.5,10734.5,4228
2026-07-22 12:30:00+00:00,10734.8,10746.3,10734.0,10738.8,4404
2026-07-22 12:45:00+00:00,10738.3,10746.6,10720.8,10736.4,5620
2026-07-22 13:00:00+00:00,10736.6,10745.9,10734.2,10744.8,4684
2026-07-22 13:15:00+00:00,10743.8,10759.7,10743.1,10754.2,4772
2026-07-22 13:30:00+00:00,10755.0,10764.1,10722.4,10724.9,9668
2026-07-22 13:45:00+00:00,10725.9,10750.3,10724.9,10746.4,6436
2026-07-22 14:00:00+00:00,10747.4,10759.5,10740.2,10748.0,6912
2026-07-22 14:15:00+00:00,10748.2,10751.6,10742.8,10746.8,6180
2026-07-22 14:30:00+00:00,10747.0,10749.7,10735.2,10736.7,5372
2026-07-22 14:45:00+00:00,10737.0,10745.2,10730.1,10742.1,5196
2026-07-22 15:00:00+00:00,10742.4,10743.6,10727.6,10730.1,4888
2026-07-22 15:15:00+00:00,10729.3,10732.8,10718.3,10719.6,5132
2026-07-22 15:30:00+00:00,10719.3,10733.3,10712.4,10730.6,7020
2026-07-22 15:45:00+00:00,10730.8,10733.6,10724.7,10729.1,2528
2026-07-22 16:00:00+00:00,10728.9,10732.3,10725.4,10729.4,1612
2026-07-22 16:15:00+00:00,10728.6,10732.1,10722.2,10726.4,1780
2026-07-22 16:30:00+00:00,10726.7,10737.1,10725.4,10736.1,1400
2026-07-22 16:45:00+00:00,10735.9,10738.6,10732.1,10737.6,1312
2026-07-22 17:00:00+00:00,10737.9,10740.4,10732.7,10739.1,1424
2026-07-22 17:15:00+00:00,10738.6,10742.4,10737.4,10740.9,1312
2026-07-22 17:30:00+00:00,10741.1,10746.1,10738.4,10739.9,1160
2026-07-22 17:45:00+00:00,10739.4,10744.1,10738.4,10741.9,1048
2026-07-22 18:00:00+00:00,10742.1,10742.6,10729.3,10733.2,1424
2026-07-22 18:15:00+00:00,10732.7,10735.2,10728.5,10731.7,1396
2026-07-22 18:30:00+00:00,10731.5,10731.5,10726.3,10728.8,1084
2026-07-22 18:45:00+00:00,10729.3,10733.5,10725.1,10730.3,1112
2026-07-22 19:00:00+00:00,10730.8,10731.3,10715.7,10715.7,932
2026-07-22 19:15:00+00:00,10715.2,10717.4,10711.7,10716.7,1488
2026-07-22 19:30:00+00:00,10716.2,10718.2,10712.7,10715.4,1500
2026-07-22 19:45:00+00:00,10714.7,10720.7,10702.8,10712.5,3048
2026-07-22 20:00:00+00:00,10714.6,10724.9,10703.9,10724.7,10052
2026-07-22 20:30:00+00:00,10720.9,10721.2,10713.2,10714.6,2732
2026-07-22 20:45:00+00:00,10714.3,10718.5,10711.1,10712.7,2008
2026-07-22 22:00:00+00:00,10703.5,10705.9,10702.3,10704.6,2008
2026-07-22 22:15:00+00:00,10704.9,10706.4,10701.1,10701.6,1868
2026-07-22 22:30:00+00:00,10701.9,10702.4,10695.7,10697.2,1436
2026-07-22 22:45:00+00:00,10697.3,10704.1,10696.3,10702.1,1464
2026-07-22 23:00:00+00:00,10702.3,10702.4,10696.9,10700.9,1740
2026-07-22 23:15:00+00:00,10700.8,10702.4,10697.2,10701.9,1152
2026-07-22 23:30:00+00:00,10701.8,10705.6,10701.8,10705.4,1088
2026-07-22 23:45:00+00:00,10705.1,10711.6,10704.5,10711.6,2204
2026-07-23 00:00:00+00:00,10701.6,10720.0,10701.5,10713.2,5148
2026-07-23 00:15:00+00:00,10713.1,10725.0,10709.9,10717.2,5740
2026-07-23 00:30:00+00:00,10717.4,10726.3,10716.0,10725.5,4940
2026-07-23 00:45:00+00:00,10725.2,10730.9,10725.0,10726.8,4220
2026-07-23 01:00:00+00:00,10726.9,10729.8,10720.1,10725.7,5084
2026-07-23 01:15:00+00:00,10725.9,10726.4,10718.5,10719.1,4236
2026-07-23 01:30:00+00:00,10719.2,10723.3,10710.4,10720.0,6560
2026-07-23 01:45:00+00:00,10719.8,10725.5,10717.3,10720.8,5248
2026-07-23 02:00:00+00:00,10720.6,10724.1,10717.3,10719.3,4812
2026-07-23 02:15:00+00:00,10719.4,10721.7,10712.8,10715.4,4700
2026-07-23 02:30:00+00:00,10715.0,10720.5,10711.3,10713.2,4072
2026-07-23 02:45:00+00:00,10713.2,10718.4,10712.5,10716.8,3680
2026-07-23 03:00:00+00:00,10716.6,10717.1,10702.4,10705.8,4136
2026-07-23 03:15:00+00:00,10705.8,10709.9,10703.8,10709.0,4268
2026-07-23 03:30:00+00:00,10709.0,10717.0,10707.1,10716.8,5564
2026-07-23 03:45:00+00:00,10716.7,10716.7,10712.8,10713.1,3456
2026-07-23 04:00:00+00:00,10713.1,10713.7,10706.9,10713.2,4056
2026-07-23 04:15:00+00:00,10713.4,10718.1,10711.3,10717.0,4264
2026-07-23 04:30:00+00:00,10717.0,10717.6,10713.9,10713.9,3968
2026-07-23 04:45:00+00:00,10714.0,10716.2,10706.9,10710.2,3952
2026-07-23 05:00:00+00:00,10710.0,10716.7,10710.0,10716.5,2480
2026-07-23 05:15:00+00:00,10716.7,10720.0,10711.5,10720.0,1952
2026-07-23 05:30:00+00:00,10719.7,10723.5,10711.2,10712.5,1892
2026-07-23 05:45:00+00:00,10713.0,10713.0,10703.2,10703.5,1860
2026-07-23 06:00:00+00:00,10703.2,10704.2,10697.2,10700.2,2264
2026-07-23 06:15:00+00:00,10700.0,10707.7,10699.7,10702.5,1612
2026-07-23 06:30:00+00:00,10702.7,10704.2,10692.5,10695.7,1632
2026-07-23 06:45:00+00:00,10696.0,10711.7,10694.7,10711.7,2256
2026-07-23 07:00:00+00:00,10712.7,10715.7,10650.0,10669.2,16872
2026-07-23 07:15:00+00:00,10668.7,10708.7,10668.7,10707.7,10368
2026-07-23 07:30:00+00:00,10708.0,10710.8,10688.5,10700.7,7756
2026-07-23 07:45:00+00:00,10700.4,10716.1,10689.3,10712.9,7008
2026-07-23 08:00:00+00:00,10713.4,10719.8,10698.0,10708.8,6452
2026-07-23 08:15:00+00:00,10708.5,10721.3,10703.9,10720.0,5028
2026-07-23 08:30:00+00:00,10719.5,10721.0,10697.9,10699.1,4212
2026-07-23 08:45:00+00:00,10698.9,10700.5,10682.1,10699.8,4224
2026-07-23 09:00:00+00:00,10700.0,10720.3,10700.0,10702.7,5668
2026-07-23 09:15:00+00:00,10702.9,10704.7,10692.8,10694.3,3976
2026-07-23 09:30:00+00:00,10694.8,10703.6,10686.5,10701.1,4164
2026-07-23 09:45:00+00:00,10701.4,10705.0,10692.0,10694.3,3604
2026-07-23 10:00:00+00:00,10694.5,10700.6,10686.5,10689.7,3824
2026-07-23 10:15:00+00:00,10689.4,10709.1,10688.9,10704.8,3296
2026-07-23 10:30:00+00:00,10705.0,10715.1,10704.5,10709.9,3660
2026-07-23 10:45:00+00:00,10710.1,10717.3,10705.0,10707.5,2760
2026-07-23 11:00:00+00:00,10707.3,10711.3,10691.1,10698.0,3364
2026-07-23 11:15:00+00:00,10698.3,10702.0,10690.2,10694.4,2904
2026-07-23 11:30:00+00:00,10694.7,10696.4,10670.7,10683.2,4816
2026-07-23 11:45:00+00:00,10682.5,10709.4,10681.1,10701.0,4356
2026-07-23 12:00:00+00:00,10701.5,10702.0,10682.0,10685.0,4184
2026-07-23 12:15:00+00:00,10685.2,10693.8,10662.1,10664.5,6008
2026-07-23 12:30:00+00:00,10662.8,10671.1,10641.1,10643.1,7192
2026-07-23 12:45:00+00:00,10642.8,10656.6,10635.0,10639.5,6748
2026-07-23 13:00:00+00:00,10639.3,10643.5,10610.2,10618.4,8908
2026-07-23 13:15:00+00:00,10618.2,10629.1,10610.5,10614.8,6712
2026-07-23 13:30:00+00:00,10615.3,10654.4,10612.3,10646.9,11840
2026-07-23 13:45:00+00:00,10647.4,10651.8,10639.3,10641.5,8136
2026-07-23 14:00:00+00:00,10641.8,10662.1,10637.8,10657.6,10024
2026-07-23 14:15:00+00:00,10657.4,10660.6,10631.7,10644.1,7636
2026-07-23 14:30:00+00:00,10643.8,10646.5,10626.6,10638.8,7004
2026-07-23 14:45:00+00:00,10638.3,10652.0,10629.2,10650.5,6152
2026-07-23 15:00:00+00:00,10650.3,10656.1,10632.4,10635.6,6112
2026-07-23 15:15:00+00:00,10635.4,10640.6,10623.7,10631.0,7272
2026-07-23 15:30:00+00:00,10631.3,10644.5,10621.0,10635.8,8408
2026-07-23 15:45:00+00:00,10636.3,10638.0,10626.2,10636.0,3904
2026-07-23 16:00:00+00:00,10636.7,10640.7,10633.5,10635.2,3044
2026-07-23 16:15:00+00:00,10635.4,10647.1,10635.4,10644.9,2424
2026-07-23 16:30:00+00:00,10644.6,10646.4,10630.7,10631.0,1764
2026-07-23 16:45:00+00:00,10631.2,10631.7,10621.3,10627.5,1736
2026-07-23 17:00:00+00:00,10628.0,10628.0,10603.7,10607.7,3740
2026-07-23 17:15:00+00:00,10607.9,10621.3,10605.2,10613.9,2508
2026-07-23 17:30:00+00:00,10613.1,10616.1,10608.2,10611.2,2300
2026-07-23 17:45:00+00:00,10610.9,10616.1,10607.2,10608.0,2080
2026-07-23 18:00:00+00:00,10607.5,10609.0,10600.0,10600.0,1932
2026-07-23 18:15:00+00:00,10599.5,10611.2,10598.3,10610.0,1932
2026-07-23 18:30:00+00:00,10609.7,10611.0,10601.5,10604.8,1560
2026-07-23 18:45:00+00:00,10604.5,10608.2,10598.8,10600.3,1288
2026-07-23 19:00:00+00:00,10600.6,10605.5,10597.0,10598.3,1360
2026-07-23 19:15:00+00:00,10598.5,10608.5,10597.8,10606.2,1532
2026-07-23 19:30:00+00:00,10606.5,10607.2,10599.3,10602.8,2108
2026-07-23 19:45:00+00:00,10603.0,10612.5,10594.6,10612.0,3764
2026-07-23 20:00:00+00:00,10611.5,10625.3,10611.5,10622.6,6484
2026-07-23 20:30:00+00:00,10624.6,10627.5,10622.1,10622.8,2000
2026-07-23 20:45:00+00:00,10622.7,10625.6,10621.9,10625.1,1408
2026-07-23 22:00:00+00:00,10615.7,10617.6,10612.8,10614.5,1588
2026-07-23 22:15:00+00:00,10614.4,10619.5,10613.0,10616.5,2008
2026-07-23 22:30:00+00:00,10616.7,10619.5,10616.0,10618.2,1620
2026-07-23 22:45:00+00:00,10618.0,10623.5,10618.0,10623.0,1548
2026-07-23 23:00:00+00:00,10623.1,10623.5,10617.5,10619.0,1696
2026-07-23 23:15:00+00:00,10618.9,10620.8,10617.9,10619.9,1268
2026-07-23 23:30:00+00:00,10619.8,10620.3,10614.3,10618.5,1820
2026-07-23 23:45:00+00:00,10619.0,10621.9,10614.8,10619.5,3828
2026-07-24 00:00:00+00:00,10621.7,10626.6,10609.0,10611.2,7580
2026-07-24 00:15:00+00:00,10611.5,10618.8,10603.6,10611.2,8800
2026-07-24 00:30:00+00:00,10611.0,10619.4,10606.8,10617.6,7564
2026-07-24 00:45:00+00:00,10617.6,10622.5,10612.0,10618.0,7712
2026-07-24 01:00:00+00:00,10618.1,10621.7,10609.4,10609.9,7228
2026-07-24 01:15:00+00:00,10610.1,10616.8,10609.1,10610.4,6640
2026-07-24 01:30:00+00:00,10610.6,10622.0,10610.4,10619.4,7032
2026-07-24 01:45:00+00:00,10619.1,10620.2,10610.2,10611.9,6124
2026-07-24 02:00:00+00:00,10611.3,10614.5,10607.1,10613.1,5608
2026-07-24 02:15:00+00:00,10613.5,10615.2,10609.3,10613.1,4760
2026-07-24 02:30:00+00:00,10613.0,10613.2,10601.1,10601.5,4360
2026-07-24 02:45:00+00:00,10601.4,10601.6,10593.4,10593.6,5368
2026-07-24 03:00:00+00:00,10593.7,10599.5,10593.1,10598.0,4540
2026-07-24 03:15:00+00:00,10598.1,10606.4,10598.1,10603.6,5184
2026-07-24 03:30:00+00:00,10603.8,10606.5,10600.1,10602.8,5792
2026-07-24 03:45:00+00:00,10602.6,10606.3,10596.9,10598.1,4172
2026-07-24 04:00:00+00:00,10598.1,10602.1,10595.6,10596.4,4176
2026-07-24 04:15:00+00:00,10596.4,10607.7,10595.9,10606.8,4200
2026-07-24 04:30:00+00:00,10606.8,10607.6,10598.4,10602.2,4160
2026-07-24 04:45:00+00:00,10602.2,10609.9,10600.0,10609.6,3956
2026-07-24 05:00:00+00:00,10610.1,10616.2,10606.2,10614.7,2196
2026-07-24 05:15:00+00:00,10614.2,10619.2,10613.2,10616.4,2296
2026-07-24 05:30:00+00:00,10616.7,10618.2,10611.2,10617.2,2260
2026-07-24 05:45:00+00:00,10617.0,10621.2,10607.3,10610.5,1948
2026-07-24 06:00:00+00:00,10610.3,10610.3,10588.9,10601.8,2604
2026-07-24 06:15:00+00:00,10602.3,10612.0,10594.6,10596.1,2396
2026-07-24 06:30:00+00:00,10596.4,10598.9,10584.5,10584.7,2648
2026-07-24 06:45:00+00:00,10585.2,10596.7,10579.3,10595.2,3240
2026-07-24 07:00:00+00:00,10594.4,10649.7,10593.4,10649.5,11016
2026-07-24 07:15:00+00:00,10649.7,10677.4,10644.0,10671.7,6992
2026-07-24 07:30:00+00:00,10672.2,10675.2,10663.3,10672.4,6340
2026-07-24 07:45:00+00:00,10672.6,10677.8,10661.0,10668.4,4552
2026-07-24 08:00:00+00:00,10664.9,10683.0,10662.2,10675.1,5400
2026-07-24 08:15:00+00:00,10674.6,10686.1,10664.8,10685.6,4684
2026-07-24 08:30:00+00:00,10679.1,10700.9,10679.1,10686.5,4628
2026-07-24 08:45:00+00:00,10686.8,10692.6,10676.7,10682.3,4248
2026-07-24 09:00:00+00:00,10682.6,10691.6,10674.8,10689.1,4300
2026-07-24 09:15:00+00:00,10688.6,10688.6,10678.7,10682.4,3592
2026-07-24 09:30:00+00:00,10682.1,10686.9,10673.9,10675.7,2888
2026-07-24 09:45:00+00:00,10675.9,10681.5,10674.2,10678.8,2932
2026-07-24 10:00:00+00:00,10679.2,10686.3,10674.1,10676.2,2728
2026-07-24 10:15:00+00:00,10675.9,10678.8,10669.4,10674.9,2492
2026-07-24 10:30:00+00:00,10675.1,10680.8,10670.5,10674.9,3016
2026-07-24 10:45:00+00:00,10674.9,10677.7,10667.6,10670.8,2504
2026-07-24 11:00:00+00:00,10670.6,10675.5,10648.7,10650.5,3568
2026-07-24 11:15:00+00:00,10650.7,10652.7,10643.4,10652.1,2680
2026-07-24 11:30:00+00:00,10652.4,10660.8,10647.9,10654.7,3504
2026-07-24 11:45:00+00:00,10655.0,10673.0,10653.9,10669.3,4200
2026-07-24 12:00:00+00:00,10670.3,10681.3,10665.1,10676.1,3880
2026-07-24 12:15:00+00:00,10675.6,10682.5,10670.8,10676.7,3268
2026-07-24 12:30:00+00:00,10676.4,10683.1,10671.3,10673.6,2840
2026-07-24 12:45:00+00:00,10674.1,10678.8,10662.4,10665.9,3000
2026-07-24 13:00:00+00:00,10665.4,10682.3,10664.9,10679.8,3012
2026-07-24 13:15:00+00:00,10680.1,10707.0,10679.4,10706.3,3212
2026-07-24 13:30:00+00:00,10706.6,10708.3,10682.3,10700.4,8320
2026-07-24 13:45:00+00:00,10698.4,10715.6,10697.4,10703.4,6056
2026-07-24 14:00:00+00:00,10703.1,10717.4,10698.9,10716.1,6392
2026-07-24 14:15:00+00:00,10715.9,10720.1,10697.7,10704.9,5948
2026-07-24 14:30:00+00:00,10705.4,10716.8,10705.4,10706.8,5196
2026-07-24 14:45:00+00:00,10706.4,10714.1,10699.0,10711.9,4920
2026-07-24 15:00:00+00:00,10712.4,10735.2,10708.4,10732.9,6228
2026-07-24 15:15:00+00:00,10732.7,10740.9,10729.9,10738.9,6572
2026-07-24 15:30:00+00:00,10738.4,10749.1,10734.7,10737.1,8012
2026-07-24 15:45:00+00:00,10736.8,10739.3,10726.0,10729.4,2664
2026-07-24 16:00:00+00:00,10729.7,10739.9,10729.2,10735.2,2040
2026-07-24 16:15:00+00:00,10734.9,10738.4,10732.0,10735.4,1420
2026-07-24 16:30:00+00:00,10735.7,10735.9,10720.3,10721.1,1952
2026-07-24 16:45:00+00:00,10721.6,10736.7,10719.6,10735.5,1792
2026-07-24 17:00:00+00:00,10736.0,10739.2,10723.6,10732.3,3764
2026-07-24 17:15:00+00:00,10732.5,10745.9,10731.8,10745.9,1972
2026-07-24 17:30:00+00:00,10745.7,10745.7,10737.0,10737.5,1668
2026-07-24 17:45:00+00:00,10737.0,10742.5,10736.5,10737.5,1484
2026-07-24 18:00:00+00:00,10737.3,10742.2,10736.3,10736.5,1464
2026-07-24 18:15:00+00:00,10736.3,10737.3,10729.8,10730.6,2008
2026-07-24 18:30:00+00:00,10730.3,10732.1,10717.4,10721.7,3348
2026-07-24 18:45:00+00:00,10722.2,10728.9,10721.7,10725.6,2104
2026-07-24 19:00:00+00:00,10726.1,10727.6,10717.2,10717.2,2588
2026-07-24 19:15:00+00:00,10717.5,10720.7,10714.2,10716.7,2344
2026-07-24 19:30:00+00:00,10717.0,10728.7,10716.2,10728.7,2996
2026-07-24 19:45:00+00:00,10728.2,10728.9,10719.0,10725.0,2416
2026-07-26 22:00:00+00:00,10775.0,10782.7,10774.3,10778.0,1856
2026-07-26 22:15:00+00:00,10778.2,10781.2,10776.0,10779.5,2496
2026-07-26 22:30:00+00:00,10779.7,10783.0,10778.7,10780.0,2048
2026-07-26 22:45:00+00:00,10779.9,10780.4,10776.2,10777.0,1524
2026-07-26 23:00:00+00:00,10777.2,10783.5,10776.4,10783.3,1948
2026-07-26 23:15:00+00:00,10783.6,10784.6,10782.0,10783.3,1236
2026-07-26 23:30:00+00:00,10783.5,10789.1,10782.9,10788.0,1188
2026-07-26 23:45:00+00:00,10787.5,10795.7,10785.5,10794.7,2952
2026-07-27 00:00:00+00:00,10772.5,10775.2,10744.8,10747.1,8536
2026-07-27 00:15:00+00:00,10747.2,10757.0,10731.0,10742.6,9732
2026-07-27 00:30:00+00:00,10742.7,10746.5,10737.7,10738.5,6964
2026-07-27 00:45:00+00:00,10738.6,10743.9,10732.7,10732.9,6528
2026-07-27 01:00:00+00:00,10734.0,10742.2,10732.2,10735.9,7276
2026-07-27 01:15:00+00:00,10736.1,10738.7,10726.4,10729.9,7208
2026-07-27 01:30:00+00:00,10729.9,10746.3,10729.1,10741.7,9692
2026-07-27 01:45:00+00:00,10741.7,10745.5,10737.0,10745.5,7856
2026-07-27 02:00:00+00:00,10745.6,10746.7,10741.9,10744.6,7124
2026-07-27 02:15:00+00:00,10744.4,10750.4,10744.0,10746.5,4936
2026-07-27 02:30:00+00:00,10746.5,10750.2,10741.6,10749.8,4988
2026-07-27 02:45:00+00:00,10749.2,10751.1,10745.9,10749.7,3812
2026-07-27 03:00:00+00:00,10749.9,10757.5,10749.6,10757.3,4368
2026-07-27 03:15:00+00:00,10757.4,10758.6,10752.4,10752.4,2896
2026-07-27 03:30:00+00:00,10752.5,10753.3,10748.1,10749.4,4584
2026-07-27 03:45:00+00:00,10749.0,10750.4,10745.1,10748.4,4336
2026-07-27 04:00:00+00:00,10748.8,10751.4,10746.9,10750.2,4752
2026-07-27 04:15:00+00:00,10750.1,10754.4,10747.6,10749.9,4064
2026-07-27 04:30:00+00:00,10749.7,10757.4,10747.2,10757.0,4008
2026-07-27 04:45:00+00:00,10757.0,10762.0,10756.5,10760.8,2820
2026-07-27 05:00:00+00:00,10761.6,10761.7,10750.0,10759.5,1732
2026-07-27 05:15:00+00:00,10759.7,10764.2,10758.2,10762.0,1284
2026-07-27 05:30:00+00:00,10762.2,10765.5,10757.7,10765.0,1644
2026-07-27 05:45:00+00:00,10764.5,10771.5,10764.5,10767.7,708
2026-07-27 06:00:00+00:00,10768.0,10790.7,10768.0,10789.2,2120
2026-07-27 06:15:00+00:00,10789.0,10802.5,10785.7,10800.2,1736
2026-07-27 06:30:00+00:00,10800.0,10820.2,10797.7,10818.2,2272
2026-07-27 06:45:00+00:00,10818.7,10834.2,10810.2,10811.2,3752
2026-07-27 07:00:00+00:00,10810.7,10822.2,10782.5,10798.2,13500
2026-07-27 07:15:00+00:00,10798.5,10798.7,10770.7,10774.2,6544
2026-07-27 07:30:00+00:00,10774.5,10789.7,10771.0,10780.7,5084
2026-07-27 07:45:00+00:00,10781.0,10793.5,10774.2,10774.5,4976
2026-07-27 08:00:00+00:00,10774.2,10779.0,10754.5,10779.0,6416
2026-07-27 08:15:00+00:00,10778.7,10779.2,10760.5,10768.5,4920
2026-07-27 08:30:00+00:00,10769.0,10786.2,10763.4,10786.2,4664
2026-07-27 08:45:00+00:00,10786.4,10787.2,10776.7,10786.2,4092
2026-07-27 09:00:00+00:00,10785.2,10787.6,10774.4,10776.7,4068
2026-07-27 09:15:00+00:00,10777.2,10791.7,10774.8,10783.6,3476
2026-07-27 09:30:00+00:00,10783.3,10787.2,10771.5,10778.0,3452
2026-07-27 09:45:00+00:00,10777.8,10783.0,10774.3,10775.8,2816
2026-07-27 10:00:00+00:00,10775.3,10785.7,10772.8,10784.4,3476
2026-07-27 10:15:00+00:00,10784.7,10790.9,10782.5,10786.7,2528
2026-07-27 10:30:00+00:00,10787.4,10790.1,10779.8,10786.8,2452
2026-07-27 10:45:00+00:00,10787.0,10802.5,10787.0,10801.0,3096
2026-07-27 11:00:00+00:00,10801.3,10812.5,10800.3,10809.9,3104
2026-07-27 11:15:00+00:00,10810.1,10810.6,10798.4,10798.4,2968
2026-07-27 11:30:00+00:00,10798.1,10804.8,10795.5,10799.4,3548
2026-07-27 11:45:00+00:00,10798.9,10806.7,10798.2,10798.7,2624
2026-07-27 12:00:00+00:00,10798.9,10807.0,10789.7,10789.9,3556
2026-07-27 12:15:00+00:00,10789.9,10792.5,10779.1,10779.1,3124
2026-07-27 12:30:00+00:00,10778.8,10784.2,10776.5,10779.8,3352
2026-07-27 12:45:00+00:00,10779.3,10782.2,10771.8,10779.6,3276
2026-07-27 13:00:00+00:00,10779.8,10787.2,10775.3,10785.1,4228
2026-07-27 13:15:00+00:00,10785.8,10794.8,10785.8,10787.9,3712
2026-07-27 13:30:00+00:00,10788.4,10810.8,10771.2,10801.0,10576
2026-07-27 13:45:00+00:00,10801.3,10819.1,10794.1,10799.1,7372
2026-07-27 14:00:00+00:00,10799.6,10822.7,10796.1,10813.8,7876
2026-07-27 14:15:00+00:00,10814.3,10819.2,10800.9,10801.1,6280
2026-07-27 14:30:00+00:00,10801.4,10813.0,10795.9,10803.9,8800
2026-07-27 14:45:00+00:00,10804.1,10821.7,10802.4,10821.2,7184
2026-07-27 15:00:00+00:00,10821.5,10821.5,10806.4,10816.9,5924
2026-07-27 15:15:00+00:00,10816.6,10819.4,10800.6,10801.2,6348
2026-07-27 15:30:00+00:00,10801.0,10802.0,10774.4,10779.6,7136
2026-07-27 15:45:00+00:00,10779.8,10783.4,10774.4,10780.3,3852
2026-07-27 16:00:00+00:00,10780.6,10786.2,10772.9,10776.8,3424
2026-07-27 16:15:00+00:00,10777.0,10789.7,10769.1,10784.0,5964
2026-07-27 16:30:00+00:00,10784.3,10793.2,10779.3,10782.3,3120
2026-07-27 16:45:00+00:00,10782.8,10785.3,10767.4,10768.4,2740
2026-07-27 17:00:00+00:00,10768.6,10769.4,10759.5,10764.2,2888
2026-07-27 17:15:00+00:00,10763.9,10775.6,10761.5,10772.6,2080
2026-07-27 17:30:00+00:00,10772.4,10775.9,10766.4,10769.9,2168
2026-07-27 17:45:00+00:00,10770.4,10772.2,10764.7,10771.4,1768
2026-07-27 18:00:00+00:00,10771.7,10772.2,10767.0,10767.5,1552
2026-07-27 18:15:00+00:00,10767.2,10769.5,10762.0,10768.0,1504
2026-07-27 18:30:00+00:00,10767.7,10770.5,10760.5,10770.0,2680
2026-07-27 18:45:00+00:00,10770.5,10788.1,10769.7,10786.4,2216
2026-07-27 19:00:00+00:00,10786.1,10791.7,10781.5,10789.2,1876
2026-07-27 19:15:00+00:00,10788.7,10791.7,10786.5,10789.7,1384
2026-07-27 19:30:00+00:00,10789.5,10797.5,10786.8,10796.2,1872
2026-07-27 19:45:00+00:00,10796.7,10797.0,10788.8,10793.8,2288
2026-07-27 20:00:00+00:00,10794.0,10798.8,10789.7,10792.8,1780
2026-07-27 20:30:00+00:00,10793.4,10801.1,10792.5,10797.3,956
2026-07-27 20:45:00+00:00,10797.6,10797.8,10794.6,10797.6,744
2026-07-27 22:00:00+00:00,10795.5,10796.8,10791.4,10791.9,1152
2026-07-27 22:15:00+00:00,10792.1,10793.4,10788.9,10789.4,1456
2026-07-27 22:30:00+00:00,10789.5,10793.3,10789.4,10790.1,1168
2026-07-27 22:45:00+00:00,10790.4,10791.8,10788.9,10789.3,940
2026-07-27 23:00:00+00:00,10789.4,10791.9,10784.9,10788.4,1632
2026-07-27 23:15:00+00:00,10788.1,10793.7,10786.6,10793.4,1624
2026-07-27 23:30:00+00:00,10793.3,10793.4,10789.7,10790.1,1140
2026-07-27 23:45:00+00:00,10790.4,10795.5,10786.7,10793.5,4088
2026-07-28 00:00:00+00:00,10791.6,10793.7,10780.5,10781.0,7052
2026-07-28 00:15:00+00:00,10781.1,10781.8,10768.8,10772.2,7592
2026-07-28 00:30:00+00:00,10772.1,10779.3,10766.7,10778.8,6848
2026-07-28 00:45:00+00:00,10778.7,10779.4,10769.6,10771.3,6584
2026-07-28 01:00:00+00:00,10771.3,10774.1,10766.4,10767.6,6400
2026-07-28 01:15:00+00:00,10768.1,10778.0,10766.4,10775.3,5384
2026-07-28 01:30:00+00:00,10774.9,10777.3,10767.4,10771.9,6280
2026-07-28 01:45:00+00:00,10772.0,10775.0,10760.6,10764.0,6316
2026-07-28 02:00:00+00:00,10764.1,10765.9,10761.7,10764.7,4736
2026-07-28 02:15:00+00:00,10764.7,10774.4,10763.4,10768.2,4980
2026-07-28 02:30:00+00:00,10768.2,10770.3,10763.9,10765.0,5352
2026-07-28 02:45:00+00:00,10765.1,10771.7,10763.8,10766.3,5688
2026-07-28 03:00:00+00:00,10766.6,10768.2,10761.7,10767.4,4796
2026-07-28 03:15:00+00:00,10767.2,10778.8,10766.5,10769.5,5328
2026-07-28 03:30:00+00:00,10768.9,10789.3,10765.5,10787.5,6816
2026-07-28 03:45:00+00:00,10787.6,10791.2,10785.0,10790.4,5396
2026-07-28 04:00:00+00:00,10790.4,10790.4,10776.4,10776.6,5088
2026-07-28 04:15:00+00:00,10776.6,10781.2,10774.3,10776.9,4832
2026-07-28 04:30:00+00:00,10776.9,10779.3,10775.0,10779.0,4444
2026-07-28 04:45:00+00:00,10778.6,10780.1,10771.6,10773.8,4156
2026-07-28 05:00:00+00:00,10776.6,10781.9,10768.9,10772.2,1984
2026-07-28 05:15:00+00:00,10771.9,10775.9,10768.2,10774.2,780
2026-07-28 05:30:00+00:00,10774.4,10774.4,10759.8,10762.8,1648
2026-07-28 05:45:00+00:00,10762.5,10772.2,10762.3,10771.5,988
2026-07-28 06:00:00+00:00,10772.5,10798.3,10772.5,10790.9,1764
2026-07-28 06:15:00+00:00,10791.4,10807.5,10791.4,10806.5,1844
2026-07-28 06:30:00+00:00,10805.5,10825.2,10802.1,10823.4,2188
2026-07-28 06:45:00+00:00,10823.2,10831.4,10801.3,10801.3,2188
2026-07-28 07:00:00+00:00,10800.8,10820.0,10769.7,10788.5,11708
2026-07-28 07:15:00+00:00,10788.0,10820.3,10787.5,10812.8,6972
2026-07-28 07:30:00+00:00,10812.3,10813.3,10796.3,10796.6,5576
2026-07-28 07:45:00+00:00,10796.8,10808.9,10795.0,10796.2,4924
2026-07-28 08:00:00+00:00,10795.7,10814.3,10792.2,10795.1,5416
2026-07-28 08:15:00+00:00,10794.6,10800.4,10782.1,10799.9,6076
2026-07-28 08:30:00+00:00,10800.1,10829.7,10795.2,10828.5,4476
2026-07-28 08:45:00+00:00,10828.2,10838.6,10820.8,10828.8,4368
2026-07-28 09:00:00+00:00,10829.3,10844.4,10827.3,10837.9,3564
2026-07-28 09:15:00+00:00,10838.4,10849.7,10837.1,10849.7,2784
2026-07-28 09:30:00+00:00,10850.2,10850.5,10837.0,10837.0,2860
2026-07-28 09:45:00+00:00,10838.0,10850.6,10837.5,10847.4,2700
2026-07-28 10:00:00+00:00,10847.9,10856.9,10843.7,10852.6,3532
2026-07-28 10:15:00+00:00,10852.9,10853.4,10837.1,10842.1,3124
2026-07-28 10:30:00+00:00,10842.3,10842.6,10828.4,10835.3,4228
2026-07-28 10:45:00+00:00,10836.3,10840.0,10833.3,10837.6,3340
2026-07-28 11:00:00+00:00,10837.8,10841.1,10824.4,10830.8,5580
2026-07-28 11:15:00+00:00,10830.5,10851.8,10829.7,10834.0,4876
2026-07-28 11:30:00+00:00,10833.5,10842.7,10826.7,10829.4,3972
2026-07-28 11:45:00+00:00,10829.2,10832.7,10824.0,10829.3,3644
2026-07-28 12:00:00+00:00,10829.5,10844.2,10826.3,10836.9,3772
2026-07-28 12:15:00+00:00,10837.1,10841.8,10834.1,10839.0,3088
2026-07-28 12:30:00+00:00,10839.5,10842.0,10822.8,10825.0,3420
2026-07-28 12:45:00+00:00,10825.0,10829.0,10809.4,10810.9,3376
2026-07-28 13:00:00+00:00,10810.7,10814.3,10800.8,10811.2,3664
2026-07-28 13:15:00+00:00,10811.0,10819.7,10810.2,10818.7,3472
2026-07-28 13:30:00+00:00,10819.2,10843.2,10814.8,10838.7,9080
2026-07-28 13:45:00+00:00,10838.5,10861.7,10834.0,10859.0,7448
2026-07-28 14:00:00+00:00,10858.8,10882.1,10850.5,10881.6,7292
2026-07-28 14:15:00+00:00,10881.9,10885.4,10867.3,10879.4,6112
2026-07-28 14:30:00+00:00,10879.1,10879.1,10862.3,10871.6,5492
2026-07-28 14:45:00+00:00,10871.1,10875.9,10862.1,10862.9,4632
2026-07-28 15:00:00+00:00,10863.1,10875.3,10854.8,10873.3,6088
2026-07-28 15:15:00+00:00,10873.8,10884.1,10871.8,10880.5,7196
2026-07-28 15:30:00+00:00,10880.0,10898.1,10869.1,10894.9,5680
2026-07-28 15:45:00+00:00,10895.4,10905.1,10891.7,10902.9,2580
2026-07-28 16:00:00+00:00,10903.2,10905.7,10896.4,10904.2,1780
2026-07-28 16:15:00+00:00,10903.7,10905.0,10893.3,10893.8,1348
2026-07-28 16:30:00+00:00,10893.6,10902.7,10893.3,10901.5,1372
2026-07-28 16:45:00+00:00,10902.3,10914.4,10899.3,10912.7,1308
2026-07-28 17:00:00+00:00,10913.0,10917.4,10904.8,10906.0,1696
2026-07-28 17:15:00+00:00,10905.8,10906.0,10896.8,10897.1,1572
2026-07-28 17:30:00+00:00,10896.8,10899.3,10889.2,10891.9,1132
2026-07-28 17:45:00+00:00,10892.1,10895.4,10888.4,10893.1,1156
2026-07-28 18:00:00+00:00,10893.6,10897.1,10891.2,10892.4,1100
2026-07-28 18:15:00+00:00,10892.2,10897.6,10892.2,10895.9,1116
2026-07-28 18:30:00+00:00,10896.2,10902.1,10895.4,10898.4,1360
2026-07-28 18:45:00+00:00,10898.7,10904.4,10898.2,10900.9,1240
2026-07-28 19:00:00+00:00,10900.7,10904.4,10899.4,10902.2,1140
2026-07-28 19:15:00+00:00,10902.4,10911.1,10902.4,10909.9,1224
2026-07-28 19:30:00+00:00,10909.6,10912.1,10905.2,10910.1,1624
2026-07-28 19:45:00+00:00,10909.9,10909.9,10897.0,10898.2,1716
2026-07-28 20:00:00+00:00,10898.0,10900.8,10889.7,10898.2,4188
2026-07-28 20:30:00+00:00,10903.7,10904.9,10897.4,10898.9,1676
2026-07-28 20:45:00+00:00,10899.0,10900.6,10897.5,10899.6,924
2026-07-28 22:00:00+00:00,10902.3,10905.0,10896.3,10898.5,1572
2026-07-28 22:15:00+00:00,10898.6,10899.9,10888.9,10893.8,2924
2026-07-28 22:30:00+00:00,10893.3,10894.3,10882.1,10884.4,3464
2026-07-28 22:45:00+00:00,10884.7,10888.4,10881.9,10884.2,4240
2026-07-28 23:00:00+00:00,10884.4,10898.5,10881.6,10896.6,4252
2026-07-28 23:15:00+00:00,10896.4,10903.7,10892.6,10901.8,3240
2026-07-28 23:30:00+00:00,10901.7,10917.2,10900.7,10916.1,3152
2026-07-28 23:45:00+00:00,10916.3,10929.6,10913.0,10922.9,6232
2026-07-29 00:00:00+00:00,10914.0,10914.2,10897.8,10901.5,8120
2026-07-29 00:15:00+00:00,10901.4,10915.1,10898.7,10905.2,8596
2026-07-29 00:30:00+00:00,10905.0,10907.6,10898.7,10901.8,7356
2026-07-29 00:45:00+00:00,10901.6,10903.2,10892.0,10892.8,7508
2026-07-29 01:00:00+00:00,10892.9,10895.3,10882.4,10884.4,9504
2026-07-29 01:15:00+00:00,10884.5,10894.5,10881.1,10890.6,10388
2026-07-29 01:30:00+00:00,10890.4,10893.2,10873.1,10875.8,11276
2026-07-29 01:45:00+00:00,10875.7,10878.1,10859.9,10859.9,10560
2026-07-29 02:00:00+00:00,10860.0,10870.6,10857.0,10868.4,12488
2026-07-29 02:15:00+00:00,10868.3,10871.0,10865.3,10869.2,9624
2026-07-29 02:30:00+00:00,10869.0,10876.3,10868.3,10870.7,9044
2026-07-29 02:45:00+00:00,10870.7,10871.2,10864.5,10868.7,6952
2026-07-29 03:00:00+00:00,10868.6,10870.2,10853.2,10853.2,8356
2026-07-29 03:15:00+00:00,10853.3,10857.4,10847.7,10852.5,5736
2026-07-29 03:30:00+00:00,10852.3,10853.7,10845.9,10849.9,6340
2026-07-29 03:45:00+00:00,10849.8,10854.1,10841.0,10846.2,5288
2026-07-29 04:00:00+00:00,10846.3,10847.4,10839.9,10845.4,7700
2026-07-29 04:15:00+00:00,10845.4,10849.2,10842.4,10847.1,8380
2026-07-29 04:30:00+00:00,10847.1,10850.3,10832.5,10833.4,7772
2026-07-29 04:45:00+00:00,10833.6,10852.3,10830.4,10851.8,8112
2026-07-29 05:00:00+00:00,10852.2,10867.1,10841.5,10867.1,2856
2026-07-29 05:15:00+00:00,10867.4,10867.4,10857.7,10865.6,2660
2026-07-29 05:30:00+00:00,10865.9,10873.1,10864.1,10873.1,2532
2026-07-29 05:45:00+00:00,10873.4,10875.4,10865.7,10875.4,2748
2026-07-29 06:00:00+00:00,10875.1,10882.8,10866.7,10879.3,3184
2026-07-29 06:15:00+00:00,10880.3,10894.0,10880.3,10889.8,2280
2026-07-29 06:30:00+00:00,10890.0,10907.4,10890.0,10901.7,2696
2026-07-29 06:45:00+00:00,10901.5,10912.7,10895.8,10902.0,2644
2026-07-29 07:00:00+00:00,10901.7,10950.7,10901.5,10929.5,14944
2026-07-29 07:15:00+00:00,10930.0,10932.9,10919.8,10929.3,7652
2026-07-29 07:30:00+00:00,10929.8,10940.5,10916.7,10932.1,6156
2026-07-29 07:45:00+00:00,10931.6,10933.2,10919.3,10923.7,6108
2026-07-29 08:00:00+00:00,10923.4,10927.2,10901.5,10904.0,6896
2026-07-29 08:15:00+00:00,10903.7,10912.9,10886.2,10888.4,6700
2026-07-29 08:30:00+00:00,10888.7,10899.0,10879.0,10889.4,6488
2026-07-29 08:45:00+00:00,10889.6,10890.9,10877.5,10883.3,4976
2026-07-29 09:00:00+00:00,10883.8,10888.9,10875.3,10879.6,4752
2026-07-29 09:15:00+00:00,10880.1,10880.6,10864.3,10864.5,4052
2026-07-29 09:30:00+00:00,10864.8,10879.7,10864.0,10872.1,4236
2026-07-29 09:45:00+00:00,10872.3,10881.3,10869.8,10877.3,3860
2026-07-29 10:00:00+00:00,10877.1,10889.0,10872.2,10885.9,4404
2026-07-29 10:15:00+00:00,10886.4,10898.7,10885.9,10897.2,3568
2026-07-29 10:30:00+00:00,10897.5,10903.8,10890.1,10902.9,4152
2026-07-29 10:45:00+00:00,10903.2,10904.4,10887.5,10891.5,4032
2026-07-29 11:00:00+00:00,10891.7,10901.8,10887.8,10896.8,3836
2026-07-29 11:15:00+00:00,10896.5,10907.6,10890.7,10904.9,3284
2026-07-29 11:30:00+00:00,10905.1,10908.6,10892.5,10897.4,3420
2026-07-29 11:45:00+00:00,10897.9,10903.6,10895.1,10902.0,3132
2026-07-29 12:00:00+00:00,10902.5,10909.3,10897.4,10900.4,3676
2026-07-29 12:15:00+00:00,10900.1,10900.8,10872.4,10887.5,10560
2026-07-29 12:30:00+00:00,10887.0,10905.5,10882.5,10898.4,5484
2026-07-29 12:45:00+00:00,10898.9,10906.6,10888.4,10905.2,4280
2026-07-29 13:00:00+00:00,10905.4,10908.3,10896.4,10898.4,4648
2026-07-29 13:15:00+00:00,10898.2,10907.5,10895.4,10906.2,4764
2026-07-29 13:30:00+00:00,10906.5,10913.6,10897.3,10899.5,10252
2026-07-29 13:45:00+00:00,10899.7,10913.2,10890.1,10900.6,8588
2026-07-29 14:00:00+00:00,10900.8,10905.1,10886.2,10891.6,8212
2026-07-29 14:15:00+00:00,10892.1,10910.2,10891.1,10899.6,7644
2026-07-29 14:30:00+00:00,10899.9,10901.1,10873.6,10877.8,6600
2026-07-29 14:45:00+00:00,10878.3,10886.9,10874.5,10879.5,6316
2026-07-29 15:00:00+00:00,10879.7,10907.8,10875.8,10902.6,6144
2026-07-29 15:15:00+00:00,10902.4,10908.7,10893.0,10897.3,6924
2026-07-29 15:30:00+00:00,10897.8,10914.9,10887.1,10890.0,6204
2026-07-29 15:45:00+00:00,10890.3,10905.0,10887.6,10897.9,3516
2026-07-29 16:00:00+00:00,10898.7,10903.4,10875.8,10876.5,3008
2026-07-29 16:15:00+00:00,10876.0,10882.0,10873.1,10881.5,3268
2026-07-29 16:30:00+00:00,10881.3,10885.5,10877.3,10881.5,2504
2026-07-29 16:45:00+00:00,10881.3,10884.5,10878.3,10882.8,2516
2026-07-29 17:00:00+00:00,10883.0,10892.0,10881.1,10890.5,2392
2026-07-29 17:15:00+00:00,10890.3,10895.7,10886.5,10888.0,2120
2026-07-29 17:30:00+00:00,10887.8,10888.3,10878.1,10879.4,2488
2026-07-29 17:45:00+00:00,10879.1,10887.3,10876.6,10882.4,2144
2026-07-29 18:00:00+00:00,10889.1,10899.2,10881.9,10886.3,8876
2026-07-29 18:15:00+00:00,10886.6,10892.1,10878.2,10888.1,4852
2026-07-29 18:30:00+00:00,10888.3,10918.4,10879.9,10916.2,10868
2026-07-29 18:45:00+00:00,10916.4,10926.6,10914.5,10918.9,7808
2026-07-29 19:00:00+00:00,10918.7,10922.2,10880.2,10886.2,8764
2026-07-29 19:15:00+00:00,10886.0,10893.9,10853.9,10860.1,10016
2026-07-29 19:30:00+00:00,10859.9,10866.1,10825.4,10829.6,10428
2026-07-29 19:45:00+00:00,10830.1,10834.8,10823.6,10834.1,7040
2026-07-29 20:00:00+00:00,10834.1,10840.7,10810.7,10825.5,12376
2026-07-29 20:30:00+00:00,10820.5,10836.0,10814.0,10830.9,5832
2026-07-29 20:45:00+00:00,10830.8,10833.5,10824.2,10827.1,4448
2026-07-29 22:00:00+00:00,10839.7,10861.5,10839.7,10856.3,3940
2026-07-29 22:15:00+00:00,10856.5,10863.6,10851.1,10855.8,4484
2026-07-29 22:30:00+00:00,10855.7,10857.9,10852.1,10857.1,3028
2026-07-29 22:45:00+00:00,10857.2,10860.3,10851.9,10854.4,2684
2026-07-29 23:00:00+00:00,10854.6,10864.6,10854.1,10858.0,3324
2026-07-29 23:15:00+00:00,10858.5,10864.2,10856.9,10860.6,2716
2026-07-29 23:30:00+00:00,10860.7,10865.4,10857.8,10860.4,2512
2026-07-29 23:45:00+00:00,10860.1,10865.0,10857.4,10858.0,5964
2026-07-30 00:00:00+00:00,10855.7,10867.9,10848.0,10863.9,10496
2026-07-30 00:15:00+00:00,10863.9,10865.9,10854.6,10859.0,11512
2026-07-30 00:30:00+00:00,10859.2,10859.8,10833.4,10835.2,9268
2026-07-30 00:45:00+00:00,10835.4,10843.9,10835.3,10840.3,10444
2026-07-30 01:00:00+00:00,10840.4,10859.2,10839.1,10844.9,11012
2026-07-30 01:15:00+00:00,10844.8,10857.4,10844.7,10855.5,9576
2026-07-30 01:30:00+00:00,10855.4,10866.8,10854.6,10864.1,6512
2026-07-30 01:45:00+00:00,10864.1,10866.2,10857.2,10857.4,5852
2026-07-30 02:00:00+00:00,10857.5,10863.2,10848.2,10848.4,6344
2026-07-30 02:15:00+00:00,10848.3,10849.7,10842.4,10844.9,6280
2026-07-30 02:30:00+00:00,10844.8,10845.3,10837.5,10842.6,6256
2026-07-30 02:45:00+00:00,10842.4,10846.1,10833.6,10833.8,6184
2026-07-30 03:00:00+00:00,10833.9,10838.6,10823.1,10825.7,6692
2026-07-30 03:15:00+00:00,10825.9,10827.3,10819.5,10820.7,6932
2026-07-30 03:30:00+00:00,10820.5,10829.5,10815.5,10820.3,9504
2026-07-30 03:45:00+00:00,10820.0,10828.7,10818.8,10824.0,7696
2026-07-30 04:00:00+00:00,10824.1,10825.0,10814.7,10814.9,7260
2026-07-30 04:15:00+00:00,10815.0,10823.8,10812.8,10822.1,7308
2026-07-30 04:30:00+00:00,10822.1,10823.6,10810.5,10812.1,7240
2026-07-30 04:45:00+00:00,10811.9,10820.5,10808.8,10809.9,7632
2026-07-30 05:00:00+00:00,10809.8,10809.8,10794.5,10800.5,2864
2026-07-30 05:15:00+00:00,10800.0,10810.0,10800.0,10806.8,3268
2026-07-30 05:30:00+00:00,10807.3,10818.8,10806.5,10818.0,3076
2026-07-30 05:45:00+00:00,10818.3,10826.5,10809.0,10818.0,2816
2026-07-30 06:00:00+00:00,10817.3,10845.0,10811.0,10841.0,3812
2026-07-30 06:15:00+00:00,10841.3,10859.8,10832.3,10853.5,3096
2026-07-30 06:30:00+00:00,10853.0,10857.0,10841.0,10841.0,2992
2026-07-30 06:45:00+00:00,10840.8,10886.3,10840.0,10879.8,3240
2026-07-30 07:00:00+00:00,10880.0,10912.3,10848.5,10912.0,15896
2026-07-30 07:15:00+00:00,10912.3,10934.3,10898.3,10934.0,9852
2026-07-30 07:30:00+00:00,10935.3,10935.3,10898.5,10932.5,8592
2026-07-30 07:45:00+00:00,10933.0,10956.0,10929.5,10943.3,6092
2026-07-30 08:00:00+00:00,10944.5,10980.5,10933.0,10967.8,7480
2026-07-30 08:15:00+00:00,10967.6,10978.5,10953.8,10972.3,7784
2026-07-30 08:30:00+00:00,10971.8,10973.3,10941.9,10945.2,6412
2026-07-30 08:45:00+00:00,10944.9,10958.5,10934.9,10947.6,5868
2026-07-30 09:00:00+00:00,10948.3,10975.6,10942.4,10971.9,6348
2026-07-30 09:15:00+00:00,10971.4,10981.4,10965.8,10969.4,5152
2026-07-30 09:30:00+00:00,10969.9,10970.9,10948.7,10954.1,5524
2026-07-30 09:45:00+00:00,10954.4,10961.5,10932.5,10933.0,5448
2026-07-30 10:00:00+00:00,10933.2,10940.9,10911.0,10917.0,5964
2026-07-30 10:15:00+00:00,10916.7,10935.8,10916.2,10929.4,6804
2026-07-30 10:30:00+00:00,10928.6,10930.1,10908.8,10910.2,6532
2026-07-30 10:45:00+00:00,10910.0,10921.1,10906.9,10914.4,5420
2026-07-30 11:00:00+00:00,10914.9,10935.4,10902.2,10928.9,5856
2026-07-30 11:15:00+00:00,10928.4,10956.3,10927.5,10954.3,4832
2026-07-30 11:30:00+00:00,10954.0,10961.1,10937.3,10944.8,4760
2026-07-30 11:45:00+00:00,10945.1,10954.2,10939.4,10946.4,3668
2026-07-30 12:00:00+00:00,10946.9,10953.0,10936.7,10947.2,4408
2026-07-30 12:15:00+00:00,10947.5,10962.5,10946.6,10957.6,3904
2026-07-30 12:30:00+00:00,10959.1,10960.9,10935.6,10951.4,6908
2026-07-30 12:45:00+00:00,10951.7,10957.7,10944.8,10954.3,5692
2026-07-30 13:00:00+00:00,10954.8,10977.8,10953.8,10965.0,6372
2026-07-30 13:15:00+00:00,10964.7,10973.7,10956.3,10970.3,6140
2026-07-30 13:30:00+00:00,10970.0,10971.3,10927.2,10928.7,13016
2026-07-30 13:45:00+00:00,10928.9,10956.7,10928.7,10947.1,8792
2026-07-30 14:00:00+00:00,10947.4,10948.2,10926.3,10930.2,8960
2026-07-30 14:15:00+00:00,10930.5,10936.8,10922.7,10933.1,6968
2026-07-30 14:30:00+00:00,10933.3,10940.1,10930.7,10935.5,6236
2026-07-30 14:45:00+00:00,10936.0,10939.5,10916.4,10927.7,6224
2026-07-30 15:00:00+00:00,10928.2,10929.2,10901.7,10901.7,6832
2026-07-30 15:15:00+00:00,10902.0,10907.3,10886.3,10886.7,7192
2026-07-30 15:30:00+00:00,10886.9,10918.8,10883.9,10916.3,7708
2026-07-30 15:45:00+00:00,10916.8,10922.3,10913.4,10919.1,3280
2026-07-30 16:00:00+00:00,10919.3,10919.5,10912.1,10918.3,2176
2026-07-30 16:15:00+00:00,10917.5,10920.8,10913.6,10919.0,1840
2026-07-30 16:30:00+00:00,10918.8,10929.2,10916.1,10920.8,2192
2026-07-30 16:45:00+00:00,10920.6,10926.3,10920.6,10922.8,1476
2026-07-30 17:00:00+00:00,10924.0,10936.5,10923.5,10926.0,2204
2026-07-30 17:15:00+00:00,10926.3,10929.0,10920.6,10923.1,1392
2026-07-30 17:30:00+00:00,10923.3,10926.3,10916.9,10922.1,2164
2026-07-30 17:45:00+00:00,10922.6,10925.3,10914.2,10914.2,1128
2026-07-30 18:00:00+00:00,10914.4,10921.9,10912.4,10913.4,1640
2026-07-30 18:15:00+00:00,10913.7,10921.4,10911.2,10921.1,1560
2026-07-30 18:30:00+00:00,10920.6,10922.2,10915.9,10921.7,996
2026-07-30 18:45:00+00:00,10922.2,10924.7,10918.9,10924.2,876
2026-07-30 19:00:00+00:00,10924.4,10936.1,10924.4,10934.1,1068
2026-07-30 19:15:00+00:00,10934.4,10937.1,10931.9,10935.1,1132
2026-07-30 19:30:00+00:00,10935.4,10939.8,10933.6,10935.4,1636
2026-07-30 19:45:00+00:00,10935.1,10947.8,10931.9,10939.1,2152
2026-07-30 20:00:00+00:00,10939.1,10959.5,10938.3,10946.5,7492
2026-07-30 20:30:00+00:00,10951.8,10956.9,10938.5,10944.5,5852
2026-07-30 20:45:00+00:00,10944.6,10945.4,10936.0,10940.5,3188
2026-07-30 22:00:00+00:00,10944.8,10946.3,10940.8,10942.5,1824
2026-07-30 22:15:00+00:00,10942.3,10946.8,10939.2,10941.1,2504
2026-07-30 22:30:00+00:00,10941.0,10947.6,10938.7,10947.6,2476
2026-07-30 22:45:00+00:00,10947.9,10950.7,10947.1,10949.9,1360
2026-07-30 23:00:00+00:00,10950.0,10954.8,10947.6,10948.1,1988
2026-07-30 23:15:00+00:00,10948.4,10949.2,10945.6,10947.9,1524
2026-07-30 23:30:00+00:00,10948.0,10953.3,10947.1,10953.0,1984
2026-07-30 23:45:00+00:00,10952.8,10957.1,10946.5,10948.5,2892
2026-07-31 00:00:00+00:00,10947.9,10948.7,10936.4,10939.5,6064
2026-07-31 00:15:00+00:00,10939.7,10942.2,10933.0,10937.7,5504
2026-07-31 00:30:00+00:00,10937.6,10940.9,10924.7,10927.8,4096
2026-07-31 00:45:00+00:00,10927.9,10928.2,10921.9,10927.7,3436
2026-07-31 01:00:00+00:00,10927.7,10931.3,10924.6,10925.3,3724
2026-07-31 01:15:00+00:00,10925.1,10928.0,10920.3,10921.6,2904
2026-07-31 01:30:00+00:00,10921.5,10921.6,10915.0,10920.1,4708
2026-07-31 01:45:00+00:00,10920.1,10923.4,10918.6,10921.5,3636
2026-07-31 02:00:00+00:00,10921.5,10926.6,10918.8,10919.3,4064
2026-07-31 02:15:00+00:00,10919.2,10922.4,10915.2,10921.0,3180
2026-07-31 02:30:00+00:00,10920.8,10925.7,10920.0,10925.3,2804
2026-07-31 02:45:00+00:00,10925.4,10934.3,10925.4,10934.1,2984
2026-07-31 03:00:00+00:00,10934.0,10936.6,10928.3,10931.4,3772
2026-07-31 03:15:00+00:00,10931.0,10939.4,10930.6,10938.9,3768
2026-07-31 03:30:00+00:00,10939.2,10944.4,10934.2,10936.6,4320
2026-07-31 03:45:00+00:00,10936.5,10939.4,10932.1,10938.3,4360
2026-07-31 04:00:00+00:00,10938.5,10939.1,10933.6,10936.6,3560
2026-07-31 04:15:00+00:00,10936.4,10941.3,10934.4,10941.0,2404
2026-07-31 04:30:00+00:00,10941.1,10949.8,10940.0,10949.7,2172
2026-07-31 04:45:00+00:00,10949.8,10954.5,10948.8,10953.9,1928
2026-07-31 05:00:00+00:00,10944.3,10944.7,10937.5,10941.7,740
2026-07-31 05:15:00+00:00,10942.0,10942.5,10937.2,10939.0,684
2026-07-31 05:30:00+00:00,10939.2,10942.0,10935.5,10940.2,1612
2026-07-31 05:45:00+00:00,10940.0,10947.5,10940.0,10946.0,780
2026-07-31 06:00:00+00:00,10946.2,10946.7,10929.6,10931.3,1264
2026-07-31 06:15:00+00:00,10930.8,10933.3,10924.4,10925.9,1052
2026-07-31 06:30:00+00:00,10926.4,10928.8,10903.5,10907.0,2100
2026-07-31 06:45:00+00:00,10905.5,10919.9,10893.8,10893.8,2556
2026-07-31 07:00:00+00:00,10894.3,10959.6,10878.1,10958.7,13384
2026-07-31 07:15:00+00:00,10959.4,10981.9,10955.5,10976.3,7484
2026-07-31 07:30:00+00:00,10976.5,10985.8,10971.3,10982.7,5380
2026-07-31 07:45:00+00:00,10983.0,10988.4,10973.3,10983.7,4172
2026-07-31 08:00:00+00:00,10983.2,10989.0,10964.8,10970.4,6452
2026-07-31 08:15:00+00:00,10969.7,10985.4,10969.4,10973.1,5032
2026-07-31 08:30:00+00:00,10972.9,10977.7,10962.0,10971.4,4948
2026-07-31 08:45:00+00:00,10971.7,10991.1,10966.7,10985.9,3704
2026-07-31 09:00:00+00:00,10986.1,10988.1,10965.1,10980.1,4348
2026-07-31 09:15:00+00:00,10979.9,10981.8,10967.5,10969.5,3292
2026-07-31 09:30:00+00:00,10969.3,10971.7,10949.6,10957.9,4228
2026-07-31 09:45:00+00:00,10957.7,10963.5,10948.8,10949.9,3828
2026-07-31 10:00:00+00:00,10949.4,10957.8,10940.1,10955.6,3916
2026-07-31 10:15:00+00:00,10955.3,10961.0,10951.0,10953.2,3176
2026-07-31 10:30:00+00:00,10953.0,10955.4,10945.7,10947.5,3416
2026-07-31 10:45:00+00:00,10947.2,10949.2,10931.8,10932.3,2912
2026-07-31 11:00:00+00:00,10932.6,10938.4,10917.4,10921.5,3704
2026-07-31 11:15:00+00:00,10921.5,10935.1,10914.6,10921.7,5052
2026-07-31 11:30:00+00:00,10921.2,10923.0,10912.2,10917.8,3884
2026-07-31 11:45:00+00:00,10917.3,10921.7,10912.2,10917.7,3144
2026-07-31 12:00:00+00:00,10917.9,10924.6,10910.4,10916.1,3724
2026-07-31 12:15:00+00:00,10915.9,10924.3,10912.7,10916.3,3460
2026-07-31 12:30:00+00:00,10916.5,10924.1,10906.3,10914.4,4008
2026-07-31 12:45:00+00:00,10915.2,10916.6,10903.9,10906.6,3844
2026-07-31 13:00:00+00:00,10906.9,10916.2,10900.5,10906.7,3580
2026-07-31 13:15:00+00:00,10906.9,10915.4,10901.1,10902.4,4128
2026-07-31 13:30:00+00:00,10902.6,10906.4,10881.4,10889.1,8512
2026-07-31 13:45:00+00:00,10889.4,10889.4,10862.3,10862.8,8100
2026-07-31 14:00:00+00:00,10863.1,10869.2,10837.4,10838.1,9272
2026-07-31 14:15:00+00:00,10837.9,10869.0,10829.8,10868.5,8896
2026-07-31 14:30:00+00:00,10868.8,10876.1,10860.8,10875.9,5912
2026-07-31 14:45:00+00:00,10876.1,10888.0,10871.8,10887.7,5796
2026-07-31 15:00:00+00:00,10888.0,10891.6,10876.6,10889.3,5624
2026-07-31 15:15:00+00:00,10889.1,10891.6,10865.4,10877.2,8492
2026-07-31 15:30:00+00:00,10876.7,10887.4,10856.3,10878.4,8612
2026-07-31 15:45:00+00:00,10878.7,10883.2,10871.5,10881.7,3392
2026-07-31 16:00:00+00:00,10882.0,10883.7,10866.3,10874.8,3024
2026-07-31 16:15:00+00:00,10875.3,10882.8,10869.8,10880.3,2280
2026-07-31 16:30:00+00:00,10880.0,10885.2,10879.3,10879.3,1824
2026-07-31 16:45:00+00:00,10879.8,10881.8,10875.8,10877.3,1348
2026-07-31 17:00:00+00:00,10877.8,10883.0,10873.1,10882.3,1452
2026-07-31 17:15:00+00:00,10881.3,10888.8,10878.3,10887.8,1752
2026-07-31 17:30:00+00:00,10887.5,10887.5,10877.6,10880.3,1348
2026-07-31 17:45:00+00:00,10879.6,10883.8,10872.9,10874.6,1616
2026-07-31 18:00:00+00:00,10874.9,10880.4,10872.9,10878.4,1724
2026-07-31 18:15:00+00:00,10878.1,10885.8,10877.4,10883.6,808
2026-07-31 18:30:00+00:00,10883.4,10884.9,10877.9,10878.9,1068
2026-07-31 18:45:00+00:00,10879.1,10879.4,10869.5,10871.0,944
2026-07-31 19:00:00+00:00,10871.2,10880.1,10865.5,10879.6,1240
2026-07-31 19:15:00+00:00,10880.1,10887.3,10875.9,10885.1,1156
2026-07-31 19:30:00+00:00,10885.3,10890.6,10880.4,10890.6,2160
2026-07-31 19:45:00+00:00,10890.1,10890.1,10867.5,10872.2,4164
2026-08-02 22:00:00+00:00,10906.1,10914.2,10905.2,10912.0,2588
2026-08-02 22:15:00+00:00,10912.1,10913.0,10905.7,10906.8,3424
2026-08-02 22:30:00+00:00,10907.0,10908.2,10903.2,10903.2,1772
2026-08-02 22:45:00+00:00,10902.9,10904.5,10898.5,10899.8,1612
2026-08-02 23:00:00+00:00,10899.7,10904.1,10897.6,10899.1,2056
2026-08-02 23:15:00+00:00,10899.4,10904.4,10899.4,10903.3,1340
2026-08-02 23:30:00+00:00,10903.4,10906.0,10902.7,10904.8,1516
2026-08-02 23:45:00+00:00,10905.0,10909.6,10901.4,10905.8,4200
2026-08-03 00:00:00+00:00,10892.3,10908.6,10880.5,10897.8,6968
2026-08-03 00:15:00+00:00,10897.5,10912.1,10896.5,10897.0,4668
2026-08-03 00:30:00+00:00,10896.9,10910.3,10896.7,10908.3,5620
2026-08-03 00:45:00+00:00,10908.3,10915.2,10905.4,10913.1,4460
2026-08-03 01:00:00+00:00,10913.5,10913.5,10900.9,10902.3,4760
2026-08-03 01:15:00+00:00,10902.4,10910.3,10900.0,10909.5,3680
2026-08-03 01:30:00+00:00,10909.4,10912.8,10908.5,10912.8,3612
2026-08-03 01:45:00+00:00,10912.9,10917.2,10912.8,10916.6,2764
2026-08-03 02:00:00+00:00,10916.5,10917.0,10907.8,10908.9,1752
2026-08-03 02:15:00+00:00,10908.7,10911.8,10905.8,10907.5,1976
2026-08-03 02:30:00+00:00,10907.6,10909.0,10905.4,10906.5,2320
2026-08-03 02:45:00+00:00,10906.6,10909.6,10906.4,10908.8,1788
2026-08-03 03:00:00+00:00,10909.1,10912.0,10908.9,10911.4,1852
2026-08-03 03:15:00+00:00,10911.2,10912.4,10909.2,10910.0,1200
2026-08-03 03:30:00+00:00,10910.6,10914.1,10909.2,10914.0,1928
2026-08-03 03:45:00+00:00,10914.1,10923.8,10913.6,10916.3,1896
2026-08-03 04:00:00+00:00,10916.3,10917.6,10915.4,10916.2,1488
2026-08-03 04:15:00+00:00,10916.3,10920.9,10915.8,10920.9,724
2026-08-03 04:30:00+00:00,10920.9,10921.0,10917.1,10920.4,892
2026-08-03 04:45:00+00:00,10920.5,10924.1,10916.1,10916.9,1084
2026-08-03 05:00:00+00:00,10913.0,10916.0,10911.5,10914.3,476
2026-08-03 05:15:00+00:00,10913.8,10914.8,10909.5,10911.8,556
2026-08-03 05:30:00+00:00,10911.5,10912.5,10906.8,10907.3,584
2026-08-03 05:45:00+00:00,10907.8,10910.3,10901.5,10902.0,556
2026-08-03 06:00:00+00:00,10901.5,10904.5,10894.0,10895.0,1032
2026-08-03 06:15:00+00:00,10895.5,10896.3,10889.8,10893.0,1056
2026-08-03 06:30:00+00:00,10893.3,10906.3,10892.3,10903.0,1340
2026-08-03 06:45:00+00:00,10902.8,10905.3,10862.5,10866.5,1704
2026-08-03 07:00:00+00:00,10868.3,10881.8,10838.3,10860.5,14472
2026-08-03 07:15:00+00:00,10860.8,10880.5,10856.8,10865.6,7504
2026-08-03 07:30:00+00:00,10866.1,10880.0,10859.7,10861.2,5936
2026-08-03 07:45:00+00:00,10861.2,10882.3,10859.6,10880.7,4760
2026-08-03 08:00:00+00:00,10882.2,10886.7,10871.7,10881.9,5556
2026-08-03 08:15:00+00:00,10881.4,10881.6,10854.4,10860.3,5484
2026-08-03 08:30:00+00:00,10859.8,10870.3,10851.7,10866.8,4732
2026-08-03 08:45:00+00:00,10866.5,10871.2,10860.4,10864.4,3928
2026-08-03 09:00:00+00:00,10864.7,10870.0,10858.3,10861.1,3588
2026-08-03 09:15:00+00:00,10861.9,10867.0,10855.4,10857.9,3460
2026-08-03 09:30:00+00:00,10856.9,10870.3,10855.4,10863.7,3412
2026-08-03 09:45:00+00:00,10864.2,10875.2,10859.4,10859.4,3152
2026-08-03 10:00:00+00:00,10858.9,10865.2,10852.7,10862.4,3496
2026-08-03 10:15:00+00:00,10862.9,10867.6,10858.4,10867.4,3100
2026-08-03 10:30:00+00:00,10866.9,10870.3,10861.1,10864.1,3148
2026-08-03 10:45:00+00:00,10864.3,10868.8,10859.1,10867.1,2808
2026-08-03 11:00:00+00:00,10866.8,10872.6,10864.4,10870.1,3856
2026-08-03 11:15:00+00:00,10870.4,10891.2,10869.2,10890.7,2960
2026-08-03 11:30:00+00:00,10890.7,10901.2,10889.2,10899.4,3076
2026-08-03 11:45:00+00:00,10898.4,10901.4,10890.6,10894.2,2808
2026-08-03 12:00:00+00:00,10893.2,10893.5,10877.2,10881.5,3608
2026-08-03 12:15:00+00:00,10881.7,10882.9,10859.7,10859.7,3836
2026-08-03 12:30:00+00:00,10859.9,10863.2,10855.0,10860.7,3504
2026-08-03 12:45:00+00:00,10860.4,10870.1,10860.4,10869.4,4060
2026-08-03 13:00:00+00:00,10869.6,10876.0,10853.2,10856.7,4372
2026-08-03 13:15:00+00:00,10857.2,10866.4,10853.3,10857.2,4244
2026-08-03 13:30:00+00:00,10856.7,10865.7,10840.5,10852.1,10592
2026-08-03 13:45:00+00:00,10852.6,10862.3,10842.3,10848.2,6616
2026-08-03 14:00:00+00:00,10846.7,10869.6,10845.9,10869.1,7300
2026-08-03 14:15:00+00:00,10869.3,10870.5,10847.8,10851.8,6552
2026-08-03 14:30:00+00:00,10851.5,10863.0,10839.7,10841.5,6496
2026-08-03 14:45:00+00:00,10841.2,10843.9,10832.3,10841.2,4776
2026-08-03 15:00:00+00:00,10841.4,10849.3,10833.8,10838.8,6224
2026-08-03 15:15:00+00:00,10839.0,10855.6,10834.9,10851.7,6808
2026-08-03 15:30:00+00:00,10851.9,10875.1,10847.2,10871.1,6196
2026-08-03 15:45:00+00:00,10871.4,10876.3,10859.9,10861.9,2140
2026-08-03 16:00:00+00:00,10861.6,10863.1,10852.7,10854.3,1908
2026-08-03 16:15:00+00:00,10853.0,10854.5,10844.3,10847.1,1428
2026-08-03 16:30:00+00:00,10847.3,10847.3,10836.4,10845.8,1704
2026-08-03 16:45:00+00:00,10846.1,10847.3,10840.1,10846.6,1280
2026-08-03 17:00:00+00:00,10846.8,10846.8,10841.4,10846.6,1060
2026-08-03 17:15:00+00:00,10847.1,10848.6,10842.4,10846.9,952
2026-08-03 17:30:00+00:00,10846.4,10853.1,10844.9,10852.9,1140
2026-08-03 17:45:00+00:00,10853.1,10855.8,10851.1,10854.9,864
2026-08-03 18:00:00+00:00,10855.1,10867.3,10853.4,10866.6,1244
2026-08-03 18:15:00+00:00,10867.0,10873.0,10865.3,10866.1,1336
2026-08-03 18:30:00+00:00,10865.6,10867.6,10860.1,10862.6,1160
2026-08-03 18:45:00+00:00,10863.1,10863.6,10857.9,10859.1,1328
2026-08-03 19:00:00+00:00,10859.6,10867.7,10859.4,10865.7,1092
2026-08-03 19:15:00+00:00,10866.0,10868.0,10864.2,10864.7,812
2026-08-03 19:30:00+00:00,10865.0,10868.2,10862.8,10864.8,888
2026-08-03 19:45:00+00:00,10865.0,10874.2,10863.3,10872.0,1856
2026-08-03 20:00:00+00:00,10872.0,10875.4,10867.9,10874.6,1464
2026-08-03 20:30:00+00:00,10875.9,10879.1,10875.1,10877.9,584
2026-08-03 20:45:00+00:00,10878.1,10878.1,10873.1,10873.7,668
2026-08-03 22:00:00+00:00,10874.7,10878.0,10874.2,10875.0,1192
2026-08-03 22:15:00+00:00,10875.2,10877.6,10875.2,10876.4,1080
2026-08-03 22:30:00+00:00,10876.5,10879.2,10875.7,10878.6,1180
2026-08-03 22:45:00+00:00,10878.5,10878.6,10877.0,10877.9,1016
2026-08-03 23:00:00+00:00,10878.0,10878.3,10876.3,10877.0,680
2026-08-03 23:15:00+00:00,10877.1,10878.8,10876.8,10877.3,736
2026-08-03 23:30:00+00:00,10877.4,10878.8,10875.4,10875.6,948
2026-08-03 23:45:00+00:00,10875.7,10878.5,10875.3,10877.1,2276
2026-08-04 00:00:00+00:00,10879.1,10882.8,10870.2,10877.9,5280
2026-08-04 00:15:00+00:00,10877.9,10879.1,10872.1,10873.5,4244
2026-08-04 00:30:00+00:00,10873.5,10878.7,10872.8,10875.7,4452
2026-08-04 00:45:00+00:00,10875.8,10876.8,10866.2,10869.5,4432
2026-08-04 01:00:00+00:00,10870.0,10876.3,10866.6,10873.8,5760
2026-08-04 01:15:00+00:00,10873.6,10879.7,10873.4,10877.6,3640
2026-08-04 01:30:00+00:00,10877.6,10882.9,10875.4,10879.4,3740
2026-08-04 01:45:00+00:00,10879.0,10891.0,10877.2,10889.0,2960
2026-08-04 02:00:00+00:00,10889.4,10890.9,10877.5,10880.1,4672
2026-08-04 02:15:00+00:00,10880.2,10883.1,10879.3,10881.1,4644
2026-08-04 02:30:00+00:00,10881.3,10887.3,10881.3,10886.2,3924
2026-08-04 02:45:00+00:00,10886.8,10887.1,10882.1,10884.0,2884
2026-08-04 03:00:00+00:00,10883.7,10887.1,10881.0,10882.4,3476
2026-08-04 03:15:00+00:00,10882.4,10886.6,10882.1,10885.7,3436
2026-08-04 03:30:00+00:00,10885.7,10888.4,10881.5,10882.1,3676
2026-08-04 03:45:00+00:00,10882.9,10885.2,10881.6,10884.5,2912
2026-08-04 04:00:00+00:00,10884.7,10889.5,10884.3,10887.8,3228
2026-08-04 04:15:00+00:00,10887.8,10891.7,10887.7,10891.3,2128
2026-08-04 04:30:00+00:00,10891.4,10891.6,10884.1,10884.5,1928
2026-08-04 04:45:00+00:00,10884.1,10887.6,10882.0,10883.0,2404
2026-08-04 05:00:00+00:00,10883.6,10884.2,10873.0,10877.7,1448
2026-08-04 05:15:00+00:00,10877.5,10882.0,10876.0,10882.0,948
2026-08-04 05:30:00+00:00,10881.5,10885.7,10880.0,10883.0,1268
2026-08-04 05:45:00+00:00,10882.5,10884.5,10880.0,10883.0,1336
2026-08-04 06:00:00+00:00,10882.8,10897.2,10875.8,10897.2,1728
2026-08-04 06:15:00+00:00,10897.4,10898.2,10891.7,10894.2,1236
2026-08-04 06:30:00+00:00,10894.5,10894.5,10881.1,10883.1,1264
2026-08-04 06:45:00+00:00,10883.3,10889.3,10872.9,10883.8,1868
2026-08-04 07:00:00+00:00,10883.6,10918.0,10868.3,10917.0,13640
2026-08-04 07:15:00+00:00,10916.8,10931.6,10911.2,10917.1,6620
2026-08-04 07:30:00+00:00,10917.4,10921.0,10899.0,10900.6,5992
2026-08-04 07:45:00+00:00,10900.8,10911.8,10895.0,10908.5,5000
2026-08-04 08:00:00+00:00,10907.5,10907.8,10894.2,10896.5,5368
2026-08-04 08:15:00+00:00,10896.7,10908.7,10895.0,10903.4,4992
2026-08-04 08:30:00+00:00,10903.7,10903.7,10888.9,10891.0,4344
2026-08-04 08:45:00+00:00,10891.2,10893.0,10883.1,10888.9,3812
2026-08-04 09:00:00+00:00,10889.2,10891.7,10881.0,10886.2,4244
2026-08-04 09:15:00+00:00,10886.7,10890.0,10880.4,10884.1,3244
2026-08-04 09:30:00+00:00,10884.4,10898.1,10882.4,10893.7,2908
2026-08-04 09:45:00+00:00,10893.7,10894.8,10882.9,10887.3,2636
2026-08-04 10:00:00+00:00,10887.5,10890.0,10879.5,10883.3,2968
2026-08-04 10:15:00+00:00,10883.6,10885.8,10874.2,10884.1,3016
2026-08-04 10:30:00+00:00,10884.9,10893.9,10881.8,10890.8,4396
2026-08-04 10:45:00+00:00,10890.3,10905.1,10889.6,10894.2,6112
2026-08-04 11:00:00+00:00,10894.4,10901.0,10890.2,10895.0,3672
2026-08-04 11:15:00+00:00,10895.5,10903.3,10892.5,10902.3,3152
2026-08-04 11:30:00+00:00,10902.8,10917.4,10897.4,10916.4,4524
2026-08-04 11:45:00+00:00,10916.9,10921.7,10907.9,10912.3,6868
2026-08-04 12:00:00+00:00,10912.1,10915.0,10902.3,10905.2,4432
2026-08-04 12:15:00+00:00,10905.4,10906.2,10894.5,10897.0,3752
2026-08-04 12:30:00+00:00,10896.7,10899.0,10889.8,10891.0,3664
2026-08-04 12:45:00+00:00,10891.3,10899.4,10890.7,10891.5,3348
2026-08-04 13:00:00+00:00,10891.2,10895.0,10886.7,10894.4,3188
2026-08-04 13:15:00+00:00,10893.9,10916.0,10893.7,10906.9,5772
2026-08-04 13:30:00+00:00,10906.7,10906.7,10881.7,10887.7,10524
2026-08-04 13:45:00+00:00,10888.2,10897.3,10876.3,10891.7,6524
2026-08-04 14:00:00+00:00,10891.0,10899.0,10879.2,10885.6,6704
2026-08-04 14:15:00+00:00,10885.3,10898.6,10880.4,10881.7,5328
2026-08-04 14:30:00+00:00,10881.4,10907.6,10879.9,10896.5,6004
2026-08-04 14:45:00+00:00,10896.8,10905.7,10894.4,10903.0,5236
2026-08-04 15:00:00+00:00,10903.2,10903.7,10887.0,10889.2,4912
2026-08-04 15:15:00+00:00,10889.4,10895.6,10884.7,10891.9,4764
2026-08-04 15:30:00+00:00,10890.9,10897.2,10879.0,10895.5,7408
2026-08-04 15:45:00+00:00,10894.5,10897.0,10888.6,10891.3,2376
2026-08-04 16:00:00+00:00,10891.0,10901.2,10890.5,10897.8,1936
2026-08-04 16:15:00+00:00,10897.3,10911.0,10897.3,10908.7,1620
2026-08-04 16:30:00+00:00,10908.2,10912.7,10906.7,10909.5,1480
2026-08-04 16:45:00+00:00,10909.2,10911.5,10905.0,10911.5,1684
2026-08-04 17:00:00+00:00,10911.2,10911.2,10902.5,10907.0,1660
2026-08-04 17:15:00+00:00,10907.3,10911.8,10904.8,10908.5,1236
2026-08-04 17:30:00+00:00,10908.3,10910.5,10905.8,10908.5,860
2026-08-04 17:45:00+00:00,10908.8,10912.3,10901.1,10904.6,1288
2026-08-04 18:00:00+00:00,10904.3,10916.0,10903.1,10914.5,1696
2026-08-04 18:15:00+00:00,10914.8,10915.5,10910.8,10913.1,1304
2026-08-04 18:30:00+00:00,10913.3,10913.3,10908.6,10910.6,1144
2026-08-04 18:45:00+00:00,10910.8,10912.1,10907.4,10909.6,1044
2026-08-04 19:00:00+00:00,10909.4,10915.6,10907.9,10908.1,1488
2026-08-04 19:15:00+00:00,10908.4,10915.6,10908.4,10911.4,1148
2026-08-04 19:30:00+00:00,10911.1,10911.9,10902.7,10907.2,1608
2026-08-04 19:45:00+00:00,10905.7,10905.7,10895.3,10896.5,2928
2026-08-04 20:00:00+00:00,10896.5,10915.2,10896.5,10906.9,5016
2026-08-04 20:30:00+00:00,10898.7,10904.8,10897.6,10903.1,3928
2026-08-04 20:45:00+00:00,10902.9,10907.7,10902.3,10907.0,2896
2026-08-04 22:00:00+00:00,10906.1,10910.7,10906.1,10910.6,1524
2026-08-04 22:15:00+00:00,10910.4,10913.7,10909.8,10912.5,1568
2026-08-04 22:30:00+00:00,10912.6,10915.4,10910.2,10910.5,1604
2026-08-04 22:45:00+00:00,10910.9,10913.2,10910.0,10913.1,1404
2026-08-04 23:00:00+00:00,10913.7,10915.2,10911.0,10914.7,1256
2026-08-04 23:15:00+00:00,10915.0,10915.4,10912.0,10912.3,600
2026-08-04 23:30:00+00:00,10912.5,10913.0,10908.9,10912.2,1616
2026-08-04 23:45:00+00:00,10912.3,10913.9,10909.6,10911.7,2776
2026-08-05 00:00:00+00:00,10909.1,10919.0,10908.4,10915.2,4900
2026-08-05 00:15:00+00:00,10915.2,10920.1,10913.9,10915.5,3596
2026-08-05 00:30:00+00:00,10915.5,10916.8,10909.7,10909.7,2832
2026-08-05 00:45:00+00:00,10909.7,10912.1,10907.4,10911.8,3672
2026-08-05 01:00:00+00:00,10911.6,10911.6,10902.8,10905.2,3728
2026-08-05 01:15:00+00:00,10905.3,10913.8,10902.9,10912.6,3252
2026-08-05 01:30:00+00:00,10912.8,10917.7,10911.9,10915.6,2920
2026-08-05 01:45:00+00:00,10915.6,10923.5,10915.6,10923.2,2328
2026-08-05 02:00:00+00:00,10923.4,10929.9,10923.2,10926.0,3544
2026-08-05 02:15:00+00:00,10926.0,10928.9,10923.0,10924.8,2240
2026-08-05 02:30:00+00:00,10924.6,10926.1,10919.5,10924.2,2128
2026-08-05 02:45:00+00:00,10924.2,10925.6,10920.9,10921.0,1580
2026-08-05 03:00:00+00:00,10920.9,10926.0,10920.2,10925.1,1820
2026-08-05 03:15:00+00:00,10925.0,10928.0,10922.9,10923.7,1764
2026-08-05 03:30:00+00:00,10923.9,10928.2,10922.7,10928.0,1836
2026-08-05 03:45:00+00:00,10928.2,10931.5,10928.0,10931.4,1252
2026-08-05 04:00:00+00:00,10931.5,10934.3,10930.6,10930.6,1312
2026-08-05 04:15:00+00:00,10929.8,10931.3,10928.3,10930.0,1540
2026-08-05 04:30:00+00:00,10929.9,10933.3,10927.7,10928.9,1524
2026-08-05 04:45:00+00:00,10929.1,10929.8,10924.1,10924.8,1260
2026-08-05 05:00:00+00:00,10925.4,10925.6,10911.7,10919.5,828
2026-08-05 05:15:00+00:00,10919.7,10920.2,10913.7,10915.5,600
2026-08-05 05:30:00+00:00,10915.2,10923.2,10911.5,10919.5,1120
2026-08-05 05:45:00+00:00,10919.0,10920.2,10913.8,10919.2,792
2026-08-05 06:00:00+00:00,10920.2,10928.0,10919.2,10924.7,1424
2026-08-05 06:15:00+00:00,10924.2,10925.0,10918.8,10920.8,1244
2026-08-05 06:30:00+00:00,10921.0,10927.0,10919.5,10920.8,1220
2026-08-05 06:45:00+00:00,10921.3,10921.3,10907.9,10909.4,1620
2026-08-05 07:00:00+00:00,10909.6,10943.0,10908.9,10922.5,10656
2026-08-05 07:15:00+00:00,10923.0,10927.4,10911.9,10915.3,5636
2026-08-05 07:30:00+00:00,10915.8,10921.1,10910.9,10912.0,5280
2026-08-05 07:45:00+00:00,10911.7,10919.1,10904.6,10909.5,4428
2026-08-05 08:00:00+00:00,10910.0,10911.5,10891.6,10892.5,5448
2026-08-05 08:15:00+00:00,10892.0,10903.9,10886.0,10902.9,4288
2026-08-05 08:30:00+00:00,10902.6,10909.8,10893.3,10899.3,4396
2026-08-05 08:45:00+00:00,10899.1,10904.4,10890.9,10892.8,4028
2026-08-05 09:00:00+00:00,10892.6,10900.2,10888.6,10898.5,3832
2026-08-05 09:15:00+00:00,10899.0,10902.9,10891.2,10891.2,3280
2026-08-05 09:30:00+00:00,10890.9,10898.0,10889.6,10891.2,2816
2026-08-05 09:45:00+00:00,10891.7,10892.7,10885.5,10887.4,2440
2026-08-05 10:00:00+00:00,10887.6,10898.7,10885.9,10896.0,2832
2026-08-05 10:15:00+00:00,10896.2,10897.0,10886.5,10888.2,2272
2026-08-05 10:30:00+00:00,10888.0,10890.2,10863.6,10864.3,3456
2026-08-05 10:45:00+00:00,10864.8,10868.7,10840.7,10851.1,7620
2026-08-05 11:00:00+00:00,10852.3,10853.8,10837.6,10840.0,5644
2026-08-05 11:15:00+00:00,10839.8,10857.8,10839.0,10854.2,4088
2026-08-05 11:30:00+00:00,10853.9,10870.2,10853.9,10855.3,3824
2026-08-05 11:45:00+00:00,10854.8,10864.9,10851.0,10864.9,3084
2026-08-05 12:00:00+00:00,10865.1,10913.3,10865.1,10907.6,9588
2026-08-05 12:15:00+00:00,10907.8,10933.2,10906.3,10929.8,5316
2026-08-05 12:30:00+00:00,10930.1,10945.3,10926.1,10937.4,5324
2026-08-05 12:45:00+00:00,10937.1,10953.7,10934.9,10942.7,4120
2026-08-05 13:00:00+00:00,10944.0,10945.7,10923.5,10939.2,4892
2026-08-05 13:15:00+00:00,10939.7,10944.3,10928.5,10939.6,3868
2026-08-05 13:30:00+00:00,10937.6,10940.6,10913.2,10914.1,11212
2026-08-05 13:45:00+00:00,10914.4,10920.5,10897.2,10914.7,6804
2026-08-05 14:00:00+00:00,10908.5,10919.8,10906.8,10914.1,7876
2026-08-05 14:15:00+00:00,10913.9,10921.2,10906.1,10912.4,5868
2026-08-05 14:30:00+00:00,10912.2,10924.6,10909.9,10911.9,4996
2026-08-05 14:45:00+00:00,10912.1,10913.7,10902.0,10907.0,4544
2026-08-05 15:00:00+00:00,10907.3,10917.2,10902.3,10907.0,5588
2026-08-05 15:15:00+00:00,10907.3,10908.7,10891.5,10895.0,5336
2026-08-05 15:30:00+00:00,10896.5,10904.2,10887.1,10898.8,6200
2026-08-05 15:45:00+00:00,10898.5,10905.9,10888.5,10889.0,3368
2026-08-05 16:00:00+00:00,10888.8,10899.0,10888.0,10894.9,2844
2026-08-05 16:15:00+00:00,10894.7,10906.6,10894.2,10905.6,2104
2026-08-05 16:30:00+00:00,10905.4,10905.6,10900.7,10902.2,1676
2026-08-05 16:45:00+00:00,10901.7,10902.9,10897.7,10900.5,1648
2026-08-05 17:00:00+00:00,10900.2,10902.2,10895.5,10897.3,1704
2026-08-05 17:15:00+00:00,10896.8,10898.8,10892.8,10895.8,1396
2026-08-05 17:30:00+00:00,10895.6,10906.3,10894.3,10903.3,1376
2026-08-05 17:45:00+00:00,10903.0,10906.8,10902.0,10904.3,984
2026-08-05 18:00:00+00:00,10904.0,10907.3,10897.1,10897.8,1220
2026-08-05 18:15:00+00:00,10897.3,10900.8,10897.3,10898.9,888
2026-08-05 18:30:00+00:00,10899.1,10900.3,10893.6,10894.4,908
2026-08-05 18:45:00+00:00,10894.6,10899.4,10891.4,10891.9,932
2026-08-05 19:00:00+00:00,10891.4,10894.9,10888.9,10890.9,980
2026-08-05 19:15:00+00:00,10890.6,10891.2,10886.9,10891.2,876
2026-08-05 19:30:00+00:00,10890.9,10896.9,10887.9,10894.2,1220
2026-08-05 19:45:00+00:00,10894.4,10897.1,10880.7,10885.5,2096
2026-08-05 20:00:00+00:00,10885.7,10900.1,10885.2,10899.4,4664
2026-08-05 20:30:00+00:00,10897.1,10901.9,10896.5,10901.9,1008
2026-08-05 20:45:00+00:00,10901.8,10902.4,10899.0,10899.1,972
2026-08-05 22:00:00+00:00,10874.5,10875.1,10872.3,10873.4,1440
2026-08-05 22:15:00+00:00,10873.3,10882.6,10873.3,10882.1,2012
2026-08-05 22:30:00+00:00,10881.4,10885.8,10881.4,10883.9,1296
2026-08-05 22:45:00+00:00,10884.1,10885.8,10879.4,10879.5,1500
2026-08-05 23:00:00+00:00,10879.4,10881.6,10878.3,10881.4,952
2026-08-05 23:15:00+00:00,10881.2,10883.0,10880.1,10880.9,992
2026-08-05 23:30:00+00:00,10881.1,10882.1,10877.1,10878.4,2096
2026-08-05 23:45:00+00:00,10878.2,10878.7,10875.7,10876.7,2600
2026-08-06 00:00:00+00:00,10886.6,10891.1,10879.5,10884.0,4952
2026-08-06 00:15:00+00:00,10883.7,10883.8,10878.6,10879.4,4228
2026-08-06 00:30:00+00:00,10879.4,10884.2,10879.4,10883.7,5496
2026-08-06 00:45:00+00:00,10883.8,10884.0,10880.5,10881.9,3388
2026-08-06 01:00:00+00:00,10881.6,10883.7,10879.4,10883.3,3464
2026-08-06 01:15:00+00:00,10883.3,10883.3,10874.4,10877.9,2744
2026-08-06 01:30:00+00:00,10877.6,10877.7,10869.5,10870.1,3780
2026-08-06 01:45:00+00:00,10870.1,10873.3,10869.0,10872.1,3156
2026-08-06 02:00:00+00:00,10872.1,10880.8,10871.8,10878.0,3180
2026-08-06 02:15:00+00:00,10878.0,10878.8,10873.0,10873.4,3028
2026-08-06 02:30:00+00:00,10873.4,10882.3,10872.4,10882.3,2384
2026-08-06 02:45:00+00:00,10882.3,10884.7,10882.0,10884.7,2620
2026-08-06 03:00:00+00:00,10884.6,10887.9,10884.3,10887.5,2184
2026-08-06 03:15:00+00:00,10887.6,10888.7,10885.9,10887.9,1868
2026-08-06 03:30:00+00:00,10888.0,10889.6,10885.0,10887.2,3292
2026-08-06 03:45:00+00:00,10887.4,10889.0,10886.1,10887.3,3000
2026-08-06 04:00:00+00:00,10887.9,10889.5,10884.6,10884.6,2764
2026-08-06 04:15:00+00:00,10884.9,10885.8,10879.2,10883.4,2252
2026-08-06 04:30:00+00:00,10883.2,10884.7,10877.3,10880.0,2440
2026-08-06 04:45:00+00:00,10879.9,10884.5,10879.6,10883.9,2612
2026-08-06 05:00:00+00:00,10884.1,10884.8,10874.5,10876.3,1284
2026-08-06 05:15:00+00:00,10875.8,10878.5,10874.5,10876.8,724
2026-08-06 05:30:00+00:00,10877.0,10878.3,10873.0,10878.3,840
2026-08-06 05:45:00+00:00,10877.5,10886.5,10874.8,10886.3,800
2026-08-06 06:00:00+00:00,10886.0,10894.0,10882.5,10887.8,1424
2026-08-06 06:15:00+00:00,10887.5,10897.5,10879.5,10895.3,1284
2026-08-06 06:30:00+00:00,10895.5,10908.3,10890.0,10908.0,1516
2026-08-06 06:45:00+00:00,10907.8,10912.8,10891.5,10894.0,2280
2026-08-06 07:00:00+00:00,10893.5,10924.0,10891.5,10923.0,11480
2026-08-06 07:15:00+00:00,10922.5,10927.0,10911.5,10913.5,4920
2026-08-06 07:30:00+00:00,10913.8,10916.5,10900.0,10905.8,4572
2026-08-06 07:45:00+00:00,10905.5,10919.1,10897.4,10918.6,3920
2026-08-06 08:00:00+00:00,10918.9,10918.9,10898.9,10904.4,4788
2026-08-06 08:15:00+00:00,10904.7,10912.1,10893.3,10911.6,3920
2026-08-06 08:30:00+00:00,10911.8,10913.8,10900.5,10911.2,3464
2026-08-06 08:45:00+00:00,10910.7,10937.4,10910.2,10935.5,3808
2026-08-06 09:00:00+00:00,10935.2,10944.8,10918.3,10923.9,4380
2026-08-06 09:15:00+00:00,10923.7,10926.6,10917.2,10924.1,3144
2026-08-06 09:30:00+00:00,10924.6,10926.3,10916.9,10916.9,3012
2026-08-06 09:45:00+00:00,10917.4,10926.1,10913.1,10924.0,3000
2026-08-06 10:00:00+00:00,10923.5,10936.6,10921.5,10921.5,4416
2026-08-06 10:15:00+00:00,10921.3,10926.6,10913.6,10921.1,2704
2026-08-06 10:30:00+00:00,10920.8,10924.0,10910.3,10913.9,2448
2026-08-06 10:45:00+00:00,10914.2,10914.2,10903.3,10907.0,2496
2026-08-06 11:00:00+00:00,10907.5,10910.3,10892.7,10897.4,3756
2026-08-06 11:15:00+00:00,10897.4,10904.1,10894.8,10902.1,2796
2026-08-06 11:30:00+00:00,10902.1,10906.5,10893.3,10893.6,2764
2026-08-06 11:45:00+00:00,10893.3,10906.8,10892.6,10903.6,2916
2026-08-06 12:00:00+00:00,10903.3,10907.0,10893.8,10896.6,3032
2026-08-06 12:15:00+00:00,10896.3,10909.3,10894.0,10905.1,2404
2026-08-06 12:30:00+00:00,10904.6,10909.3,10900.6,10907.2,3500
2026-08-06 12:45:00+00:00,10906.7,10911.1,10901.5,10908.2,2780
2026-08-06 13:00:00+00:00,10909.0,10911.7,10899.8,10909.2,3728
2026-08-06 13:15:00+00:00,10909.0,10915.1,10903.6,10909.9,3356
2026-08-06 13:30:00+00:00,10910.4,10911.9,10876.5,10876.7,8404
2026-08-06 13:45:00+00:00,10877.2,10878.0,10865.1,10867.9,5800
2026-08-06 14:00:00+00:00,10867.4,10885.4,10864.9,10879.4,5464
2026-08-06 14:15:00+00:00,10879.2,10884.3,10873.2,10875.5,5300
2026-08-06 14:30:00+00:00,10875.3,10886.0,10872.3,10883.3,4176
2026-08-06 14:45:00+00:00,10883.5,10891.2,10879.5,10880.5,3852
2026-08-06 15:00:00+00:00,10880.0,10885.8,10876.9,10880.6,4104
2026-08-06 15:15:00+00:00,10880.1,10882.9,10869.7,10872.4,4640
2026-08-06 15:30:00+00:00,10872.9,10886.9,10868.2,10880.9,5152
2026-08-06 15:45:00+00:00,10880.6,10882.8,10865.3,10867.3,3216
2026-08-06 16:00:00+00:00,10867.6,10869.6,10851.3,10853.8,2576
2026-08-06 16:15:00+00:00,10854.3,10865.2,10851.8,10864.2,1684
2026-08-06 16:30:00+00:00,10864.5,10867.7,10860.5,10864.8,1468
2026-08-06 16:45:00+00:00,10865.3,10865.3,10859.3,10861.8,1004
2026-08-06 17:00:00+00:00,10862.3,10863.5,10855.3,10856.8,1340
2026-08-06 17:15:00+00:00,10856.3,10860.8,10851.6,10851.9,852
2026-08-06 17:30:00+00:00,10852.9,10858.3,10851.6,10854.4,1140
2026-08-06 17:45:00+00:00,10854.6,10857.1,10851.4,10855.6,924
2026-08-06 18:00:00+00:00,10856.1,10859.1,10852.4,10855.9,852
2026-08-06 18:15:00+00:00,10856.1,10864.1,10854.4,10862.4,860
2026-08-06 18:30:00+00:00,10861.9,10862.4,10858.4,10861.4,616
2026-08-06 18:45:00+00:00,10861.9,10864.1,10859.9,10863.1,672
2026-08-06 19:00:00+00:00,10862.9,10866.4,10862.4,10862.9,924
2026-08-06 19:15:00+00:00,10862.7,10863.9,10855.5,10857.5,1164
2026-08-06 19:30:00+00:00,10858.0,10860.5,10854.3,10855.3,916
2026-08-06 19:45:00+00:00,10855.0,10863.0,10852.5,10859.5,2584
2026-08-06 20:00:00+00:00,10859.5,10865.6,10859.5,10862.4,2252
2026-08-06 20:30:00+00:00,10855.1,10856.6,10852.7,10855.1,976
2026-08-06 20:45:00+00:00,10855.4,10857.1,10854.6,10856.1,868
2026-08-06 22:00:00+00:00,10858.6,10866.0,10858.6,10865.5,916
2026-08-06 22:15:00+00:00,10865.8,10867.7,10863.2,10863.8,1176
2026-08-06 22:30:00+00:00,10863.6,10864.3,10860.4,10864.1,1144
2026-08-06 22:45:00+00:00,10864.2,10866.8,10863.7,10866.6,900
2026-08-06 23:00:00+00:00,10866.5,10867.3,10865.2,10865.5,888
2026-08-06 23:15:00+00:00,10865.6,10869.3,10865.6,10866.9,1228
2026-08-06 23:30:00+00:00,10866.7,10868.6,10866.1,10867.8,1284
2026-08-06 23:45:00+00:00,10868.1,10869.1,10866.6,10867.6,2260
2026-08-07 00:00:00+00:00,10863.0,10863.0,10851.5,10855.5,5020
2026-08-07 00:15:00+00:00,10855.5,10856.7,10846.6,10853.7,6824
2026-08-07 00:30:00+00:00,10853.6,10859.4,10845.4,10850.5,6000
2026-08-07 00:45:00+00:00,10850.7,10856.7,10848.5,10855.6,6060
2026-08-07 01:00:00+00:00,10855.7,10860.6,10849.7,10850.2,6244
2026-08-07 01:15:00+00:00,10850.4,10852.1,10846.1,10851.5,5304
2026-08-07 01:30:00+00:00,10851.5,10854.4,10845.4,10847.6,7944
2026-08-07 01:45:00+00:00,10847.4,10849.7,10844.4,10847.5,6812
2026-08-07 02:00:00+00:00,10847.5,10848.4,10842.6,10845.9,5604
2026-08-07 02:15:00+00:00,10845.8,10849.0,10845.1,10846.8,4520
2026-08-07 02:30:00+00:00,10846.9,10849.5,10844.5,10849.3,4344
2026-08-07 02:45:00+00:00,10849.2,10855.1,10848.1,10852.0,2860
2026-08-07 03:00:00+00:00,10851.9,10854.7,10851.4,10851.7,2716
2026-08-07 03:15:00+00:00,10851.8,10854.0,10849.4,10852.6,2948
2026-08-07 03:30:00+00:00,10852.4,10854.0,10851.2,10852.3,4132
2026-08-07 03:45:00+00:00,10852.1,10854.4,10851.3,10854.0,3192
2026-08-07 04:00:00+00:00,10854.0,10854.0,10850.7,10851.5,2816
2026-08-07 04:15:00+00:00,10851.5,10857.2,10847.8,10852.4,4064
2026-08-07 04:30:00+00:00,10852.2,10855.6,10850.3,10851.3,4120
2026-08-07 04:45:00+00:00,10851.1,10855.5,10851.1,10853.5,2984
2026-08-07 05:00:00+00:00,10853.0,10858.0,10852.5,10857.5,1812
2026-08-07 05:15:00+00:00,10857.3,10860.3,10855.8,10858.8,1044
2026-08-07 05:30:00+00:00,10858.5,10861.8,10852.8,10861.8,1512
2026-08-07 05:45:00+00:00,10862.0,10862.0,10858.1,10859.8,976
2026-08-07 06:00:00+00:00,10860.1,10867.8,10857.3,10867.0,1636
2026-08-07 06:15:00+00:00,10866.8,10872.5,10865.1,10871.0,1376
2026-08-07 06:30:00+00:00,10871.3,10875.3,10868.0,10875.0,1480
2026-08-07 06:45:00+00:00,10874.8,10884.7,10872.1,10874.3,1920
2026-08-07 07:00:00+00:00,10874.8,10893.7,10868.7,10892.4,9488
2026-08-07 07:15:00+00:00,10892.2,10899.5,10885.0,10889.1,5084
2026-08-07 07:30:00+00:00,10889.6,10893.9,10884.0,10887.1,4932
2026-08-07 07:45:00+00:00,10886.6,10889.1,10877.4,10885.6,3860
2026-08-07 08:00:00+00:00,10886.1,10888.8,10874.8,10878.7,4040
2026-08-07 08:15:00+00:00,10878.7,10885.7,10874.4,10885.2,3784
2026-08-07 08:30:00+00:00,10885.5,10891.0,10883.5,10889.2,3264
2026-08-07 08:45:00+00:00,10889.0,10892.5,10885.7,10890.7,3220
2026-08-07 09:00:00+00:00,10890.9,10890.9,10880.9,10888.2,3160
2026-08-07 09:15:00+00:00,10888.4,10905.7,10887.9,10901.2,2952
2026-08-07 09:30:00+00:00,10900.7,10920.6,10899.0,10918.5,3640
2026-08-07 09:45:00+00:00,10918.7,10931.4,10916.5,10930.2,3976
2026-08-07 10:00:00+00:00,10930.4,10937.5,10927.7,10931.5,3296
2026-08-07 10:15:00+00:00,10932.0,10934.9,10923.0,10927.0,2232
2026-08-07 10:30:00+00:00,10927.2,10941.4,10925.5,10940.4,2448
2026-08-07 10:45:00+00:00,10939.9,10953.0,10939.4,10951.3,2240
2026-08-07 11:00:00+00:00,10951.6,10961.3,10944.3,10944.9,2788
2026-08-07 11:15:00+00:00,10944.6,10951.3,10941.7,10948.1,2020
2026-08-07 11:30:00+00:00,10948.4,10950.8,10945.0,10949.6,2052
2026-08-07 11:45:00+00:00,10949.6,10951.1,10946.2,10950.1,2040
2026-08-07 12:00:00+00:00,10949.8,10950.8,10939.8,10944.8,2672
2026-08-07 12:15:00+00:00,10944.3,10950.9,10940.6,10946.6,3208
2026-08-07 12:30:00+00:00,10946.3,10955.6,10929.7,10947.7,8180
2026-08-07 12:45:00+00:00,10947.5,10950.2,10935.8,10937.6,4336
2026-08-07 13:00:00+00:00,10937.8,10938.3,10929.4,10929.9,3876
2026-08-07 13:15:00+00:00,10929.7,10935.4,10924.9,10932.4,3536
2026-08-07 13:30:00+00:00,10932.1,10933.4,10909.3,10918.6,9004
2026-08-07 13:45:00+00:00,10918.8,10928.3,10910.9,10918.8,5552
2026-08-07 14:00:00+00:00,10920.0,10923.8,10905.8,10914.0,6444
2026-08-07 14:15:00+00:00,10913.8,10923.9,10912.8,10922.6,4668
2026-08-07 14:30:00+00:00,10923.1,10927.4,10918.0,10924.7,4112
2026-08-07 14:45:00+00:00,10924.2,10927.7,10916.4,10922.7,3384
2026-08-07 15:00:00+00:00,10922.5,10923.7,10910.6,10913.3,4060
2026-08-07 15:15:00+00:00,10912.8,10913.5,10907.0,10907.6,3796
2026-08-07 15:30:00+00:00,10908.1,10911.4,10895.5,10903.2,4784
2026-08-07 15:45:00+00:00,10902.9,10903.4,10889.4,10891.7,2124
2026-08-07 16:00:00+00:00,10891.9,10902.7,10890.7,10898.2,1744
2026-08-07 16:15:00+00:00,10897.2,10900.7,10889.3,10890.8,2668
2026-08-07 16:30:00+00:00,10891.0,10897.8,10886.8,10896.3,1948
2026-08-07 16:45:00+00:00,10896.5,10897.8,10891.3,10893.0,1508
2026-08-07 17:00:00+00:00,10892.8,10896.3,10891.1,10892.3,1284
2026-08-07 17:15:00+00:00,10892.1,10894.1,10891.6,10893.6,848
2026-08-07 17:30:00+00:00,10893.3,10895.3,10891.1,10894.1,972
2026-08-07 17:45:00+00:00,10894.3,10896.3,10893.3,10893.8,612
2026-08-07 18:00:00+00:00,10894.1,10894.1,10885.6,10886.4,988
2026-08-07 18:15:00+00:00,10886.1,10888.6,10883.7,10884.2,1128
2026-08-07 18:30:00+00:00,10883.9,10884.2,10879.4,10879.7,700
2026-08-07 18:45:00+00:00,10879.9,10886.2,10879.4,10885.2,952
2026-08-07 19:00:00+00:00,10885.7,10895.1,10884.9,10894.6,2296
2026-08-07 19:15:00+00:00,10894.8,10905.0,10894.8,10900.6,2348
2026-08-07 19:30:00+00:00,10900.3,10901.0,10896.3,10896.3,1936
2026-08-07 19:45:00+00:00,10896.8,10901.3,10890.6,10897.1,1784
2026-08-09 22:00:00+00:00,10889.7,10892.7,10886.4,10887.3,1976
2026-08-09 22:15:00+00:00,10887.5,10889.4,10883.1,10888.7,2048
2026-08-09 22:30:00+00:00,10888.6,10889.6,10885.9,10887.8,1668
2026-08-09 22:45:00+00:00,10888.1,10888.6,10887.1,10888.1,928
2026-08-09 23:00:00+00:00,10888.2,10891.5,10886.9,10890.8,1108
2026-08-09 23:15:00+00:00,10890.5,10892.2,10890.3,10890.8,1048
2026-08-09 23:30:00+00:00,10890.9,10891.0,10887.1,10890.5,1096
2026-08-09 23:45:00+00:00,10890.3,10891.5,10886.1,10886.6,1824
2026-08-10 00:00:00+00:00,10889.2,10889.2,10871.4,10871.5,4492
2026-08-10 00:15:00+00:00,10871.9,10876.6,10869.3,10870.3,3964
2026-08-10 00:30:00+00:00,10870.6,10875.7,10869.6,10871.8,4984
2026-08-10 00:45:00+00:00,10871.9,10874.6,10868.5,10870.5,3424
2026-08-10 01:00:00+00:00,10870.2,10872.1,10866.4,10871.6,3704
2026-08-10 01:15:00+00:00,10871.6,10878.6,10871.3,10871.9,3172
2026-08-10 01:30:00+00:00,10871.9,10873.3,10866.3,10872.4,3936
2026-08-10 01:45:00+00:00,10872.5,10873.4,10869.6,10870.1,2388
2026-08-10 02:00:00+00:00,10870.0,10872.5,10867.4,10868.0,2264
2026-08-10 02:15:00+00:00,10868.0,10868.0,10862.3,10862.6,2172
2026-08-10 02:30:00+00:00,10862.6,10866.5,10862.6,10866.2,1544
2026-08-10 02:45:00+00:00,10866.0,10866.9,10863.5,10863.5,1164
2026-08-10 03:00:00+00:00,10863.4,10870.0,10863.4,10870.0,1304
2026-08-10 03:15:00+00:00,10869.9,10871.6,10869.3,10870.4,1592
2026-08-10 03:30:00+00:00,10870.5,10873.0,10868.7,10872.1,1912
2026-08-10 03:45:00+00:00,10872.1,10872.7,10869.4,10871.3,1476
2026-08-10 04:00:00+00:00,10871.1,10874.2,10869.4,10874.2,1932
2026-08-10 04:15:00+00:00,10874.2,10876.8,10874.1,10876.1,1384
2026-08-10 04:30:00+00:00,10876.1,10876.1,10870.7,10874.4,1888
2026-08-10 04:45:00+00:00,10874.2,10876.1,10873.2,10875.3,1668
2026-08-10 05:00:00+00:00,10867.2,10874.2,10866.9,10867.9,680
2026-08-10 05:15:00+00:00,10868.2,10869.4,10867.2,10867.7,336
2026-08-10 05:30:00+00:00,10867.4,10878.7,10865.7,10873.7,440
2026-08-10 05:45:00+00:00,10873.4,10877.4,10872.9,10872.9,392
2026-08-10 06:00:00+00:00,10873.2,10873.2,10859.2,10860.4,920
2026-08-10 06:15:00+00:00,10859.7,10863.9,10852.4,10862.9,956
2026-08-10 06:30:00+00:00,10861.9,10864.9,10856.9,10863.7,792
2026-08-10 06:45:00+00:00,10863.9,10888.9,10863.9,10886.7,1028
2026-08-10 07:00:00+00:00,10888.2,10900.7,10874.9,10888.4,6588
2026-08-10 07:15:00+00:00,10889.4,10893.4,10882.2,10886.4,3436
2026-08-10 07:30:00+00:00,10886.7,10895.9,10884.4,10891.4,2632
2026-08-10 07:45:00+00:00,10890.9,10894.9,10876.4,10881.9,2492
